Year,Round,College Code,College,Course,3AG,3AH,3AK,3AKH,3AR,3ARH,GM,GMH,GMK,GMKH,GMR,GMRH
2022,R1,E001,"University of Visvesvaraya College of Engineering Bangalore","Artificial Intelligence and Machine Learning",5128,,,,6802,,4202,,10372,,6261,
2022,R1,E001,"University of Visvesvaraya College of Engineering Bangalore","Computer Science and Engineering",2137,,9604,,,,1969,,3799,,2668,
2022,R1,E001,"University of Visvesvaraya College of Engineering Bangalore","Information Science and Engineering",3398,,,,,,3103,,4637,,4483,
2022,R1,E002,"S K S J T Institute of Engineering. Bangalore","Computer Science and Engineering",12403,,,,,,10946,,14416,,13977,
2022,R1,E004,"Dr. Ambedkar Institute Of Technology Bangalore","Computer Science and Engineering",8007,,,,,,7278,,12349,,10029,
2022,R1,E005,"R. V. College of Engineering Bangalore","Artificial Intelligence and Machine Learning",950,,,,,,336,,1408,,1011,
2022,R1,E005,"R. V. College of Engineering Bangalore","Computer Science and Engineering",525,,,,633,,158,,423,,436,
2022,R1,E005,"R. V. College of Engineering Bangalore","Computer Science - Cyber Security",,,,,,,368,,,,1308,
2022,R1,E005,"R. V. College of Engineering Bangalore","Computer Science and Engineering - Data Science",567,,,,1778,,287,,1300,,700,
2022,R1,E005,"R. V. College of Engineering Bangalore","Information Science and Engineering",671,,,,,,268,,769,,879,
2022,R1,E006,"M S Ramaiah Institute of Technology Bangalore","Artificial Intelligence and Data Science",3358,,,,,,2233,,10151,,4120,
2022,R1,E006,"M S Ramaiah Institute of Technology Bangalore","Artificial Intelligence and Machine Learning",2303,,,,,,2124,,7556,,4081,
2022,R1,E006,"M S Ramaiah Institute of Technology Bangalore","Computer Science (AI and Machine Learning)",1632,,,,,,1223,,,,2243,
2022,R1,E006,"M S Ramaiah Institute of Technology Bangalore","Computer Science and Engineering",1328,,3596,,1685,,827,,1373,,1501,
2022,R1,E006,"M S Ramaiah Institute of Technology Bangalore","Computer Science - Cyber Security",2196,,,,,,1840,,,,4257,
2022,R1,E006,"M S Ramaiah Institute of Technology Bangalore","Information Science and Engineering",2039,,,,2898,,1534,,4315,,2865,
2022,R1,E007,"Dayananda Sagar College of Engineering Bangalore","Artificial Intelligence and Machine Learning",,,,,,,4830,,11233,,6858,
2022,R1,E007,"Dayananda Sagar College of Engineering Bangalore","Computer Science and Design",9226,,,,,,6962,,18664,,12194,
2022,R1,E007,"Dayananda Sagar College of Engineering Bangalore","Computer Science and Engineering",3273,,12116,,4854,,3100,,7544,,4579,
2022,R1,E007,"Dayananda Sagar College of Engineering Bangalore","Computer Science - Cyber Security",5393,,,,9368,,5333,,16009,,8739,
2022,R1,E007,"Dayananda Sagar College of Engineering Bangalore","Computer Science and Engineering - Data Science",5293,,,,,,5159,,,,7648,
2022,R1,E007,"Dayananda Sagar College of Engineering Bangalore","Information Science and Engineering",4793,,,,,,4668,,10572,,5855,
2022,R1,E008,"Bangalore Institute of Technology Bangalore","Artificial Intelligence and Machine Learning",7056,,,,,,6629,,16985,,9422,
2022,R1,E008,"Bangalore Institute of Technology Bangalore","Computer Science and Engineering",3994,,,,,,3747,,8641,,5191,
2022,R1,E008,"Bangalore Institute of Technology Bangalore","Computer Science and Engineering - Data Science",6187,,,,,,5469,,,,9088,
2022,R1,E008,"Bangalore Institute of Technology Bangalore","Information Science and Engineering",5606,,,,,,5573,,10723,,7026,
2022,R1,E008,"Bangalore Institute of Technology Bangalore","Computer Science - Internet of Things",8570,,,,,,7599,,32871,,12887,
2022,R1,E008,"Bangalore Institute of Technology Bangalore","Robotics and Artificial Intelligence",12115,,,,15472,,11595,,25644,,14903,
2022,R1,E009,"P E S University (Ring Road Campus) Bangalore","Artificial Intelligence and Machine Learning",1596,,,,,,1301,,13501,,5205,
2022,R1,E009,"P E S University (Ring Road Campus) Bangalore","Computer Science and Engineering",1343,,9364,,2321,,787,,3475,,2141,
2022,R1,E011,"M V J College of Engineering Bangalore","Artificial Intelligence and Machine Learning",26450,,,,,,25248,,26289,,28365,
2022,R1,E011,"M V J College of Engineering Bangalore","Computer Science and Design",,,,,,,31596,,,,33307,
2022,R1,E011,"M V J College of Engineering Bangalore","Computer Science and Engineering",17787,,,,19124,,16694,,21760,,18686,
2022,R1,E011,"M V J College of Engineering Bangalore","Computer Science and Engineering - Data Science",27445,,,,28037,,26663,,,,27312,
2022,R1,E011,"M V J College of Engineering Bangalore","Information Science and Engineering",21258,,,,22471,,21176,,25404,,22060,
2022,R1,E012,"Sir M.Visveswaraya Institute of Technology Hunasemaranahalli,Bangalore,","Artificial Intelligence and Machine Learning",12987,,,,,,12196,,24641,,15593,
2022,R1,E012,"Sir M.Visveswaraya Institute of Technology Hunasemaranahalli,Bangalore,","Computer Science and Engineering",8016,,,,9713,,7806,,13356,,9318,
2022,R1,E012,"Sir M.Visveswaraya Institute of Technology Hunasemaranahalli,Bangalore,","Information Science and Engineering",10838,,,,,,10576,,16709,,12338,
2022,R1,E012,"Sir M.Visveswaraya Institute of Technology Hunasemaranahalli,Bangalore,","Computer Science - Internet of Things",14280,,,,,,13448,,36071,,16495,
2022,R1,E014,"S J C Institute of Technology Chickballapur","Artificial Intelligence and Data Science",42175,,,,,,39986,,43146,,40973,
2022,R1,E014,"S J C Institute of Technology Chickballapur","Computer Science (AI and Machine Learning)",36496,,,,,,34208,,56421,,40233,
2022,R1,E014,"S J C Institute of Technology Chickballapur","Computer Science and Design",54484,,,,,,50134,,,,60014,
2022,R1,E014,"S J C Institute of Technology Chickballapur","Computer Science and Engineering",23651,,,,,,22526,,28506,,25245,
2022,R1,E014,"S J C Institute of Technology Chickballapur","Information Science and Engineering",32191,,,,39849,,32149,,45606,,38384,
2022,R1,E015,"Dr.T.Thimmaiah Institute of Technology BANGARAPET -TQ kolar District","Computer Science and Engineering",50086,,,,,,44717,,46920,,47271,
2022,R1,E016,"Siddaganga Institute of Technology Tumkur","Artificial Intelligence and Data Science",10655,,,,,,10256,,21009,,11028,
2022,R1,E016,"Siddaganga Institute of Technology Tumkur","Computer Science (AI and Machine Learning)",9110,,,,,,8598,,15462,,10014,
2022,R1,E016,"Siddaganga Institute of Technology Tumkur","Computer Science and Engineering",5098,,,,,,5050,,8656,,6397,
2022,R1,E016,"Siddaganga Institute of Technology Tumkur","Information Science and Engineering",7208,,,,9186,,7046,,10965,,7400,
2022,R1,E017,"Sri Siddartha Institute of Technology Tumkur","Artificial Intelligence and Machine Learning",,,,,,,42790,,60474,,58071,
2022,R1,E017,"Sri Siddartha Institute of Technology Tumkur","Computer Science and Engineering",28091,,,,,,26902,,29376,,27773,
2022,R1,E017,"Sri Siddartha Institute of Technology Tumkur","Computer Science and Engineering - Data Science",,,,,,,35824,,,,48027,
2022,R1,E017,"Sri Siddartha Institute of Technology Tumkur","Information Science and Engineering",37036,,,,,,34820,,38651,,40054,
2022,R1,E018,"Kalpatharu Institute of Technology Tiptur","Computer Science and Engineering",38060,,,,,,37832,,43229,,43522,
2022,R1,E018,"Kalpatharu Institute of Technology Tiptur","Information Science and Engineering",54798,,,,55502,,54036,,59017,,55128,
2022,R1,E021,"Sri Jayachamarajendra College of Engineering(Const. of JSS Univ.) Mysore","Computer Science and Engineering",2055,,,,,,1567,,3058,,3087,
2022,R1,E028,"Tontadarya College of Engineering Gadag","Computer Science and Engineering",47496,,,,,,45571,,48868,,51612,
2022,R1,E029,"Maratha Mandal Engineering College Belgaum","Computer Science and Engineering",55934,,,,,,51614,,52313,,58829,
2022,R1,E031,"Basaveshwara Engineering College Bagalkot","Computer Science and Engineering",16373,,,,,,14937,,16228,,16547,
2022,R1,E032,"R.T.E Socity`s Rural Engineering College Hulkoti","Computer Science and Engineering",63270,,,,75207,,54384,,60198,,62789,
2022,R1,E033,"Sri Taralabalu Jagadguru Institute of Technology. Ranebennur","Computer Science and Engineering",72736,,,,,,51836,,60049,,60515,
2022,R1,E034,"Sri Dharmasthala Manjunatheswara College of Engineering Dharwad","Artificial Intelligence and Machine Learning",19175,,,,,,18594,,21810,,25102,
2022,R1,E034,"Sri Dharmasthala Manjunatheswara College of Engineering Dharwad","Computer Science and Engineering",9689,,,,,,8813,,11389,,10479,
2022,R1,E034,"Sri Dharmasthala Manjunatheswara College of Engineering Dharwad","Information Science and Engineering",15340,,,,,,11580,,14067,,14019,
2022,R1,E036,"KLE Technological University(Formerly KLE Dr.MS Sheshagiri Col.) Belgaum","Computer Science (Artificial Intelligence)",23294,,,,,,19922,,,,21832,
2022,R1,E036,"KLE Technological University(Formerly KLE Dr.MS Sheshagiri Col.) Belgaum","Computer Science and Engineering",19105,,,,21104,,15721,,16148,,18347,
2022,R1,E037,"K.L.S. Gogte Institute of Technology Belgaum","Computer Science and Engineering",9801,,,,14893,,9044,,9812,,11183,
2022,R1,E037,"K.L.S. Gogte Institute of Technology Belgaum","Information Science and Engineering",15746,,,,,,11676,,,,15853,
2022,R1,E038,"B L D E As V.P. Dr. P. G. Hallakatti College of Engg. and Tech. vijayapur","Computer Science (AI and Machine Learning)",43330,,,,,,40957,,45888,,55979,
2022,R1,E038,"B L D E As V.P. Dr. P. G. Hallakatti College of Engg. and Tech. vijayapur","Computer Science and Engineering",35269,,,,42521,,28158,,29328,,32047,
2022,R1,E038,"B L D E As V.P. Dr. P. G. Hallakatti College of Engg. and Tech. vijayapur","Information Science and Engineering",41507,,106821,,49250,,35956,,,,37731,
2022,R1,E040,"Hira Sugar Institute of Technology Belagavi District,","Computer Science and Engineering",57326,,,,59529,,38931,,41813,,42656,
2022,R1,E042,"Khaja Banda Nawaz University Kalburgi","Computer Science and Engineering",,,,,,,46336,,66592,,60204,
2022,R1,E043,"Gurunanak Dev Engineering College Bidar","Computer Science and Engineering",51498,,,,,,30768,,,,39946,
2022,R1,E043,"Gurunanak Dev Engineering College Bidar","Information Science and Engineering",,,,,,,50946,,,,60281,
2022,R1,E044,"Bheemanna Khandre Institute of Technology Bhalki","Computer Science (AI and Machine Learning)",,,151157,,,,59223,,,,,
2022,R1,E044,"Bheemanna Khandre Institute of Technology Bhalki","Computer Science and Engineering",,,,,,,38442,,,,49738,
2022,R1,E045,"Rao Bahadur Y.Mahabaleswarappa Engineering College Bellari","Computer Science and Engineering",48942,,,,,,38284,,49684,,47058,
2022,R1,E045,"Rao Bahadur Y.Mahabaleswarappa Engineering College Bellari","Information Science and Engineering",65863,,,,82628,,59470,,,,,
2022,R1,E046,"H K Es S L N College of Engineering Raichur","Computer Science and Engineering",,,,,,,55626,,67662,,68911,
2022,R1,E047,"Malnad College of Engineering Hassan","Computer Science (AI and Machine Learning)",,,,,,,16146,,40943,,19693,
2022,R1,E047,"Malnad College of Engineering Hassan","Computer Science and Engineering",12681,,,,,,12041,,20547,,15885,
2022,R1,E047,"Malnad College of Engineering Hassan","Information Science and Engineering",20723,,,,,,19053,,25970,,21414,
2022,R1,E048,"B M S College of Engineering Basavanagudi,Bangalore","Artificial Intelligence and Data Science",3112,,,,,,1940,,5294,,4996,
2022,R1,E048,"B M S College of Engineering Basavanagudi,Bangalore","Artificial Intelligence and Machine Learning",3082,,,,5821,,1998,,9524,,5497,
2022,R1,E048,"B M S College of Engineering Basavanagudi,Bangalore","Computer Science and Engineering",1488,,,,1866,,841,,2414,,1617,
2022,R1,E048,"B M S College of Engineering Basavanagudi,Bangalore","Computer Science and Engineering - Data Science",,,19222,,,,1403,,,,2924,
2022,R1,E048,"B M S College of Engineering Basavanagudi,Bangalore","Information Science and Engineering",1902,,,,,,1363,,4383,,2882,
2022,R1,E048,"B M S College of Engineering Basavanagudi,Bangalore","Computer Science - Internet of Things",,,,,9382,,1538,,6496,,5724,
2022,R1,E049,"Basaveshwara Engineering College Bagalkot","Artificial Intelligence and Machine Learning",36349,,,,,,31191,,31250,,37168,
2022,R1,E049,"Basaveshwara Engineering College Bagalkot","Computer Science and Engineering",19520,,,,,,18486,,,,18575,
2022,R1,E049,"Basaveshwara Engineering College Bagalkot","Information Science and Engineering",25901,,,,31301,,23849,,23932,,29112,
2022,R1,E054,"K V G College of Engineering Sullia,D.K District","Computer Science and Engineering",62372,,,,,,59690,,59752,,65721,
2022,R1,E057,"JSS Science and Technology University(Formerly SJCE) Mysore","Computer Science and Engineering",2674,,,,4687,,2575,,2651,,3727,
2022,R1,E057,"JSS Science and Technology University(Formerly SJCE) Mysore","Information Science and Engineering",3616,,,,,,3605,,7759,,4876,
2022,R1,E058,"P E S College of Engineering Mandya","Computer Science (AI and Machine Learning)",20071,,,,,,20024,,,,23336,
2022,R1,E058,"P E S College of Engineering Mandya","Computer Science and Engineering",14239,,,,,,14021,,16187,,15624,
2022,R1,E058,"P E S College of Engineering Mandya","Information Science and Engineering",17116,,,,,,17089,,25453,,17734,
2022,R1,E059,"P D A College of Engineering Gulbarga","Artificial Intelligence and Machine Learning",,,,,,,40339,,49567,,53550,
2022,R1,E059,"P D A College of Engineering Gulbarga","Computer Science and Design",56095,,,,,,38478,,,,,
2022,R1,E059,"P D A College of Engineering Gulbarga","Computer Science and Engineering",21590,,,,,,20819,,,,23708,
2022,R1,E059,"P D A College of Engineering Gulbarga","Information Science and Engineering",,,,,,,31976,,,,45243,
2022,R1,E060,"Dr. Ambedkar Institute Of Technology Jnanabharathi Campus,Bangalore","Artificial Intelligence and Machine Learning",16316,,,,,,14685,,28202,,18645,
2022,R1,E060,"Dr. Ambedkar Institute Of Technology Jnanabharathi Campus,Bangalore","Computer Science and Engineering",11054,,,,,,10815,,17499,,11534,
2022,R1,E060,"Dr. Ambedkar Institute Of Technology Jnanabharathi Campus,Bangalore","Information Science and Engineering",13610,,,,,,12866,,18470,,14152,
2022,R1,E061,"University B.D.T. college of Engineering Davangere","Computer Science and Engineering",16667,,,,,,14132,,20919,,16158,
2022,R1,E062,"Bapuji Institute of Engineering and Technology Davangere","Artificial Intelligence and Machine Learning",36377,,,,,,33763,,46412,,42028,
2022,R1,E062,"Bapuji Institute of Engineering and Technology Davangere","Computer Science and Design",49438,,,,,,43105,,,,47150,
2022,R1,E062,"Bapuji Institute of Engineering and Technology Davangere","Computer Science and Engineering",19289,,,,,,15476,,19235,,18665,
2022,R1,E062,"Bapuji Institute of Engineering and Technology Davangere","Computer Science and Engineering - Data Science",36952,,,,61558,,31045,,,,37853,
2022,R1,E062,"Bapuji Institute of Engineering and Technology Davangere","Information Science and Engineering",33598,,,,35771,,28004,,32415,,30887,
2022,R1,E063,"Sri Jagadguru Murugharajendra University (Formerly SJMIT) Chitradurga","Computer Science and Engineering",59929,,,,,,50891,,52344,,65388,
2022,R1,E064,"Adhichunchanagiri Institute of Technology Chickmagalur","Artificial Intelligence and Machine Learning",43400,,,,,,42389,,62780,,58252,
2022,R1,E064,"Adhichunchanagiri Institute of Technology Chickmagalur","Computer Science and Engineering",26435,,,,,,25408,,32226,,29590,
2022,R1,E064,"Adhichunchanagiri Institute of Technology Chickmagalur","Computer Science and Engineering - Data Science",50826,,,,53273,,43928,,54752,,49176,
2022,R1,E064,"Adhichunchanagiri Institute of Technology Chickmagalur","Information Science and Engineering",33727,,,,,,33138,,41174,,36169,
2022,R1,E065,"Jawaharlal Nehru National College of Engineering Shimoga","Artificial Intelligence and Machine Learning",36743,,,,,,26318,,42472,,35790,
2022,R1,E065,"Jawaharlal Nehru National College of Engineering Shimoga","Computer Science and Engineering",18069,,,,18930,,14453,,22267,,18909,
2022,R1,E065,"Jawaharlal Nehru National College of Engineering Shimoga","Information Science and Engineering",27093,,,,,,25161,,26583,,30558,
2022,R1,E071,"Vidya Vardhaka College of Engineering Mysuru","Computer Science (AI and Machine Learning)",15986,,,,20570,,14975,,22997,,18599,
2022,R1,E071,"Vidya Vardhaka College of Engineering Mysuru","Computer Science and Engineering",10717,,,,,,9993,,15923,,11313,
2022,R1,E071,"Vidya Vardhaka College of Engineering Mysuru","Information Science and Engineering",13154,,,,15304,,12596,,21345,,14686,
2022,R1,E075,"Ballari Institute of Technology and Management Near Allipur Bellary","Artificial Intelligence and Machine Learning",56207,,,,,,46884,,67691,,56755,
2022,R1,E075,"Ballari Institute of Technology and Management Near Allipur Bellary","Computer Science (Artificial Intelligence)",,,,,,,35419,,,,58647,
2022,R1,E075,"Ballari Institute of Technology and Management Near Allipur Bellary","Computer Science and Engineering",25722,,,,,,19536,,24202,,32802,
2022,R1,E075,"Ballari Institute of Technology and Management Near Allipur Bellary","Computer Science and Engineering - Data Science",39287,,,,,,33009,,,,,
2022,R1,E076,"Proudadevaraya Institute of Technology Indiranagar Hospet, Ballari DT","Computer Science and Engineering",,,,,,,55416,,57884,,60960,
2022,R1,E077,"Vidya Vikas Institute of Engineering and Technology Mysuru","Computer Science and Engineering",24554,,,,,,24405,,30677,,26185,
2022,R1,E077,"Vidya Vikas Institute of Engineering and Technology Mysuru","Information Science and Engineering",32013,,,,,,31286,,37925,,33332,
2022,R1,E078,"The Oxford College of Engineering Bangalore","Artificial Intelligence and Machine Learning",37307,,,,,,35346,,59092,,37079,
2022,R1,E078,"The Oxford College of Engineering Bangalore","Computer Science and Engineering",26091,,,,,,24522,,28310,,26559,
2022,R1,E078,"The Oxford College of Engineering Bangalore","Information Science and Engineering",32995,,,,,,32847,,41712,,34835,
2022,R1,E079,"Acharya Institute of Technology Bangalore","Artificial Intelligence and Machine Learning",26416,,,,,,25845,,40256,,29114,
2022,R1,E079,"Acharya Institute of Technology Bangalore","Computer Science and Engineering",14924,,,,16156,,14749,,20665,,15538,
2022,R1,E079,"Acharya Institute of Technology Bangalore","Computer Science and Engineering - Data Science",25114,,,,,,23221,,,,24615,
2022,R1,E079,"Acharya Institute of Technology Bangalore","Information Science and Engineering",17820,,,,,,17663,,24394,,19505,
2022,R1,E082,"J S S Academy of Technical Education Bangalore","Computer Science (AI and Machine Learning)",17142,,,,,,16303,,36536,,24534,
2022,R1,E082,"J S S Academy of Technical Education Bangalore","Computer Science and Engineering",10461,,21061,,15116,,10213,,15765,,13910,
2022,R1,E082,"J S S Academy of Technical Education Bangalore","Information Science and Engineering",14762,,,,,,14046,,24929,,17611,
2022,R1,E082,"J S S Academy of Technical Education Bangalore","Robotics and Automation",,,,,,,30063,,51740,,40119,
2022,R1,E083,"H.K.B.K.College of Engineering Bangalore","Artificial Intelligence and Machine Learning",58141,,,,,,53536,,71681,,62594,
2022,R1,E083,"H.K.B.K.College of Engineering Bangalore","Computer Science and Engineering",40261,,,,,,39398,,39972,,43763,
2022,R1,E083,"H.K.B.K.College of Engineering Bangalore","Information Science and Engineering",50174,,,,56190,,49784,,51589,,55111,
2022,R1,E085,"APS College of Engineering Somanahalli, Bangalore","Computer Science and Engineering",34617,,,,,,32614,,40542,,35776,
2022,R1,E085,"APS College of Engineering Somanahalli, Bangalore","Information Science and Engineering",46768,,,,,,45857,,54837,,49533,
2022,R1,E086,"Sri Sairam College of Engineering(Formerly Shirdi Sai Engg) Anekal,Bangalore","Artificial Intelligence and Machine Learning",58608,,,,,,55187,,88577,,69275,
2022,R1,E086,"Sri Sairam College of Engineering(Formerly Shirdi Sai Engg) Anekal,Bangalore","Computer Science and Engineering",43223,,,,,,43120,,45570,,44912,
2022,R1,E086,"Sri Sairam College of Engineering(Formerly Shirdi Sai Engg) Anekal,Bangalore","Information Science and Engineering",55034,,,,,,53332,,,,56468,
2022,R1,E087,"Vivekananada Institute of Technology Bangalore","Artificial Intelligence and Machine Learning",56771,,100769,,,,54009,,75479,,65432,
2022,R1,E087,"Vivekananada Institute of Technology Bangalore","Computer Science and Engineering",37839,,,,,,36937,,46305,,41327,
2022,R1,E087,"Vivekananada Institute of Technology Bangalore","Information Science and Engineering",47693,,,,,,46753,,47589,,49956,
2022,R1,E088,"Bangalore College of Engineering and Technology Chandapura, Bangalore","Computer Science and Engineering",35294,,,,,,33655,,,,34706,
2022,R1,E088,"Bangalore College of Engineering and Technology Chandapura, Bangalore","Information Science and Engineering",,,,,,,48524,,58246,,51592,
2022,R1,E090,"Sri Revana Siddeswara Institute of Technology Bangalore North","Computer Science and Engineering",38426,,,,,,36296,,40616,,37669,
2022,R1,E091,"K S Institute of Technology Bangalore","Artificial Intelligence and Machine Learning",34949,,,,,,32947,,54705,,40622,
2022,R1,E091,"K S Institute of Technology Bangalore","Computer Science and Design",40976,,,,,,39585,,66828,,75597,
2022,R1,E091,"K S Institute of Technology Bangalore","Computer Science and Engineering",25019,,,,,,24364,,31889,,27452,
2022,R1,E091,"K S Institute of Technology Bangalore","Computer Science - Internet of Things",,,,,,,38009,,,,63135,
2022,R1,E092,"Vemana Institute of Technology Bangalore","Artificial Intelligence and Machine Learning",52548,,,,,,51739,,87172,,68297,
2022,R1,E092,"Vemana Institute of Technology Bangalore","Computer Science and Engineering",37133,,,,,,36955,,41816,,43273,
2022,R1,E092,"Vemana Institute of Technology Bangalore","Information Science and Engineering",49796,,,,56075,,48309,,63268,,54397,
2022,R1,E094,"Coorg Institute of Technology Kodagu","Computer Science and Engineering",47145,,,,,,45507,,,,50369,
2022,R1,E095,"AMC Engineering College Bangalore","Artificial Intelligence and Machine Learning",42286,,,,,,41424,,,,50721,
2022,R1,E095,"AMC Engineering College Bangalore","Computer Science (AI and Machine Learning)",47780,,87234,,,,47052,,62382,,57409,
2022,R1,E095,"AMC Engineering College Bangalore","Computer Science and Engineering",33026,,,,34236,,30869,,32517,,33829,
2022,R1,E095,"AMC Engineering College Bangalore","Computer Science and Engineering - Data Science",46393,,,,,,46082,,49133,,53436,
2022,R1,E095,"AMC Engineering College Bangalore","Information Science and Engineering",38353,,,,,,38330,,45712,,41570,
2022,R1,E096,"East Point College of Engineering and Technology Bangalore","Artificial Intelligence and Data Science",55700,,,,,,55533,,80828,,61666,
2022,R1,E096,"East Point College of Engineering and Technology Bangalore","Computer Science and Engineering",34519,,,,,,33328,,36339,,39593,
2022,R1,E096,"East Point College of Engineering and Technology Bangalore","Information Science and Engineering",48573,,,,,,48106,,56782,,53671,
2022,R1,E097,"C M R Institute of Technology Bangalore","Artificial Intelligence and Data Science",23188,,,,,,22888,,31281,,26960,
2022,R1,E097,"C M R Institute of Technology Bangalore","Artificial Intelligence and Machine Learning",21313,,,,,,20394,,24084,,28042,
2022,R1,E097,"C M R Institute of Technology Bangalore","Computer Science (AI and Machine Learning)",16824,,,,,,16174,,38159,,22932,
2022,R1,E097,"C M R Institute of Technology Bangalore","Computer Science and Engineering",10915,,23420,,14149,,10280,,16281,,14121,
2022,R1,E097,"C M R Institute of Technology Bangalore","Computer Science and Engineering - Data Science",17830,,,,,,17165,,26557,,21739,
2022,R1,E097,"C M R Institute of Technology Bangalore","Information Science and Engineering",14714,,,,,,14017,,23288,,15734,
2022,R1,E098,"Atria Institute of Technology Bangalore","Computer Science and Design",53495,,,,,,49355,,52787,,83596,
2022,R1,E098,"Atria Institute of Technology Bangalore","Computer Science and Engineering",24244,,,,,,23976,,32171,,25207,
2022,R1,E098,"Atria Institute of Technology Bangalore","Computer Science and Engineering - Data Science",36338,,,,,,35738,,,,42793,
2022,R1,E098,"Atria Institute of Technology Bangalore","Information Science and Engineering",34547,,61194,,,,33170,,36857,,36067,
2022,R1,E099,"New Horizon College of Engineering Bangalore","Artificial Intelligence and Machine Learning",17017,,,,,,15969,,23347,,19367,
2022,R1,E099,"New Horizon College of Engineering Bangalore","Computer Engineering",16247,,,,,,16177,,30411,,17710,
2022,R1,E099,"New Horizon College of Engineering Bangalore","Computer Science and Engineering",8115,,,,10323,,6932,,10771,,9930,
2022,R1,E099,"New Horizon College of Engineering Bangalore","Computer Science and Engineering - Data Science",14178,,,,,,13676,,27760,,15225,
2022,R1,E099,"New Horizon College of Engineering Bangalore","Information Science and Engineering",11975,,,,,,11176,,15137,,12897,
2022,R1,E100,"K N S Institute of Technology Bangalore","Computer Science and Engineering",51215,,,,,,49932,,58621,,55659,
2022,R1,E100,"K N S Institute of Technology Bangalore","Information Science and Engineering",63453,,,,,,58011,,60412,,62808,
2022,R1,E101,"Channabasaveshwara Institute of Technology Gubbi, Tumkur","Artificial Intelligence and Data Science",60954,,,,,,56308,,66569,,59473,
2022,R1,E101,"Channabasaveshwara Institute of Technology Gubbi, Tumkur","Computer Science and Engineering",35090,,,,,,33562,,36756,,40902,
2022,R1,E101,"Channabasaveshwara Institute of Technology Gubbi, Tumkur","Information Science and Engineering",44807,,,,,,44179,,,,49207,
2022,R1,E102,"DONBOSCO Institute of Technology Bangalore","Artificial Intelligence and Data Science",45313,,,,,,45203,,64824,,57135,
2022,R1,E102,"DONBOSCO Institute of Technology Bangalore","Computer Science (AI and Machine Learning)",44405,,88320,,55945,,43882,,56642,,55201,
2022,R1,E102,"DONBOSCO Institute of Technology Bangalore","Computer Science and Engineering",26951,,,,,,26411,,30419,,28160,
2022,R1,E102,"DONBOSCO Institute of Technology Bangalore","Information Science and Engineering",35651,,,,,,35235,,49102,,40574,
2022,R1,E103,"Global Academy of Technology Bangalore","Artificial Intelligence and Data Science",26867,,,,,,26594,,38526,,31441,
2022,R1,E103,"Global Academy of Technology Bangalore","Artificial Intelligence and Machine Learning",25932,,,,,,25774,,,,32608,
2022,R1,E103,"Global Academy of Technology Bangalore","Computer Science (AI and Machine Learning)",25341,,,,,,23463,,,,30862,
2022,R1,E103,"Global Academy of Technology Bangalore","Computer Science and Engineering",17312,,,,19895,,17211,,25082,,19468,
2022,R1,E103,"Global Academy of Technology Bangalore","Information Science and Engineering",23327,,,,,,21761,,31919,,23719,
2022,R1,E104,"Nagarjuna College of Engineering and Technology Bangalore (R)","Computer Science (AI and Machine Learning)",55805,,,,,,52287,,,,55011,
2022,R1,E104,"Nagarjuna College of Engineering and Technology Bangalore (R)","Computer Science and Engineering",37052,,,,,,36759,,38472,,41646,
2022,R1,E104,"Nagarjuna College of Engineering and Technology Bangalore (R)","Computer Science and Engineering - Data Science",61340,,,,,,58924,,66252,,68232,
2022,R1,E104,"Nagarjuna College of Engineering and Technology Bangalore (R)","Information Science and Engineering",46403,,,,50004,,45269,,57086,,45518,
2022,R1,E105,"Nitte Meenakshi Institutute of Technology Bangalore","Artificial Intelligence and Data Science",11879,,,,,,11171,,16386,,14018,
2022,R1,E105,"Nitte Meenakshi Institutute of Technology Bangalore","Artificial Intelligence and Machine Learning",11042,,,,,,10768,,,,14326,
2022,R1,E105,"Nitte Meenakshi Institutute of Technology Bangalore","Computer Science and Engineering",6834,,,,9253,,6702,,12716,,8604,
2022,R1,E105,"Nitte Meenakshi Institutute of Technology Bangalore","Information Science and Engineering",9606,,,,12903,,9419,,15063,,11551,
2022,R1,E106,"East West Institute of Technology Bangalore","Artificial Intelligence and Data Science",55523,,,,,,53235,,67415,,60328,
2022,R1,E106,"East West Institute of Technology Bangalore","Artificial Intelligence and Machine Learning",53001,,,,59819,,52878,,85566,,53969,
2022,R1,E106,"East West Institute of Technology Bangalore","Computer Science and Engineering",33637,,,,,,33290,,36987,,37274,
2022,R1,E106,"East West Institute of Technology Bangalore","Information Science and Engineering",44938,,,,,,43727,,45067,,46491,
2022,R1,E107,"B N M Institute of Technology Bangalore","Artificial Intelligence and Machine Learning",12459,,,,,,12186,,29228,,19097,
2022,R1,E107,"B N M Institute of Technology Bangalore","Computer Science and Engineering",8090,,,,,,7448,,15607,,10300,
2022,R1,E107,"B N M Institute of Technology Bangalore","Information Science and Engineering",8685,,,,,,8610,,20482,,12022,
2022,R1,E108,"Sapthagiri College of Engineering Bangalore","Computer Science and Engineering",20662,,,,,,20597,,26721,,22915,
2022,R1,E108,"Sapthagiri College of Engineering Bangalore","Information Science and Engineering",26717,,,,,,26283,,36438,,31412,
2022,R1,E109,"City Engineering College Bangalore","Computer Science and Engineering",52003,,,,,,51644,,59730,,63058,
2022,R1,E111,"Sri Venkateshwara College of Engineering Bettahalsur(P), Bangalore","Computer Science (Artificial Intelligence)",54092,,,,,,48351,,87382,,65266,
2022,R1,E111,"Sri Venkateshwara College of Engineering Bettahalsur(P), Bangalore","Computer Science and Engineering",37362,,,,43122,,35591,,40062,,42163,
2022,R1,E111,"Sri Venkateshwara College of Engineering Bettahalsur(P), Bangalore","Computer Science and Engineering - Data Science",55865,,,,,,54848,,,,58632,
2022,R1,E111,"Sri Venkateshwara College of Engineering Bettahalsur(P), Bangalore","Information Science and Engineering",45440,,,,,,45100,,61953,,53634,
2022,R1,E112,"Sri Krishna Institute of Technology Bangalore","Computer Science and Engineering",50306,,,,,,49969,,64234,,54670,
2022,R1,E112,"Sri Krishna Institute of Technology Bangalore","Information Science and Engineering",58380,,,,,,57385,,,,66098,
2022,R1,E113,"Sambhram Institute of Technology Bangalore","Computer Science and Engineering",56053,,,,62533,,55811,,59474,,60770,
2022,R1,E114,"G M Institute of Technology Davanagere","Artificial Intelligence and Machine Learning",48735,,,,,,44960,,53445,,51482,
2022,R1,E114,"G M Institute of Technology Davanagere","Computer Science and Engineering",22999,,,,,,22508,,23454,,27993,
2022,R1,E114,"G M Institute of Technology Davanagere","Information Science and Engineering",36482,,,,,,30992,,38503,,36970,
2022,R1,E115,"S J B Institute of Technology Kengeri,Bangalore","Artificial Intelligence and Machine Learning",22155,,,,24833,,21822,,36481,,23384,
2022,R1,E115,"S J B Institute of Technology Kengeri,Bangalore","Computer Science and Engineering",14699,,,,,,14602,,20447,,16940,
2022,R1,E115,"S J B Institute of Technology Kengeri,Bangalore","Computer Science and Engineering - Data Science",21515,,,,,,21432,,,,25331,
2022,R1,E115,"S J B Institute of Technology Kengeri,Bangalore","Information Science and Engineering",18639,,,,,,18134,,25510,,19793,
2022,R1,E116,"R.L.Jalappa Institute of Technology Bangalore Rural Dist","Computer Science and Engineering",56284,,,,,,51177,,56756,,56069,
2022,R1,E118,"RNS Institute of Technology Bangalore","Artificial Intelligence and Data Science",15631,,,,,,13967,,32747,,17477,
2022,R1,E118,"RNS Institute of Technology Bangalore","Artificial Intelligence and Machine Learning",16011,,,,20553,,15339,,32946,,19576,
2022,R1,E118,"RNS Institute of Technology Bangalore","Computer Science and Engineering",7950,,,,,,6979,,11598,,9791,
2022,R1,E118,"RNS Institute of Technology Bangalore","Computer Science - Cyber Security",14538,,43290,,,,14523,,,,17107,
2022,R1,E118,"RNS Institute of Technology Bangalore","Computer Science and Engineering - Data Science",13086,,,,15915,,12831,,30876,,15719,
2022,R1,E118,"RNS Institute of Technology Bangalore","Information Science and Engineering",9832,,,,,,9718,,22280,,11773,
2022,R1,E119,"K C T Engineering College Roza(B),Gulbarga","Computer Science and Engineering",,,,,,,52490,,67516,,67543,
2022,R1,E121,"Vivekananada College of Engineering Technology D K DIST","Artificial Intelligence and Machine Learning",54717,,,,,,54383,,56041,,56457,
2022,R1,E121,"Vivekananada College of Engineering Technology D K DIST","Computer Science and Engineering",36311,,,,42928,,33471,,38879,,41652,
2022,R1,E121,"Vivekananada College of Engineering Technology D K DIST","Computer Science and Engineering - Data Science",49626,,,,,,49138,,,,49638,
2022,R1,E123,"Canara Engineering College Bantwal DK DIST","Artificial Intelligence and Machine Learning",54462,,90875,,,,48876,,55639,,54455,
2022,R1,E123,"Canara Engineering College Bantwal DK DIST","Computer Science and Engineering",36419,,,,43561,,33023,,33163,,34878,
2022,R1,E123,"Canara Engineering College Bantwal DK DIST","Information Science and Engineering",44270,,,,,,40117,,41818,,41932,
2022,R1,E124,"Rajiv Gandhi Institute of Technology R.T Nagar Post, Bangalore","Computer Science and Engineering",49856,,,,,,47470,,63524,,53164,
2022,R1,E126,"B M S Institute of Technology and Management Yelahanka, Bangalore","Artificial Intelligence and Machine Learning",9498,,,,,,9162,,18730,,13291,
2022,R1,E126,"B M S Institute of Technology and Management Yelahanka, Bangalore","Computer Science and Engineering",4796,,,,7989,,4191,,12137,,7330,
2022,R1,E126,"B M S Institute of Technology and Management Yelahanka, Bangalore","Information Science and Engineering",7313,,,,10207,,6926,,14757,,9885,
2022,R1,E128,"Sharnbasva University(Formerly Appa Inst. of Tech.) Brahmpur, Kalaburagi","Artificial Intelligence and Data Science",,,,,,,49593,,,,73947,
2022,R1,E128,"Sharnbasva University(Formerly Appa Inst. of Tech.) Brahmpur, Kalaburagi","Computer Science and Engineering",43858,,,,53621,,29940,,37320,,40429,
2022,R1,E129,"St. Joseph Engineering College Mangalore","Artificial Intelligence and Machine Learning",31329,,,,,,20298,,26469,,26811,
2022,R1,E129,"St. Joseph Engineering College Mangalore","Computer Science and Engineering",23734,,,,,,16331,,22757,,20540,
2022,R1,E129,"St. Joseph Engineering College Mangalore","Computer Science and Engineering - Data Science",26013,,,,,,20082,,,,25433,
2022,R1,E130,"Shridevi Institute of Engineering and Technology Tumkur","Computer Science and Engineering",57091,,,,,,55185,,59320,,58468,
2022,R1,E132,"Secab Institute of Engineering and Technology Bijapur","Computer Science and Engineering",46734,,,,64700,,45130,,47657,,63410,
2022,R1,E133,"G S S S Institute of Engineering and Technology for Women Mysore","Artificial Intelligence and Data Science",29544,,,,,,28200,,35547,,33208,
2022,R1,E133,"G S S S Institute of Engineering and Technology for Women Mysore","Computer Science (AI and Machine Learning)",30254,,,,,,23860,,,,34482,
2022,R1,E133,"G S S S Institute of Engineering and Technology for Women Mysore","Computer Science and Engineering",19043,,,,22148,,16758,,20725,,19817,
2022,R1,E133,"G S S S Institute of Engineering and Technology for Women Mysore","Information Science and Engineering",21485,,,,,,20838,,26855,,23156,
2022,R1,E134,"Smt. Kamala and Sri Venkappa M.Agadi College of Engg. and Tech. Laxmeshwara-Tq, Gadag Dt.","Computer Science and Engineering",47716,,,,,,40727,,41271,,43661,
2022,R1,E134,"Smt. Kamala and Sri Venkappa M.Agadi College of Engg. and Tech. Laxmeshwara-Tq, Gadag Dt.","Information Science and Engineering",,,,,,,55537,,63955,,64436,
2022,R1,E135,"K L S Viswanathrao Deshpande Institute of Technology Haliyal, Uttara Kannada -Dist","Computer Science (AI and Machine Learning)",75204,,,,,,45950,,58713,,64396,
2022,R1,E135,"K L S Viswanathrao Deshpande Institute of Technology Haliyal, Uttara Kannada -Dist","Computer Science and Engineering",31705,,,,,,29172,,33002,,29385,
2022,R1,E139,"Impact College of Engineering and Applied Sciences Bangalore","Computer Science and Engineering",56638,,,,,,56246,,,,57945,
2022,R1,E141,"P E S University (Electronic City Campus) Bangalore","Computer Science and Engineering",4385,,20201,,8074,,3443,,11862,,7035,
2022,R1,E142,"Adichunchanagiri University(Formerly BGSIT) Nagamangala Taluk,Mandya Dist.","Artificial Intelligence and Machine Learning",49462,,,,,,49166,,51800,,57318,
2022,R1,E142,"Adichunchanagiri University(Formerly BGSIT) Nagamangala Taluk,Mandya Dist.","Computer Science and Engineering",30452,,,,36601,,30059,,32227,,35137,
2022,R1,E142,"Adichunchanagiri University(Formerly BGSIT) Nagamangala Taluk,Mandya Dist.","Information Science and Engineering",,,,,,,37747,,,,39569,
2022,R1,E144,"Srinivas Institute of Technology Mangalore.","Computer Science and Engineering",49309,,,,,,43297,,43370,,47456,
2022,R1,E144,"Srinivas Institute of Technology Mangalore.","Information Science and Engineering",,,,,,,50935,,61826,,55143,
2022,R1,E145,"Rajarajeswari College of Engineering Kumbalagodu,Bangalore","Artificial Intelligence and Machine Learning",43457,,,,,,42682,,67973,,58074,
2022,R1,E145,"Rajarajeswari College of Engineering Kumbalagodu,Bangalore","Computer Science and Engineering",31334,,,,,,29858,,34066,,33200,
2022,R1,E145,"Rajarajeswari College of Engineering Kumbalagodu,Bangalore","Information Science and Engineering",36207,,,,,,35144,,54056,,40772,
2022,R1,E145,"Rajarajeswari College of Engineering Kumbalagodu,Bangalore","Computer Science - Internet of Things",51531,,,,79720,,50235,,,,77972,
2022,R1,E147,"T.John Engineering College Bangalore","Computer Science and Engineering",48420,,,,,,48230,,53944,,58564,
2022,R1,E147,"T.John Engineering College Bangalore","Information Science and Engineering",58431,,,,,,57371,,65674,,72728,
2022,R1,E149,"Cambridge Institutute of Technology Bangalore","Artificial Intelligence and Machine Learning",35050,,,,38295,,32365,,65888,,37516,
2022,R1,E149,"Cambridge Institutute of Technology Bangalore","Computer Science and Engineering",24025,,,,,,23622,,29384,,24988,
2022,R1,E149,"Cambridge Institutute of Technology Bangalore","Information Science and Engineering",31695,,,,,,31437,,43984,,34310,
2022,R1,E150,"P E S Institute of Technology and Management Shivamogga","Artificial Intelligence and Machine Learning",54050,,,,,,46816,,61448,,55943,
2022,R1,E150,"P E S Institute of Technology and Management Shivamogga","Computer Science and Engineering",30369,,,,34517,,28740,,32453,,31389,
2022,R1,E150,"P E S Institute of Technology and Management Shivamogga","Computer Science and Engineering - Data Science",56241,,,,,,49575,,62047,,50873,
2022,R1,E150,"P E S Institute of Technology and Management Shivamogga","Information Science and Engineering",39666,,74299,,,,34966,,,,38110,
2022,R1,E151,"Mangalore Institute of Technology and Engineering Mangalore Tq,D.K","Artificial Intelligence and Machine Learning",41220,,,,62422,,35635,,,,35811,
2022,R1,E151,"Mangalore Institute of Technology and Engineering Mangalore Tq,D.K","Computer Science (AI and Machine Learning)",,,,,,,34425,,41989,,37482,
2022,R1,E151,"Mangalore Institute of Technology and Engineering Mangalore Tq,D.K","Computer Science and Engineering",25498,,,,29151,,21060,,23625,,24211,
2022,R1,E151,"Mangalore Institute of Technology and Engineering Mangalore Tq,D.K","Information Science and Engineering",28728,,,,,,28586,,,,29758,
2022,R1,E151,"Mangalore Institute of Technology and Engineering Mangalore Tq,D.K","Computer Science - Internet of Things",41375,,,,,,40160,,,,45676,
2022,R1,E152,"S D M Institute of Tech. Ujire,Dakshina Kannada","Artificial Intelligence and Data Science",51188,,,,,,49757,,59655,,54633,
2022,R1,E152,"S D M Institute of Tech. Ujire,Dakshina Kannada","Computer Science and Engineering",34034,,,,,,32238,,32595,,33012,
2022,R1,E152,"S D M Institute of Tech. Ujire,Dakshina Kannada","Information Science and Engineering",42498,,,,46472,,40235,,,,40488,
2022,R1,E153,"S E A College of Engineering and Technology K R puram bangalore","Computer Science and Engineering",55905,,,,,,55549,,57477,,62815,
2022,R1,E154,"Government Engineering College Chamarajanagara","Computer Science and Engineering",39636,,,,56948,,35971,,40267,,46263,
2022,R1,E155,"Government Engineering College Hassan","Computer Science and Engineering",22552,,,,25803,,21794,,26229,,24972,
2022,R1,E156,"Government Engineering College K R Pet, Mandya DT.","Computer Science and Engineering",39918,,,,43189,,37255,,42400,,42240,
2022,R1,E157,"Government Engineering College Ramanagara","Computer Science and Engineering",47504,,,,56784,,46049,,50631,,52314,
2022,R1,E158,"Maharaja Institute of Technology-Mysore Belawadi, Mandya Dist","Computer Science (Artificial Intelligence)",36291,,,,,,35391,,49534,,46273,
2022,R1,E158,"Maharaja Institute of Technology-Mysore Belawadi, Mandya Dist","Computer Science and Engineering",27755,,,,30177,,26766,,35783,,29387,
2022,R1,E158,"Maharaja Institute of Technology-Mysore Belawadi, Mandya Dist","Computer Science and Engineering - Data Science",41201,,,,,,41099,,,,47538,
2022,R1,E158,"Maharaja Institute of Technology-Mysore Belawadi, Mandya Dist","Information Science and Engineering",35361,,,,,,34681,,38064,,38619,
2022,R1,E160,"Sahyadri College of Engg. and Management Mangalore","Computer Science (AI and Machine Learning)",26102,,,,,,23071,,24255,,25420,
2022,R1,E160,"Sahyadri College of Engg. and Management Mangalore","Computer Science and Engineering",12537,,15264,,18878,,12052,,13549,,16016,
2022,R1,E160,"Sahyadri College of Engg. and Management Mangalore","Computer Science and Engineering - Data Science",25727,,,,,,23629,,23657,,24145,
2022,R1,E160,"Sahyadri College of Engg. and Management Mangalore","Information Science and Engineering",23346,,,,,,19347,,21844,,21376,
2022,R1,E161,"Government Engineering College Kushalnagar,Kodagu Dist","Computer Science and Engineering",46560,,,,53787,,43598,,44222,,49305,
2022,R1,E162,"Government Engineering College Raichur","Computer Science and Engineering",38674,,,,,,34723,,39029,,47701,
2022,R1,E163,"Government Engineering College Devagiri,Haveri","Computer Science and Engineering",50479,,,,60337,,39939,,42752,,44932,
2022,R1,E164,"Government Engineering College Huvina Hadagali,Bellary Dist.","Computer Science and Engineering",58569,,,,,,53596,,,,56929,
2022,R1,E165,"Yenepoya Institute of Technology Thodar,Moodbidri","Computer Science and Engineering",56167,,,,,,54721,,59482,,60308,
2022,R1,E166,"K L E Institute of Technology Hubli","Computer Science and Engineering",17833,,,,,,15664,,17005,,18785,
2022,R1,E167,"K L E Ss K L E College of Engineering and Technology Chikkodi, Belgaum Dist.","Artificial Intelligence and Data Science",70963,,,,,,55738,,59065,,62404,
2022,R1,E167,"K L E Ss K L E College of Engineering and Technology Chikkodi, Belgaum Dist.","Computer Science and Engineering",44983,,,,,,28819,,29056,,29921,
2022,R1,E168,"Amrutha Institute of Engineering and Mangement Bidadi Indust. Estate,Ban'lore","Computer Science and Engineering",55109,,,,,,53012,,68874,,58203,
2022,R1,E169,"Alva`s Institute of Engineering and Technology Moodabidri,","Artificial Intelligence and Machine Learning",,,,,,,48556,,,,55013,
2022,R1,E169,"Alva`s Institute of Engineering and Technology Moodabidri,","Computer Science and Engineering",39935,,,,41484,,36856,,39966,,40196,
2022,R1,E169,"Alva`s Institute of Engineering and Technology Moodabidri,","Computer Science and Engineering - Data Science",52795,,,,59501,,49836,,56112,,50421,
2022,R1,E169,"Alva`s Institute of Engineering and Technology Moodabidri,","Information Science and Engineering",45323,,,,,,44236,,46173,,46050,
2022,R1,E171,"Brindavan College of Engineering Yelahanka, Bangalore","Computer Science and Engineering",49530,,,,,,47942,,63693,,53256,
2022,R1,E171,"Brindavan College of Engineering Yelahanka, Bangalore","Information Science and Engineering",60639,,,,,,59740,,74358,,66124,
2022,R1,E172,"R.R.Institute of Technology Chikkabanavara, Bangalore","Computer Science and Engineering",47629,,,,,,46272,,60672,,50043,
2022,R1,E172,"R.R.Institute of Technology Chikkabanavara, Bangalore","Information Science and Engineering",54360,,,,,,53647,,,,56175,
2022,R1,E173,"Sai Vidya Institute of Technology Bangalore","Computer Science (AI and Machine Learning)",49029,,92793,,,,46671,,71141,,59577,
2022,R1,E173,"Sai Vidya Institute of Technology Bangalore","Computer Science and Engineering",26295,,,,29161,,24733,,27661,,27444,
2022,R1,E173,"Sai Vidya Institute of Technology Bangalore","Computer Science and Engineering - Data Science",53299,,,,,,50076,,62106,,56405,
2022,R1,E173,"Sai Vidya Institute of Technology Bangalore","Information Science and Engineering",34615,,,,,,34277,,41378,,36327,
2022,R1,E175,"S.G.Balekundri Institute of Technology Belgaum","Artificial Intelligence and Data Science",71995,,,,,,57769,,63789,,74746,
2022,R1,E175,"S.G.Balekundri Institute of Technology Belgaum","Computer Science and Engineering",53251,,,,,,41600,,42171,,46125,
2022,R1,E176,"Navodaya Institute of Technology Raihcur","Computer Science and Engineering",59485,,,,,,41573,,62739,,63718,
2022,R1,E177,"Rajeev Institute of Technology Hassan","Computer Science and Engineering",44586,,,,,,42991,,54186,,48716,
2022,R1,E177,"Rajeev Institute of Technology Hassan","Information Science and Engineering",53940,,,,,,53601,,73948,,57647,
2022,R1,E178,"The National Institute of Engineering(NORTH CAMPUS) Mysore","Computer Science (AI and Machine Learning)",7539,,,,,,6289,,13379,,8873,
2022,R1,E178,"The National Institute of Engineering(NORTH CAMPUS) Mysore","Computer Science and Engineering",5441,,19971,,7380,,4794,,10592,,6743,
2022,R1,E178,"The National Institute of Engineering(NORTH CAMPUS) Mysore","Information Science and Engineering",7587,,,,8966,,7352,,14944,,8933,
2022,R1,E185,"Angadi Institute of Technology and Management Belgaum","Computer Science and Engineering",49869,,,,,,45260,,46329,,49889,
2022,R1,E186,"ACS College of Engineering Kengeri Hobli,Bangalore","Computer Science and Engineering",41506,,,,46024,,41052,,46857,,45012,
2022,R1,E186,"ACS College of Engineering Kengeri Hobli,Bangalore","Computer Science and Engineering - Data Science",61437,,,,,,59492,,,,75593,
2022,R1,E188,"Vijaya Vittala Institute of Technology Bangalore","Computer Science and Engineering",63590,,,,,,59656,,,,63956,
2022,R1,E189,"Navkis College of Engineering (Formerly NDRKIT) Kandali, Hassan","Artificial Intelligence and Machine Learning",,,,,,,52941,,92000,,76933,
2022,R1,E189,"Navkis College of Engineering (Formerly NDRKIT) Kandali, Hassan","Computer Science and Engineering",39902,,,,,,39493,,42553,,50772,
2022,R1,E194,"Government Engineering College KARWAR","Computer Science and Engineering",60382,,,,62971,,49995,,51018,,54807,
2022,R1,E196,"Jain College of Engineering Machche,Belgaum","Computer Science and Engineering",32250,,,,36805,,23820,,24443,,25973,
2022,R1,E198,"Sharnbasva University College for Women(Formerly Godutai) Gulbarga","Computer Science and Engineering",,,,,,,38112,,,,54775,
2022,R1,E199,"AGM Rural Engineering College Hubli, Darward (D)","Computer Science and Engineering",57299,,,,,,50218,,53639,,54218,
2022,R1,E201,"Gopalan College of Engineering and Management White Field, Bangalore","Computer Science and Engineering",42525,,,,,,37497,,54085,,49373,
2022,R1,E203,"K.S. School of Engineering And Management Mallasandra, Bangalore","Artificial Intelligence and Data Science",63030,,,,,,59622,,95565,,78076,
2022,R1,E203,"K.S. School of Engineering And Management Mallasandra, Bangalore","Computer Science and Engineering",46879,,,,,,44544,,62063,,55065,
2022,R1,E204,"Bangalore Technological Institute Sarjapura Rd, Bangalore","Computer Science and Engineering",47068,,58442,,,,46792,,53389,,57591,
2022,R1,E205,"ATME College of Engineering Varun hobli,Mysore","Computer Science (AI and Machine Learning)",43337,,,,,,43284,,73642,,54304,
2022,R1,E205,"ATME College of Engineering Varun hobli,Mysore","Computer Science and Design",60692,,,,64708,,58811,,79870,,64071,
2022,R1,E205,"ATME College of Engineering Varun hobli,Mysore","Computer Science and Engineering",33122,,,,,,32563,,38024,,36713,
2022,R1,E205,"ATME College of Engineering Varun hobli,Mysore","Computer Science and Engineering - Data Science",51174,,,,,,49307,,50633,,69170,
2022,R1,E206,"Shri Madhwa Vadiraja Institute of Technology and Management Udupi Dist","Artificial Intelligence and Data Science",73860,,,,,,45488,,62867,,46055,
2022,R1,E206,"Shri Madhwa Vadiraja Institute of Technology and Management Udupi Dist","Artificial Intelligence and Machine Learning",56429,,,,,,54781,,,,55968,
2022,R1,E206,"Shri Madhwa Vadiraja Institute of Technology and Management Udupi Dist","Computer Science and Engineering",63926,,,,71067,,29245,,38479,,34428,
2022,R1,E209,"Jyothi Institute of Technology Bangalore","Artificial Intelligence and Machine Learning",47385,,,,,,45789,,65049,,64364,
2022,R1,E209,"Jyothi Institute of Technology Bangalore","Computer Science and Engineering",34084,,,,,,33177,,44668,,42352,
2022,R1,E209,"Jyothi Institute of Technology Bangalore","Information Science and Engineering",42856,,,,,,42665,,,,48001,
2022,R1,E211,"Jain Institute of Technology Cross,Davanagere","Computer Science and Engineering",40961,,,,,,39793,,43899,,45411,
2022,R1,E211,"Jain Institute of Technology Cross,Davanagere","Information Science and Engineering",56923,,67671,,,,49088,,,,49645,
2022,R1,E212,"Dayananda Sagar Academy of Technology Kanakapur Main Road Bangalore","Computer Science (AI and Machine Learning)",19937,,,,,,19269,,,,22378,
2022,R1,E212,"Dayananda Sagar Academy of Technology Kanakapur Main Road Bangalore","Computer Science and Design",,,,,,,27190,,,,29750,
2022,R1,E212,"Dayananda Sagar Academy of Technology Kanakapur Main Road Bangalore","Computer Science (Artificial Intelligence)",23667,,,,,,21975,,35914,,24776,
2022,R1,E212,"Dayananda Sagar Academy of Technology Kanakapur Main Road Bangalore","Computer Science and Engineering",13657,,,,,,13450,,17082,,16517,
2022,R1,E212,"Dayananda Sagar Academy of Technology Kanakapur Main Road Bangalore","Computer Science and Engineering - Data Science",19691,,,,24527,,18743,,,,23683,
2022,R1,E212,"Dayananda Sagar Academy of Technology Kanakapur Main Road Bangalore","Information Science and Engineering",18687,,,,,,17967,,29286,,20997,
2022,R1,E212,"Dayananda Sagar Academy of Technology Kanakapur Main Road Bangalore","Computer Science - Internet of Things",27852,,,,,,26552,,47069,,30742,
2022,R1,E220,"Alliance University Bangalore","Computer Science and Engineering",37788,,,,44825,,36881,,52759,,43826,
2022,R1,E220,"Alliance University Bangalore","Information Technology",41619,,,,,,41618,,64371,,50200,
2022,R1,E222,"Cambridge Institutute of Technology-North Campus Devanahalli(TQ),Bangalore(R)","Computer Science and Engineering",49490,,,,55521,,48391,,56204,,52664,
2022,R1,E232,"Reva University Bangalore","Artificial Intelligence and Data Science",24395,,,,,,21986,,37455,,27887,
2022,R1,E232,"Reva University Bangalore","Computer Science (AI and Machine Learning)",19572,,,,29480,,18782,,24674,,24987,
2022,R1,E232,"Reva University Bangalore","Computer Science and Engineering",12859,,23641,,16365,,12510,,18221,,15548,
2022,R1,E232,"Reva University Bangalore","Computer Science - IoT and Blockchain",24049,,,,,,23070,,41647,,35360,
2022,R1,E232,"Reva University Bangalore","Information Science and Engineering",15960,,,,,,15836,,20940,,17453,
2022,R1,E232,"Reva University Bangalore","Computer Science and Systems Engineering",,,,,,,23512,,42074,,35888,
2022,R1,E235,"M.S. Ramaiah University of Applied Sciences Bangalore","Artificial Intelligence and Machine Learning",16543,,,,,,15702,,33155,,23856,
2022,R1,E235,"M.S. Ramaiah University of Applied Sciences Bangalore","Computer Science and Engineering",12664,,,,17429,,11515,,17932,,16680,
2022,R1,E235,"M.S. Ramaiah University of Applied Sciences Bangalore","Information Science and Engineering",13500,,,,,,13312,,,,17615,
2022,R1,E235,"M.S. Ramaiah University of Applied Sciences Bangalore","Mathematics and Computing",,,,,,,19333,,,,24072,
2022,R1,E235,"M.S. Ramaiah University of Applied Sciences Bangalore","Robotics",45672,,,,,,29679,,,,46918,
2022,R1,E237,"Presidency University Yelahanka, Bangalore","Computer Science - Big Data",43987,,,,,,41122,,58830,,43511,
2022,R1,E237,"Presidency University Yelahanka, Bangalore","Computer Science (AI and Machine Learning)",42310,,,,,,38120,,58294,,44549,
2022,R1,E237,"Presidency University Yelahanka, Bangalore","Computer Science and Technology",49577,,,,58980,,45457,,51979,,57955,
2022,R1,E237,"Presidency University Yelahanka, Bangalore","Computer Engineering",58254,,,,76204,,57395,,84399,,75341,
2022,R1,E237,"Presidency University Yelahanka, Bangalore","Computer Science and Engineering",33270,,52412,,38669,,31458,,42166,,38375,
2022,R1,E237,"Presidency University Yelahanka, Bangalore","Computer Science - Cyber Security",47861,,,,,,46797,,75760,,63295,
2022,R1,E237,"Presidency University Yelahanka, Bangalore","Computer Science and Engineering - Data Science",41663,,,,,,40838,,60174,,52227,
2022,R1,E237,"Presidency University Yelahanka, Bangalore","Information Science and Engineering",39638,,56777,,43601,,39334,,47015,,43591,
2022,R1,E237,"Presidency University Yelahanka, Bangalore","Computer Science - Internet of Things",59238,,,,,,55953,,91493,,81737,
2022,R1,E237,"Presidency University Yelahanka, Bangalore","Information Science and Technology",47409,,,,,,44749,,50115,,49723,
2022,R1,E237,"Presidency University Yelahanka, Bangalore","Computer Science - Blockchain",,,,,,,51871,,,,76676,
2022,R1,E238,"Mysuru Royal Institute of Technology Mandya (D)","Computer Science and Engineering",57194,,,,,,55999,,60804,,64880,
2022,R1,E239,"East West College of Engineering Yelahanka New Town, Bangalore","Computer Science and Engineering",38999,,,,,,37649,,46535,,40014,
2022,R1,E240,"Dayananda Sagar University Hosur Road, Bangalore","Computer Science (AI and Machine Learning)",27495,,56949,,,,26347,,40154,,33477,
2022,R1,E240,"Dayananda Sagar University Hosur Road, Bangalore","Computer Science and Technology",27796,,,,,,26994,,,,30298,
2022,R1,E240,"Dayananda Sagar University Hosur Road, Bangalore","Computer Science and Engineering",20784,,,,25935,,20208,,27065,,25613,
2022,R1,E240,"Dayananda Sagar University Hosur Road, Bangalore","Computer Science - Cyber Security",,,,,,,23916,,29707,,34848,
2022,R1,E240,"Dayananda Sagar University Hosur Road, Bangalore","Computer Science and Engineering - Data Science",26857,,,,,,24304,,,,29768,
2022,R1,E241,"KLE Technological University(Formerly BVBCET) Dharward Dist","Computer Science (Artificial Intelligence)",8896,,,,,,5512,,,,6632,
2022,R1,E241,"KLE Technological University(Formerly BVBCET) Dharward Dist","Computer Science and Engineering",6332,,,,8078,,4145,,5008,,6527,
2022,R1,E252,"Mysore College of Engineering and Management Mysore","Computer Science and Engineering",50509,,,,,,49596,,52416,,59408,
2022,R1,E252,"Mysore College of Engineering and Management Mysore","Information Science and Engineering",55813,,,,74790,,55258,,,,60023,
2022,R1,E254,"A J Institute Of Engineering And Technology MANGALORE","Computer Science and Engineering",37048,,,,,,28183,,31933,,31261,
2022,R1,E254,"A J Institute Of Engineering And Technology MANGALORE","Information Science and Engineering",,,,,,,40124,,43887,,43288,
2022,R1,E255,"Gitam School Of Technology BANGALORE RURAL DIST","Computer Science (AI and Machine Learning)",57852,,,,,,54726,,98583,,64428,
2022,R1,E255,"Gitam School Of Technology BANGALORE RURAL DIST","Computer Science and Engineering",40771,,,,54896,,40283,,58802,,51521,
2022,R1,E255,"Gitam School Of Technology BANGALORE RURAL DIST","Computer Science - Cyber Security",58801,,,,,,57548,,68212,,63313,
2022,R1,E255,"Gitam School Of Technology BANGALORE RURAL DIST","Computer Science and Engineering - Data Science",59090,,,,,,53491,,87841,,64915,
2022,R1,E257,"CMR University CHAGALATTI, BANGALORE","Computer Science (AI and Machine Learning)",46364,,,,,,44677,,82209,,60373,
2022,R1,E257,"CMR University CHAGALATTI, BANGALORE","Computer Science and Engineering",34396,,,,39559,,31455,,37120,,38818,
2022,R1,E257,"CMR University CHAGALATTI, BANGALORE","Computer Science and Engineering - Data Science",,,,,,,35096,,54650,,39930,
2022,R1,E257,"CMR University CHAGALATTI, BANGALORE","Information Technology",52899,,,,,,44341,,,,49060,
2022,R1,E258,"Maharaja Institute of Technology THANDAVAPURA, MYSORE","Artificial Intelligence and Data Science",47209,,,,,,46520,,55618,,63456,
2022,R1,E258,"Maharaja Institute of Technology THANDAVAPURA, MYSORE","Computer Science and Engineering",27774,,,,,,25906,,38195,,28640,
2022,R1,E265,"Jain College of Engineering and Technology Hubballi","Computer Science and Engineering",40922,,,,,,34191,,34634,,36358,
2022,R1,E269,"Jain College of Engineering and Research Udyambhag, Belgaum","Computer Science and Engineering",43085,,,,,,36223,,36346,,39097,
2022,R1,E272,"Government Engineering College Talakal,Koppal","Computer Science and Engineering",61831,,,,,,47829,,51737,,53401,
2022,R1,E273,"Government Engineering College Viprasainagar, Gangavathi","Computer Science and Engineering",59031,,,,,,58711,,63024,,63120,
2022,R1,E274,"Government Engineering College Moselehosahalli,Hassan","Computer Science and Engineering",44958,,,,53707,,43852,,48015,,48685,
2022,R1,E275,"R V Institute of Technology and Management JP Nagar, Bengaluru","Computer Science and Engineering",7141,,,,,,6613,,8029,,10311,
2022,R1,E275,"R V Institute of Technology and Management JP Nagar, Bengaluru","Information Science and Engineering",8621,,,,,,8332,,18171,,14203,
2022,R1,E279,"Visvesvaraya Technological University Belgaum","Robotics and Automation",76223,,,,,,48454,,63686,,53547,
2022,R1,E281,"Government Engineering College Challakere,Chitradurga","Computer Science and Engineering",63350,,75028,,,,55756,,59528,,61083,
2022,R1,E283,"University of Mysore Mysore","Artificial Intelligence and Data Science",52229,,,,,,48596,,,,53679,
2022,R1,E283,"University of Mysore Mysore","Artificial Intelligence and Machine Learning",47383,,,,,,45311,,88647,,59449,
2022,R1,E283,"University of Mysore Mysore","Computer Science and Design",49562,,,,,,47392,,73256,,48564,
2022,R1,E284,"Sri Jayachamarajendra College of Engineering(Const. of JSS Univ.) Mysore","Computer Science and Engineering",3010,,,,,,2954,,8168,,5426,
2022,R1,E285,"R V University Bangalore","Computer Science and Engineering",5670,,,,,,4726,,21307,,13898,
2022,R1,E286,"BGS College of Engineering and Technology Mahalakshmipuram,Bangalore","Artificial Intelligence and Data Science",42392,,,,,,41676,,60943,,51680,
2022,R1,E286,"BGS College of Engineering and Technology Mahalakshmipuram,Bangalore","Artificial Intelligence and Machine Learning",46757,,,,56436,,45286,,,,49859,
2022,R1,E286,"BGS College of Engineering and Technology Mahalakshmipuram,Bangalore","Computer Science and Design",,,,,76723,,52293,,,,76182,
2022,R1,E286,"BGS College of Engineering and Technology Mahalakshmipuram,Bangalore","Computer Science and Engineering",23704,,,,,,23398,,43921,,30971,
2022,R1,E286,"BGS College of Engineering and Technology Mahalakshmipuram,Bangalore","Information Science and Engineering",36310,,,,,,32843,,45371,,35580,
2022,R1,E289,"Visvesvaraya Technological University - Regional Center Rajapur,Kalburgi","Computer Science and Engineering",41766,,,,,,38409,,38890,,43728,
2022,R1,E290,"Visvesvaraya Technological University - Regional Center Mysore","Computer Science and Engineering",23201,,,,,,17979,,23920,,21059,
2022,R1,E292,"Government Engineering College Bidar","Computer Science and Engineering",,,,,,,48131,,,,49589,
2022,R2,E001,"University of Visvesvaraya College of Engineering Bangalore","Artificial Intelligence and Machine Learning",5698,,,,7885,,5644,,10372,,7445,
2022,R2,E001,"University of Visvesvaraya College of Engineering Bangalore","Computer Science and Engineering",2674,,9604,,,,2401,,3799,,3709,
2022,R2,E001,"University of Visvesvaraya College of Engineering Bangalore","Information Science and Engineering",4385,,,,,,3504,,4637,,5155,
2022,R2,E002,"S K S J T Institute of Engineering. Bangalore","Computer Science and Engineering",15427,,,,,,13751,,14786,,15963,
2022,R2,E004,"Dr. Ambedkar Institute Of Technology Bangalore","Computer Science and Engineering",9231,,,,,,8126,,12349,,10323,
2022,R2,E005,"R. V. College of Engineering Bangalore","Artificial Intelligence and Machine Learning",950,,,,,,580,,1408,,1308,
2022,R2,E005,"R. V. College of Engineering Bangalore","Computer Science and Engineering",614,,,,824,,309,,769,,700,
2022,R2,E005,"R. V. College of Engineering Bangalore","Computer Science - Cyber Security",,,,,,,705,,,,1833,
2022,R2,E005,"R. V. College of Engineering Bangalore","Computer Science and Engineering - Data Science",1269,,,,4120,,576,,3932,,1817,
2022,R2,E005,"R. V. College of Engineering Bangalore","Information Science and Engineering",855,,,,,,354,,1300,,1165,
2022,R2,E006,"M S Ramaiah Institute of Technology Bangalore","Artificial Intelligence and Data Science",3818,,,,,,3239,,10151,,4166,
2022,R2,E006,"M S Ramaiah Institute of Technology Bangalore","Artificial Intelligence and Machine Learning",4042,,,,,,3005,,7556,,5855,
2022,R2,E006,"M S Ramaiah Institute of Technology Bangalore","Computer Science (AI and Machine Learning)",2196,,,,,,1915,,,,3681,
2022,R2,E006,"M S Ramaiah Institute of Technology Bangalore","Computer Science and Engineering",1393,,3596,,2185,,1125,,2651,,1847,
2022,R2,E006,"M S Ramaiah Institute of Technology Bangalore","Computer Science - Cyber Security",3273,,,,,,2574,,,,5213,
2022,R2,E006,"M S Ramaiah Institute of Technology Bangalore","Information Science and Engineering",2528,,,,3814,,2265,,4923,,3411,
2022,R2,E007,"Dayananda Sagar College of Engineering Bangalore","Artificial Intelligence and Machine Learning",,,,,,,5556,,11233,,6858,
2022,R2,E007,"Dayananda Sagar College of Engineering Bangalore","Computer Science and Design",9865,,,,,,8072,,18664,,15472,
2022,R2,E007,"Dayananda Sagar College of Engineering Bangalore","Computer Science and Engineering",4286,,12116,,5407,,3812,,7544,,4854,
2022,R2,E007,"Dayananda Sagar College of Engineering Bangalore","Computer Science - Cyber Security",7313,,,,13880,,6330,,16009,,9735,
2022,R2,E007,"Dayananda Sagar College of Engineering Bangalore","Computer Science and Engineering - Data Science",5973,,,,,,5594,,,,8920,
2022,R2,E007,"Dayananda Sagar College of Engineering Bangalore","Information Science and Engineering",6163,,,,,,5562,,10572,,7026,
2022,R2,E008,"Bangalore Institute of Technology Bangalore","Artificial Intelligence and Machine Learning",8362,,,,,,7775,,18172,,9422,
2022,R2,E008,"Bangalore Institute of Technology Bangalore","Computer Science and Engineering",5105,,,,,,4640,,8641,,6261,
2022,R2,E008,"Bangalore Institute of Technology Bangalore","Computer Science and Engineering - Data Science",8132,,,,,,7051,,,,9882,
2022,R2,E008,"Bangalore Institute of Technology Bangalore","Information Science and Engineering",7141,,,,,,6644,,11398,,8897,
2022,R2,E008,"Bangalore Institute of Technology Bangalore","Computer Science - Internet of Things",9946,,,,,,9600,,32871,,16223,
2022,R2,E008,"Bangalore Institute of Technology Bangalore","Robotics and Artificial Intelligence",19470,,,,37079,,16146,,25644,,24072,
2022,R2,E009,"P E S University (Ring Road Campus) Bangalore","Artificial Intelligence and Machine Learning",3282,,,,,,1698,,14944,,6532,
2022,R2,E009,"P E S University (Ring Road Campus) Bangalore","Computer Science and Engineering",1596,,9364,,3084,,1087,,4117,,2707,
2022,R2,E011,"M V J College of Engineering Bangalore","Artificial Intelligence and Machine Learning",28133,,,,,,26948,,33304,,30850,
2022,R2,E011,"M V J College of Engineering Bangalore","Computer Science and Design",,,,,,,36863,,,,37611,
2022,R2,E011,"M V J College of Engineering Bangalore","Computer Science and Engineering",19446,,,,22046,,18937,,24906,,21078,
2022,R2,E011,"M V J College of Engineering Bangalore","Computer Science and Engineering - Data Science",28624,,,,34310,,28037,,,,33056,
2022,R2,E011,"M V J College of Engineering Bangalore","Information Science and Engineering",23201,,,,24680,,22471,,25404,,24627,
2022,R2,E012,"Sir M.Visveswaraya Institute of Technology Hunasemaranahalli,Bangalore,","Artificial Intelligence and Machine Learning",14401,,,,,,14044,,24641,,19880,
2022,R2,E012,"Sir M.Visveswaraya Institute of Technology Hunasemaranahalli,Bangalore,","Computer Science and Engineering",8929,,,,10402,,8787,,15029,,10282,
2022,R2,E012,"Sir M.Visveswaraya Institute of Technology Hunasemaranahalli,Bangalore,","Information Science and Engineering",12043,,,,,,11858,,16709,,12923,
2022,R2,E012,"Sir M.Visveswaraya Institute of Technology Hunasemaranahalli,Bangalore,","Computer Science - Internet of Things",14280,,,,,,13778,,36071,,17436,
2022,R2,E014,"S J C Institute of Technology Chickballapur","Artificial Intelligence and Data Science",48696,,,,,,45813,,68880,,47823,
2022,R2,E014,"S J C Institute of Technology Chickballapur","Computer Science (AI and Machine Learning)",37839,,,,,,37750,,56421,,41395,
2022,R2,E014,"S J C Institute of Technology Chickballapur","Computer Science and Design",59631,,,,,,58615,,,,72497,
2022,R2,E014,"S J C Institute of Technology Chickballapur","Computer Science and Engineering",27157,,,,,,23499,,40542,,27215,
2022,R2,E014,"S J C Institute of Technology Chickballapur","Information Science and Engineering",32490,,,,40216,,32377,,45606,,39886,
2022,R2,E015,"Dr.T.Thimmaiah Institute of Technology BANGARAPET -TQ kolar District","Computer Science and Engineering",54839,,,,,,51628,,61515,,53956,
2022,R2,E016,"Siddaganga Institute of Technology Tumkur","Artificial Intelligence and Data Science",10655,,,,,,10596,,21009,,12009,
2022,R2,E016,"Siddaganga Institute of Technology Tumkur","Computer Science (AI and Machine Learning)",11879,,,,,,9243,,15462,,10865,
2022,R2,E016,"Siddaganga Institute of Technology Tumkur","Computer Science and Engineering",5881,,,,,,5716,,8656,,6969,
2022,R2,E016,"Siddaganga Institute of Technology Tumkur","Information Science and Engineering",7539,,,,9186,,7400,,10965,,8772,
2022,R2,E017,"Sri Siddartha Institute of Technology Tumkur","Artificial Intelligence and Machine Learning",,,,,,,47193,,60474,,58252,
2022,R2,E017,"Sri Siddartha Institute of Technology Tumkur","Computer Science and Engineering",28091,,,,,,27581,,30094,,28436,
2022,R2,E017,"Sri Siddartha Institute of Technology Tumkur","Computer Science and Engineering - Data Science",,,,,,,43258,,,,56896,
2022,R2,E017,"Sri Siddartha Institute of Technology Tumkur","Information Science and Engineering",37036,,,,,,35305,,38651,,40150,
2022,R2,E018,"Kalpatharu Institute of Technology Tiptur","Computer Science and Engineering",46657,,,,,,41804,,43229,,43760,
2022,R2,E018,"Kalpatharu Institute of Technology Tiptur","Information Science and Engineering",54798,,,,79422,,54537,,59589,,58468,
2022,R2,E021,"Sri Jayachamarajendra College of Engineering(Const. of JSS Univ.) Mysore","Computer Science and Engineering",2330,,,,,,1729,,3058,,3477,
2022,R2,E028,"Tontadarya College of Engineering Gadag","Computer Science and Engineering",52076,,,,,,49869,,51221,,55702,
2022,R2,E029,"Maratha Mandal Engineering College Belgaum","Computer Science and Engineering",68347,,,,,,55410,,59426,,60842,
2022,R2,E031,"Basaveshwara Engineering College Bagalkot","Computer Science and Engineering",17134,,,,,,16144,,16228,,18507,
2022,R2,E033,"Sri Taralabalu Jagadguru Institute of Technology. Ranebennur","Computer Science and Engineering",75160,,,,,,56929,,60049,,60515,
2022,R2,E034,"Sri Dharmasthala Manjunatheswara College of Engineering Dharwad","Artificial Intelligence and Machine Learning",25961,,,,,,19742,,21810,,25102,
2022,R2,E034,"Sri Dharmasthala Manjunatheswara College of Engineering Dharwad","Computer Science and Engineering",9689,,,,,,9675,,11389,,12734,
2022,R2,E034,"Sri Dharmasthala Manjunatheswara College of Engineering Dharwad","Information Science and Engineering",15340,,,,,,12587,,14067,,14599,
2022,R2,E036,"KLE Technological University(Formerly KLE Dr.MS Sheshagiri Col.) Belgaum","Computer Science (Artificial Intelligence)",38724,,,,,,22219,,,,28583,
2022,R2,E036,"KLE Technological University(Formerly KLE Dr.MS Sheshagiri Col.) Belgaum","Computer Science and Engineering",24587,,,,32475,,16956,,17136,,18738,
2022,R2,E037,"K.L.S. Gogte Institute of Technology Belgaum","Computer Science and Engineering",13154,,,,14893,,9295,,10517,,13064,
2022,R2,E037,"K.L.S. Gogte Institute of Technology Belgaum","Information Science and Engineering",15746,,,,,,13042,,,,15853,
2022,R2,E038,"B L D E As V.P. Dr. P. G. Hallakatti College of Engg. and Tech. vijayapur","Computer Science (AI and Machine Learning)",43330,,,,,,41264,,48081,,56154,
2022,R2,E038,"B L D E As V.P. Dr. P. G. Hallakatti College of Engg. and Tech. vijayapur","Computer Science and Engineering",35269,,,,42521,,29559,,32047,,33133,
2022,R2,E038,"B L D E As V.P. Dr. P. G. Hallakatti College of Engg. and Tech. vijayapur","Information Science and Engineering",41507,,106821,,49250,,37731,,,,39205,
2022,R2,E040,"Hira Sugar Institute of Technology Belagavi District,","Computer Science and Engineering",64207,,,,89342,,42784,,43442,,47605,
2022,R2,E042,"Khaja Banda Nawaz University Kalburgi","Computer Science and Engineering",,,,,,,49044,,72005,,23950,
2022,R2,E043,"Gurunanak Dev Engineering College Bidar","Computer Science and Engineering",47561,,,,,,30768,,,,37911,
2022,R2,E043,"Gurunanak Dev Engineering College Bidar","Information Science and Engineering",,,,,,,54238,,,,60281,
2022,R2,E044,"Bheemanna Khandre Institute of Technology Bhalki","Computer Science and Engineering",,,,,,,38442,,,,49738,
2022,R2,E045,"Rao Bahadur Y.Mahabaleswarappa Engineering College Bellari","Computer Science and Engineering",55122,,,,,,39182,,49684,,52286,
2022,R2,E046,"H K Es S L N College of Engineering Raichur","Computer Science and Engineering",,,,,,,57757,,63004,,65357,
2022,R2,E047,"Malnad College of Engineering Hassan","Computer Science (AI and Machine Learning)",,,,,,,17528,,40943,,19693,
2022,R2,E047,"Malnad College of Engineering Hassan","Computer Science and Engineering",13254,,,,,,12871,,22051,,16676,
2022,R2,E047,"Malnad College of Engineering Hassan","Information Science and Engineering",21023,,,,,,21011,,30382,,23174,
2022,R2,E048,"B M S College of Engineering Basavanagudi,Bangalore","Artificial Intelligence and Data Science",3864,,,,,,2413,,5294,,4996,
2022,R2,E048,"B M S College of Engineering Basavanagudi,Bangalore","Artificial Intelligence and Machine Learning",3447,,,,5821,,2536,,9524,,5752,
2022,R2,E048,"B M S College of Engineering Basavanagudi,Bangalore","Computer Science and Engineering",1658,,,,2349,,1075,,2414,,2107,
2022,R2,E048,"B M S College of Engineering Basavanagudi,Bangalore","Computer Science and Engineering - Data Science",,,27113,,,,1846,,,,5199,
2022,R2,E048,"B M S College of Engineering Basavanagudi,Bangalore","Information Science and Engineering",2138,,,,,,1643,,4383,,3642,
2022,R2,E048,"B M S College of Engineering Basavanagudi,Bangalore","Computer Science - Internet of Things",,,,,11082,,2131,,6496,,6392,
2022,R2,E049,"Basaveshwara Engineering College Bagalkot","Artificial Intelligence and Machine Learning",39991,,,,,,32667,,35950,,37908,
2022,R2,E049,"Basaveshwara Engineering College Bagalkot","Computer Science and Engineering",19520,,,,,,19100,,,,19555,
2022,R2,E049,"Basaveshwara Engineering College Bagalkot","Information Science and Engineering",26919,,,,31301,,26515,,27243,,29112,
2022,R2,E057,"JSS Science and Technology University(Formerly SJCE) Mysore","Computer Science and Engineering",3590,,,,4687,,3303,,6345,,4549,
2022,R2,E057,"JSS Science and Technology University(Formerly SJCE) Mysore","Information Science and Engineering",5284,,,,,,4151,,7759,,5483,
2022,R2,E058,"P E S College of Engineering Mandya","Computer Science (AI and Machine Learning)",20784,,,,,,20435,,,,24252,
2022,R2,E058,"P E S College of Engineering Mandya","Computer Science and Engineering",16081,,,,,,15360,,16187,,16760,
2022,R2,E058,"P E S College of Engineering Mandya","Information Science and Engineering",19432,,,,,,18831,,25453,,20024,
2022,R2,E059,"P D A College of Engineering Gulbarga","Artificial Intelligence and Machine Learning",,,,,,,42172,,50454,,51849,
2022,R2,E059,"P D A College of Engineering Gulbarga","Computer Science and Design",74572,,,,,,38478,,,,,
2022,R2,E059,"P D A College of Engineering Gulbarga","Computer Science and Engineering",21590,,,,,,21018,,,,23708,
2022,R2,E059,"P D A College of Engineering Gulbarga","Information Science and Engineering",,,,,,,33606,,,,45931,
2022,R2,E060,"Dr. Ambedkar Institute Of Technology Jnanabharathi Campus,Bangalore","Artificial Intelligence and Machine Learning",18044,,,,,,17555,,36481,,18645,
2022,R2,E060,"Dr. Ambedkar Institute Of Technology Jnanabharathi Campus,Bangalore","Computer Science and Engineering",12638,,,,,,12356,,15140,,14138,
2022,R2,E060,"Dr. Ambedkar Institute Of Technology Jnanabharathi Campus,Bangalore","Information Science and Engineering",14017,,,,,,13993,,21075,,15633,
2022,R2,E061,"University B.D.T. college of Engineering Davangere","Computer Science and Engineering",17142,,,,,,14504,,21935,,16158,
2022,R2,E062,"Bapuji Institute of Engineering and Technology Davangere","Artificial Intelligence and Machine Learning",40728,,,,,,38231,,46412,,49381,
2022,R2,E062,"Bapuji Institute of Engineering and Technology Davangere","Computer Science and Design",49438,,,,,,47150,,,,62523,
2022,R2,E062,"Bapuji Institute of Engineering and Technology Davangere","Computer Science and Engineering",20027,,,,,,15533,,19235,,19732,
2022,R2,E062,"Bapuji Institute of Engineering and Technology Davangere","Computer Science and Engineering - Data Science",36952,,,,61558,,31817,,,,37853,
2022,R2,E062,"Bapuji Institute of Engineering and Technology Davangere","Information Science and Engineering",33598,,,,39793,,29795,,32415,,33130,
2022,R2,E063,"Sri Jagadguru Murugharajendra University (Formerly SJMIT) Chitradurga","Computer Science and Engineering",66711,,,,,,51841,,52344,,70508,
2022,R2,E064,"Adhichunchanagiri Institute of Technology Chickmagalur","Artificial Intelligence and Machine Learning",43400,,,,,,42389,,62780,,64851,
2022,R2,E064,"Adhichunchanagiri Institute of Technology Chickmagalur","Computer Science and Engineering",28391,,,,,,26435,,32226,,30425,
2022,R2,E064,"Adhichunchanagiri Institute of Technology Chickmagalur","Computer Science and Engineering - Data Science",51188,,,,53273,,44467,,54752,,50826,
2022,R2,E064,"Adhichunchanagiri Institute of Technology Chickmagalur","Information Science and Engineering",39814,,,,,,34175,,47264,,38967,
2022,R2,E065,"Jawaharlal Nehru National College of Engineering Shimoga","Artificial Intelligence and Machine Learning",36743,,,,,,30065,,42472,,35790,
2022,R2,E065,"Jawaharlal Nehru National College of Engineering Shimoga","Computer Science and Engineering",18069,,,,20653,,14973,,23557,,19447,
2022,R2,E065,"Jawaharlal Nehru National College of Engineering Shimoga","Information Science and Engineering",27093,,,,,,25465,,26583,,30914,
2022,R2,E071,"Vidya Vardhaka College of Engineering Mysuru","Computer Science (AI and Machine Learning)",16912,,,,20570,,16708,,33495,,18599,
2022,R2,E071,"Vidya Vardhaka College of Engineering Mysuru","Computer Science and Engineering",11390,,,,,,11068,,20606,,13207,
2022,R2,E071,"Vidya Vardhaka College of Engineering Mysuru","Information Science and Engineering",13761,,,,18297,,13666,,23458,,15415,
2022,R2,E075,"Ballari Institute of Technology and Management Near Allipur Bellary","Artificial Intelligence and Machine Learning",64065,,,,,,47365,,67691,,50285,
2022,R2,E075,"Ballari Institute of Technology and Management Near Allipur Bellary","Computer Science (Artificial Intelligence)",,,,,,,35419,,,,58647,
2022,R2,E075,"Ballari Institute of Technology and Management Near Allipur Bellary","Computer Science and Engineering",25722,,,,,,19761,,24202,,34586,
2022,R2,E075,"Ballari Institute of Technology and Management Near Allipur Bellary","Computer Science and Engineering - Data Science",47996,,,,,,33880,,,,,
2022,R2,E076,"Proudadevaraya Institute of Technology Indiranagar Hospet, Ballari DT","Computer Science and Engineering",,,,,,,58356,,65296,,59412,
2022,R2,E077,"Vidya Vikas Institute of Engineering and Technology Mysuru","Computer Science and Engineering",26542,,,,,,26185,,30677,,28662,
2022,R2,E077,"Vidya Vikas Institute of Engineering and Technology Mysuru","Information Science and Engineering",33433,,,,40772,,33129,,37925,,34750,
2022,R2,E078,"The Oxford College of Engineering Bangalore","Artificial Intelligence and Machine Learning",40567,,,,,,40343,,66882,,51001,
2022,R2,E078,"The Oxford College of Engineering Bangalore","Computer Science and Engineering",27966,,,,,,26861,,28310,,30352,
2022,R2,E078,"The Oxford College of Engineering Bangalore","Information Science and Engineering",34998,,,,,,34193,,41712,,35630,
2022,R2,E079,"Acharya Institute of Technology Bangalore","Artificial Intelligence and Machine Learning",28582,,,,,,28251,,40256,,29597,
2022,R2,E079,"Acharya Institute of Technology Bangalore","Computer Science and Engineering",17116,,,,19124,,15881,,20665,,18717,
2022,R2,E079,"Acharya Institute of Technology Bangalore","Computer Science and Engineering - Data Science",26198,,,,,,25318,,,,31755,
2022,R2,E079,"Acharya Institute of Technology Bangalore","Information Science and Engineering",20878,,,,,,19477,,25970,,21429,
2022,R2,E082,"J S S Academy of Technical Education Bangalore","Computer Science (AI and Machine Learning)",19269,,,,,,18566,,36536,,25331,
2022,R2,E082,"J S S Academy of Technical Education Bangalore","Computer Science and Engineering",11616,,21061,,15116,,11273,,15765,,14869,
2022,R2,E082,"J S S Academy of Technical Education Bangalore","Information Science and Engineering",16058,,,,,,15713,,24929,,18188,
2022,R2,E082,"J S S Academy of Technical Education Bangalore","Robotics and Automation",,,,,,,34372,,51740,,40119,
2022,R2,E083,"H.K.B.K.College of Engineering Bangalore","Artificial Intelligence and Machine Learning",60394,,,,,,58064,,65575,,66403,
2022,R2,E083,"H.K.B.K.College of Engineering Bangalore","Computer Science and Engineering",45328,,,,,,43902,,48128,,48100,
2022,R2,E083,"H.K.B.K.College of Engineering Bangalore","Information Science and Engineering",56134,,,,63956,,55710,,71881,,57288,
2022,R2,E085,"APS College of Engineering Somanahalli, Bangalore","Computer Science and Engineering",39738,,,,,,38034,,49139,,41327,
2022,R2,E085,"APS College of Engineering Somanahalli, Bangalore","Information Science and Engineering",55805,,,,,,54509,,56068,,58621,
2022,R2,E086,"Sri Sairam College of Engineering(Formerly Shirdi Sai Engg) Anekal,Bangalore","Computer Science and Engineering",45817,,,,,,44515,,45570,,52716,
2022,R2,E086,"Sri Sairam College of Engineering(Formerly Shirdi Sai Engg) Anekal,Bangalore","Information Science and Engineering",56534,,,,,,56468,,,,68693,
2022,R2,E087,"Vivekananada Institute of Technology Bangalore","Computer Science and Engineering",45732,,,,,,44317,,48215,,50660,
2022,R2,E087,"Vivekananada Institute of Technology Bangalore","Information Science and Engineering",52101,,,,,,49711,,60412,,53386,
2022,R2,E088,"Bangalore College of Engineering and Technology Chandapura, Bangalore","Computer Science and Engineering",39870,,,,,,36616,,,,37982,
2022,R2,E088,"Bangalore College of Engineering and Technology Chandapura, Bangalore","Information Science and Engineering",,,,,,,54719,,58246,,61436,
2022,R2,E090,"Sri Revana Siddeswara Institute of Technology Bangalore North","Computer Science and Engineering",47199,,,,,,44372,,53677,,45756,
2022,R2,E091,"K S Institute of Technology Bangalore","Artificial Intelligence and Machine Learning",35860,,,,,,34949,,54705,,44731,
2022,R2,E091,"K S Institute of Technology Bangalore","Computer Science and Design",50174,,,,,,40022,,66828,,91470,
2022,R2,E091,"K S Institute of Technology Bangalore","Computer Science and Engineering",27805,,,,,,26732,,35130,,29900,
2022,R2,E091,"K S Institute of Technology Bangalore","Computer Science - Internet of Things",,,,,,,44043,,,,63135,
2022,R2,E092,"Vemana Institute of Technology Bangalore","Artificial Intelligence and Machine Learning",59276,,,,,,58195,,87172,,70946,
2022,R2,E092,"Vemana Institute of Technology Bangalore","Computer Science and Engineering",40686,,,,,,39157,,41816,,43273,
2022,R2,E092,"Vemana Institute of Technology Bangalore","Information Science and Engineering",50945,,,,56405,,49796,,64371,,54397,
2022,R2,E094,"Coorg Institute of Technology Kodagu","Computer Science and Engineering",54871,,,,,,49252,,,,66633,
2022,R2,E095,"AMC Engineering College Bangalore","Artificial Intelligence and Machine Learning",51297,,,,,,47214,,,,59932,
2022,R2,E095,"AMC Engineering College Bangalore","Computer Science (AI and Machine Learning)",51648,,87234,,,,50595,,62382,,62084,
2022,R2,E095,"AMC Engineering College Bangalore","Computer Science and Engineering",34827,,,,36609,,33047,,38374,,35771,
2022,R2,E095,"AMC Engineering College Bangalore","Computer Science and Engineering - Data Science",50089,,,,,,47821,,53436,,57332,
2022,R2,E095,"AMC Engineering College Bangalore","Information Science and Engineering",39999,,,,,,39787,,45712,,42823,
2022,R2,E096,"East Point College of Engineering and Technology Bangalore","Artificial Intelligence and Data Science",59060,,,,,,58487,,101526,,70486,
2022,R2,E096,"East Point College of Engineering and Technology Bangalore","Computer Science and Engineering",38286,,,,,,36018,,36339,,40521,
2022,R2,E096,"East Point College of Engineering and Technology Bangalore","Information Science and Engineering",51315,,,,,,50365,,59602,,54712,
2022,R2,E097,"C M R Institute of Technology Bangalore","Artificial Intelligence and Data Science",24682,,,,,,23423,,31281,,27345,
2022,R2,E097,"C M R Institute of Technology Bangalore","Artificial Intelligence and Machine Learning",27404,,,,,,22118,,38526,,29774,
2022,R2,E097,"C M R Institute of Technology Bangalore","Computer Science (AI and Machine Learning)",16824,,,,,,16174,,38159,,22932,
2022,R2,E097,"C M R Institute of Technology Bangalore","Computer Science and Engineering",12504,,23420,,14837,,11901,,16281,,14365,
2022,R2,E097,"C M R Institute of Technology Bangalore","Computer Science and Engineering - Data Science",18508,,,,,,17830,,33644,,21739,
2022,R2,E097,"C M R Institute of Technology Bangalore","Information Science and Engineering",15086,,,,,,14684,,24289,,16326,
2022,R2,E098,"Atria Institute of Technology Bangalore","Computer Science and Design",59242,,,,,,54742,,71532,,87500,
2022,R2,E098,"Atria Institute of Technology Bangalore","Computer Science and Engineering",25808,,,,,,25199,,32171,,30371,
2022,R2,E098,"Atria Institute of Technology Bangalore","Computer Science and Engineering - Data Science",42594,,,,,,41864,,,,45717,
2022,R2,E098,"Atria Institute of Technology Bangalore","Information Science and Engineering",36338,,73076,,,,36248,,36857,,42760,
2022,R2,E099,"New Horizon College of Engineering Bangalore","Artificial Intelligence and Machine Learning",18184,,,,,,17302,,23347,,21378,
2022,R2,E099,"New Horizon College of Engineering Bangalore","Computer Engineering",24388,,,,,,16456,,31665,,23997,
2022,R2,E099,"New Horizon College of Engineering Bangalore","Computer Science and Engineering",9801,,,,12330,,8981,,12183,,11812,
2022,R2,E099,"New Horizon College of Engineering Bangalore","Computer Science and Engineering - Data Science",15031,,,,,,14252,,30411,,16953,
2022,R2,E099,"New Horizon College of Engineering Bangalore","Information Science and Engineering",12334,,,,,,11936,,15602,,15087,
2022,R2,E100,"K N S Institute of Technology Bangalore","Computer Science and Engineering",56053,,,,,,55652,,64673,,65045,
2022,R2,E101,"Channabasaveshwara Institute of Technology Gubbi, Tumkur","Artificial Intelligence and Data Science",61055,,,,,,59312,,66569,,60588,
2022,R2,E101,"Channabasaveshwara Institute of Technology Gubbi, Tumkur","Computer Science and Engineering",35090,,,,,,34480,,36756,,41640,
2022,R2,E101,"Channabasaveshwara Institute of Technology Gubbi, Tumkur","Information Science and Engineering",49652,,,,,,49207,,,,51218,
2022,R2,E102,"DONBOSCO Institute of Technology Bangalore","Artificial Intelligence and Data Science",54535,,,,,,53430,,79802,,68022,
2022,R2,E102,"DONBOSCO Institute of Technology Bangalore","Computer Science (AI and Machine Learning)",53235,,88320,,72300,,52063,,67973,,65135,
2022,R2,E102,"DONBOSCO Institute of Technology Bangalore","Computer Science and Engineering",28584,,,,,,28160,,30870,,32400,
2022,R2,E102,"DONBOSCO Institute of Technology Bangalore","Information Science and Engineering",41506,,,,,,39954,,54085,,43924,
2022,R2,E103,"Global Academy of Technology Bangalore","Artificial Intelligence and Data Science",31832,,,,,,30656,,45188,,38874,
2022,R2,E103,"Global Academy of Technology Bangalore","Artificial Intelligence and Machine Learning",30166,,,,,,30083,,,,37347,
2022,R2,E103,"Global Academy of Technology Bangalore","Computer Science (AI and Machine Learning)",26450,,,,,,26272,,,,30862,
2022,R2,E103,"Global Academy of Technology Bangalore","Computer Science and Engineering",20355,,,,21137,,18059,,26721,,20734,
2022,R2,E103,"Global Academy of Technology Bangalore","Information Science and Engineering",25302,,,,,,24149,,41245,,27203,
2022,R2,E104,"Nagarjuna College of Engineering and Technology Bangalore (R)","Computer Science (AI and Machine Learning)",61883,,,,,,57426,,,,69275,
2022,R2,E104,"Nagarjuna College of Engineering and Technology Bangalore (R)","Computer Science and Engineering",40867,,,,,,40252,,45746,,45164,
2022,R2,E104,"Nagarjuna College of Engineering and Technology Bangalore (R)","Information Science and Engineering",48312,,,,55502,,47942,,58715,,51988,
2022,R2,E105,"Nitte Meenakshi Institutute of Technology Bangalore","Artificial Intelligence and Data Science",14351,,,,,,11415,,16386,,18171,
2022,R2,E105,"Nitte Meenakshi Institutute of Technology Bangalore","Artificial Intelligence and Machine Learning",12115,,,,,,11405,,,,16243,
2022,R2,E105,"Nitte Meenakshi Institutute of Technology Bangalore","Computer Science and Engineering",7379,,,,9637,,6992,,12716,,9570,
2022,R2,E105,"Nitte Meenakshi Institutute of Technology Bangalore","Information Science and Engineering",11013,,,,13401,,9884,,15063,,13143,
2022,R2,E106,"East West Institute of Technology Bangalore","Artificial Intelligence and Machine Learning",61340,,,,78598,,59819,,97721,,64364,
2022,R2,E106,"East West Institute of Technology Bangalore","Computer Science and Engineering",38490,,,,,,35641,,39712,,43584,
2022,R2,E106,"East West Institute of Technology Bangalore","Information Science and Engineering",45568,,,,,,45280,,51589,,48132,
2022,R2,E107,"B N M Institute of Technology Bangalore","Artificial Intelligence and Machine Learning",14251,,,,,,14242,,29228,,19848,
2022,R2,E107,"B N M Institute of Technology Bangalore","Computer Science and Engineering",9174,,,,,,8660,,15607,,12022,
2022,R2,E107,"B N M Institute of Technology Bangalore","Information Science and Engineering",10377,,,,,,10216,,20482,,14018,
2022,R2,E108,"Sapthagiri College of Engineering Bangalore","Computer Science and Engineering",22140,,,,,,21696,,27661,,24866,
2022,R2,E108,"Sapthagiri College of Engineering Bangalore","Information Science and Engineering",29357,,,,,,28944,,36438,,36173,
2022,R2,E109,"City Engineering College Bangalore","Computer Science and Engineering",62231,,,,,,59795,,62770,,70911,
2022,R2,E111,"Sri Venkateshwara College of Engineering Bettahalsur(P), Bangalore","Computer Science (Artificial Intelligence)",55977,,,,,,55591,,87382,,73420,
2022,R2,E111,"Sri Venkateshwara College of Engineering Bettahalsur(P), Bangalore","Computer Science and Engineering",41689,,,,46024,,38353,,40062,,44890,
2022,R2,E111,"Sri Venkateshwara College of Engineering Bettahalsur(P), Bangalore","Computer Science and Engineering - Data Science",59107,,103846,,,,58632,,,,64915,
2022,R2,E111,"Sri Venkateshwara College of Engineering Bettahalsur(P), Bangalore","Information Science and Engineering",47629,,,,,,46597,,65915,,57219,
2022,R2,E112,"Sri Krishna Institute of Technology Bangalore","Computer Science and Engineering",54450,,,,,,54285,,69637,,61087,
2022,R2,E113,"Sambhram Institute of Technology Bangalore","Computer Science and Engineering",62010,,,,67729,,59747,,64049,,65332,
2022,R2,E114,"G M Institute of Technology Davanagere","Artificial Intelligence and Machine Learning",48735,,,,,,46063,,53445,,52539,
2022,R2,E114,"G M Institute of Technology Davanagere","Computer Science and Engineering",22999,,,,,,22636,,28323,,30243,
2022,R2,E114,"G M Institute of Technology Davanagere","Information Science and Engineering",36482,,,,,,32048,,38503,,36970,
2022,R2,E115,"S J B Institute of Technology Kengeri,Bangalore","Artificial Intelligence and Machine Learning",26060,,,,31412,,24741,,40154,,24833,
2022,R2,E115,"S J B Institute of Technology Kengeri,Bangalore","Computer Science and Engineering",16373,,,,,,16065,,21284,,17468,
2022,R2,E115,"S J B Institute of Technology Kengeri,Bangalore","Computer Science and Engineering - Data Science",25586,,,,,,24761,,,,31108,
2022,R2,E115,"S J B Institute of Technology Kengeri,Bangalore","Information Science and Engineering",20843,,,,,,20100,,26987,,21860,
2022,R2,E116,"R.L.Jalappa Institute of Technology Bangalore Rural Dist","Computer Science and Engineering",59710,,,,,,57646,,73767,,63501,
2022,R2,E118,"RNS Institute of Technology Bangalore","Artificial Intelligence and Data Science",15868,,,,,,15134,,32747,,21412,
2022,R2,E118,"RNS Institute of Technology Bangalore","Artificial Intelligence and Machine Learning",16806,,,,25444,,16305,,32946,,21644,
2022,R2,E118,"RNS Institute of Technology Bangalore","Computer Science and Engineering",8685,,,,,,8150,,12391,,10505,
2022,R2,E118,"RNS Institute of Technology Bangalore","Computer Science - Cyber Security",17013,,47069,,,,15693,,,,21396,
2022,R2,E118,"RNS Institute of Technology Bangalore","Computer Science and Engineering - Data Science",13971,,,,21705,,13568,,30876,,18210,
2022,R2,E118,"RNS Institute of Technology Bangalore","Information Science and Engineering",11436,,,,,,11237,,22280,,12157,
2022,R2,E119,"K C T Engineering College Roza(B),Gulbarga","Computer Science and Engineering",,,,,,,50063,,78429,,83490,
2022,R2,E121,"Vivekananada College of Engineering Technology D K DIST","Artificial Intelligence and Machine Learning",58196,,,,,,54717,,56041,,57318,
2022,R2,E121,"Vivekananada College of Engineering Technology D K DIST","Computer Science and Engineering",42928,,,,58287,,33471,,38879,,41652,
2022,R2,E121,"Vivekananada College of Engineering Technology D K DIST","Computer Science and Engineering - Data Science",56136,,,,,,49626,,,,54469,
2022,R2,E123,"Canara Engineering College Bantwal DK DIST","Artificial Intelligence and Machine Learning",62641,,90875,,,,53501,,73239,,55909,
2022,R2,E123,"Canara Engineering College Bantwal DK DIST","Computer Science and Engineering",39840,,,,43561,,33843,,35906,,37854,
2022,R2,E123,"Canara Engineering College Bantwal DK DIST","Information Science and Engineering",44270,,,,,,41878,,43897,,43458,
2022,R2,E124,"Rajiv Gandhi Institute of Technology R.T Nagar Post, Bangalore","Computer Science and Engineering",54149,,,,,,53983,,66028,,55964,
2022,R2,E126,"B M S Institute of Technology and Management Yelahanka, Bangalore","Artificial Intelligence and Machine Learning",10801,,,,,,10102,,24084,,13291,
2022,R2,E126,"B M S Institute of Technology and Management Yelahanka, Bangalore","Computer Science and Engineering",5615,,,,9343,,4364,,12137,,8454,
2022,R2,E126,"B M S Institute of Technology and Management Yelahanka, Bangalore","Information Science and Engineering",8486,,,,11410,,7964,,14757,,10794,
2022,R2,E128,"Sharnbasva University(Formerly Appa Inst. of Tech.) Brahmpur, Kalaburagi","Artificial Intelligence and Data Science",,,,,,,50813,,,,93327,
2022,R2,E128,"Sharnbasva University(Formerly Appa Inst. of Tech.) Brahmpur, Kalaburagi","Computer Science and Engineering",46786,,,,61072,,33935,,40243,,42188,
2022,R2,E129,"St. Joseph Engineering College Mangalore","Artificial Intelligence and Machine Learning",31329,,,,,,21949,,26469,,27216,
2022,R2,E129,"St. Joseph Engineering College Mangalore","Computer Science and Engineering",24118,,,,,,16891,,22818,,22035,
2022,R2,E129,"St. Joseph Engineering College Mangalore","Computer Science and Engineering - Data Science",26013,,,,,,21006,,,,34246,
2022,R2,E130,"Shridevi Institute of Engineering and Technology Tumkur","Computer Science and Engineering",67206,,,,,,56592,,67331,,64372,
2022,R2,E132,"Secab Institute of Engineering and Technology Bijapur","Computer Science and Engineering",81652,,,,96671,,48400,,59624,,82268,
2022,R2,E133,"G S S S Institute of Engineering and Technology for Women Mysore","Artificial Intelligence and Data Science",36547,,,,,,30758,,35547,,41707,
2022,R2,E133,"G S S S Institute of Engineering and Technology for Women Mysore","Computer Science (AI and Machine Learning)",30254,,,,,,27956,,,,34482,
2022,R2,E133,"G S S S Institute of Engineering and Technology for Women Mysore","Computer Science and Engineering",19043,,,,22148,,17143,,20725,,20922,
2022,R2,E133,"G S S S Institute of Engineering and Technology for Women Mysore","Information Science and Engineering",23345,,,,,,23241,,32564,,23344,
2022,R2,E134,"Smt. Kamala and Sri Venkappa M.Agadi College of Engg. and Tech. Laxmeshwara-Tq, Gadag Dt.","Computer Science and Engineering",47716,,,,,,40727,,41271,,43661,
2022,R2,E134,"Smt. Kamala and Sri Venkappa M.Agadi College of Engg. and Tech. Laxmeshwara-Tq, Gadag Dt.","Information Science and Engineering",,,,,,,55537,,72180,,83744,
2022,R2,E135,"K L S Viswanathrao Deshpande Institute of Technology Haliyal, Uttara Kannada -Dist","Computer Science (AI and Machine Learning)",75204,,,,,,45950,,58713,,64396,
2022,R2,E135,"K L S Viswanathrao Deshpande Institute of Technology Haliyal, Uttara Kannada -Dist","Computer Science and Engineering",31705,,,,,,29483,,33002,,37976,
2022,R2,E141,"P E S University (Electronic City Campus) Bangalore","Computer Science and Engineering",5604,,20201,,8931,,3969,,12727,,8698,
2022,R2,E142,"Adichunchanagiri University(Formerly BGSIT) Nagamangala Taluk,Mandya Dist.","Artificial Intelligence and Machine Learning",53974,,,,,,50876,,63273,,59245,
2022,R2,E142,"Adichunchanagiri University(Formerly BGSIT) Nagamangala Taluk,Mandya Dist.","Computer Science and Engineering",36810,,,,37947,,34194,,35137,,36713,
2022,R2,E142,"Adichunchanagiri University(Formerly BGSIT) Nagamangala Taluk,Mandya Dist.","Information Science and Engineering",,,,,,,41594,,,,44398,
2022,R2,E144,"Srinivas Institute of Technology Mangalore.","Computer Science and Engineering",49309,,,,,,45965,,49781,,48258,
2022,R2,E144,"Srinivas Institute of Technology Mangalore.","Information Science and Engineering",,,,,,,55269,,78012,,58610,
2022,R2,E145,"Rajarajeswari College of Engineering Kumbalagodu,Bangalore","Artificial Intelligence and Machine Learning",50409,,,,,,46512,,78733,,58074,
2022,R2,E145,"Rajarajeswari College of Engineering Kumbalagodu,Bangalore","Computer Science and Engineering",34331,,,,,,32382,,38390,,37337,
2022,R2,E145,"Rajarajeswari College of Engineering Kumbalagodu,Bangalore","Information Science and Engineering",38637,,,,,,37326,,54056,,47356,
2022,R2,E145,"Rajarajeswari College of Engineering Kumbalagodu,Bangalore","Computer Science - Internet of Things",54300,,,,93546,,54042,,,,88452,
2022,R2,E147,"T.John Engineering College Bangalore","Computer Science and Engineering",53977,,,,,,52522,,57363,,61705,
2022,R2,E149,"Cambridge Institutute of Technology Bangalore","Artificial Intelligence and Machine Learning",39648,,,,46421,,35445,,66779,,38295,
2022,R2,E149,"Cambridge Institutute of Technology Bangalore","Computer Science and Engineering",25901,,,,,,24291,,31450,,26332,
2022,R2,E149,"Cambridge Institutute of Technology Bangalore","Information Science and Engineering",34615,,,,,,33041,,43984,,36648,
2022,R2,E150,"P E S Institute of Technology and Management Shivamogga","Artificial Intelligence and Machine Learning",61090,,,,,,55108,,70489,,70569,
2022,R2,E150,"P E S Institute of Technology and Management Shivamogga","Computer Science and Engineering",33959,,,,34517,,30797,,32453,,33739,
2022,R2,E150,"P E S Institute of Technology and Management Shivamogga","Computer Science and Engineering - Data Science",62549,,,,,,49697,,68874,,50873,
2022,R2,E150,"P E S Institute of Technology and Management Shivamogga","Information Science and Engineering",40366,,74299,,,,38710,,,,42084,
2022,R2,E151,"Mangalore Institute of Technology and Engineering Mangalore Tq,D.K","Artificial Intelligence and Machine Learning",44207,,,,62422,,36884,,,,37408,
2022,R2,E151,"Mangalore Institute of Technology and Engineering Mangalore Tq,D.K","Computer Science (AI and Machine Learning)",,,,,,,38417,,41989,,43977,
2022,R2,E151,"Mangalore Institute of Technology and Engineering Mangalore Tq,D.K","Computer Science and Engineering",25498,,,,29151,,22275,,24195,,26381,
2022,R2,E151,"Mangalore Institute of Technology and Engineering Mangalore Tq,D.K","Information Science and Engineering",34971,,,,,,29995,,,,31685,
2022,R2,E151,"Mangalore Institute of Technology and Engineering Mangalore Tq,D.K","Computer Science - Internet of Things",57274,,,,,,41428,,,,48497,
2022,R2,E152,"S D M Institute of Tech. Ujire,Dakshina Kannada","Artificial Intelligence and Data Science",60433,,,,66669,,56330,,59655,,57338,
2022,R2,E152,"S D M Institute of Tech. Ujire,Dakshina Kannada","Computer Science and Engineering",34054,,,,,,32595,,38195,,33012,
2022,R2,E152,"S D M Institute of Tech. Ujire,Dakshina Kannada","Information Science and Engineering",42498,,,,47969,,41895,,,,46472,
2022,R2,E153,"S E A College of Engineering and Technology K R puram bangalore","Computer Science and Engineering",58271,,,,,,57477,,62815,,67468,
2022,R2,E154,"Government Engineering College Chamarajanagara","Computer Science and Engineering",53062,,,,56948,,45272,,47271,,52847,
2022,R2,E155,"Government Engineering College Hassan","Computer Science and Engineering",26941,,,,27898,,22663,,26229,,25867,
2022,R2,E156,"Government Engineering College K R Pet, Mandya DT.","Computer Science and Engineering",44552,,,,47968,,40332,,40965,,44124,
2022,R2,E157,"Government Engineering College Ramanagara","Computer Science and Engineering",52664,,,,60382,,47504,,50631,,52314,
2022,R2,E158,"Maharaja Institute of Technology-Mysore Belawadi, Mandya Dist","Computer Science (Artificial Intelligence)",39266,,,,,,37464,,49534,,46273,
2022,R2,E158,"Maharaja Institute of Technology-Mysore Belawadi, Mandya Dist","Computer Science and Engineering",27791,,,,34681,,27137,,38064,,34505,
2022,R2,E158,"Maharaja Institute of Technology-Mysore Belawadi, Mandya Dist","Computer Science and Engineering - Data Science",44095,,,,,,41201,,,,47538,
2022,R2,E158,"Maharaja Institute of Technology-Mysore Belawadi, Mandya Dist","Information Science and Engineering",38509,,,,,,36313,,47589,,40156,
2022,R2,E160,"Sahyadri College of Engg. and Management Mangalore","Computer Science (AI and Machine Learning)",26102,,,,,,24255,,25420,,25902,
2022,R2,E160,"Sahyadri College of Engg. and Management Mangalore","Computer Science and Engineering",15264,,23071,,18878,,12144,,13549,,18090,
2022,R2,E160,"Sahyadri College of Engg. and Management Mangalore","Computer Science and Engineering - Data Science",25727,,,,,,25154,,35812,,31726,
2022,R2,E160,"Sahyadri College of Engg. and Management Mangalore","Information Science and Engineering",24371,,,,,,19721,,21844,,22150,
2022,R2,E161,"Government Engineering College Kushalnagar,Kodagu Dist","Computer Science and Engineering",52416,,,,60023,,49286,,50951,,53787,
2022,R2,E162,"Government Engineering College Raichur","Computer Science and Engineering",53596,,,,,,38862,,47701,,52232,
2022,R2,E163,"Government Engineering College Devagiri,Haveri","Computer Science and Engineering",50479,,,,60337,,41348,,42752,,45791,
2022,R2,E164,"Government Engineering College Huvina Hadagali,Bellary Dist.","Computer Science and Engineering",69141,,,,,,58777,,,,62386,
2022,R2,E165,"Yenepoya Institute of Technology Thodar,Moodbidri","Computer Science and Engineering",62894,,,,,,59395,,60120,,66061,
2022,R2,E166,"K L E Institute of Technology Hubli","Computer Science and Engineering",22187,,,,,,19224,,20835,,23040,
2022,R2,E167,"K L E Ss K L E College of Engineering and Technology Chikkodi, Belgaum Dist.","Computer Science and Engineering",46091,,,,,,32802,,33899,,37640,
2022,R2,E169,"Alva`s Institute of Engineering and Technology Moodabidri,","Artificial Intelligence and Machine Learning",,,,,,,50445,,,,56743,
2022,R2,E169,"Alva`s Institute of Engineering and Technology Moodabidri,","Computer Science and Engineering",39935,,,,50352,,37681,,43109,,40824,
2022,R2,E169,"Alva`s Institute of Engineering and Technology Moodabidri,","Computer Science and Engineering - Data Science",57612,,,,59713,,52795,,56112,,59501,
2022,R2,E169,"Alva`s Institute of Engineering and Technology Moodabidri,","Information Science and Engineering",46573,,,,,,46033,,48951,,50866,
2022,R2,E171,"Brindavan College of Engineering Yelahanka, Bangalore","Computer Science and Engineering",52965,,,,,,51936,,63848,,62533,
2022,R2,E172,"R.R.Institute of Technology Chikkabanavara, Bangalore","Computer Science and Engineering",52837,,,,,,51115,,65361,,56175,
2022,R2,E173,"Sai Vidya Institute of Technology Bangalore","Computer Science (AI and Machine Learning)",57475,,144675,,,,55017,,92793,,59577,
2022,R2,E173,"Sai Vidya Institute of Technology Bangalore","Computer Science and Engineering",26367,,,,34417,,25466,,34227,,33054,
2022,R2,E173,"Sai Vidya Institute of Technology Bangalore","Computer Science and Engineering - Data Science",53299,,,,,,53143,,62106,,71141,
2022,R2,E173,"Sai Vidya Institute of Technology Bangalore","Information Science and Engineering",38116,,,,,,37279,,41378,,45970,
2022,R2,E175,"S.G.Balekundri Institute of Technology Belgaum","Computer Science and Engineering",53251,,,,,,42774,,44474,,51223,
2022,R2,E176,"Navodaya Institute of Technology Raihcur","Computer Science and Engineering",59485,,,,,,50073,,69293,,63718,
2022,R2,E177,"Rajeev Institute of Technology Hassan","Computer Science and Engineering",44690,,,,,,44504,,54186,,48716,
2022,R2,E177,"Rajeev Institute of Technology Hassan","Information Science and Engineering",56449,,,,,,56344,,60748,,66421,
2022,R2,E178,"The National Institute of Engineering(NORTH CAMPUS) Mysore","Computer Science (AI and Machine Learning)",9216,,,,,,7703,,13379,,8873,
2022,R2,E178,"The National Institute of Engineering(NORTH CAMPUS) Mysore","Computer Science and Engineering",6125,,19971,,8966,,5601,,10592,,8289,
2022,R2,E178,"The National Institute of Engineering(NORTH CAMPUS) Mysore","Information Science and Engineering",9606,,,,9887,,8487,,16236,,9864,
2022,R2,E185,"Angadi Institute of Technology and Management Belgaum","Computer Science and Engineering",59529,,,,,,46609,,49163,,52240,
2022,R2,E186,"ACS College of Engineering Kengeri Hobli,Bangalore","Computer Science and Engineering",44541,,,,48805,,42687,,53575,,48235,
2022,R2,E189,"Navkis College of Engineering (Formerly NDRKIT) Kandali, Hassan","Computer Science and Engineering",45775,,,,,,44483,,58442,,54515,
2022,R2,E194,"Government Engineering College KARWAR","Computer Science and Engineering",62461,,,,63024,,51725,,52436,,59433,
2022,R2,E196,"Jain College of Engineering Machche,Belgaum","Computer Science and Engineering",34146,,,,36805,,27521,,29174,,29573,
2022,R2,E198,"Sharnbasva University College for Women(Formerly Godutai) Gulbarga","Computer Science and Engineering",,,,,,,40208,,,,59101,
2022,R2,E199,"AGM Rural Engineering College Hubli, Darward (D)","Computer Science and Engineering",65267,,,,,,57299,,62034,,64700,
2022,R2,E201,"Gopalan College of Engineering and Management White Field, Bangalore","Computer Science and Engineering",42525,,,,,,39137,,65674,,55690,
2022,R2,E203,"K.S. School of Engineering And Management Mallasandra, Bangalore","Computer Science and Engineering",50938,,,,,,48769,,62063,,63279,
2022,R2,E204,"Bangalore Technological Institute Sarjapura Rd, Bangalore","Computer Science and Engineering",60419,,75404,,,,55139,,62739,,62402,
2022,R2,E205,"ATME College of Engineering Varun hobli,Mysore","Computer Science (AI and Machine Learning)",46371,,,,,,44103,,73642,,64708,
2022,R2,E205,"ATME College of Engineering Varun hobli,Mysore","Computer Science and Engineering",35578,,,,,,34916,,38024,,41544,
2022,R2,E205,"ATME College of Engineering Varun hobli,Mysore","Computer Science and Engineering - Data Science",55813,,,,,,54862,,67147,,69170,
2022,R2,E206,"Shri Madhwa Vadiraja Institute of Technology and Management Udupi Dist","Artificial Intelligence and Data Science",91179,,,,,,45634,,62867,,46253,
2022,R2,E206,"Shri Madhwa Vadiraja Institute of Technology and Management Udupi Dist","Artificial Intelligence and Machine Learning",73860,,,,,,55594,,,,57016,
2022,R2,E206,"Shri Madhwa Vadiraja Institute of Technology and Management Udupi Dist","Computer Science and Engineering",69705,,,,71067,,29569,,38479,,34428,
2022,R2,E209,"Jyothi Institute of Technology Bangalore","Artificial Intelligence and Machine Learning",52405,,,,,,51522,,65049,,80053,
2022,R2,E209,"Jyothi Institute of Technology Bangalore","Computer Science and Engineering",36508,,,,,,34920,,56777,,46579,
2022,R2,E209,"Jyothi Institute of Technology Bangalore","Information Science and Engineering",47385,,,,,,43247,,,,55832,
2022,R2,E211,"Jain Institute of Technology Cross,Davanagere","Computer Science and Engineering",48176,,,,,,45411,,45723,,47524,
2022,R2,E211,"Jain Institute of Technology Cross,Davanagere","Information Science and Engineering",60169,,155522,,,,52151,,,,59482,
2022,R2,E212,"Dayananda Sagar Academy of Technology Kanakapur Main Road Bangalore","Computer Science (AI and Machine Learning)",23667,,,,,,21509,,,,23683,
2022,R2,E212,"Dayananda Sagar Academy of Technology Kanakapur Main Road Bangalore","Computer Science and Design",,,,,,,29127,,,,35446,
2022,R2,E212,"Dayananda Sagar Academy of Technology Kanakapur Main Road Bangalore","Computer Science (Artificial Intelligence)",26788,,,,,,24573,,35914,,24776,
2022,R2,E212,"Dayananda Sagar Academy of Technology Kanakapur Main Road Bangalore","Computer Science and Engineering",14855,,,,,,14381,,17082,,19259,
2022,R2,E212,"Dayananda Sagar Academy of Technology Kanakapur Main Road Bangalore","Computer Science and Engineering - Data Science",21975,,,,29019,,21184,,,,27961,
2022,R2,E212,"Dayananda Sagar Academy of Technology Kanakapur Main Road Bangalore","Information Science and Engineering",19497,,,,,,19281,,29286,,22378,
2022,R2,E212,"Dayananda Sagar Academy of Technology Kanakapur Main Road Bangalore","Computer Science - Internet of Things",29747,,,,,,28519,,53898,,30742,
2022,R2,E220,"Alliance University Bangalore","Computer Science and Engineering",46973,,,,48271,,41854,,56859,,47485,
2022,R2,E220,"Alliance University Bangalore","Information Technology",55034,,,,,,50347,,76743,,72707,
2022,R2,E222,"Cambridge Institutute of Technology-North Campus Devanahalli(TQ),Bangalore(R)","Computer Science and Engineering",51674,,,,60144,,50444,,56204,,57186,
2022,R2,E232,"Reva University Bangalore","Artificial Intelligence and Data Science",26766,,,,,,23736,,37455,,28042,
2022,R2,E232,"Reva University Bangalore","Computer Science (AI and Machine Learning)",19988,,,,29480,,19126,,24674,,28202,
2022,R2,E232,"Reva University Bangalore","Computer Science and Engineering",13766,,23641,,16940,,13050,,18398,,16826,
2022,R2,E232,"Reva University Bangalore","Computer Science - IoT and Blockchain",30044,,,,,,23417,,41647,,37514,
2022,R2,E232,"Reva University Bangalore","Information Science and Engineering",16764,,,,,,16418,,23932,,18429,
2022,R2,E232,"Reva University Bangalore","Computer Science and Systems Engineering",,,,,,,25827,,42074,,35888,
2022,R2,E235,"M.S. Ramaiah University of Applied Sciences Bangalore","Artificial Intelligence and Machine Learning",18799,,,,,,18459,,33155,,23856,
2022,R2,E235,"M.S. Ramaiah University of Applied Sciences Bangalore","Computer Science and Engineering",13782,,,,18241,,13397,,23575,,17615,
2022,R2,E235,"M.S. Ramaiah University of Applied Sciences Bangalore","Information Science and Engineering",16759,,,,,,16609,,,,18247,
2022,R2,E235,"M.S. Ramaiah University of Applied Sciences Bangalore","Mathematics and Computing",,,,,,,23382,,,,55945,
2022,R2,E235,"M.S. Ramaiah University of Applied Sciences Bangalore","Robotics",51561,,,,,,40224,,,,40908,
2022,R2,E237,"Presidency University Yelahanka, Bangalore","Computer Science - Big Data",49959,,,,,,45388,,58830,,50989,
2022,R2,E237,"Presidency University Yelahanka, Bangalore","Computer Science (AI and Machine Learning)",43209,,,,,,40408,,58294,,44683,
2022,R2,E237,"Presidency University Yelahanka, Bangalore","Computer Science and Technology",49577,,,,64367,,47305,,71681,,58980,
2022,R2,E237,"Presidency University Yelahanka, Bangalore","Computer Science and Engineering",35770,,52412,,41978,,33363,,43627,,41141,
2022,R2,E237,"Presidency University Yelahanka, Bangalore","Computer Science - Cyber Security",49292,,,,,,47208,,75909,,72208,
2022,R2,E237,"Presidency University Yelahanka, Bangalore","Computer Science and Engineering - Data Science",43457,,,,,,41663,,69848,,53782,
2022,R2,E237,"Presidency University Yelahanka, Bangalore","Information Science and Engineering",42329,,60897,,46762,,40462,,49086,,46613,
2022,R2,E237,"Presidency University Yelahanka, Bangalore","Information Science and Technology",50229,,,,,,48102,,68716,,50004,
2022,R2,E237,"Presidency University Yelahanka, Bangalore","Computer Science - Blockchain",,,,,,,56834,,,,76676,
2022,R2,E239,"East West College of Engineering Yelahanka New Town, Bangalore","Computer Science and Engineering",43249,,,,,,40715,,46535,,45740,
2022,R2,E240,"Dayananda Sagar University Hosur Road, Bangalore","Computer Science (AI and Machine Learning)",30406,,56949,,,,28658,,48027,,34939,
2022,R2,E240,"Dayananda Sagar University Hosur Road, Bangalore","Computer Science and Technology",28939,,,,,,28513,,,,30298,
2022,R2,E240,"Dayananda Sagar University Hosur Road, Bangalore","Computer Science and Engineering",22420,,,,27524,,21395,,28384,,27055,
2022,R2,E240,"Dayananda Sagar University Hosur Road, Bangalore","Computer Science - Cyber Security",,,,,,,28464,,29707,,34848,
2022,R2,E240,"Dayananda Sagar University Hosur Road, Bangalore","Computer Science and Engineering - Data Science",26857,,,,,,24563,,,,31095,
2022,R2,E241,"KLE Technological University(Formerly BVBCET) Dharward Dist","Computer Science (Artificial Intelligence)",8896,,,,,,5884,,,,8701,
2022,R2,E241,"KLE Technological University(Formerly BVBCET) Dharward Dist","Computer Science and Engineering",8038,,,,8078,,4697,,5437,,6777,
2022,R2,E252,"Mysore College of Engineering and Management Mysore","Computer Science and Engineering",57194,,,,,,53867,,55895,,62427,
2022,R2,E254,"A J Institute Of Engineering And Technology MANGALORE","Computer Science and Engineering",37048,,,,,,36100,,37986,,44668,
2022,R2,E254,"A J Institute Of Engineering And Technology MANGALORE","Information Science and Engineering",,,,,,,43887,,52989,,45680,
2022,R2,E255,"Gitam School Of Technology BANGALORE RURAL DIST","Computer Science (AI and Machine Learning)",58250,,,,,,56989,,98583,,64428,
2022,R2,E255,"Gitam School Of Technology BANGALORE RURAL DIST","Computer Science and Engineering",45440,,,,54896,,43577,,68212,,51521,
2022,R2,E255,"Gitam School Of Technology BANGALORE RURAL DIST","Computer Science - Cyber Security",62801,,,,,,58801,,93863,,73312,
2022,R2,E255,"Gitam School Of Technology BANGALORE RURAL DIST","Computer Science and Engineering - Data Science",59090,,,,,,56241,,87841,,68551,
2022,R2,E257,"CMR University CHAGALATTI, BANGALORE","Computer Science (AI and Machine Learning)",51973,,,,,,45426,,82209,,63272,
2022,R2,E257,"CMR University CHAGALATTI, BANGALORE","Computer Science and Engineering",37052,,,,40793,,33897,,37606,,40787,
2022,R2,E257,"CMR University CHAGALATTI, BANGALORE","Computer Science and Engineering - Data Science",,,,,,,39703,,54650,,51817,
2022,R2,E257,"CMR University CHAGALATTI, BANGALORE","Information Technology",52899,,,,,,51939,,,,56075,
2022,R2,E258,"Maharaja Institute of Technology THANDAVAPURA, MYSORE","Artificial Intelligence and Data Science",54055,,,,,,47851,,55618,,63456,
2022,R2,E258,"Maharaja Institute of Technology THANDAVAPURA, MYSORE","Computer Science and Engineering",32312,,,,,,28342,,39972,,36486,
2022,R2,E265,"Jain College of Engineering and Technology Hubballi","Computer Science and Engineering",40922,,,,,,38354,,40594,,41979,
2022,R2,E269,"Jain College of Engineering and Research Udyambhag, Belgaum","Computer Science and Engineering",43085,,,,,,37630,,39097,,40626,
2022,R2,E272,"Government Engineering College Talakal,Koppal","Computer Science and Engineering",61831,,,,,,49605,,52694,,54691,
2022,R2,E274,"Government Engineering College Moselehosahalli,Hassan","Computer Science and Engineering",47146,,,,53707,,45845,,48015,,50086,
2022,R2,E275,"R V Institute of Technology and Management JP Nagar, Bengaluru","Computer Science and Engineering",8090,,,,,,7998,,11598,,14152,
2022,R2,E275,"R V Institute of Technology and Management JP Nagar, Bengaluru","Information Science and Engineering",10754,,,,,,10016,,18730,,17477,
2022,R2,E283,"University of Mysore Mysore","Artificial Intelligence and Data Science",55568,,,,,,52974,,,,60666,
2022,R2,E283,"University of Mysore Mysore","Artificial Intelligence and Machine Learning",57570,,,,,,48466,,88647,,59449,
2022,R2,E283,"University of Mysore Mysore","Computer Science and Design",52229,,,,,,49608,,88534,,53566,
2022,R2,E284,"Sri Jayachamarajendra College of Engineering(Const. of JSS Univ.) Mysore","Computer Science and Engineering",3639,,,,,,3313,,8168,,4619,
2022,R2,E285,"R V University Bangalore","Computer Science and Engineering",5818,,,,,,5299,,25301,,16274,
2022,R2,E286,"BGS College of Engineering and Technology Mahalakshmipuram,Bangalore","Artificial Intelligence and Data Science",52548,,,,,,51680,,103594,,83550,
2022,R2,E286,"BGS College of Engineering and Technology Mahalakshmipuram,Bangalore","Artificial Intelligence and Machine Learning",53711,,,,85594,,49859,,,,76224,
2022,R2,E286,"BGS College of Engineering and Technology Mahalakshmipuram,Bangalore","Computer Science and Engineering",28458,,,,,,26867,,44263,,35580,
2022,R2,E286,"BGS College of Engineering and Technology Mahalakshmipuram,Bangalore","Information Science and Engineering",38998,,,,,,38197,,45371,,44213,
2022,R2,E289,"Visvesvaraya Technological University - Regional Center Rajapur,Kalburgi","Computer Science and Engineering",41766,,,,,,39148,,44191,,51615,
2022,R2,E290,"Visvesvaraya Technological University - Regional Center Mysore","Computer Science and Engineering",29722,,,,,,25633,,28158,,30114,
2022,R2,E292,"Government Engineering College Bidar","Computer Science and Engineering",,,,,,,50651,,,,55762,
2022,R3,E001,"University of Visvesvaraya College of Engineering Bangalore","Artificial Intelligence and Machine Learning",9859,,,,19367,,6987,,15188,,11047,
2022,R3,E001,"University of Visvesvaraya College of Engineering Bangalore","Computer Science and Engineering",3914,,23641,,,,3018,,6496,,5480,
2022,R3,E001,"University of Visvesvaraya College of Engineering Bangalore","Information Science and Engineering",4389,,,,,,4129,,4637,,5272,
2022,R3,E002,"S K S J T Institute of Engineering. Bangalore","Computer Science and Engineering",22748,,,,,,18549,,20577,,21642,
2022,R3,E004,"Dr. Ambedkar Institute Of Technology Bangalore","Computer Science and Engineering",12155,,,,,,10547,,17499,,14138,
2022,R3,E005,"R. V. College of Engineering Bangalore","Artificial Intelligence and Machine Learning",1919,,,,,,1261,,1408,,4126,
2022,R3,E005,"R. V. College of Engineering Bangalore","Computer Science and Engineering",1650,,,,2321,,454,,1162,,1206,
2022,R3,E005,"R. V. College of Engineering Bangalore","Computer Science - Cyber Security",,,,,,,1779,,,,2924,
2022,R3,E005,"R. V. College of Engineering Bangalore","Computer Science and Engineering - Data Science",3816,,,,4120,,1062,,6833,,1817,
2022,R3,E005,"R. V. College of Engineering Bangalore","Information Science and Engineering",855,,,,,,607,,4923,,1165,
2022,R3,E006,"M S Ramaiah Institute of Technology Bangalore","Artificial Intelligence and Data Science",5665,,,,,,5341,,10151,,10865,
2022,R3,E006,"M S Ramaiah Institute of Technology Bangalore","Artificial Intelligence and Machine Learning",5538,,,,,,4818,,7556,,9976,
2022,R3,E006,"M S Ramaiah Institute of Technology Bangalore","Computer Science (AI and Machine Learning)",4595,,,,,,3239,,,,6030,
2022,R3,E006,"M S Ramaiah Institute of Technology Bangalore","Computer Science and Engineering",3618,,22366,,4687,,1735,,2651,,3681,
2022,R3,E006,"M S Ramaiah Institute of Technology Bangalore","Computer Science - Cyber Security",5293,,,,,,4300,,,,6829,
2022,R3,E006,"M S Ramaiah Institute of Technology Bangalore","Information Science and Engineering",4276,,,,5124,,3117,,6533,,4073,
2022,R3,E007,"Dayananda Sagar College of Engineering Bangalore","Artificial Intelligence and Machine Learning",,,,,,,7916,,11233,,12569,
2022,R3,E007,"Dayananda Sagar College of Engineering Bangalore","Computer Science and Design",20100,,,,,,12944,,37911,,26757,
2022,R3,E007,"Dayananda Sagar College of Engineering Bangalore","Computer Science and Engineering",6394,,12116,,9253,,4981,,9190,,8990,
2022,R3,E007,"Dayananda Sagar College of Engineering Bangalore","Computer Science - Cyber Security",12882,,,,15472,,9681,,16009,,14837,
2022,R3,E007,"Dayananda Sagar College of Engineering Bangalore","Computer Science and Engineering - Data Science",11436,,,,,,7386,,,,13906,
2022,R3,E007,"Dayananda Sagar College of Engineering Bangalore","Information Science and Engineering",9557,,,,,,7313,,10721,,11328,
2022,R3,E008,"Bangalore Institute of Technology Bangalore","Artificial Intelligence and Machine Learning",12732,,,,,,12513,,18860,,14564,
2022,R3,E008,"Bangalore Institute of Technology Bangalore","Computer Science and Engineering",7448,,,,,,6489,,8641,,10032,
2022,R3,E008,"Bangalore Institute of Technology Bangalore","Computer Science and Engineering - Data Science",10476,,,,,,9882,,,,18175,
2022,R3,E008,"Bangalore Institute of Technology Bangalore","Information Science and Engineering",9645,,,,,,9317,,11398,,12616,
2022,R3,E008,"Bangalore Institute of Technology Bangalore","Computer Science - Internet of Things",16890,,,,,,13286,,32871,,28064,
2022,R3,E008,"Bangalore Institute of Technology Bangalore","Robotics and Artificial Intelligence",26883,,,,40595,,25333,,25644,,37079,
2022,R3,E009,"P E S University (Ring Road Campus) Bangalore","Artificial Intelligence and Machine Learning",4281,,,,,,2852,,14944,,6532,
2022,R3,E009,"P E S University (Ring Road Campus) Bangalore","Computer Science and Engineering",3818,,9364,,4619,,1528,,5411,,3362,
2022,R3,E011,"M V J College of Engineering Bangalore","Artificial Intelligence and Machine Learning",39888,,,,,,39137,,65575,,44390,
2022,R3,E011,"M V J College of Engineering Bangalore","Computer Science and Design",,,,,,,41082,,,,54650,
2022,R3,E011,"M V J College of Engineering Bangalore","Computer Science and Engineering",24424,,,,29373,,23017,,27321,,29091,
2022,R3,E011,"M V J College of Engineering Bangalore","Computer Science and Engineering - Data Science",34310,,,,39559,,31406,,,,33056,
2022,R3,E011,"M V J College of Engineering Bangalore","Information Science and Engineering",29587,,,,40793,,29578,,43229,,34711,
2022,R3,E012,"Sir M.Visveswaraya Institute of Technology Hunasemaranahalli,Bangalore,","Artificial Intelligence and Machine Learning",25548,,,,,,22782,,45188,,25328,
2022,R3,E012,"Sir M.Visveswaraya Institute of Technology Hunasemaranahalli,Bangalore,","Computer Science and Engineering",13005,,,,18241,,12617,,23995,,15694,
2022,R3,E012,"Sir M.Visveswaraya Institute of Technology Hunasemaranahalli,Bangalore,","Information Science and Engineering",16058,,,,,,15172,,25970,,20959,
2022,R3,E012,"Sir M.Visveswaraya Institute of Technology Hunasemaranahalli,Bangalore,","Computer Science - Internet of Things",23667,,,,,,23263,,36071,,45518,
2022,R3,E014,"S J C Institute of Technology Chickballapur","Artificial Intelligence and Data Science",57418,,,,,,49478,,83750,,59826,
2022,R3,E014,"S J C Institute of Technology Chickballapur","Computer Science (AI and Machine Learning)",37839,,,,,,37750,,56421,,48247,
2022,R3,E014,"S J C Institute of Technology Chickballapur","Computer Science and Engineering",27787,,,,,,25140,,56756,,28640,
2022,R3,E014,"S J C Institute of Technology Chickballapur","Information Science and Engineering",38305,,,,40650,,33803,,45606,,40216,
2022,R3,E016,"Siddaganga Institute of Technology Tumkur","Artificial Intelligence and Data Science",14277,,,,,,12699,,21009,,16187,
2022,R3,E016,"Siddaganga Institute of Technology Tumkur","Computer Science (AI and Machine Learning)",11879,,,,,,11593,,15462,,22668,
2022,R3,E016,"Siddaganga Institute of Technology Tumkur","Computer Science and Engineering",8465,,,,,,6944,,8656,,8562,
2022,R3,E016,"Siddaganga Institute of Technology Tumkur","Information Science and Engineering",10024,,,,14168,,9721,,10965,,12610,
2022,R3,E017,"Sri Siddartha Institute of Technology Tumkur","Artificial Intelligence and Machine Learning",,,,,,,53178,,60474,,59312,
2022,R3,E017,"Sri Siddartha Institute of Technology Tumkur","Computer Science and Engineering",28832,,,,,,28523,,38651,,40054,
2022,R3,E017,"Sri Siddartha Institute of Technology Tumkur","Computer Science and Engineering - Data Science",,,,,,,40946,,,,56896,
2022,R3,E017,"Sri Siddartha Institute of Technology Tumkur","Information Science and Engineering",56887,,,,,,40850,,47440,,50483,
2022,R3,E018,"Kalpatharu Institute of Technology Tiptur","Computer Science and Engineering",52232,,,,,,42680,,65517,,44765,
2022,R3,E018,"Kalpatharu Institute of Technology Tiptur","Information Science and Engineering",60021,,,,149190,,56578,,59589,,95710,
2022,R3,E021,"Sri Jayachamarajendra College of Engineering(Const. of JSS Univ.) Mysore","Computer Science and Engineering",2330,,,,,,1881,,3058,,4312,
2022,R3,E028,"Tontadarya College of Engineering Gadag","Computer Science and Engineering",76079,,,,,,57921,,62034,,67331,
2022,R3,E031,"Basaveshwara Engineering College Bagalkot","Computer Science and Engineering",29112,,,,,,16310,,17134,,19523,
2022,R3,E034,"Sri Dharmasthala Manjunatheswara College of Engineering Dharwad","Artificial Intelligence and Machine Learning",25961,,,,,,21810,,25420,,25102,
2022,R3,E034,"Sri Dharmasthala Manjunatheswara College of Engineering Dharwad","Computer Science and Engineering",18409,,,,,,11242,,11389,,13901,
2022,R3,E034,"Sri Dharmasthala Manjunatheswara College of Engineering Dharwad","Information Science and Engineering",25358,,,,,,13042,,14067,,15810,
2022,R3,E036,"KLE Technological University(Formerly KLE Dr.MS Sheshagiri Col.) Belgaum","Computer Science (Artificial Intelligence)",38724,,,,,,24851,,,,37310,
2022,R3,E036,"KLE Technological University(Formerly KLE Dr.MS Sheshagiri Col.) Belgaum","Computer Science and Engineering",28449,,,,32475,,17767,,18095,,20184,
2022,R3,E037,"K.L.S. Gogte Institute of Technology Belgaum","Computer Science and Engineering",18785,,,,18878,,9839,,10842,,14893,
2022,R3,E037,"K.L.S. Gogte Institute of Technology Belgaum","Information Science and Engineering",15746,,,,,,13446,,,,18735,
2022,R3,E038,"B L D E As V.P. Dr. P. G. Hallakatti College of Engg. and Tech. vijayapur","Computer Science (AI and Machine Learning)",43330,,,,,,42590,,49467,,74659,
2022,R3,E038,"B L D E As V.P. Dr. P. G. Hallakatti College of Engg. and Tech. vijayapur","Computer Science and Engineering",41917,,,,42521,,30813,,33133,,35269,
2022,R3,E038,"B L D E As V.P. Dr. P. G. Hallakatti College of Engg. and Tech. vijayapur","Information Science and Engineering",51463,,,,62402,,42848,,,,48025,
2022,R3,E040,"Hira Sugar Institute of Technology Belagavi District,","Computer Science and Engineering",89342,,,,113849,,51255,,51336,,54587,
2022,R3,E042,"Khaja Banda Nawaz University Kalburgi","Computer Science and Engineering",,,,,,,55211,,72005,,142313,
2022,R3,E043,"Gurunanak Dev Engineering College Bidar","Computer Science and Engineering",53511,,,,,,36119,,,,39955,
2022,R3,E043,"Gurunanak Dev Engineering College Bidar","Information Science and Engineering",,,,,,,57637,,,,60281,
2022,R3,E044,"Bheemanna Khandre Institute of Technology Bhalki","Computer Science and Engineering",,,,,,,38442,,,,51707,
2022,R3,E045,"Rao Bahadur Y.Mahabaleswarappa Engineering College Bellari","Computer Science and Engineering",55122,,,,,,46494,,61448,,61216,
2022,R3,E046,"H K Es S L N College of Engineering Raichur","Computer Science and Engineering",,,,,,,57757,,80759,,81270,
2022,R3,E047,"Malnad College of Engineering Hassan","Computer Science (AI and Machine Learning)",,,,,,,17528,,40943,,19693,
2022,R3,E047,"Malnad College of Engineering Hassan","Computer Science and Engineering",14855,,,,,,13640,,22051,,18099,
2022,R3,E047,"Malnad College of Engineering Hassan","Information Science and Engineering",22240,,,,,,21033,,30382,,29672,
2022,R3,E048,"B M S College of Engineering Basavanagudi,Bangalore","Artificial Intelligence and Data Science",3864,,,,,,3633,,9510,,4996,
2022,R3,E048,"B M S College of Engineering Basavanagudi,Bangalore","Artificial Intelligence and Machine Learning",4042,,,,7885,,3251,,9524,,5996,
2022,R3,E048,"B M S College of Engineering Basavanagudi,Bangalore","Computer Science and Engineering",2418,,,,3269,,1197,,2414,,2226,
2022,R3,E048,"B M S College of Engineering Basavanagudi,Bangalore","Computer Science and Engineering - Data Science",,,27113,,,,1955,,,,7808,
2022,R3,E048,"B M S College of Engineering Basavanagudi,Bangalore","Information Science and Engineering",3112,,,,,,2307,,4383,,5126,
2022,R3,E048,"B M S College of Engineering Basavanagudi,Bangalore","Computer Science - Internet of Things",,,,,15915,,3330,,10771,,11082,
2022,R3,E049,"Basaveshwara Engineering College Bagalkot","Artificial Intelligence and Machine Learning",39991,,,,,,35305,,37168,,47070,
2022,R3,E049,"Basaveshwara Engineering College Bagalkot","Computer Science and Engineering",27600,,,,,,20717,,,,28817,
2022,R3,E049,"Basaveshwara Engineering College Bagalkot","Information Science and Engineering",31179,,,,47226,,30399,,31946,,39818,
2022,R3,E057,"JSS Science and Technology University(Formerly SJCE) Mysore","Computer Science and Engineering",4587,,,,5483,,3674,,8658,,5350,
2022,R3,E057,"JSS Science and Technology University(Formerly SJCE) Mysore","Information Science and Engineering",6842,,,,,,5716,,7759,,8135,
2022,R3,E058,"P E S College of Engineering Mandya","Computer Science (AI and Machine Learning)",26934,,,,,,24312,,,,24843,
2022,R3,E058,"P E S College of Engineering Mandya","Computer Science and Engineering",18002,,,,,,16523,,23726,,17734,
2022,R3,E058,"P E S College of Engineering Mandya","Information Science and Engineering",20784,,,,,,20299,,25453,,21955,
2022,R3,E059,"P D A College of Engineering Gulbarga","Artificial Intelligence and Machine Learning",,,,,,,42912,,53286,,53645,
2022,R3,E059,"P D A College of Engineering Gulbarga","Computer Science and Design",74572,,,,,,38478,,,,,
2022,R3,E059,"P D A College of Engineering Gulbarga","Computer Science and Engineering",25685,,,,,,22061,,,,23708,
2022,R3,E059,"P D A College of Engineering Gulbarga","Information Science and Engineering",,,,,,,36532,,,,49218,
2022,R3,E060,"Dr. Ambedkar Institute Of Technology Jnanabharathi Campus,Bangalore","Artificial Intelligence and Machine Learning",27404,,,,,,22112,,36481,,26045,
2022,R3,E060,"Dr. Ambedkar Institute Of Technology Jnanabharathi Campus,Bangalore","Computer Science and Engineering",17742,,,,,,16074,,19476,,20917,
2022,R3,E060,"Dr. Ambedkar Institute Of Technology Jnanabharathi Campus,Bangalore","Information Science and Engineering",18083,,,,,,17300,,34227,,25251,
2022,R3,E061,"University B.D.T. college of Engineering Davangere","Computer Science and Engineering",30473,,,,,,16017,,21935,,17832,
2022,R3,E062,"Bapuji Institute of Engineering and Technology Davangere","Artificial Intelligence and Machine Learning",40728,,,,,,40647,,42901,,49381,
2022,R3,E062,"Bapuji Institute of Engineering and Technology Davangere","Computer Science and Design",86504,,,,,,51482,,,,72520,
2022,R3,E062,"Bapuji Institute of Engineering and Technology Davangere","Computer Science and Engineering",20027,,,,,,16161,,19235,,27186,
2022,R3,E062,"Bapuji Institute of Engineering and Technology Davangere","Computer Science and Engineering - Data Science",92793,,,,,,37853,,,,38400,
2022,R3,E062,"Bapuji Institute of Engineering and Technology Davangere","Information Science and Engineering",33627,,,,45781,,30992,,32415,,41033,
2022,R3,E063,"Sri Jagadguru Murugharajendra University (Formerly SJMIT) Chitradurga","Computer Science and Engineering",81281,,,,,,59929,,72674,,71570,
2022,R3,E064,"Adhichunchanagiri Institute of Technology Chickmagalur","Artificial Intelligence and Machine Learning",51341,,,,,,47836,,62780,,72691,
2022,R3,E064,"Adhichunchanagiri Institute of Technology Chickmagalur","Computer Science and Engineering",33959,,,,,,29410,,32226,,31155,
2022,R3,E064,"Adhichunchanagiri Institute of Technology Chickmagalur","Computer Science and Engineering - Data Science",62335,,,,,,51188,,54752,,51592,
2022,R3,E064,"Adhichunchanagiri Institute of Technology Chickmagalur","Information Science and Engineering",39814,,,,,,36169,,100047,,38967,
2022,R3,E065,"Jawaharlal Nehru National College of Engineering Shimoga","Artificial Intelligence and Machine Learning",36743,,,,,,34652,,42472,,37129,
2022,R3,E065,"Jawaharlal Nehru National College of Engineering Shimoga","Computer Science and Engineering",18069,,,,45912,,16556,,23557,,20680,
2022,R3,E065,"Jawaharlal Nehru National College of Engineering Shimoga","Information Science and Engineering",31566,,,,,,27480,,63071,,31758,
2022,R3,E071,"Vidya Vardhaka College of Engineering Mysuru","Computer Science (AI and Machine Learning)",21485,,,,34505,,17817,,35547,,28662,
2022,R3,E071,"Vidya Vardhaka College of Engineering Mysuru","Computer Science and Engineering",12956,,,,,,12313,,20606,,17500,
2022,R3,E071,"Vidya Vardhaka College of Engineering Mysuru","Information Science and Engineering",18604,,,,21078,,16755,,26855,,19079,
2022,R3,E075,"Ballari Institute of Technology and Management Near Allipur Bellary","Artificial Intelligence and Machine Learning",64065,,,,,,48042,,67691,,50285,
2022,R3,E075,"Ballari Institute of Technology and Management Near Allipur Bellary","Computer Science (Artificial Intelligence)",,,,,,,35419,,,,58647,
2022,R3,E075,"Ballari Institute of Technology and Management Near Allipur Bellary","Computer Science and Engineering",25722,,,,,,21734,,24202,,34586,
2022,R3,E075,"Ballari Institute of Technology and Management Near Allipur Bellary","Computer Science and Engineering - Data Science",49217,,,,,,33925,,,,,
2022,R3,E077,"Vidya Vikas Institute of Engineering and Technology Mysuru","Computer Science and Engineering",32013,,,,,,29619,,30677,,31244,
2022,R3,E077,"Vidya Vikas Institute of Engineering and Technology Mysuru","Information Science and Engineering",41281,,,,58461,,39880,,56068,,47969,
2022,R3,E078,"The Oxford College of Engineering Bangalore","Artificial Intelligence and Machine Learning",54300,,,,,,51464,,92102,,60410,
2022,R3,E078,"The Oxford College of Engineering Bangalore","Computer Science and Engineering",32402,,,,,,30919,,34266,,41901,
2022,R3,E078,"The Oxford College of Engineering Bangalore","Information Science and Engineering",44842,,,,,,44637,,77570,,49037,
2022,R3,E079,"Acharya Institute of Technology Bangalore","Artificial Intelligence and Machine Learning",35091,,,,,,35027,,40256,,44612,
2022,R3,E079,"Acharya Institute of Technology Bangalore","Computer Science and Engineering",20657,,,,28772,,19124,,20665,,27312,
2022,R3,E079,"Acharya Institute of Technology Bangalore","Computer Science and Engineering - Data Science",35919,,,,,,35299,,,,52020,
2022,R3,E079,"Acharya Institute of Technology Bangalore","Information Science and Engineering",24371,,,,,,23894,,40631,,38054,
2022,R3,E082,"J S S Academy of Technical Education Bangalore","Computer Science (AI and Machine Learning)",25643,,,,,,24293,,41174,,35697,
2022,R3,E082,"J S S Academy of Technical Education Bangalore","Computer Science and Engineering",17102,,21061,,22046,,13949,,15765,,18254,
2022,R3,E082,"J S S Academy of Technical Education Bangalore","Information Science and Engineering",22155,,,,,,20218,,27056,,28869,
2022,R3,E083,"H.K.B.K.College of Engineering Bangalore","Computer Science and Engineering",55126,,,,,,46921,,48128,,54306,
2022,R3,E085,"APS College of Engineering Somanahalli, Bangalore","Computer Science and Engineering",51274,,,,,,42727,,82795,,56114,
2022,R3,E086,"Sri Sairam College of Engineering(Formerly Shirdi Sai Engg) Anekal,Bangalore","Computer Science and Engineering",68364,,,,,,53164,,55057,,65970,
2022,R3,E087,"Vivekananada Institute of Technology Bangalore","Computer Science and Engineering",55549,,,,,,52642,,75089,,63718,
2022,R3,E088,"Bangalore College of Engineering and Technology Chandapura, Bangalore","Computer Science and Engineering",55139,,,,,,51771,,,,53846,
2022,R3,E091,"K S Institute of Technology Bangalore","Artificial Intelligence and Machine Learning",57475,,,,,,51783,,54705,,82879,
2022,R3,E091,"K S Institute of Technology Bangalore","Computer Science and Design",68805,,,,,,54028,,110153,,93788,
2022,R3,E091,"K S Institute of Technology Bangalore","Computer Science and Engineering",35405,,,,,,28065,,35130,,44857,
2022,R3,E092,"Vemana Institute of Technology Bangalore","Computer Science and Engineering",44198,,,,,,41816,,50416,,77385,
2022,R3,E092,"Vemana Institute of Technology Bangalore","Information Science and Engineering",55647,,,,102440,,55288,,173168,,84066,
2022,R3,E094,"Coorg Institute of Technology Kodagu","Computer Science and Engineering",73956,,,,,,58303,,,,69081,
2022,R3,E095,"AMC Engineering College Bangalore","Artificial Intelligence and Machine Learning",57456,,,,,,55389,,,,70245,
2022,R3,E095,"AMC Engineering College Bangalore","Computer Science (AI and Machine Learning)",61461,,87234,,,,55391,,66987,,85503,
2022,R3,E095,"AMC Engineering College Bangalore","Computer Science and Engineering",37160,,,,48271,,35120,,45712,,46554,
2022,R3,E095,"AMC Engineering College Bangalore","Computer Science and Engineering - Data Science",63622,,,,,,57691,,75404,,70762,
2022,R3,E095,"AMC Engineering College Bangalore","Information Science and Engineering",49070,,,,,,47987,,62504,,60669,
2022,R3,E096,"East Point College of Engineering and Technology Bangalore","Computer Science and Engineering",49678,,,,,,41286,,44950,,46549,
2022,R3,E096,"East Point College of Engineering and Technology Bangalore","Information Science and Engineering",58416,,,,,,57523,,59602,,78869,
2022,R3,E097,"C M R Institute of Technology Bangalore","Artificial Intelligence and Data Science",36069,,,,46421,,35657,,44681,,44574,
2022,R3,E097,"C M R Institute of Technology Bangalore","Artificial Intelligence and Machine Learning",34893,,,,,,29679,,46941,,37514,
2022,R3,E097,"C M R Institute of Technology Bangalore","Computer Science (AI and Machine Learning)",26445,,,,,,17165,,38159,,41156,
2022,R3,E097,"C M R Institute of Technology Bangalore","Computer Science and Engineering",14714,,23420,,19848,,13766,,19708,,19505,
2022,R3,E097,"C M R Institute of Technology Bangalore","Computer Science and Engineering - Data Science",30766,,,,,,19294,,33644,,33066,
2022,R3,E097,"C M R Institute of Technology Bangalore","Information Science and Engineering",22478,,,,,,19852,,32523,,25776,
2022,R3,E098,"Atria Institute of Technology Bangalore","Computer Science and Engineering",31943,,,,,,29040,,37281,,37337,
2022,R3,E098,"Atria Institute of Technology Bangalore","Computer Science and Engineering - Data Science",45426,,,,,,45363,,,,94481,
2022,R3,E098,"Atria Institute of Technology Bangalore","Information Science and Engineering",43190,,73076,,,,42760,,63035,,58719,
2022,R3,E099,"New Horizon College of Engineering Bangalore","Artificial Intelligence and Machine Learning",26354,,,,,,24203,,27410,,30411,
2022,R3,E099,"New Horizon College of Engineering Bangalore","Computer Engineering",32947,,,,,,25523,,42166,,38485,
2022,R3,E099,"New Horizon College of Engineering Bangalore","Computer Science and Engineering",13050,,,,17710,,11020,,12716,,16214,
2022,R3,E099,"New Horizon College of Engineering Bangalore","Computer Science and Engineering - Data Science",19343,,,,,,16280,,23347,,32904,
2022,R3,E099,"New Horizon College of Engineering Bangalore","Information Science and Engineering",14017,,,,,,13574,,21075,,20937,
2022,R3,E101,"Channabasaveshwara Institute of Technology Gubbi, Tumkur","Computer Science and Engineering",38365,,,,,,37340,,43127,,43047,
2022,R3,E101,"Channabasaveshwara Institute of Technology Gubbi, Tumkur","Information Science and Engineering",57827,,,,,,52129,,,,54652,
2022,R3,E102,"DONBOSCO Institute of Technology Bangalore","Computer Science and Engineering",31413,,,,,,28543,,36987,,39210,
2022,R3,E102,"DONBOSCO Institute of Technology Bangalore","Information Science and Engineering",45874,,,,,,43201,,56249,,57175,
2022,R3,E103,"Global Academy of Technology Bangalore","Artificial Intelligence and Data Science",41175,,,,,,36708,,51740,,52785,
2022,R3,E103,"Global Academy of Technology Bangalore","Artificial Intelligence and Machine Learning",38483,,,,,,35860,,,,60398,
2022,R3,E103,"Global Academy of Technology Bangalore","Computer Science (AI and Machine Learning)",33309,,,,,,31751,,,,54009,
2022,R3,E103,"Global Academy of Technology Bangalore","Computer Science and Engineering",23199,,,,34054,,20084,,38374,,31481,
2022,R3,E103,"Global Academy of Technology Bangalore","Information Science and Engineering",29719,,,,,,28631,,41378,,43334,
2022,R3,E104,"Nagarjuna College of Engineering and Technology Bangalore (R)","Computer Science and Engineering",51623,,,,,,45746,,48509,,56518,
2022,R3,E104,"Nagarjuna College of Engineering and Technology Bangalore (R)","Information Science and Engineering",62533,,,,74945,,57046,,84457,,60816,
2022,R3,E105,"Nitte Meenakshi Institutute of Technology Bangalore","Artificial Intelligence and Data Science",14952,,,,,,14351,,16386,,18171,
2022,R3,E105,"Nitte Meenakshi Institutute of Technology Bangalore","Artificial Intelligence and Machine Learning",18420,,,,,,16543,,,,24452,
2022,R3,E105,"Nitte Meenakshi Institutute of Technology Bangalore","Computer Science and Engineering",10815,,,,16940,,9514,,15063,,12953,
2022,R3,E105,"Nitte Meenakshi Institutute of Technology Bangalore","Information Science and Engineering",14240,,,,19468,,12221,,16281,,14326,
2022,R3,E106,"East West Institute of Technology Bangalore","Computer Science and Engineering",40076,,,,,,39712,,62106,,70863,
2022,R3,E106,"East West Institute of Technology Bangalore","Information Science and Engineering",56548,,,,,,55036,,112142,,88189,
2022,R3,E107,"B N M Institute of Technology Bangalore","Artificial Intelligence and Machine Learning",25356,,,,,,21793,,29228,,24557,
2022,R3,E107,"B N M Institute of Technology Bangalore","Computer Science and Engineering",12664,,,,,,11573,,22882,,15717,
2022,R3,E107,"B N M Institute of Technology Bangalore","Information Science and Engineering",13610,,,,,,12838,,24782,,21787,
2022,R3,E108,"Sapthagiri College of Engineering Bangalore","Computer Science and Engineering",28091,,,,,,27424,,27661,,39262,
2022,R3,E108,"Sapthagiri College of Engineering Bangalore","Information Science and Engineering",35795,,,,,,34277,,56782,,47030,
2022,R3,E111,"Sri Venkateshwara College of Engineering Bettahalsur(P), Bangalore","Computer Science and Engineering",44876,,,,61705,,43122,,61953,,51817,
2022,R3,E111,"Sri Venkateshwara College of Engineering Bettahalsur(P), Bangalore","Information Science and Engineering",48250,,,,,,47942,,65915,,67444,
2022,R3,E114,"G M Institute of Technology Davanagere","Artificial Intelligence and Machine Learning",70458,,,,,,49542,,53445,,69448,
2022,R3,E114,"G M Institute of Technology Davanagere","Computer Science and Engineering",39499,,,,,,23393,,29376,,30243,
2022,R3,E114,"G M Institute of Technology Davanagere","Information Science and Engineering",36482,,,,,,33874,,38503,,36970,
2022,R3,E115,"S J B Institute of Technology Kengeri,Bangalore","Artificial Intelligence and Machine Learning",35232,,,,54906,,33531,,61194,,38561,
2022,R3,E115,"S J B Institute of Technology Kengeri,Bangalore","Computer Science and Engineering",21362,,,,,,17468,,31617,,21236,
2022,R3,E115,"S J B Institute of Technology Kengeri,Bangalore","Computer Science and Engineering - Data Science",36220,,,,,,31108,,,,53436,
2022,R3,E115,"S J B Institute of Technology Kengeri,Bangalore","Information Science and Engineering",26251,,,,,,25972,,58621,,35580,
2022,R3,E118,"RNS Institute of Technology Bangalore","Artificial Intelligence and Data Science",27387,,,,,,20544,,32747,,33981,
2022,R3,E118,"RNS Institute of Technology Bangalore","Artificial Intelligence and Machine Learning",24664,,,,38108,,20553,,37314,,33452,
2022,R3,E118,"RNS Institute of Technology Bangalore","Computer Science and Engineering",10398,,,,,,9333,,15779,,15428,
2022,R3,E118,"RNS Institute of Technology Bangalore","Computer Science - Cyber Security",21857,,47069,,,,18270,,,,44302,
2022,R3,E118,"RNS Institute of Technology Bangalore","Computer Science and Engineering - Data Science",18340,,,,43740,,16259,,30876,,25394,
2022,R3,E118,"RNS Institute of Technology Bangalore","Information Science and Engineering",14122,,,,,,12679,,22280,,17352,
2022,R3,E121,"Vivekananada College of Engineering Technology D K DIST","Computer Science and Engineering",52023,,,,67616,,40060,,40879,,44218,
2022,R3,E121,"Vivekananada College of Engineering Technology D K DIST","Computer Science and Engineering - Data Science",62372,,,,,,59317,,,,86203,
2022,R3,E123,"Canara Engineering College Bantwal DK DIST","Artificial Intelligence and Machine Learning",62641,,90875,,,,59789,,73239,,74754,
2022,R3,E123,"Canara Engineering College Bantwal DK DIST","Computer Science and Engineering",43561,,,,54462,,36419,,48015,,41667,
2022,R3,E123,"Canara Engineering College Bantwal DK DIST","Information Science and Engineering",44270,,,,,,42359,,43897,,48813,
2022,R3,E126,"B M S Institute of Technology and Management Yelahanka, Bangalore","Artificial Intelligence and Machine Learning",10801,,,,,,10322,,24084,,19576,
2022,R3,E126,"B M S Institute of Technology and Management Yelahanka, Bangalore","Computer Science and Engineering",6242,,,,15286,,5440,,12137,,9713,
2022,R3,E126,"B M S Institute of Technology and Management Yelahanka, Bangalore","Information Science and Engineering",12061,,,,16243,,8616,,15602,,12887,
2022,R3,E128,"Sharnbasva University(Formerly Appa Inst. of Tech.) Brahmpur, Kalaburagi","Artificial Intelligence and Data Science",,,,,,,50813,,,,93327,
2022,R3,E128,"Sharnbasva University(Formerly Appa Inst. of Tech.) Brahmpur, Kalaburagi","Computer Science and Engineering",50163,,,,93469,,33935,,42872,,42188,
2022,R3,E129,"St. Joseph Engineering College Mangalore","Artificial Intelligence and Machine Learning",31329,,,,,,21949,,26469,,27216,
2022,R3,E129,"St. Joseph Engineering College Mangalore","Computer Science and Engineering",24118,,,,,,17793,,22818,,22898,
2022,R3,E129,"St. Joseph Engineering College Mangalore","Computer Science and Engineering - Data Science",26013,,,,,,23432,,,,34246,
2022,R3,E132,"Secab Institute of Engineering and Technology Bijapur","Computer Science and Engineering",83208,,,,,,58392,,89847,,96835,
2022,R3,E133,"G S S S Institute of Engineering and Technology for Women Mysore","Artificial Intelligence and Data Science",36547,,,,,,35321,,58453,,61666,
2022,R3,E133,"G S S S Institute of Engineering and Technology for Women Mysore","Computer Science (AI and Machine Learning)",30254,,,,,,29530,,,,41614,
2022,R3,E133,"G S S S Institute of Engineering and Technology for Women Mysore","Computer Science and Engineering",23841,,,,34944,,19352,,20725,,22148,
2022,R3,E133,"G S S S Institute of Engineering and Technology for Women Mysore","Information Science and Engineering",33118,,,,,,25545,,32564,,41500,
2022,R3,E134,"Smt. Kamala and Sri Venkappa M.Agadi College of Engg. and Tech. Laxmeshwara-Tq, Gadag Dt.","Computer Science and Engineering",47716,,,,,,41271,,42134,,45947,
2022,R3,E134,"Smt. Kamala and Sri Venkappa M.Agadi College of Engg. and Tech. Laxmeshwara-Tq, Gadag Dt.","Information Science and Engineering",,,,,,,57869,,83404,,103925,
2022,R3,E135,"K L S Viswanathrao Deshpande Institute of Technology Haliyal, Uttara Kannada -Dist","Computer Science (AI and Machine Learning)",75204,,,,,,57302,,91823,,76296,
2022,R3,E135,"K L S Viswanathrao Deshpande Institute of Technology Haliyal, Uttara Kannada -Dist","Computer Science and Engineering",72287,,,,,,37976,,39038,,46282,
2022,R3,E141,"P E S University (Electronic City Campus) Bangalore","Computer Science and Engineering",8685,,20201,,14131,,5612,,14747,,11729,
2022,R3,E142,"Adichunchanagiri University(Formerly BGSIT) Nagamangala Taluk,Mandya Dist.","Computer Science and Engineering",37295,,,,19258,,34194,,35137,,36810,
2022,R3,E142,"Adichunchanagiri University(Formerly BGSIT) Nagamangala Taluk,Mandya Dist.","Information Science and Engineering",,,,,,,41594,,,,44398,
2022,R3,E144,"Srinivas Institute of Technology Mangalore.","Computer Science and Engineering",66733,,,,,,49309,,49781,,53033,
2022,R3,E145,"Rajarajeswari College of Engineering Kumbalagodu,Bangalore","Computer Science and Engineering",36279,,,,,,34674,,41771,,47552,
2022,R3,E145,"Rajarajeswari College of Engineering Kumbalagodu,Bangalore","Information Science and Engineering",47362,,,,,,46072,,63273,,47784,
2022,R3,E147,"T.John Engineering College Bangalore","Computer Science and Engineering",59519,,,,,,57444,,89433,,73582,
2022,R3,E149,"Cambridge Institutute of Technology Bangalore","Artificial Intelligence and Machine Learning",45820,,,,53586,,40567,,66779,,42343,
2022,R3,E149,"Cambridge Institutute of Technology Bangalore","Computer Science and Engineering",29554,,,,,,25216,,32497,,26439,
2022,R3,E149,"Cambridge Institutute of Technology Bangalore","Information Science and Engineering",35929,,,,,,35312,,63693,,42001,
2022,R3,E150,"P E S Institute of Technology and Management Shivamogga","Computer Science and Engineering",42729,,,,59949,,33275,,51979,,34706,
2022,R3,E150,"P E S Institute of Technology and Management Shivamogga","Computer Science and Engineering - Data Science",67546,,,,,,55988,,68874,,100446,
2022,R3,E150,"P E S Institute of Technology and Management Shivamogga","Information Science and Engineering",54435,,74299,,,,47881,,,,49802,
2022,R3,E151,"Mangalore Institute of Technology and Engineering Mangalore Tq,D.K","Artificial Intelligence and Machine Learning",44207,,,,62422,,37408,,,,40078,
2022,R3,E151,"Mangalore Institute of Technology and Engineering Mangalore Tq,D.K","Computer Science (AI and Machine Learning)",,,,,,,38417,,41989,,43977,
2022,R3,E151,"Mangalore Institute of Technology and Engineering Mangalore Tq,D.K","Computer Science and Engineering",29151,,,,29656,,22895,,24195,,26522,
2022,R3,E151,"Mangalore Institute of Technology and Engineering Mangalore Tq,D.K","Information Science and Engineering",34971,,,,,,31944,,,,34160,
2022,R3,E151,"Mangalore Institute of Technology and Engineering Mangalore Tq,D.K","Computer Science - Internet of Things",57274,,,,,,48610,,,,49590,
2022,R3,E152,"S D M Institute of Tech. Ujire,Dakshina Kannada","Computer Science and Engineering",48312,,,,,,34828,,38195,,44003,
2022,R3,E152,"S D M Institute of Tech. Ujire,Dakshina Kannada","Information Science and Engineering",64869,,,,66421,,51688,,,,53894,
2022,R3,E155,"Government Engineering College Hassan","Computer Science and Engineering",27782,,,,27898,,23277,,26229,,27030,
2022,R3,E156,"Government Engineering College K R Pet, Mandya DT.","Computer Science and Engineering",60023,,,,61103,,45845,,52416,,58062,
2022,R3,E157,"Government Engineering College Ramanagara","Computer Science and Engineering",59031,,,,64897,,51567,,52314,,61855,
2022,R3,E158,"Maharaja Institute of Technology-Mysore Belawadi, Mandya Dist","Computer Science (Artificial Intelligence)",46137,,,,,,42136,,49534,,47538,
2022,R3,E158,"Maharaja Institute of Technology-Mysore Belawadi, Mandya Dist","Computer Science and Engineering",29851,,,,36486,,29809,,38064,,34681,
2022,R3,E158,"Maharaja Institute of Technology-Mysore Belawadi, Mandya Dist","Computer Science and Engineering - Data Science",44095,,,,,,44065,,,,57618,
2022,R3,E158,"Maharaja Institute of Technology-Mysore Belawadi, Mandya Dist","Information Science and Engineering",41391,,,,,,37856,,47589,,50260,
2022,R3,E160,"Sahyadri College of Engg. and Management Mangalore","Computer Science (AI and Machine Learning)",26102,,,,,,24793,,44221,,27373,
2022,R3,E160,"Sahyadri College of Engg. and Management Mangalore","Computer Science and Engineering",23071,,69614,,28414,,13313,,15264,,18754,
2022,R3,E160,"Sahyadri College of Engg. and Management Mangalore","Computer Science and Engineering - Data Science",26510,,,,,,26050,,35812,,33698,
2022,R3,E160,"Sahyadri College of Engg. and Management Mangalore","Information Science and Engineering",25498,,,,,,21709,,21844,,38033,
2022,R3,E161,"Government Engineering College Kushalnagar,Kodagu Dist","Computer Science and Engineering",58153,,,,62623,,50951,,51155,,60127,
2022,R3,E162,"Government Engineering College Raichur","Computer Science and Engineering",77797,,,,,,49247,,63524,,64262,
2022,R3,E163,"Government Engineering College Devagiri,Haveri","Computer Science and Engineering",60082,,,,60337,,44233,,45941,,46616,
2022,R3,E166,"K L E Institute of Technology Hubli","Computer Science and Engineering",32712,,,,,,23454,,26448,,32051,
2022,R3,E167,"K L E Ss K L E College of Engineering and Technology Chikkodi, Belgaum Dist.","Computer Science and Engineering",46091,,,,,,36032,,37322,,43442,
2022,R3,E169,"Alva`s Institute of Engineering and Technology Moodabidri,","Computer Science and Engineering",45323,,,,50352,,39538,,43109,,46050,
2022,R3,E169,"Alva`s Institute of Engineering and Technology Moodabidri,","Computer Science and Engineering - Data Science",59713,,,,132511,,55246,,56112,,59501,
2022,R3,E169,"Alva`s Institute of Engineering and Technology Moodabidri,","Information Science and Engineering",69694,,,,,,52579,,56448,,60099,
2022,R3,E172,"R.R.Institute of Technology Chikkabanavara, Bangalore","Computer Science and Engineering",57680,,,,,,56175,,92874,,79671,
2022,R3,E173,"Sai Vidya Institute of Technology Bangalore","Computer Science and Engineering",36233,,,,48456,,31504,,37937,,39381,
2022,R3,E173,"Sai Vidya Institute of Technology Bangalore","Computer Science and Engineering - Data Science",59357,,,,,,58939,,98103,,114826,
2022,R3,E173,"Sai Vidya Institute of Technology Bangalore","Information Science and Engineering",52185,,,,,,48681,,66649,,66876,
2022,R3,E175,"S.G.Balekundri Institute of Technology Belgaum","Computer Science and Engineering",71805,,,,,,48387,,50130,,59529,
2022,R3,E176,"Navodaya Institute of Technology Raihcur","Computer Science and Engineering",113767,,,,,,54657,,69293,,92668,
2022,R3,E177,"Rajeev Institute of Technology Hassan","Computer Science and Engineering",55615,,,,,,48716,,54186,,70369,
2022,R3,E178,"The National Institute of Engineering(NORTH CAMPUS) Mysore","Computer Science (AI and Machine Learning)",12951,,,,,,9506,,13379,,16613,
2022,R3,E178,"The National Institute of Engineering(NORTH CAMPUS) Mysore","Computer Science and Engineering",8090,,19971,,9887,,7360,,10592,,9864,
2022,R3,E178,"The National Institute of Engineering(NORTH CAMPUS) Mysore","Information Science and Engineering",12001,,,,16223,,10131,,16236,,15189,
2022,R3,E185,"Angadi Institute of Technology and Management Belgaum","Computer Science and Engineering",79335,,,,,,47677,,49230,,52382,
2022,R3,E186,"ACS College of Engineering Kengeri Hobli,Bangalore","Computer Science and Engineering",55109,,,,76357,,48321,,72463,,70723,
2022,R3,E189,"Navkis College of Engineering (Formerly NDRKIT) Kandali, Hassan","Computer Science and Engineering",56936,,,,,,54292,,58442,,60100,
2022,R3,E194,"Government Engineering College KARWAR","Computer Science and Engineering",62461,,,,66882,,54496,,60238,,63001,
2022,R3,E196,"Jain College of Engineering Machche,Belgaum","Computer Science and Engineering",34146,,,,75137,,32342,,34602,,35206,
2022,R3,E198,"Sharnbasva University College for Women(Formerly Godutai) Gulbarga","Computer Science and Engineering",71699,,,,,,43374,,,,59101,
2022,R3,E201,"Gopalan College of Engineering and Management White Field, Bangalore","Computer Science and Engineering",50085,,,,,,45865,,113248,,57137,
2022,R3,E203,"K.S. School of Engineering And Management Mallasandra, Bangalore","Computer Science and Engineering",57599,,,,,,54720,,62063,,65845,
2022,R3,E205,"ATME College of Engineering Varun hobli,Mysore","Computer Science (AI and Machine Learning)",51826,,,,,,48670,,73642,,67181,
2022,R3,E205,"ATME College of Engineering Varun hobli,Mysore","Computer Science and Engineering",40757,,,,,,39589,,39927,,43647,
2022,R3,E205,"ATME College of Engineering Varun hobli,Mysore","Computer Science and Engineering - Data Science",58811,,,,,,57344,,138650,,69170,
2022,R3,E206,"Shri Madhwa Vadiraja Institute of Technology and Management Udupi Dist","Artificial Intelligence and Data Science",,,,,,,47332,,62867,,49401,
2022,R3,E206,"Shri Madhwa Vadiraja Institute of Technology and Management Udupi Dist","Artificial Intelligence and Machine Learning",73860,,,,,,57177,,,,66591,
2022,R3,E206,"Shri Madhwa Vadiraja Institute of Technology and Management Udupi Dist","Computer Science and Engineering",78039,,,,,,34428,,38479,,47511,
2022,R3,E209,"Jyothi Institute of Technology Bangalore","Computer Science and Engineering",47385,,,,,,40140,,56777,,57918,
2022,R3,E209,"Jyothi Institute of Technology Bangalore","Information Science and Engineering",61337,,,,,,55832,,,,89373,
2022,R3,E211,"Jain Institute of Technology Cross,Davanagere","Computer Science and Engineering",53367,,,,,,52927,,53483,,64829,
2022,R3,E212,"Dayananda Sagar Academy of Technology Kanakapur Main Road Bangalore","Computer Science (AI and Machine Learning)",28059,,,,,,26820,,,,36517,
2022,R3,E212,"Dayananda Sagar Academy of Technology Kanakapur Main Road Bangalore","Computer Science and Design",,,,,,,32374,,,,52787,
2022,R3,E212,"Dayananda Sagar Academy of Technology Kanakapur Main Road Bangalore","Computer Science (Artificial Intelligence)",26788,,,,,,26218,,35914,,58044,
2022,R3,E212,"Dayananda Sagar Academy of Technology Kanakapur Main Road Bangalore","Computer Science and Engineering",19497,,,,,,16105,,17082,,21005,
2022,R3,E212,"Dayananda Sagar Academy of Technology Kanakapur Main Road Bangalore","Computer Science and Engineering - Data Science",33246,,,,52577,,23801,,,,29019,
2022,R3,E212,"Dayananda Sagar Academy of Technology Kanakapur Main Road Bangalore","Information Science and Engineering",26677,,,,,,25445,,33694,,38470,
2022,R3,E212,"Dayananda Sagar Academy of Technology Kanakapur Main Road Bangalore","Computer Science - Internet of Things",36383,,,,,,32231,,53744,,72850,
2022,R3,E220,"Alliance University Bangalore","Computer Science and Engineering",60826,,,,68866,,48291,,58884,,62427,
2022,R3,E232,"Reva University Bangalore","Artificial Intelligence and Data Science",27323,,,,,,24524,,47399,,37755,
2022,R3,E232,"Reva University Bangalore","Computer Science (AI and Machine Learning)",26001,,,,40057,,20200,,24674,,33200,
2022,R3,E232,"Reva University Bangalore","Computer Science and Engineering",16297,,31450,,21104,,13831,,19858,,20447,
2022,R3,E232,"Reva University Bangalore","Computer Science - IoT and Blockchain",30053,,,,,,27627,,71681,,47450,
2022,R3,E232,"Reva University Bangalore","Information Science and Engineering",17826,,,,,,17539,,28310,,29613,
2022,R3,E232,"Reva University Bangalore","Computer Science and Systems Engineering",,,,,,,27881,,42074,,35888,
2022,R3,E235,"M.S. Ramaiah University of Applied Sciences Bangalore","Artificial Intelligence and Machine Learning",26451,,,,,,24973,,33155,,27695,
2022,R3,E235,"M.S. Ramaiah University of Applied Sciences Bangalore","Computer Science and Engineering",18790,,,,27220,,15940,,26980,,23856,
2022,R3,E235,"M.S. Ramaiah University of Applied Sciences Bangalore","Information Science and Engineering",20340,,,,,,19446,,,,34206,
2022,R3,E235,"M.S. Ramaiah University of Applied Sciences Bangalore","Mathematics and Computing",,,,,,,44731,,,,55945,
2022,R3,E237,"Presidency University Yelahanka, Bangalore","Computer Science - Big Data",54180,,,,,,50989,,95838,,80069,
2022,R3,E237,"Presidency University Yelahanka, Bangalore","Computer Science (AI and Machine Learning)",44063,,,,,,42493,,72809,,55201,
2022,R3,E237,"Presidency University Yelahanka, Bangalore","Computer Science and Technology",51973,,,,81951,,49577,,74917,,71067,
2022,R3,E237,"Presidency University Yelahanka, Bangalore","Computer Science and Engineering",39373,,52412,,46480,,36107,,47015,,45871,
2022,R3,E237,"Presidency University Yelahanka, Bangalore","Computer Science - Cyber Security",54415,,,,,,54170,,75909,,75059,
2022,R3,E237,"Presidency University Yelahanka, Bangalore","Computer Science and Engineering - Data Science",44419,,,,,,43329,,69848,,55497,
2022,R3,E237,"Presidency University Yelahanka, Bangalore","Information Science and Engineering",45490,,60897,,54712,,43239,,49086,,53079,
2022,R3,E237,"Presidency University Yelahanka, Bangalore","Information Science and Technology",60258,,,,,,51929,,68716,,78387,
2022,R3,E237,"Presidency University Yelahanka, Bangalore","Computer Science - Blockchain",,,,,,,58942,,,,76676,
2022,R3,E239,"East West College of Engineering Yelahanka New Town, Bangalore","Computer Science and Engineering",48710,,,,,,47561,,56579,,62999,
2022,R3,E240,"Dayananda Sagar University Hosur Road, Bangalore","Computer Science (AI and Machine Learning)",40935,,56949,,,,31170,,48027,,49125,
2022,R3,E240,"Dayananda Sagar University Hosur Road, Bangalore","Computer Science and Technology",28939,,,,,,28798,,,,45164,
2022,R3,E240,"Dayananda Sagar University Hosur Road, Bangalore","Computer Science and Engineering",27195,,,,34886,,24335,,30195,,28975,
2022,R3,E240,"Dayananda Sagar University Hosur Road, Bangalore","Computer Science - Cyber Security",,,,,,,32482,,73342,,54686,
2022,R3,E240,"Dayananda Sagar University Hosur Road, Bangalore","Computer Science and Engineering - Data Science",34325,,,,,,31971,,,,46504,
2022,R3,E241,"KLE Technological University(Formerly BVBCET) Dharward Dist","Computer Science (Artificial Intelligence)",16443,,,,,,6710,,,,12297,
2022,R3,E241,"KLE Technological University(Formerly BVBCET) Dharward Dist","Computer Science and Engineering",9126,,,,11672,,5083,,5451,,8569,
2022,R3,E254,"A J Institute Of Engineering And Technology MANGALORE","Computer Science and Engineering",68347,,,,,,40124,,40488,,61619,
2022,R3,E254,"A J Institute Of Engineering And Technology MANGALORE","Information Science and Engineering",,,,,,,48947,,52989,,59480,
2022,R3,E255,"Gitam School Of Technology BANGALORE RURAL DIST","Computer Science (AI and Machine Learning)",60460,,,,,,58761,,99998,,67402,
2022,R3,E255,"Gitam School Of Technology BANGALORE RURAL DIST","Computer Science and Engineering",53144,,,,67406,,45734,,68212,,66410,
2022,R3,E257,"CMR University CHAGALATTI, BANGALORE","Computer Science (AI and Machine Learning)",62037,,,,,,56565,,82209,,90982,
2022,R3,E257,"CMR University CHAGALATTI, BANGALORE","Computer Science and Engineering",44724,,,,50004,,37831,,46881,,47448,
2022,R3,E257,"CMR University CHAGALATTI, BANGALORE","Computer Science and Engineering - Data Science",,,,,,,54690,,73535,,73545,
2022,R3,E257,"CMR University CHAGALATTI, BANGALORE","Information Technology",74676,,,,,,56075,,,,74767,
2022,R3,E258,"Maharaja Institute of Technology THANDAVAPURA, MYSORE","Artificial Intelligence and Data Science",61950,,,,,,59279,,87287,,76652,
2022,R3,E258,"Maharaja Institute of Technology THANDAVAPURA, MYSORE","Computer Science and Engineering",36858,,,,,,36580,,71659,,57219,
2022,R3,E265,"Jain College of Engineering and Technology Hubballi","Computer Science and Engineering",63270,,,,,,43432,,60564,,62592,
2022,R3,E269,"Jain College of Engineering and Research Udyambhag, Belgaum","Computer Science and Engineering",74489,,,,,,43982,,44325,,54813,
2022,R3,E272,"Government Engineering College Talakal,Koppal","Computer Science and Engineering",61831,,,,,,51737,,52694,,54691,
2022,R3,E274,"Government Engineering College Moselehosahalli,Hassan","Computer Science and Engineering",60220,,,,62971,,48407,,48685,,54732,
2022,R3,E275,"R V Institute of Technology and Management JP Nagar, Bengaluru","Computer Science and Engineering",9609,,,,,,8994,,24641,,17107,
2022,R3,E275,"R V Institute of Technology and Management JP Nagar, Bengaluru","Information Science and Engineering",14903,,,,,,13637,,18730,,20506,
2022,R3,E283,"University of Mysore Mysore","Artificial Intelligence and Machine Learning",92428,,,,,,54217,,88647,,59461,
2022,R3,E283,"University of Mysore Mysore","Computer Science and Design",71076,,,,,,53566,,88534,,59984,
2022,R3,E284,"Sri Jayachamarajendra College of Engineering(Const. of JSS Univ.) Mysore","Computer Science and Engineering",5321,,,,,,3639,,8168,,7781,
2022,R3,E285,"R V University Bangalore","Computer Science and Engineering",9729,,,,,,6163,,21307,,16274,
2022,R3,E286,"BGS College of Engineering and Technology Mahalakshmipuram,Bangalore","Artificial Intelligence and Machine Learning",74878,,,,85594,,58909,,,,76352,
2022,R3,E286,"BGS College of Engineering and Technology Mahalakshmipuram,Bangalore","Computer Science and Engineering",32036,,,,,,30859,,50568,,60445,
2022,R3,E286,"BGS College of Engineering and Technology Mahalakshmipuram,Bangalore","Information Science and Engineering",41926,,,,,,41304,,45371,,76174,
2022,R3,E289,"Visvesvaraya Technological University - Regional Center Rajapur,Kalburgi","Computer Science and Engineering",66738,,,,,,48285,,65357,,60997,
2022,R3,E290,"Visvesvaraya Technological University - Regional Center Mysore","Computer Science and Engineering",43275,,,,,,36223,,42400,,49028,
2022,R3,E292,"Government Engineering College Bidar","Computer Science and Engineering",,,,,,,50651,,,,55762,
2023,R1,E001,"University of Visvesvaraya College of Engineering Bangalore ( PUBLIC UNIV. )","Artificial Intelligence and Machine Learning",4810,,,,,,4257,,7979,,6198,
2023,R1,E001,"University of Visvesvaraya College of Engineering Bangalore ( PUBLIC UNIV. )","Computer Science and Engineering",2769,,,,4674,,2381,,3599,,4590,
2023,R1,E001,"University of Visvesvaraya College of Engineering Bangalore ( PUBLIC UNIV. )","Information Science and Engineering",3566,,,,,,3453,,7193,,5695,
2023,R1,E002,"S K S J T Institute of Engineering. Bangalore","Computer Science and Engineering",12362,,,,,,11659,,12468,,12912,
2023,R1,E004,"Dr. Ambedkar Institute Of Technology Bangalore","Computer Science and Engineering",7422,,11482,,,,7369,,7672,,9414,
2023,R1,E005,"R. V. College of Engineering Bangalore","Artificial Intelligence and Machine Learning",1213,,,,,,558,,3175,,1008,
2023,R1,E005,"R. V. College of Engineering Bangalore","Computer Science and Engineering",395,,,,844,,242,,1451,,717,
2023,R1,E005,"R. V. College of Engineering Bangalore","Computer Science - Cyber Security",1177,,5075,,,,620,,,,2620,
2023,R1,E005,"R. V. College of Engineering Bangalore","Computer Science and Engineering - Data Science",659,,,,,,456,,2750,,1299,
2023,R1,E005,"R. V. College of Engineering Bangalore","Information Science and Engineering",428,,,,,,360,,3592,,944,
2023,R1,E006,"M S Ramaiah Institute of Technology Bangalore","Artificial Intelligence and Data Science",3113,,,,5229,,2368,,3294,,2597,
2023,R1,E006,"M S Ramaiah Institute of Technology Bangalore","Artificial Intelligence and Machine Learning",2199,,,,,,2193,,6501,,3935,
2023,R1,E006,"M S Ramaiah Institute of Technology Bangalore","Computer Science (AI and Machine Learning)",2003,,,,4017,,1869,,7784,,3977,
2023,R1,E006,"M S Ramaiah Institute of Technology Bangalore","Computer Science and Engineering",1383,,,,,,1045,,1672,,2022,
2023,R1,E006,"M S Ramaiah Institute of Technology Bangalore","Computer Science - Cyber Security",3083,,,,,,2306,,,,5193,
2023,R1,E006,"M S Ramaiah Institute of Technology Bangalore","Information Science and Engineering",2163,,,,,,1769,,4207,,3260,
2023,R1,E007,"Dayananda Sagar College of Engineering Bangalore","Artificial Intelligence and Machine Learning",5078,,,,,,4518,,,,7724,
2023,R1,E007,"Dayananda Sagar College of Engineering Bangalore","Computer Science and Design",11283,,,,,,8224,,,,16696,
2023,R1,E007,"Dayananda Sagar College of Engineering Bangalore","Computer Science and Engineering",3733,,,,5170,,3293,,6701,,5053,
2023,R1,E007,"Dayananda Sagar College of Engineering Bangalore","Computer Science - Cyber Security",7102,,,,,,5780,,,,10111,
2023,R1,E007,"Dayananda Sagar College of Engineering Bangalore","Computer Science and Engineering - Data Science",5573,,,,,,5076,,12872,,8537,
2023,R1,E007,"Dayananda Sagar College of Engineering Bangalore","Computer Science - IoT and Cyber Security",9857,,,,,,7872,,,,11980,
2023,R1,E007,"Dayananda Sagar College of Engineering Bangalore","Information Science and Engineering",4995,,,,,,4803,,11255,,7585,
2023,R1,E007,"Dayananda Sagar College of Engineering Bangalore","Robotics and Artificial Intelligence",14048,,,,,,11068,,,,25248,
2023,R1,E008,"Bangalore Institute of Technology Bangalore","Artificial Intelligence and Machine Learning",5912,,23188,,,,5459,,,,8398,
2023,R1,E008,"Bangalore Institute of Technology Bangalore","Computer Science and Engineering",4768,,,,6459,,4368,,6587,,6350,
2023,R1,E008,"Bangalore Institute of Technology Bangalore","Computer Science and Engineering - Data Science",7237,,,,,,7021,,19877,,9989,
2023,R1,E008,"Bangalore Institute of Technology Bangalore","Computer Science - IoT and Cyber Security",11288,,,,,,9555,,,,12764,
2023,R1,E008,"Bangalore Institute of Technology Bangalore","Information Science and Engineering",6842,,,,,,6473,,8086,,8380,
2023,R1,E008,"Bangalore Institute of Technology Bangalore","Robotics and Artificial Intelligence",15836,,,,,,15777,,50409,,17860,
2023,R1,E009,"P E S University (Ring Road Campus) Bangalore","Computer Science and Engineering",1463,,,,3187,,1006,,4618,,3055,
2023,R1,E011,"M V J College of Engineering Bangalore","Artificial Intelligence and Machine Learning",,,,,,,21548,,,,21994,
2023,R1,E011,"M V J College of Engineering Bangalore","Computer Science and Design",33323,,,,,,30050,,,,31253,
2023,R1,E011,"M V J College of Engineering Bangalore","Computer Science and Engineering",17676,,,,,,17147,,19674,,20072,
2023,R1,E011,"M V J College of Engineering Bangalore","Computer Science and Engineering - Data Science",23483,,,,30524,,22883,,,,28530,
2023,R1,E011,"M V J College of Engineering Bangalore","Information Science and Engineering",23391,,,,,,20411,,22773,,23501,
2023,R1,E012,"Sir M.Visveswaraya Institute of Technology Hunasemaranahalli,Bangalore,","Artificial Intelligence and Machine Learning",12202,,,,16682,,12133,,20276,,15003,
2023,R1,E012,"Sir M.Visveswaraya Institute of Technology Hunasemaranahalli,Bangalore,","Computer Science and Engineering",8715,,,,,,8377,,10166,,9662,
2023,R1,E012,"Sir M.Visveswaraya Institute of Technology Hunasemaranahalli,Bangalore,","Computer Science - IoT and Cyber Security",18390,,,,,,16915,,,,25283,
2023,R1,E012,"Sir M.Visveswaraya Institute of Technology Hunasemaranahalli,Bangalore,","Information Science and Engineering",11715,,,,12914,,11614,,17781,,12198,
2023,R1,E014,"S J C Institute of Technology Chickballapur","Artificial Intelligence and Data Science",34877,,61295,,,,33747,,,,37274,
2023,R1,E014,"S J C Institute of Technology Chickballapur","Computer Science (AI and Machine Learning)",38066,,,,,,34456,,,,41127,
2023,R1,E014,"S J C Institute of Technology Chickballapur","Computer Science and Engineering",24940,,,,,,23064,,32835,,25972,
2023,R1,E014,"S J C Institute of Technology Chickballapur","Information Science and Engineering",35799,,,,,,33633,,46256,,35808,
2023,R1,E015,"Dr.T.Thimmaiah Institute of Technology BANGARAPET -TQ kolar District","Computer Science and Engineering",66259,,,,,,58908,,65813,,66455,
2023,R1,E016,"Siddaganga Institute of Technology Tumkur","Artificial Intelligence and Data Science",11605,,,,,,9641,,12877,,11705,
2023,R1,E016,"Siddaganga Institute of Technology Tumkur","Computer Science (AI and Machine Learning)",9093,,,,,,8392,,,,8589,
2023,R1,E016,"Siddaganga Institute of Technology Tumkur","Computer Science and Engineering",5165,,,,,,5022,,8226,,6739,
2023,R1,E016,"Siddaganga Institute of Technology Tumkur","Information Science and Engineering",7748,,,,,,7379,,10632,,8797,
2023,R1,E017,"Sri Siddartha Institute of Technology Tumkur","Artificial Intelligence and Machine Learning",,,,,,,32925,,34417,,33449,
2023,R1,E017,"Sri Siddartha Institute of Technology Tumkur","Computer Science and Engineering",26838,,,,34562,,25981,,30655,,30019,
2023,R1,E017,"Sri Siddartha Institute of Technology Tumkur","Computer Science - Cyber Security",48317,,102108,,,,45965,,,,52114,
2023,R1,E017,"Sri Siddartha Institute of Technology Tumkur","Computer Science and Engineering - Data Science",,,,,,,44825,,65905,,49050,
2023,R1,E017,"Sri Siddartha Institute of Technology Tumkur","Information Science and Engineering",34437,,,,,,33678,,45463,,40942,
2023,R1,E018,"Kalpatharu Institute of Technology Tiptur","Computer Science and Engineering",50890,,,,,,45974,,55420,,51174,
2023,R1,E018,"Kalpatharu Institute of Technology Tiptur","Information Science and Engineering",59740,,,,,,58588,,,,61801,
2023,R1,E021,"Sri Jayachamarajendra College of Engineering(Const. of JSS Univ.) Mysore","Computer Science and Engineering",1743,,,,,,1607,,2863,,3783,
2023,R1,E028,"Tontadarya College of Engineering Gadag","Computer Science and Engineering",54280,,,,,,46929,,50385,,51522,
2023,R1,E029,"Maratha Mandal Engineering College Belgaum","Computer Science and Engineering",58660,,,,,,53553,,53952,,58429,
2023,R1,E031,"Basaveshwara Engineering College Bagalkot","Computer Science and Engineering",15194,,,,21733,,14662,,14976,,17391,
2023,R1,E032,"R.T.E Socity`s Rural Engineering College Hulkoti","Computer Science and Engineering",58739,,,,,,56816,,64544,,65432,
2023,R1,E033,"Sri Taralabalu Jagadguru Institute of Technology. Ranebennur","Computer Science and Engineering",56579,,,,,,52723,,,,56636,
2023,R1,E034,"Sri Dharmasthala Manjunatheswara College of Engineering Dharwad","Artificial Intelligence and Machine Learning",18218,,,,26290,,14046,,18780,,15577,
2023,R1,E034,"Sri Dharmasthala Manjunatheswara College of Engineering Dharwad","Computer Science and Engineering",12021,,,,,,9607,,9675,,11339,
2023,R1,E034,"Sri Dharmasthala Manjunatheswara College of Engineering Dharwad","Information Science and Engineering",12878,,,,,,11692,,13477,,14261,
2023,R1,E036,"KLE Technological University(Formerly KLE Dr.MS Sheshagiri Col.) Belgaum","Computer Science (Artificial Intelligence)",28439,,,,,,17384,,19255,,21369,
2023,R1,E036,"KLE Technological University(Formerly KLE Dr.MS Sheshagiri Col.) Belgaum","Computer Science and Engineering",19530,,,,,,14306,,14502,,17310,
2023,R1,E037,"K.L.S. Gogte Institute of Technology Belgaum","Computer Science and Engineering",13075,,,,,,8536,,8900,,10484,
2023,R1,E037,"K.L.S. Gogte Institute of Technology Belgaum","Information Science and Engineering",16401,,,,21508,,13616,,14454,,16654,
2023,R1,E038,"B L D E As V.P. Dr. P. G. Hallakatti College of Engg. and Tech. vijayapur","Computer Science (AI and Machine Learning)",45097,,,,,,38206,,,,41844,
2023,R1,E038,"B L D E As V.P. Dr. P. G. Hallakatti College of Engg. and Tech. vijayapur","Computer Science and Engineering",34662,,,,36495,,27778,,27957,,35234,
2023,R1,E038,"B L D E As V.P. Dr. P. G. Hallakatti College of Engg. and Tech. vijayapur","Computer Science and Engineering - Data Science",64198,,104662,,,,48181,,,,63367,
2023,R1,E038,"B L D E As V.P. Dr. P. G. Hallakatti College of Engg. and Tech. vijayapur","Information Science and Engineering",39222,,,,61441,,35907,,40401,,36477,
2023,R1,E040,"Hira Sugar Institute of Technology Belagavi District,","Computer Science and Engineering",51221,,,,,,44488,,45121,,46628,
2023,R1,E042,"Khaja Banda Nawaz University Kalburgi","Computer Science and Engineering",,,,,,,43752,,60534,,47663,
2023,R1,E043,"Gurunanak Dev Engineering College Bidar","Artificial Intelligence and Machine Learning",,,,,,,53806,,,,,
2023,R1,E043,"Gurunanak Dev Engineering College Bidar","Computer Science and Engineering",47945,,,,,,34231,,,,43402,
2023,R1,E043,"Gurunanak Dev Engineering College Bidar","Computer Science and Engineering - Data Science",101440,,,,,,58930,,,,,
2023,R1,E044,"Bheemanna Khandre Institute of Technology Bhalki","Computer Science (AI and Machine Learning)",,,,,,,59730,,,,,
2023,R1,E044,"Bheemanna Khandre Institute of Technology Bhalki","Computer Science and Engineering",,,,,,,41711,,,,47154,
2023,R1,E045,"Rao Bahadur Y.Mahabaleswarappa Engineering College Bellari","Computer Science and Engineering",47823,,,,,,42129,,,,51232,
2023,R1,E046,"H K Es S L N College of Engineering Raichur","Computer Science and Engineering",,,,,,,59282,,,,59916,
2023,R1,E047,"Malnad College of Engineering Hassan","Computer Science (AI and Machine Learning)",23280,,,,,,22651,,26289,,27140,
2023,R1,E047,"Malnad College of Engineering Hassan","Computer Science and Engineering",15929,,,,,,13339,,20036,,18480,
2023,R1,E047,"Malnad College of Engineering Hassan","Information Science and Engineering",21884,,,,,,21153,,22733,,22966,
2023,R1,E048,"B M S College of Engineering Basavanagudi,Bangalore","Artificial Intelligence and Data Science",,,,,,,1890,,7198,,5092,
2023,R1,E048,"B M S College of Engineering Basavanagudi,Bangalore","Artificial Intelligence and Machine Learning",2748,,,,5436,,2098,,10891,,5074,
2023,R1,E048,"B M S College of Engineering Basavanagudi,Bangalore","Computer Science and Engineering",1392,,,,1723,,891,,3057,,1717,
2023,R1,E048,"B M S College of Engineering Basavanagudi,Bangalore","Computer Science and Engineering - Data Science",2538,,,,,,1525,,,,2571,
2023,R1,E048,"B M S College of Engineering Basavanagudi,Bangalore","Computer Science - IoT and Cyber Security",3885,,,,,,2234,,18019,,7765,
2023,R1,E048,"B M S College of Engineering Basavanagudi,Bangalore","Information Science and Engineering",1954,,,,3629,,1749,,6820,,3403,
2023,R1,E049,"Basaveshwara Engineering College Bagalkot","Artificial Intelligence and Machine Learning",30978,,,,,,27117,,27219,,29799,
2023,R1,E049,"Basaveshwara Engineering College Bagalkot","Computer Science and Engineering",22340,,,,,,17382,,17752,,18432,
2023,R1,E049,"Basaveshwara Engineering College Bagalkot","Information Science and Engineering",27976,,,,,,26017,,26790,,28649,
2023,R1,E054,"K V G College of Engineering Sullia,D.K District","Computer Science and Engineering",57250,,,,,,55480,,55933,,57431,
2023,R1,E055,"P A College of Engineering Bantwal, Mangalore","Computer Science and Engineering",63753,,,,,,55802,,57796,,60114,
2023,R1,E057,"JSS Science and Technology University(Formerly SJCE) Mysore","Computer Science and Engineering",2999,,,,,,2765,,4666,,4288,
2023,R1,E057,"JSS Science and Technology University(Formerly SJCE) Mysore","Information Science and Engineering",3656,,,,,,3591,,7411,,5162,
2023,R1,E058,"P E S College of Engineering Mandya","Computer Science (AI and Machine Learning)",21824,,,,,,20781,,45946,,22086,
2023,R1,E058,"P E S College of Engineering Mandya","Computer Science and Engineering",15226,,,,,,15011,,16601,,17517,
2023,R1,E058,"P E S College of Engineering Mandya","Computer Science and Engineering - Data Science",26344,,,,31035,,24063,,32243,,26939,
2023,R1,E058,"P E S College of Engineering Mandya","Information Science and Engineering",17461,,,,,,17229,,,,19290,
2023,R1,E059,"P D A College of Engineering Gulbarga","Artificial Intelligence and Machine Learning",,,,,,,31180,,,,41182,
2023,R1,E059,"P D A College of Engineering Gulbarga","Computer Science and Design",87963,,,,,,44737,,,,,
2023,R1,E059,"P D A College of Engineering Gulbarga","Computer Science and Engineering",32554,,,,,,21461,,24852,,29685,
2023,R1,E059,"P D A College of Engineering Gulbarga","Information Science and Engineering",,,,,,,39005,,,,45374,
2023,R1,E060,"Dr. Ambedkar Institute Of Technology Jnanabharathi Campus,Bangalore","Artificial Intelligence and Machine Learning",15640,,,,,,14397,,19847,,18256,
2023,R1,E060,"Dr. Ambedkar Institute Of Technology Jnanabharathi Campus,Bangalore","Computer Science and Engineering",11709,,,,,,10956,,13926,,12707,
2023,R1,E060,"Dr. Ambedkar Institute Of Technology Jnanabharathi Campus,Bangalore","Information Science and Engineering",12669,,,,,,12629,,16847,,15819,
2023,R1,E061,"University B.D.T. college of Engineering Davangere","Computer Science and Engineering",19778,,54469,,,,16866,,19047,,18895,
2023,R1,E062,"Bapuji Institute of Engineering and Technology Davangere","Artificial Intelligence and Machine Learning",34434,,,,,,31214,,34121,,37970,
2023,R1,E062,"Bapuji Institute of Engineering and Technology Davangere","Computer Science and Design",56774,,,,,,49597,,,,58801,
2023,R1,E062,"Bapuji Institute of Engineering and Technology Davangere","Computer Science and Engineering",21227,,,,22301,,18326,,21798,,21984,
2023,R1,E062,"Bapuji Institute of Engineering and Technology Davangere","Computer Science and Engineering - Data Science",37660,,,,,,35752,,,,46574,
2023,R1,E062,"Bapuji Institute of Engineering and Technology Davangere","Information Science and Engineering",34689,,,,,,27065,,35492,,30745,
2023,R1,E063,"SJM Institute of Techonology Chitradurga","Computer Science and Engineering",64359,,,,,,55591,,56087,,64694,
2023,R1,E064,"Adhichunchanagiri Institute of Technology Chickmagalur","Artificial Intelligence and Machine Learning",41606,,,,,,41042,,,,42037,
2023,R1,E064,"Adhichunchanagiri Institute of Technology Chickmagalur","Computer Science and Engineering",29726,,,,,,29458,,33226,,32241,
2023,R1,E064,"Adhichunchanagiri Institute of Technology Chickmagalur","Computer Science and Engineering - Data Science",55017,,,,,,53564,,61755,,56311,
2023,R1,E064,"Adhichunchanagiri Institute of Technology Chickmagalur","Information Science and Engineering",,,,,,,33125,,,,40444,
2023,R1,E065,"Jawaharlal Nehru National College of Engineering Shimoga","Artificial Intelligence and Machine Learning",,,,,,,28451,,43009,,40158,
2023,R1,E065,"Jawaharlal Nehru National College of Engineering Shimoga","Computer Science and Engineering",21576,,,,,,19355,,30496,,23684,
2023,R1,E065,"Jawaharlal Nehru National College of Engineering Shimoga","Computer Science and Engineering - Data Science",,,49346,,,,34113,,,,47895,
2023,R1,E065,"Jawaharlal Nehru National College of Engineering Shimoga","Information Science and Engineering",29270,,,,,,28374,,31365,,32997,
2023,R1,E065,"Jawaharlal Nehru National College of Engineering Shimoga","Robotics and Artificial Intelligence",84232,,,,,,57876,,,,107281,
2023,R1,E070,"Bahubali College of Engineering Hassan Dist,","Computer Science and Engineering",55818,,,,,,54763,,63905,,59650,
2023,R1,E071,"Vidya Vardhaka College of Engineering Mysuru","Computer Science (AI and Machine Learning)",16196,,,,,,15882,,35661,,19306,
2023,R1,E071,"Vidya Vardhaka College of Engineering Mysuru","Computer Science and Engineering",11080,,,,13878,,10426,,13337,,13651,
2023,R1,E071,"Vidya Vardhaka College of Engineering Mysuru","Information Science and Engineering",14220,,,,17877,,13988,,22438,,17281,
2023,R1,E075,"Ballari Institute of Technology and Management Near Allipur Bellary","Artificial Intelligence and Machine Learning",52430,,,,,,39627,,46924,,59869,
2023,R1,E075,"Ballari Institute of Technology and Management Near Allipur Bellary","Computer Science (Artificial Intelligence)",,,,,,,47643,,,,52590,
2023,R1,E075,"Ballari Institute of Technology and Management Near Allipur Bellary","Computer Science and Engineering",27116,,,,,,20977,,32085,,24969,
2023,R1,E075,"Ballari Institute of Technology and Management Near Allipur Bellary","Computer Science and Engineering - Data Science",56591,,,,,,42986,,77341,,74428,
2023,R1,E076,"Proudadevaraya Institute of Technology Indiranagar Hospet, Ballari DT","Computer Science and Engineering",,,,,,,50822,,,,60166,
2023,R1,E077,"Vidya Vikas Institute of Engineering and Technology Mysuru","Computer Science and Engineering",25249,,,,29246,,24413,,,,29056,
2023,R1,E077,"Vidya Vikas Institute of Engineering and Technology Mysuru","Information Science and Engineering",32263,,,,,,31816,,40665,,36859,
2023,R1,E078,"The Oxford College of Engineering Bangalore","Artificial Intelligence and Machine Learning",30785,,66819,,40058,,28440,,,,34913,
2023,R1,E078,"The Oxford College of Engineering Bangalore","Computer Science and Engineering",24876,,,,,,23746,,25132,,27507,
2023,R1,E078,"The Oxford College of Engineering Bangalore","Information Science and Engineering",30710,,,,,,30483,,30739,,33045,
2023,R1,E079,"Acharya Institute of Technology Bangalore","Artificial Intelligence and Machine Learning",21268,,,,,,21015,,21969,,23376,
2023,R1,E079,"Acharya Institute of Technology Bangalore","Computer Science and Engineering",14951,,,,,,14021,,15571,,16831,
2023,R1,E079,"Acharya Institute of Technology Bangalore","Computer Science and Engineering - Data Science",23802,,,,,,22899,,33813,,26681,
2023,R1,E079,"Acharya Institute of Technology Bangalore","Information Science and Engineering",18216,,,,,,17868,,21326,,19014,
2023,R1,E082,"J S S Academy of Technical Education Bangalore","Computer Science (AI and Machine Learning)",16540,,62500,,21335,,15535,,21934,,20349,
2023,R1,E082,"J S S Academy of Technical Education Bangalore","Computer Science and Engineering",10921,,,,,,10401,,14507,,14098,
2023,R1,E082,"J S S Academy of Technical Education Bangalore","Information Science and Engineering",14409,,,,,,13762,,20719,,17072,
2023,R1,E082,"J S S Academy of Technical Education Bangalore","Robotics and Automation",,,,,,,34422,,,,59160,
2023,R1,E083,"H.K.B.K.College of Engineering Bangalore","Artificial Intelligence and Machine Learning",51340,,,,52222,,47977,,64716,,51097,
2023,R1,E083,"H.K.B.K.College of Engineering Bangalore","Computer Science and Engineering",40140,,,,,,37408,,39118,,41776,
2023,R1,E083,"H.K.B.K.College of Engineering Bangalore","Information Science and Engineering",48158,,,,,,47550,,49128,,48784,
2023,R1,E085,"APS College of Engineering Somanahalli, Bangalore","Computer Science (AI and Machine Learning)",,,,,,,51814,,62942,,64576,
2023,R1,E085,"APS College of Engineering Somanahalli, Bangalore","Computer Science and Engineering",38265,,,,,,37585,,49043,,41181,
2023,R1,E085,"APS College of Engineering Somanahalli, Bangalore","Computer Science - Cyber Security",59307,,,,,,55873,,,,,
2023,R1,E085,"APS College of Engineering Somanahalli, Bangalore","Information Science and Engineering",48628,,,,,,48321,,52749,,55228,
2023,R1,E086,"Sri Sairam College of Engineering(Formerly Shirdi Sai Engg) Anekal,Bangalore","Artificial Intelligence and Machine Learning",54640,,,,,,53755,,,,61014,
2023,R1,E086,"Sri Sairam College of Engineering(Formerly Shirdi Sai Engg) Anekal,Bangalore","Computer Science and Engineering",41366,,,,,,40262,,46111,,45490,
2023,R1,E086,"Sri Sairam College of Engineering(Formerly Shirdi Sai Engg) Anekal,Bangalore","Information Science and Engineering",53966,,,,,,53813,,59312,,60430,
2023,R1,E087,"Vivekananada Institute of Technology Bangalore","Artificial Intelligence and Machine Learning",42022,,,,,,40443,,,,43740,
2023,R1,E087,"Vivekananada Institute of Technology Bangalore","Computer Science and Engineering",34314,,,,,,34233,,39540,,36451,
2023,R1,E087,"Vivekananada Institute of Technology Bangalore","Information Science and Engineering",46427,,,,,,45801,,,,57913,
2023,R1,E088,"Bangalore College of Engineering and Technology Chandapura, Bangalore","Artificial Intelligence and Machine Learning",54151,,,,,,46991,,,,57201,
2023,R1,E088,"Bangalore College of Engineering and Technology Chandapura, Bangalore","Computer Science and Engineering",35740,,,,,,35015,,36273,,38170,
2023,R1,E088,"Bangalore College of Engineering and Technology Chandapura, Bangalore","Information Science and Engineering",44518,,,,,,39042,,61963,,51384,
2023,R1,E090,"Sri Revana Siddeswara Institute of Technology Bangalore North","Computer Science and Engineering",40457,,,,,,40201,,,,41039,
2023,R1,E091,"K S Institute of Technology Bangalore","Artificial Intelligence and Machine Learning",29224,,,,37039,,28910,,,,29045,
2023,R1,E091,"K S Institute of Technology Bangalore","Computer Science and Design",46898,,,,,,34160,,,,73221,
2023,R1,E091,"K S Institute of Technology Bangalore","Computer Science and Engineering",25455,,,,,,24392,,32679,,28298,
2023,R1,E091,"K S Institute of Technology Bangalore","Computer Science - IoT and Cyber Security",44644,,,,,,39511,,91320,,66453,
2023,R1,E092,"Vemana Institute of Technology Bangalore","Artificial Intelligence and Machine Learning",51249,,,,,,46669,,56721,,54776,
2023,R1,E092,"Vemana Institute of Technology Bangalore","Computer Science and Engineering",36277,,,,,,35595,,40083,,39698,
2023,R1,E092,"Vemana Institute of Technology Bangalore","Computer Science and Engineering - Data Science",56678,,,,64620,,53908,,71597,,57031,
2023,R1,E092,"Vemana Institute of Technology Bangalore","Information Science and Engineering",47791,,,,,,47201,,54133,,51231,
2023,R1,E093,"Basavakalyana Engineering College Basavakalyana, Bidar-Dist","Computer Science and Engineering",68149,,,,,,57051,,57399,,,
2023,R1,E094,"Coorg Institute of Technology Kodagu","Computer Science and Engineering",,,,,,,46649,,67131,,52745,
2023,R1,E095,"AMC Engineering College Bangalore","Artificial Intelligence and Machine Learning",31900,,74231,,45074,,31554,,,,42827,
2023,R1,E095,"AMC Engineering College Bangalore","Computer Science (AI and Machine Learning)",45197,,,,,,44985,,72936,,56067,
2023,R1,E095,"AMC Engineering College Bangalore","Computer Science and Engineering",29518,,,,33560,,28396,,32991,,31438,
2023,R1,E095,"AMC Engineering College Bangalore","Computer Science and Engineering - Data Science",48288,,,,,,42350,,48772,,55506,
2023,R1,E095,"AMC Engineering College Bangalore","Information Science and Engineering",37062,,,,,,36158,,40587,,41753,
2023,R1,E096,"East Point College of Engineering and Technology Bangalore","Artificial Intelligence and Data Science",44789,,,,,,41896,,,,54738,
2023,R1,E096,"East Point College of Engineering and Technology Bangalore","Computer Science (AI and Machine Learning)",43381,,125505,,58509,,42711,,,,57820,
2023,R1,E096,"East Point College of Engineering and Technology Bangalore","Computer Science and Engineering",32547,,,,,,31175,,34006,,34594,
2023,R1,E096,"East Point College of Engineering and Technology Bangalore","Computer Science - IoT and Cyber Security",65829,,,,,,58399,,112479,,76936,
2023,R1,E096,"East Point College of Engineering and Technology Bangalore","Information Science and Engineering",45366,,,,,,44570,,53613,,52618,
2023,R1,E097,"C M R Institute of Technology Bangalore","Artificial Intelligence and Data Science",19003,,57718,,21610,,18085,,23141,,20432,
2023,R1,E097,"C M R Institute of Technology Bangalore","Artificial Intelligence and Machine Learning",16234,,,,18708,,16230,,29039,,18111,
2023,R1,E097,"C M R Institute of Technology Bangalore","Computer Science (AI and Machine Learning)",16326,,,,,,15924,,36767,,18523,
2023,R1,E097,"C M R Institute of Technology Bangalore","Computer Science and Engineering",10883,,,,,,10594,,14896,,12423,
2023,R1,E097,"C M R Institute of Technology Bangalore","Computer Science and Engineering - Data Science",18817,,,,,,16504,,,,20702,
2023,R1,E097,"C M R Institute of Technology Bangalore","Information Science and Engineering",14928,,,,,,14257,,17529,,16621,
2023,R1,E098,"Atria Institute of Technology Bangalore","Artificial Intelligence and Machine Learning",34999,,,,,,31716,,41331,,40508,
2023,R1,E098,"Atria Institute of Technology Bangalore","Computer Science and Design",54195,,,,75623,,49240,,67947,,72183,
2023,R1,E098,"Atria Institute of Technology Bangalore","Computer Science and Engineering",25338,,,,,,24338,,28445,,28119,
2023,R1,E098,"Atria Institute of Technology Bangalore","Computer Science and Engineering - Data Science",36173,,,,,,36141,,63109,,38796,
2023,R1,E098,"Atria Institute of Technology Bangalore","Information Science and Engineering",34071,,,,37524,,32992,,39177,,36948,
2023,R1,E099,"New Horizon College of Engineering Bangalore","Artificial Intelligence and Machine Learning",13226,,,,21757,,12969,,21046,,17356,
2023,R1,E099,"New Horizon College of Engineering Bangalore","Computer Science and Engineering",8918,,,,,,7270,,11185,,11407,
2023,R1,E099,"New Horizon College of Engineering Bangalore","Computer Science and Engineering - Data Science",15355,,51743,,,,14909,,23727,,22335,
2023,R1,E099,"New Horizon College of Engineering Bangalore","Information Science and Engineering",11057,,,,15820,,10181,,15623,,14449,
2023,R1,E100,"K N S Institute of Technology Bangalore","Artificial Intelligence and Machine Learning",58526,,,,,,57938,,63873,,61652,
2023,R1,E100,"K N S Institute of Technology Bangalore","Computer Science and Engineering",44674,,,,,,44290,,46241,,47787,
2023,R1,E100,"K N S Institute of Technology Bangalore","Information Science and Engineering",,,,,,,53706,,58082,,53721,
2023,R1,E101,"Channabasaveshwara Institute of Technology Gubbi, Tumkur","Artificial Intelligence and Data Science",56288,,,,,,51945,,70010,,58551,
2023,R1,E101,"Channabasaveshwara Institute of Technology Gubbi, Tumkur","Computer Science and Engineering",37936,,,,,,33750,,51459,,38003,
2023,R1,E101,"Channabasaveshwara Institute of Technology Gubbi, Tumkur","Information Science and Engineering",,,,,,,41690,,,,48414,
2023,R1,E102,"DONBOSCO Institute of Technology Bangalore","Artificial Intelligence and Data Science",34693,,,,,,34143,,,,43975,
2023,R1,E102,"DONBOSCO Institute of Technology Bangalore","Computer Science (AI and Machine Learning)",37026,,74915,,,,36332,,63473,,44769,
2023,R1,E102,"DONBOSCO Institute of Technology Bangalore","Computer Science and Engineering",27787,,,,,,27446,,30737,,31119,
2023,R1,E102,"DONBOSCO Institute of Technology Bangalore","Information Science and Engineering",34167,,,,,,33871,,38809,,36407,
2023,R1,E103,"Global Academy of Technology Bangalore","Artificial Intelligence and Data Science",23676,,,,28513,,22707,,35902,,26408,
2023,R1,E103,"Global Academy of Technology Bangalore","Artificial Intelligence and Machine Learning",22169,,62007,,,,21901,,,,27688,
2023,R1,E103,"Global Academy of Technology Bangalore","Computer Science (AI and Machine Learning)",22445,,,,,,22040,,,,24797,
2023,R1,E103,"Global Academy of Technology Bangalore","Computer Science and Engineering",16679,,,,,,16597,,18231,,19956,
2023,R1,E103,"Global Academy of Technology Bangalore","Information Science and Engineering",21417,,,,,,21278,,27571,,24433,
2023,R1,E104,"Nagarjuna College of Engineering and Technology Bangalore (R)","Computer Science (AI and Machine Learning)",54087,,,,,,53191,,,,58875,
2023,R1,E104,"Nagarjuna College of Engineering and Technology Bangalore (R)","Computer Science and Engineering",37594,,,,,,36654,,39744,,41741,
2023,R1,E104,"Nagarjuna College of Engineering and Technology Bangalore (R)","Computer Science and Engineering - Data Science",58659,,,,,,57259,,80883,,62040,
2023,R1,E104,"Nagarjuna College of Engineering and Technology Bangalore (R)","Information Science and Engineering",44024,,,,,,42764,,,,47464,
2023,R1,E105,"Nitte Meenakshi Institutute of Technology Bangalore","Artificial Intelligence and Data Science",10064,,23864,,,,9951,,,,13275,
2023,R1,E105,"Nitte Meenakshi Institutute of Technology Bangalore","Artificial Intelligence and Machine Learning",10991,,,,,,9293,,12645,,12901,
2023,R1,E105,"Nitte Meenakshi Institutute of Technology Bangalore","Computer Science and Engineering",7022,,,,,,6687,,10050,,8303,
2023,R1,E105,"Nitte Meenakshi Institutute of Technology Bangalore","Information Science and Engineering",9692,,,,12199,,9497,,16549,,11664,
2023,R1,E106,"East West Institute of Technology Bangalore","Artificial Intelligence and Data Science",46206,,,,,,45939,,52792,,50324,
2023,R1,E106,"East West Institute of Technology Bangalore","Artificial Intelligence and Machine Learning",,,,,,,41720,,,,49302,
2023,R1,E106,"East West Institute of Technology Bangalore","Computer Science (AI and Machine Learning)",48901,,,,62496,,47063,,60176,,62290,
2023,R1,E106,"East West Institute of Technology Bangalore","Computer Science and Engineering",33001,,,,,,31986,,38367,,33552,
2023,R1,E106,"East West Institute of Technology Bangalore","Information Science and Engineering",40156,,,,47640,,39458,,46954,,43342,
2023,R1,E107,"B N M Institute of Technology Bangalore","Artificial Intelligence and Machine Learning",12343,,,,,,12209,,17043,,16916,
2023,R1,E107,"B N M Institute of Technology Bangalore","Computer Science and Engineering",7990,,,,,,7892,,14242,,10061,
2023,R1,E107,"B N M Institute of Technology Bangalore","Information Science and Engineering",11858,,,,,,9122,,,,13621,
2023,R1,E108,"Sapthagiri College of Engineering Bangalore","Computer Science and Engineering",19826,,,,25471,,19562,,21732,,25083,
2023,R1,E108,"Sapthagiri College of Engineering Bangalore","Information Science and Engineering",25376,,,,,,24732,,30640,,27661,
2023,R1,E109,"City Engineering College Bangalore","Artificial Intelligence and Machine Learning",59550,,,,70725,,57156,,69250,,70375,
2023,R1,E109,"City Engineering College Bangalore","Computer Science and Engineering",51775,,,,,,50520,,58407,,60198,
2023,R1,E111,"Sri Venkateshwara College of Engineering Bettahalsur(P), Bangalore","Computer Science (Artificial Intelligence)",51453,,,,,,46123,,,,59373,
2023,R1,E111,"Sri Venkateshwara College of Engineering Bettahalsur(P), Bangalore","Computer Science and Engineering",37512,,,,,,35657,,43089,,40214,
2023,R1,E111,"Sri Venkateshwara College of Engineering Bettahalsur(P), Bangalore","Computer Science - Cyber Security",61870,,,,,,59935,,86600,,64270,
2023,R1,E111,"Sri Venkateshwara College of Engineering Bettahalsur(P), Bangalore","Computer Science and Engineering - Data Science",56580,,,,,,54407,,95681,,63404,
2023,R1,E111,"Sri Venkateshwara College of Engineering Bettahalsur(P), Bangalore","Information Science and Engineering",43333,,,,49310,,42059,,,,44136,
2023,R1,E112,"Sri Krishna Institute of Technology Bangalore","Computer Science and Engineering",47284,,,,,,46750,,50212,,53286,
2023,R1,E112,"Sri Krishna Institute of Technology Bangalore","Information Science and Engineering",53547,,,,,,53328,,53548,,61119,
2023,R1,E113,"Sambhram Institute of Technology Bangalore","Artificial Intelligence and Machine Learning",60084,,,,,,59021,,60305,,61876,
2023,R1,E113,"Sambhram Institute of Technology Bangalore","Computer Science and Engineering",52231,,,,59350,,51929,,60309,,58469,
2023,R1,E113,"Sambhram Institute of Technology Bangalore","Information Science and Engineering",58585,,,,62529,,56776,,60717,,60427,
2023,R1,E114,"G M Institute of Technology Davanagere","Artificial Intelligence and Machine Learning",47198,,,,,,42745,,54739,,52010,
2023,R1,E114,"G M Institute of Technology Davanagere","Computer Science and Engineering",29600,,,,,,26943,,31586,,30035,
2023,R1,E114,"G M Institute of Technology Davanagere","Information Science and Engineering",39046,,,,,,30922,,,,35407,
2023,R1,E115,"S J B Institute of Technology Kengeri,Bangalore (ATNMS)","Artificial Intelligence and Machine Learning",19172,,,,19601,,18406,,28832,,18709,
2023,R1,E115,"S J B Institute of Technology Kengeri,Bangalore (ATNMS)","Computer Science and Engineering",14726,,,,,,14490,,15506,,15634,
2023,R1,E115,"S J B Institute of Technology Kengeri,Bangalore (ATNMS)","Computer Science and Engineering - Data Science",,,,,25195,,20566,,,,23631,
2023,R1,E115,"S J B Institute of Technology Kengeri,Bangalore (ATNMS)","Information Science and Engineering",18227,,,,,,18058,,22328,,19348,
2023,R1,E116,"R.L.Jalappa Institute of Technology Bangalore Rural Dist","Computer Science and Engineering",59523,,,,,,58293,,58935,,64075,
2023,R1,E118,"RNS Institute of Technology Bangalore","Artificial Intelligence and Data Science",12648,,24920,,,,12647,,,,16701,
2023,R1,E118,"RNS Institute of Technology Bangalore","Computer Science (AI and Machine Learning)",14433,,,,,,13872,,18732,,17905,
2023,R1,E118,"RNS Institute of Technology Bangalore","Computer Science and Engineering",7851,,,,9970,,7554,,11358,,9914,
2023,R1,E118,"RNS Institute of Technology Bangalore","Computer Science - Cyber Security",14723,,,,,,14226,,18209,,18003,
2023,R1,E118,"RNS Institute of Technology Bangalore","Computer Science and Engineering - Data Science",14639,,,,,,14028,,16188,,16846,
2023,R1,E118,"RNS Institute of Technology Bangalore","Information Science and Engineering",11522,,,,13426,,10332,,15171,,13390,
2023,R1,E119,"K C T Engineering College Roza(B),Gulbarga","Computer Science and Engineering",,,,,,,45454,,,,,
2023,R1,E121,"Vivekananada College of Engineering Technology D K DIST","Artificial Intelligence and Machine Learning",44980,,82527,,,,37299,,,,52197,
2023,R1,E121,"Vivekananada College of Engineering Technology D K DIST","Computer Science and Engineering",38250,,,,,,36650,,38199,,41538,
2023,R1,E121,"Vivekananada College of Engineering Technology D K DIST","Computer Science and Engineering - Data Science",53947,,,,,,53417,,,,58189,
2023,R1,E123,"Canara Engineering College Bantwal DK DIST","Artificial Intelligence and Machine Learning",50912,,,,,,48584,,54217,,50638,
2023,R1,E123,"Canara Engineering College Bantwal DK DIST","Computer Science and Engineering",38424,,,,,,32674,,33294,,36051,
2023,R1,E123,"Canara Engineering College Bantwal DK DIST","Information Science and Engineering",47489,,,,,,43766,,44715,,44790,
2023,R1,E124,"Rajiv Gandhi Institute of Technology R.T Nagar Post, Bangalore","Computer Science and Engineering",44204,,,,,,43513,,46133,,49158,
2023,R1,E126,"B M S Institute of Technology and Management Yelahanka, Bangalore","Artificial Intelligence and Machine Learning",8884,,,,,,8299,,14227,,11572,
2023,R1,E126,"B M S Institute of Technology and Management Yelahanka, Bangalore","Computer Science and Engineering",5029,,,,7828,,4744,,7796,,7436,
2023,R1,E126,"B M S Institute of Technology and Management Yelahanka, Bangalore","Information Science and Engineering",7543,,,,11414,,7023,,15368,,10688,
2023,R1,E127,"M S Engineering College Bangalore Urban","Computer Science and Engineering",60046,,,,,,57333,,63497,,64067,
2023,R1,E128,"Sharnbasva University(Formerly Appa Inst. of Tech.) Brahmpur, Kalaburagi","Artificial Intelligence and Data Science",,,,,,,44722,,,,61411,
2023,R1,E128,"Sharnbasva University(Formerly Appa Inst. of Tech.) Brahmpur, Kalaburagi","Computer Science and Engineering",,,,,,,30090,,39221,,40852,
2023,R1,E128,"Sharnbasva University(Formerly Appa Inst. of Tech.) Brahmpur, Kalaburagi","Computer Science and Design",133047,,,,,,57428,,,,,
2023,R1,E129,"St. Joseph Engineering College Mangalore","Artificial Intelligence and Machine Learning",,,,,,,18952,,,,19129,
2023,R1,E129,"St. Joseph Engineering College Mangalore","Computer Science and Engineering",22439,,,,27388,,15354,,22877,,19966,
2023,R1,E129,"St. Joseph Engineering College Mangalore","Computer Science and Engineering - Data Science",,,,,,,19566,,,,33036,
2023,R1,E130,"Shridevi Institute of Engineering and Technology Tumkur","Computer Science and Engineering",56689,,,,,,54967,,57515,,58951,
2023,R1,E133,"G S S S Institute of Engineering and Technology for Women Mysore","Artificial Intelligence and Data Science",28089,,,,,,27734,,38290,,31623,
2023,R1,E133,"G S S S Institute of Engineering and Technology for Women Mysore","Computer Science (AI and Machine Learning)",24001,,,,28080,,23398,,38635,,25317,
2023,R1,E133,"G S S S Institute of Engineering and Technology for Women Mysore","Computer Science and Engineering",17934,,,,,,16791,,23220,,19349,
2023,R1,E133,"G S S S Institute of Engineering and Technology for Women Mysore","Information Science and Engineering",20829,,,,,,20693,,,,21092,
2023,R1,E134,"Smt. Kamala and Sri Venkappa M.Agadi College of Engg. and Tech. Laxmeshwara-Tq, Gadag Dt.","Computer Science and Engineering",51121,,,,,,33823,,36982,,46566,
2023,R1,E134,"Smt. Kamala and Sri Venkappa M.Agadi College of Engg. and Tech. Laxmeshwara-Tq, Gadag Dt.","Information Science and Engineering",,,,,,,59812,,64700,,71544,
2023,R1,E135,"K L S Viswanathrao Deshpande Institute of Technology Haliyal, Uttara Kannada -Dist","Computer Science (AI and Machine Learning)",55347,,,,,,45995,,59942,,63632,
2023,R1,E135,"K L S Viswanathrao Deshpande Institute of Technology Haliyal, Uttara Kannada -Dist","Computer Science and Engineering",37293,,,,,,29630,,36346,,40798,
2023,R1,E139,"Impact College of Engineering and Applied Sciences Bangalore","Computer Science and Engineering",57314,,,,,,56754,,62019,,60028,
2023,R1,E141,"P E S University (Electronic City Campus) Bangalore","Computer Science and Engineering",6109,,13003,,9083,,3796,,9642,,8653,
2023,R1,E142,"Adichunchanagiri University(Formerly BGSIT) Nagamangala Taluk,Mandya Dist.","Artificial Intelligence and Machine Learning",,,,,,,46559,,,,48383,
2023,R1,E142,"Adichunchanagiri University(Formerly BGSIT) Nagamangala Taluk,Mandya Dist.","Computer Science and Engineering",31240,,,,,,30684,,35413,,31657,
2023,R1,E142,"Adichunchanagiri University(Formerly BGSIT) Nagamangala Taluk,Mandya Dist.","Information Science and Engineering",39535,,,,,,38523,,42738,,39590,
2023,R1,E144,"Srinivas Institute of Technology Mangalore.","Artificial Intelligence and Data Science",61844,,,,,,58476,,60524,,64141,
2023,R1,E144,"Srinivas Institute of Technology Mangalore.","Artificial Intelligence and Machine Learning",,,,,,,52822,,,,56890,
2023,R1,E144,"Srinivas Institute of Technology Mangalore.","Computer Science and Engineering",45782,,,,,,40864,,43347,,45220,
2023,R1,E144,"Srinivas Institute of Technology Mangalore.","Information Science and Engineering",,,,,,,48596,,,,49880,
2023,R1,E145,"Rajarajeswari College of Engineering Kumbalagodu,Bangalore","Artificial Intelligence and Machine Learning",38495,,,,,,37248,,54643,,40738,
2023,R1,E145,"Rajarajeswari College of Engineering Kumbalagodu,Bangalore","Computer Science and Design",61926,,,,,,59765,,76022,,66964,
2023,R1,E145,"Rajarajeswari College of Engineering Kumbalagodu,Bangalore","Computer Science and Engineering",29769,,,,,,29283,,31946,,33322,
2023,R1,E145,"Rajarajeswari College of Engineering Kumbalagodu,Bangalore","Computer Science - IoT and Cyber Security",56973,,,,,,55758,,116817,,80959,
2023,R1,E145,"Rajarajeswari College of Engineering Kumbalagodu,Bangalore","Information Science and Engineering",35817,,,,42261,,34867,,38134,,39808,
2023,R1,E147,"T.John Engineering College Bangalore","Artificial Intelligence and Machine Learning",,,,,,,53911,,,,57619,
2023,R1,E147,"T.John Engineering College Bangalore","Computer Science and Engineering",48342,,,,,,46515,,50186,,53071,
2023,R1,E147,"T.John Engineering College Bangalore","Information Science and Engineering",59971,,,,,,58703,,68596,,62193,
2023,R1,E149,"Cambridge Institutute of Technology Bangalore","Artificial Intelligence and Machine Learning",28839,,,,,,28631,,31162,,34480,
2023,R1,E149,"Cambridge Institutute of Technology Bangalore","Computer Science and Engineering",22638,,,,,,20581,,24528,,25328,
2023,R1,E149,"Cambridge Institutute of Technology Bangalore","Computer Science - IoT and Cyber Security",42220,,158539,,,,36969,,,,56089,
2023,R1,E149,"Cambridge Institutute of Technology Bangalore","Information Science and Engineering",28918,,,,,,28502,,35376,,33610,
2023,R1,E150,"P E S Institute of Technology and Management Shivamogga","Artificial Intelligence and Machine Learning",38307,,,,47726,,37291,,63074,,40211,
2023,R1,E150,"P E S Institute of Technology and Management Shivamogga","Computer Science and Engineering",28794,,,,,,28724,,29452,,31283,
2023,R1,E150,"P E S Institute of Technology and Management Shivamogga","Computer Science and Engineering - Data Science",53346,,,,87103,,48837,,63771,,78173,
2023,R1,E150,"P E S Institute of Technology and Management Shivamogga","Information Science and Engineering",37195,,,,,,36415,,43199,,38060,
2023,R1,E151,"Mangalore Institute of Technology and Engineering Mangalore Tq,D.K","Artificial Intelligence and Machine Learning",34695,,,,36759,,28265,,,,33503,
2023,R1,E151,"Mangalore Institute of Technology and Engineering Mangalore Tq,D.K","Computer Science (AI and Machine Learning)",37214,,,,,,29955,,,,34793,
2023,R1,E151,"Mangalore Institute of Technology and Engineering Mangalore Tq,D.K","Computer Science and Engineering",25752,,,,33122,,21106,,24915,,23270,
2023,R1,E151,"Mangalore Institute of Technology and Engineering Mangalore Tq,D.K","Computer Science - IoT and Cyber Security",43163,,,,,,35616,,51363,,35804,
2023,R1,E151,"Mangalore Institute of Technology and Engineering Mangalore Tq,D.K","Information Science and Engineering",33283,,,,,,29430,,29633,,31308,
2023,R1,E152,"S D M Institute of Tech. Ujire,Dakshina Kannada","Artificial Intelligence and Data Science",,,77172,,,,46104,,51701,,50402,
2023,R1,E152,"S D M Institute of Tech. Ujire,Dakshina Kannada","Computer Science and Engineering",35613,,,,,,34471,,34749,,36162,
2023,R1,E152,"S D M Institute of Tech. Ujire,Dakshina Kannada","Information Science and Engineering",45432,,,,,,44039,,44067,,44907,
2023,R1,E153,"S E A College of Engineering and Technology K R puram bangalore","Computer Science and Engineering",52823,,,,,,52739,,57793,,60829,
2023,R1,E154,"Government Engineering College Chamarajanagara","Computer Science and Engineering",45891,,,,,,41537,,48404,,48041,
2023,R1,E155,"Government Engineering College Hassan","Computer Science and Engineering",24861,,,,,,24618,,28068,,26703,
2023,R1,E156,"Government Engineering College K R Pet, Mandya DT.","Computer Science and Engineering",42899,,48561,,,,38817,,39248,,45621,
2023,R1,E157,"Government Engineering College Ramanagara","Computer Science and Engineering",49364,,56358,,55068,,44622,,44897,,51735,
2023,R1,E158,"Maharaja Institute of Technology-Mysore Belawadi, Mandya Dist","Computer Science (AI and Machine Learning)",36039,,,,,,35452,,,,39051,
2023,R1,E158,"Maharaja Institute of Technology-Mysore Belawadi, Mandya Dist","Computer Science (Artificial Intelligence)",,,,,,,42051,,43373,,56610,
2023,R1,E158,"Maharaja Institute of Technology-Mysore Belawadi, Mandya Dist","Computer Science and Engineering",26925,,,,,,26634,,37562,,32017,
2023,R1,E158,"Maharaja Institute of Technology-Mysore Belawadi, Mandya Dist","Computer Science and Engineering - Data Science",43787,,,,,,43258,,,,55206,
2023,R1,E158,"Maharaja Institute of Technology-Mysore Belawadi, Mandya Dist","Information Science and Engineering",32503,,,,,,32213,,47893,,34945,
2023,R1,E160,"Sahyadri College of Engg. and Management Mangalore","Computer Science (AI and Machine Learning)",26113,,,,,,23735,,26366,,25505,
2023,R1,E160,"Sahyadri College of Engg. and Management Mangalore","Computer Science and Engineering",19013,,,,,,13470,,15453,,16704,
2023,R1,E160,"Sahyadri College of Engg. and Management Mangalore","Information Science and Engineering",23793,,34711,,24129,,19801,,19820,,20255,
2023,R1,E160,"Sahyadri College of Engg. and Management Mangalore","Robotics and Automation",72545,,,,,,46746,,116892,,62300,
2023,R1,E161,"Government Engineering College Kushalnagar,Kodagu Dist","Computer Science and Engineering",49768,,55592,,,,49123,,51001,,53999,
2023,R1,E162,"Government Engineering College Raichur","Computer Science and Engineering",54834,,,,,,40757,,,,44458,
2023,R1,E163,"Government Engineering College Devagiri,Haveri","Computer Science and Engineering",46543,,,,,,44419,,46028,,52535,
2023,R1,E164,"Government Engineering College Huvina Hadagali,Bellary Dist.","Computer Science and Engineering",,,,,,,55174,,,,55552,
2023,R1,E165,"Yenepoya Institute of Technology Thodar,Moodbidri","Computer Science and Engineering",61066,,,,,,55618,,59868,,59705,
2023,R1,E166,"K L E Institute of Technology Hubli","Computer Science and Engineering",21462,,,,,,17957,,19045,,20871,
2023,R1,E167,"K L E Ss K L E College of Engineering and Technology Chikkodi, Belgaum Dist.","Artificial Intelligence and Data Science",52087,,,,,,42769,,45675,,55904,
2023,R1,E167,"K L E Ss K L E College of Engineering and Technology Chikkodi, Belgaum Dist.","Computer Science and Engineering",36919,,,,,,29373,,30821,,33070,
2023,R1,E168,"Amrutha Institute of Engineering and Mangement Bidadi Indust. Estate,Ban'lore","Computer Science and Engineering",59037,,,,,,58119,,61874,,65501,
2023,R1,E169,"Alva`s Institute of Engineering and Technology Moodabidri,","Artificial Intelligence and Machine Learning",47190,,,,,,46333,,54385,,49237,
2023,R1,E169,"Alva`s Institute of Engineering and Technology Moodabidri,","Computer Science and Engineering",36782,,,,,,35628,,36283,,37385,
2023,R1,E169,"Alva`s Institute of Engineering and Technology Moodabidri,","Computer Science and Engineering - Data Science",,,,,65089,,54756,,,,61922,
2023,R1,E169,"Alva`s Institute of Engineering and Technology Moodabidri,","Information Science and Engineering",46353,,,,,,44170,,,,45399,
2023,R1,E171,"Brindavan College of Engineering Yelahanka, Bangalore","Computer Science and Engineering",50304,,,,,,49728,,56014,,56193,
2023,R1,E171,"Brindavan College of Engineering Yelahanka, Bangalore","Information Science and Engineering",58357,,,,,,56300,,,,59848,
2023,R1,E172,"R.R.Institute of Technology Chikkabanavara, Bangalore","Computer Science and Engineering",46971,,,,,,46239,,57030,,52881,
2023,R1,E172,"R.R.Institute of Technology Chikkabanavara, Bangalore","Information Science and Engineering",53059,,,,,,51979,,,,56977,
2023,R1,E173,"Sai Vidya Institute of Technology Bangalore","Computer Science (AI and Machine Learning)",45715,,,,,,45683,,81649,,52359,
2023,R1,E173,"Sai Vidya Institute of Technology Bangalore","Computer Science and Engineering",28434,,,,,,26796,,34882,,31854,
2023,R1,E173,"Sai Vidya Institute of Technology Bangalore","Computer Science and Engineering - Data Science",56401,,89724,,68887,,55664,,78647,,62018,
2023,R1,E173,"Sai Vidya Institute of Technology Bangalore","Information Science and Engineering",37041,,,,,,36992,,47803,,45609,
2023,R1,E175,"S.G.Balekundri Institute of Technology Belgaum","Artificial Intelligence and Data Science",70076,,,,,,56896,,60185,,67157,
2023,R1,E175,"S.G.Balekundri Institute of Technology Belgaum","Computer Science and Engineering",50724,,,,58820,,36850,,38417,,44596,
2023,R1,E177,"Rajeev Institute of Technology Hassan","Computer Science and Engineering",42971,,,,,,42015,,52338,,49319,
2023,R1,E177,"Rajeev Institute of Technology Hassan","Information Science and Engineering",55685,,,,,,53629,,65660,,59769,
2023,R1,E178,"The National Institute of Engineering(NORTH CAMPUS) Mysore","Computer Science (AI and Machine Learning)",7631,,,,,,7603,,17920,,11038,
2023,R1,E178,"The National Institute of Engineering(NORTH CAMPUS) Mysore","Computer Science and Engineering",4893,,,,6041,,4700,,7527,,5882,
2023,R1,E178,"The National Institute of Engineering(NORTH CAMPUS) Mysore","Information Science and Engineering",7150,,,,8764,,6607,,11835,,8556,
2023,R1,E185,"Angadi Institute of Technology and Management Belgaum","Computer Science and Engineering",56118,,,,,,46424,,47957,,50161,
2023,R1,E186,"ACS College of Engineering Kengeri Hobli,Bangalore","Computer Science and Engineering",40834,,,,,,39386,,48293,,48800,
2023,R1,E186,"ACS College of Engineering Kengeri Hobli,Bangalore","Computer Science and Engineering - Data Science",57585,,,,,,57263,,,,70239,
2023,R1,E188,"Vijaya Vittala Institute of Technology Bangalore","Computer Science and Engineering",61510,,,,,,59800,,61267,,61912,
2023,R1,E189,"Navkis College of Engineering (Formerly NDRKIT) Kandali, Hassan","Artificial Intelligence and Data Science",61257,,,,66212,,59022,,84171,,59152,
2023,R1,E189,"Navkis College of Engineering (Formerly NDRKIT) Kandali, Hassan","Artificial Intelligence and Machine Learning",59462,,,,,,56128,,,,64554,
2023,R1,E189,"Navkis College of Engineering (Formerly NDRKIT) Kandali, Hassan","Computer Science and Engineering",40504,,,,,,38775,,64255,,48993,
2023,R1,E194,"Government Engineering College KARWAR","Computer Science and Engineering",63475,,,,67694,,53377,,56847,,60139,
2023,R1,E196,"Jain College of Engineering Machche,Belgaum","Computer Science (AI and Machine Learning)",68277,,,,,,39644,,40348,,48230,
2023,R1,E196,"Jain College of Engineering Machche,Belgaum","Computer Science and Engineering",32730,,,,,,28127,,28883,,32608,
2023,R1,E198,"Sharnbasva University College for Women(Formerly Godutai) Gulbarga","Computer Science and Engineering",56049,,,,,,49497,,,,54784,
2023,R1,E199,"AGM Rural Engineering College Hubli, Darward (D)","Computer Science and Engineering",66283,,,,,,50121,,50607,,55063,
2023,R1,E201,"Gopalan College of Engineering and Management White Field, Bangalore","Computer Science and Engineering",48782,,,,,,45580,,50905,,54101,
2023,R1,E201,"Gopalan College of Engineering and Management White Field, Bangalore","Information Science and Engineering",,,100841,,,,57575,,73911,,69340,
2023,R1,E203,"K.S. School of Engineering And Management Mallasandra, Bangalore","Artificial Intelligence and Data Science",52660,,,,,,50598,,72987,,63148,
2023,R1,E203,"K.S. School of Engineering And Management Mallasandra, Bangalore","Computer Science and Engineering",46972,,,,,,45996,,50778,,51846,
2023,R1,E204,"Bangalore Technological Institute Sarjapura Rd, Bangalore","Artificial Intelligence and Machine Learning",,,,,,,50896,,,,57599,
2023,R1,E204,"Bangalore Technological Institute Sarjapura Rd, Bangalore","Computer Science and Engineering",46048,,,,,,44519,,46447,,51283,
2023,R1,E205,"ATME College of Engineering Varun hobli,Mysore","Computer Science (AI and Machine Learning)",48892,,,,,,42001,,,,48368,
2023,R1,E205,"ATME College of Engineering Varun hobli,Mysore","Computer Science and Engineering",34127,,,,,,33717,,38431,,35707,
2023,R1,E205,"ATME College of Engineering Varun hobli,Mysore","Computer Science and Engineering - Data Science",51250,,,,,,50552,,60026,,53627,
2023,R1,E206,"Shri Madhwa Vadiraja Institute of Technology and Management Udupi Dist","Artificial Intelligence and Data Science",84892,,,,98928,,47361,,,,47459,
2023,R1,E206,"Shri Madhwa Vadiraja Institute of Technology and Management Udupi Dist","Artificial Intelligence and Machine Learning",75293,,,,,,56179,,58416,,57634,
2023,R1,E206,"Shri Madhwa Vadiraja Institute of Technology and Management Udupi Dist","Computer Science and Engineering",70895,,,,,,35131,,39746,,41680,
2023,R1,E209,"Jyothi Institute of Technology Bangalore","Artificial Intelligence and Machine Learning",44354,,,,,,42548,,82286,,56098,
2023,R1,E209,"Jyothi Institute of Technology Bangalore","Computer Science and Engineering",33606,,,,,,32619,,48980,,41852,
2023,R1,E209,"Jyothi Institute of Technology Bangalore","Information Science and Engineering",41396,,,,,,39168,,,,47161,
2023,R1,E211,"Jain Institute of Technology Cross,Davanagere","Computer Science and Engineering",49125,,,,,,44880,,49879,,51228,
2023,R1,E211,"Jain Institute of Technology Cross,Davanagere","Information Science and Engineering",58868,,,,,,58681,,64013,,68364,
2023,R1,E212,"Dayananda Sagar Academy of Technology Kanakapur Main Road Bangalore","Artificial Intelligence and Machine Learning",15323,,,,,,14637,,24508,,17541,
2023,R1,E212,"Dayananda Sagar Academy of Technology Kanakapur Main Road Bangalore","Computer Science and Design",25506,,,,32847,,22831,,43198,,26406,
2023,R1,E212,"Dayananda Sagar Academy of Technology Kanakapur Main Road Bangalore","Computer Science (Artificial Intelligence)",20526,,,,,,17667,,25732,,24455,
2023,R1,E212,"Dayananda Sagar Academy of Technology Kanakapur Main Road Bangalore","Computer Science and Engineering",13823,,,,15926,,13382,,14249,,15828,
2023,R1,E212,"Dayananda Sagar Academy of Technology Kanakapur Main Road Bangalore","Computer Science - Cyber Security",22660,,,,,,20813,,,,24610,
2023,R1,E212,"Dayananda Sagar Academy of Technology Kanakapur Main Road Bangalore","Computer Science and Engineering - Data Science",19122,,,,,,18972,,42684,,22437,
2023,R1,E212,"Dayananda Sagar Academy of Technology Kanakapur Main Road Bangalore","Computer Science - IoT and Cyber Security",25263,,,,,,23978,,44346,,26186,
2023,R1,E212,"Dayananda Sagar Academy of Technology Kanakapur Main Road Bangalore","Information Science and Engineering",16793,,,,,,16565,,16982,,18978,
2023,R1,E216,"Shetty Institute of Technology Gulbarga","Computer Science and Engineering",,,,,,,57919,,,,61927,
2023,R1,E220,"Alliance University Bangalore","Computer Science and Engineering",43936,,,,55432,,40850,,55779,,53141,
2023,R1,E222,"Cambridge Institutute of Technology-North Campus Devanahalli(TQ),Bangalore(R)","Computer Science and Engineering",45954,,,,,,42781,,49077,,48209,
2023,R1,E222,"Cambridge Institutute of Technology-North Campus Devanahalli(TQ),Bangalore(R)","Computer Science - Cyber Security",58028,,,,59250,,57126,,90574,,57607,
2023,R1,E232,"Reva University Bangalore","Computer Science and Engineering",13540,,,,17182,,12890,,18186,,16507,
2023,R1,E235,"M.S. Ramaiah University of Applied Sciences Bangalore","Computer Science and Engineering",12208,,,,,,10518,,19184,,17916,
2023,R1,E237,"Presidency University Yelahanka, Bangalore","Computer Science and Engineering",37321,,54409,,44347,,34108,,46154,,42885,
2023,R1,E237,"Presidency University Yelahanka, Bangalore","Computer Science (Networks)",48732,,,,,,39274,,79929,,57192,
2023,R1,E238,"Mysuru Royal Institute of Technology Mandya (D)","Computer Science and Engineering",58586,,,,,,57472,,67532,,61923,
2023,R1,E239,"East West College of Engineering Yelahanka New Town, Bangalore","Computer Science and Engineering",41076,,,,,,40986,,42844,,45069,
2023,R1,E240,"Dayananda Sagar University Hosur Road, Bangalore","Computer Science and Engineering",24116,,,,25929,,21343,,32871,,25670,
2023,R1,E241,"KLE Technological University(Formerly BVBCET) Dharward Dist","Computer Science (Artificial Intelligence)",8492,,,,,,7072,,9966,,12613,
2023,R1,E241,"KLE Technological University(Formerly BVBCET) Dharward Dist","Computer Science and Engineering",5842,,,,7038,,4182,,4800,,5446,
2023,R1,E252,"Mysore College of Engineering and Management Mysore","Computer Science and Engineering",53181,,,,,,52987,,60713,,63993,
2023,R1,E252,"Mysore College of Engineering and Management Mysore","Information Science and Engineering",,,67431,,,,57647,,,,65206,
2023,R1,E254,"A J Institute Of Engineering And Technology MANGALORE","Artificial Intelligence and Data Science",58233,,,,59311,,52995,,55655,,53987,
2023,R1,E254,"A J Institute Of Engineering And Technology MANGALORE","Computer Science (AI and Machine Learning)",,,,,,,50099,,63303,,60796,
2023,R1,E254,"A J Institute Of Engineering And Technology MANGALORE","Computer Science and Engineering",40411,,,,,,38461,,38848,,43662,
2023,R1,E254,"A J Institute Of Engineering And Technology MANGALORE","Information Science and Engineering",50371,,,,,,45419,,,,46794,
2023,R1,E255,"Gitam School Of Technology BANGALORE RURAL DIST","Computer Science (AI and Machine Learning)",55418,,,,,,52672,,76096,,61768,
2023,R1,E255,"Gitam School Of Technology BANGALORE RURAL DIST","Computer Science and Engineering",43303,,,,53661,,42018,,47728,,52172,
2023,R1,E255,"Gitam School Of Technology BANGALORE RURAL DIST","Computer Science - Cyber Security",,,,,,,55139,,64142,,56552,
2023,R1,E255,"Gitam School Of Technology BANGALORE RURAL DIST","Computer Science and Engineering - Data Science",55817,,,,,,55674,,,,62197,
2023,R1,E257,"CMR University CHAGALATTI, BANGALORE","Computer Science and Engineering",33684,,,,42024,,31107,,42447,,40481,
2023,R1,E257,"CMR University CHAGALATTI, BANGALORE","Computer Science (AI and Machine Learning)",35411,,,,,,34209,,44633,,55852,
2023,R1,E258,"Maharaja Institute of Technology THANDAVAPURA, MYSORE","Artificial Intelligence and Data Science",40159,,,,,,38001,,54215,,52697,
2023,R1,E258,"Maharaja Institute of Technology THANDAVAPURA, MYSORE","Computer Science (AI and Machine Learning)",51163,,71320,,,,51089,,,,55608,
2023,R1,E258,"Maharaja Institute of Technology THANDAVAPURA, MYSORE","Computer Science and Engineering",31170,,,,,,30403,,35571,,38475,
2023,R1,E265,"Jain College of Engineering and Technology Hubballi","Artificial Intelligence and Machine Learning",52382,,,,,,44016,,49374,,56727,
2023,R1,E265,"Jain College of Engineering and Technology Hubballi","Computer Science and Engineering",41070,,,,,,36741,,37548,,40462,
2023,R1,E269,"Jain College of Engineering and Research Udyambhag, Belgaum","Computer Science (AI and Machine Learning)",74339,,,,,,56692,,59836,,64894,
2023,R1,E269,"Jain College of Engineering and Research Udyambhag, Belgaum","Computer Science and Engineering",39936,,,,,,35884,,36276,,36364,
2023,R1,E272,"Government Engineering College Talakal,Koppal","Computer Science and Engineering",,,,,,,46446,,47006,,49174,
2023,R1,E273,"Government Engineering College Viprasainagar, Gangavathi","Computer Science and Engineering",59464,,,,,,56807,,,,58073,
2023,R1,E274,"Government Engineering College Moselehosahalli,Hassan","Computer Science and Engineering",47293,,,,,,47108,,49772,,48780,
2023,R1,E275,"R V Institute of Technology and Management JP Nagar, Bengaluru","Computer Science and Engineering",8441,,,,,,7076,,8821,,10544,
2023,R1,E275,"R V Institute of Technology and Management JP Nagar, Bengaluru","Information Science and Engineering",9294,,,,,,9106,,20555,,15726,
2023,R1,E279,"Visvesvaraya Technological University Belgaum","Computer Science and Engineering",29217,,,,29260,,20281,,20656,,22675,
2023,R1,E281,"Government Engineering College Challakere,Chitradurga","Artificial Intelligence and Machine Learning",68268,,85832,,,,56011,,59661,,65657,
2023,R1,E281,"Government Engineering College Challakere,Chitradurga","Computer Science and Engineering",65463,,,,68459,,54646,,61787,,59422,
2023,R1,E283,"University of Mysore Mysore","Artificial Intelligence and Data Science",46008,,,,,,41613,,48390,,52040,
2023,R1,E283,"University of Mysore Mysore","Artificial Intelligence and Machine Learning",41004,,,,62096,,40410,,46081,,54794,
2023,R1,E283,"University of Mysore Mysore","Computer Science and Design",61480,,,,,,58249,,70601,,78974,
2023,R1,E284,"Sri Jayachamarajendra College of Engineering(Const. of JSS Univ.) Mysore","Computer Science and Engineering",2585,,,,,,2408,,7271,,4796,
2023,R1,E285,"R V University Bangalore","Computer Science and Engineering",8848,,23078,,15150,,6911,,16126,,14871,
2023,R1,E286,"BGS College of Engineering and Technology Mahalakshmipuram,Bangalore","Artificial Intelligence and Data Science",39404,,,,,,38660,,,,45246,
2023,R1,E286,"BGS College of Engineering and Technology Mahalakshmipuram,Bangalore","Artificial Intelligence and Machine Learning",38378,,,,48618,,37628,,54980,,41451,
2023,R1,E286,"BGS College of Engineering and Technology Mahalakshmipuram,Bangalore","Computer Science and Design",,,,,,,48577,,71888,,56994,
2023,R1,E286,"BGS College of Engineering and Technology Mahalakshmipuram,Bangalore","Computer Science and Engineering",24107,,,,,,22422,,,,28067,
2023,R1,E286,"BGS College of Engineering and Technology Mahalakshmipuram,Bangalore","Information Science and Engineering",28372,,,,,,26993,,49583,,36226,
2023,R1,E288,"Garden City University Bangalore","Computer Science and Engineering",50144,,,,65505,,48487,,69070,,64647,
2023,R1,E289,"Visvesvaraya Technological University - Regional Center Rajapur,Kalburgi","Computer Science and Engineering",,,59679,,,,34063,,,,35093,
2023,R1,E290,"Visvesvaraya Technological University - Regional Center Mysore","Computer Science and Engineering",26455,,,,29822,,25034,,25075,,26871,
2023,R1,E291,"Government Engineering College Naragund,Gadag","Artificial Intelligence and Data Science",63271,,,,88517,,59427,,68518,,72882,
2023,R1,E291,"Government Engineering College Naragund,Gadag","Computer Science and Engineering",65486,,,,,,59099,,59527,,64506,
2023,R1,E292,"Government Engineering College Bidar","Computer Science and Engineering",62495,,,,,,42443,,,,43458,
2023,R1,E297,"ADITYA COLLEGE OF ENGINEERING AND TECHNOLOGY YELAHANKA, BANGALORE","Computer Science and Engineering",61789,,,,,,56966,,60634,,69513,
2023,R1,E300,"AKASH INTITUTE OF ENGINEERING AND TECHNOLOGY KASABA HOBLI, BANGALORE RURAL","Computer Science and Engineering",60353,,,,,,59997,,,,66567,
2023,R2,E001,"University of Visvesvaraya College of Engineering Bangalore ( PUBLIC UNIV. )","Artificial Intelligence and Machine Learning",5487,,,,,,5267,,7979,,8298,
2023,R2,E001,"University of Visvesvaraya College of Engineering Bangalore ( PUBLIC UNIV. )","Computer Science and Engineering",3400,,,,5402,,2929,,4712,,5127,
2023,R2,E001,"University of Visvesvaraya College of Engineering Bangalore ( PUBLIC UNIV. )","Information Science and Engineering",4247,,,,,,4009,,7193,,5962,
2023,R2,E002,"S K S J T Institute of Engineering. Bangalore","Computer Science and Engineering",15815,,,,,,15261,,19704,,17703,
2023,R2,E004,"Dr. Ambedkar Institute Of Technology Bangalore","Computer Science and Engineering",9486,,11482,,,,9059,,9790,,10853,
2023,R2,E005,"R. V. College of Engineering Bangalore","Artificial Intelligence and Machine Learning",1213,,,,,,660,,3175,,2190,
2023,R2,E005,"R. V. College of Engineering Bangalore","Computer Science and Engineering",397,,,,844,,310,,1659,,731,
2023,R2,E005,"R. V. College of Engineering Bangalore","Computer Science - Cyber Security",1177,,5075,,,,726,,,,2620,
2023,R2,E005,"R. V. College of Engineering Bangalore","Computer Science and Engineering - Data Science",839,,,,,,511,,2750,,1777,
2023,R2,E005,"R. V. College of Engineering Bangalore","Information Science and Engineering",659,,,,,,435,,3599,,976,
2023,R2,E006,"M S Ramaiah Institute of Technology Bangalore","Artificial Intelligence and Data Science",3678,,,,5810,,2860,,3294,,5634,
2023,R2,E006,"M S Ramaiah Institute of Technology Bangalore","Artificial Intelligence and Machine Learning",2966,,,,,,2415,,6501,,4590,
2023,R2,E006,"M S Ramaiah Institute of Technology Bangalore","Computer Science (AI and Machine Learning)",3293,,,,5229,,2230,,7784,,3977,
2023,R2,E006,"M S Ramaiah Institute of Technology Bangalore","Computer Science and Engineering",1553,,,,,,1171,,3592,,2836,
2023,R2,E006,"M S Ramaiah Institute of Technology Bangalore","Computer Science - Cyber Security",3764,,,,,,2762,,,,5561,
2023,R2,E006,"M S Ramaiah Institute of Technology Bangalore","Information Science and Engineering",2328,,,,,,1995,,4207,,3260,
2023,R2,E007,"Dayananda Sagar College of Engineering Bangalore","Artificial Intelligence and Machine Learning",5459,,,,,,4892,,,,7724,
2023,R2,E007,"Dayananda Sagar College of Engineering Bangalore","Computer Science and Design",11288,,,,,,8863,,,,17362,
2023,R2,E007,"Dayananda Sagar College of Engineering Bangalore","Computer Science and Engineering",4091,,,,5865,,3677,,6701,,5247,
2023,R2,E007,"Dayananda Sagar College of Engineering Bangalore","Computer Science - Cyber Security",8509,,,,,,6538,,,,10111,
2023,R2,E007,"Dayananda Sagar College of Engineering Bangalore","Computer Science and Engineering - Data Science",7102,,,,,,5839,,12872,,8933,
2023,R2,E007,"Dayananda Sagar College of Engineering Bangalore","Computer Science - IoT and Cyber Security",9857,,,,,,8208,,,,11980,
2023,R2,E007,"Dayananda Sagar College of Engineering Bangalore","Information Science and Engineering",6038,,,,,,5528,,11255,,7718,
2023,R2,E007,"Dayananda Sagar College of Engineering Bangalore","Robotics and Artificial Intelligence",16693,,,,,,12588,,,,27621,
2023,R2,E008,"Bangalore Institute of Technology Bangalore","Artificial Intelligence and Machine Learning",7355,,23188,,,,6735,,,,10702,
2023,R2,E008,"Bangalore Institute of Technology Bangalore","Computer Science and Engineering",5748,,,,7715,,5509,,8229,,7162,
2023,R2,E008,"Bangalore Institute of Technology Bangalore","Computer Science and Engineering - Data Science",9433,,,,,,8122,,19877,,12102,
2023,R2,E008,"Bangalore Institute of Technology Bangalore","Computer Science - IoT and Cyber Security",13217,,,,,,10775,,,,16844,
2023,R2,E008,"Bangalore Institute of Technology Bangalore","Information Science and Engineering",7597,,,,,,7440,,11622,,8775,
2023,R2,E008,"Bangalore Institute of Technology Bangalore","Robotics and Artificial Intelligence",17170,,,,,,16915,,50409,,17860,
2023,R2,E009,"P E S University (Ring Road Campus) Bangalore","Computer Science and Engineering",1614,,,,3481,,1124,,4618,,3215,
2023,R2,E011,"M V J College of Engineering Bangalore","Artificial Intelligence and Machine Learning",,,,,,,21704,,,,21994,
2023,R2,E011,"M V J College of Engineering Bangalore","Computer Science and Design",33323,,,,,,33121,,,,46353,
2023,R2,E011,"M V J College of Engineering Bangalore","Computer Science and Engineering",20455,,,,,,19389,,21357,,21961,
2023,R2,E011,"M V J College of Engineering Bangalore","Computer Science and Engineering - Data Science",25365,,,,32307,,25338,,,,30524,
2023,R2,E011,"M V J College of Engineering Bangalore","Information Science and Engineering",24186,,,,,,22211,,27584,,24477,
2023,R2,E012,"Sir M.Visveswaraya Institute of Technology Hunasemaranahalli,Bangalore,","Artificial Intelligence and Machine Learning",14225,,,,17560,,13622,,20276,,16682,
2023,R2,E012,"Sir M.Visveswaraya Institute of Technology Hunasemaranahalli,Bangalore,","Computer Science and Engineering",10594,,,,,,9858,,10166,,11664,
2023,R2,E012,"Sir M.Visveswaraya Institute of Technology Hunasemaranahalli,Bangalore,","Computer Science - IoT and Cyber Security",18390,,,,,,17947,,,,26383,
2023,R2,E012,"Sir M.Visveswaraya Institute of Technology Hunasemaranahalli,Bangalore,","Information Science and Engineering",12941,,,,15839,,12914,,18553,,15536,
2023,R2,E014,"S J C Institute of Technology Chickballapur","Artificial Intelligence and Data Science",40132,,61295,,,,33747,,,,40900,
2023,R2,E014,"S J C Institute of Technology Chickballapur","Computer Science (AI and Machine Learning)",39723,,,,,,36618,,,,41127,
2023,R2,E014,"S J C Institute of Technology Chickballapur","Computer Science and Engineering",26691,,,,,,25222,,32835,,31532,
2023,R2,E014,"S J C Institute of Technology Chickballapur","Information Science and Engineering",36776,,,,,,35799,,46256,,39698,
2023,R2,E016,"Siddaganga Institute of Technology Tumkur","Artificial Intelligence and Data Science",11605,,,,,,10054,,12877,,11705,
2023,R2,E016,"Siddaganga Institute of Technology Tumkur","Computer Science (AI and Machine Learning)",10063,,,,,,9869,,,,10066,
2023,R2,E016,"Siddaganga Institute of Technology Tumkur","Computer Science and Engineering",6454,,,,,,5328,,8226,,6739,
2023,R2,E016,"Siddaganga Institute of Technology Tumkur","Information Science and Engineering",8296,,,,,,8223,,10632,,9434,
2023,R2,E017,"Sri Siddartha Institute of Technology Tumkur","Artificial Intelligence and Machine Learning",,,,,,,33389,,34417,,38324,
2023,R2,E017,"Sri Siddartha Institute of Technology Tumkur","Computer Science and Engineering",28174,,,,35058,,27296,,32692,,34100,
2023,R2,E017,"Sri Siddartha Institute of Technology Tumkur","Computer Science - Cyber Security",54216,,102108,,,,51848,,,,64249,
2023,R2,E017,"Sri Siddartha Institute of Technology Tumkur","Computer Science and Engineering - Data Science",,,,,,,48429,,65905,,49050,
2023,R2,E017,"Sri Siddartha Institute of Technology Tumkur","Information Science and Engineering",34437,,,,,,34131,,45463,,40942,
2023,R2,E018,"Kalpatharu Institute of Technology Tiptur","Computer Science and Engineering",56578,,,,,,50716,,62426,,54798,
2023,R2,E021,"Sri Jayachamarajendra College of Engineering(Const. of JSS Univ.) Mysore","Computer Science and Engineering",2239,,,,,,1854,,2863,,3783,
2023,R2,E028,"Tontadarya College of Engineering Gadag","Computer Science and Engineering",55223,,,,,,47427,,50385,,55946,
2023,R2,E029,"Maratha Mandal Engineering College Belgaum","Computer Science and Engineering",73373,,,,,,59603,,61989,,67031,
2023,R2,E031,"Basaveshwara Engineering College Bagalkot","Computer Science and Engineering",15194,,,,21733,,14950,,14976,,17391,
2023,R2,E033,"Sri Taralabalu Jagadguru Institute of Technology. Ranebennur","Computer Science and Engineering",72042,,,,,,58547,,,,61927,
2023,R2,E034,"Sri Dharmasthala Manjunatheswara College of Engineering Dharwad","Artificial Intelligence and Machine Learning",20686,,,,25732,,14819,,18780,,15577,
2023,R2,E034,"Sri Dharmasthala Manjunatheswara College of Engineering Dharwad","Computer Science and Engineering",12878,,,,,,10164,,10812,,11339,
2023,R2,E034,"Sri Dharmasthala Manjunatheswara College of Engineering Dharwad","Information Science and Engineering",13294,,,,,,12508,,13477,,14261,
2023,R2,E036,"KLE Technological University(Formerly KLE Dr.MS Sheshagiri Col.) Belgaum","Computer Science (Artificial Intelligence)",35493,,,,,,19602,,25677,,21944,
2023,R2,E036,"KLE Technological University(Formerly KLE Dr.MS Sheshagiri Col.) Belgaum","Computer Science and Engineering",21220,,,,,,16417,,16436,,18792,
2023,R2,E037,"K.L.S. Gogte Institute of Technology Belgaum","Computer Science and Engineering",13528,,,,,,9207,,10573,,11682,
2023,R2,E037,"K.L.S. Gogte Institute of Technology Belgaum","Information Science and Engineering",16401,,,,22761,,15045,,16654,,18432,
2023,R2,E038,"B L D E As V.P. Dr. P. G. Hallakatti College of Engg. and Tech. vijayapur","Computer Science (AI and Machine Learning)",66957,,,,,,42102,,,,56991,
2023,R2,E038,"B L D E As V.P. Dr. P. G. Hallakatti College of Engg. and Tech. vijayapur","Computer Science and Engineering",36495,,,,46113,,28737,,31201,,35234,
2023,R2,E038,"B L D E As V.P. Dr. P. G. Hallakatti College of Engg. and Tech. vijayapur","Computer Science and Engineering - Data Science",64198,,104662,,,,51625,,,,69394,
2023,R2,E038,"B L D E As V.P. Dr. P. G. Hallakatti College of Engg. and Tech. vijayapur","Information Science and Engineering",39222,,,,61441,,37919,,40401,,41160,
2023,R2,E040,"Hira Sugar Institute of Technology Belagavi District,","Computer Science and Engineering",51221,,,,,,45121,,45431,,46628,
2023,R2,E042,"Khaja Banda Nawaz University Kalburgi","Computer Science and Engineering",,,,,,,47454,,60534,,72613,
2023,R2,E043,"Gurunanak Dev Engineering College Bidar","Artificial Intelligence and Machine Learning",,,,,,,53806,,,,,
2023,R2,E043,"Gurunanak Dev Engineering College Bidar","Computer Science and Engineering",47945,,,,,,34650,,,,43402,
2023,R2,E043,"Gurunanak Dev Engineering College Bidar","Computer Science and Engineering - Data Science",119347,,,,,,58930,,,,,
2023,R2,E044,"Bheemanna Khandre Institute of Technology Bhalki","Computer Science (AI and Machine Learning)",98580,,,,,,59730,,,,,
2023,R2,E044,"Bheemanna Khandre Institute of Technology Bhalki","Computer Science and Engineering",,,,,,,39688,,,,47154,
2023,R2,E045,"Rao Bahadur Y.Mahabaleswarappa Engineering College Bellari","Computer Science and Engineering",58738,,,,,,44261,,,,51232,
2023,R2,E046,"H K Es S L N College of Engineering Raichur","Computer Science and Engineering",,,,,,,59416,,,,72527,
2023,R2,E047,"Malnad College of Engineering Hassan","Computer Science (AI and Machine Learning)",25139,,,,,,23935,,26289,,27140,
2023,R2,E047,"Malnad College of Engineering Hassan","Computer Science and Engineering",15977,,,,,,15544,,22733,,17361,
2023,R2,E047,"Malnad College of Engineering Hassan","Information Science and Engineering",24566,,,,,,22651,,23123,,25903,
2023,R2,E048,"B M S College of Engineering Basavanagudi,Bangalore","Artificial Intelligence and Data Science",,,,,,,2148,,10891,,5092,
2023,R2,E048,"B M S College of Engineering Basavanagudi,Bangalore","Artificial Intelligence and Machine Learning",3113,,,,5436,,2399,,11269,,5390,
2023,R2,E048,"B M S College of Engineering Basavanagudi,Bangalore","Computer Science and Engineering",1594,,,,2339,,1027,,3057,,1817,
2023,R2,E048,"B M S College of Engineering Basavanagudi,Bangalore","Computer Science and Engineering - Data Science",2538,,,,,,1559,,,,2571,
2023,R2,E048,"B M S College of Engineering Basavanagudi,Bangalore","Computer Science - IoT and Cyber Security",3885,,,,,,2368,,18019,,7765,
2023,R2,E048,"B M S College of Engineering Basavanagudi,Bangalore","Information Science and Engineering",2065,,,,4017,,1927,,6820,,3819,
2023,R2,E049,"Basaveshwara Engineering College Bagalkot","Artificial Intelligence and Machine Learning",34488,,,,,,27798,,29799,,33244,
2023,R2,E049,"Basaveshwara Engineering College Bagalkot","Computer Science and Engineering",23297,,,,,,19216,,20851,,23492,
2023,R2,E049,"Basaveshwara Engineering College Bagalkot","Information Science and Engineering",27976,,,,,,27243,,27731,,29908,
2023,R2,E054,"K V G College of Engineering Sullia,D.K District","Computer Science and Engineering",59680,,,,,,59332,,65999,,70346,
2023,R2,E055,"P A College of Engineering Bantwal, Mangalore","Computer Science and Engineering",77387,,,,,,59058,,64290,,61982,
2023,R2,E057,"JSS Science and Technology University(Formerly SJCE) Mysore","Computer Science and Engineering",3227,,,,,,3063,,4666,,4636,
2023,R2,E057,"JSS Science and Technology University(Formerly SJCE) Mysore","Information Science and Engineering",4097,,,,,,3835,,7411,,5653,
2023,R2,E058,"P E S College of Engineering Mandya","Computer Science (AI and Machine Learning)",22325,,,,,,22300,,45946,,23860,
2023,R2,E058,"P E S College of Engineering Mandya","Computer Science and Engineering",16262,,,,,,16230,,19290,,19341,
2023,R2,E058,"P E S College of Engineering Mandya","Computer Science and Engineering - Data Science",28286,,,,31035,,27404,,32243,,30514,
2023,R2,E058,"P E S College of Engineering Mandya","Information Science and Engineering",18259,,,,,,18223,,,,24082,
2023,R2,E059,"P D A College of Engineering Gulbarga","Artificial Intelligence and Machine Learning",,,,,,,31385,,,,41182,
2023,R2,E059,"P D A College of Engineering Gulbarga","Computer Science and Design",120945,,,,,,50981,,,,,
2023,R2,E059,"P D A College of Engineering Gulbarga","Computer Science and Engineering",31024,,,,,,24595,,24852,,32274,
2023,R2,E059,"P D A College of Engineering Gulbarga","Information Science and Engineering",,,,,,,39005,,,,45374,
2023,R2,E060,"Dr. Ambedkar Institute Of Technology Jnanabharathi Campus,Bangalore","Artificial Intelligence and Machine Learning",16635,,,,,,15564,,24359,,18256,
2023,R2,E060,"Dr. Ambedkar Institute Of Technology Jnanabharathi Campus,Bangalore","Computer Science and Engineering",13006,,,,,,12920,,19847,,14671,
2023,R2,E060,"Dr. Ambedkar Institute Of Technology Jnanabharathi Campus,Bangalore","Information Science and Engineering",14331,,,,,,14147,,21046,,15819,
2023,R2,E061,"University B.D.T. college of Engineering Davangere","Computer Science and Engineering",22301,,54469,,,,18422,,19047,,20414,
2023,R2,E062,"Bapuji Institute of Engineering and Technology Davangere","Artificial Intelligence and Machine Learning",34434,,,,,,31214,,34121,,39732,
2023,R2,E062,"Bapuji Institute of Engineering and Technology Davangere","Computer Science and Design",56774,,,,,,50240,,,,58801,
2023,R2,E062,"Bapuji Institute of Engineering and Technology Davangere","Computer Science and Engineering",22986,,,,29087,,20450,,23914,,22417,
2023,R2,E062,"Bapuji Institute of Engineering and Technology Davangere","Computer Science and Engineering - Data Science",37660,,,,,,35752,,,,48525,
2023,R2,E062,"Bapuji Institute of Engineering and Technology Davangere","Information Science and Engineering",36299,,,,,,27730,,35554,,32608,
2023,R2,E064,"Adhichunchanagiri Institute of Technology Chickmagalur","Artificial Intelligence and Machine Learning",47486,,,,,,41174,,,,42037,
2023,R2,E064,"Adhichunchanagiri Institute of Technology Chickmagalur","Computer Science and Engineering",31374,,,,,,30186,,33226,,32241,
2023,R2,E064,"Adhichunchanagiri Institute of Technology Chickmagalur","Computer Science and Engineering - Data Science",56607,,,,,,55017,,61755,,56311,
2023,R2,E064,"Adhichunchanagiri Institute of Technology Chickmagalur","Information Science and Engineering",,,,,,,36429,,,,40444,
2023,R2,E065,"Jawaharlal Nehru National College of Engineering Shimoga","Artificial Intelligence and Machine Learning",,,,,,,32678,,44731,,36627,
2023,R2,E065,"Jawaharlal Nehru National College of Engineering Shimoga","Computer Science and Engineering",22649,,,,,,20835,,34006,,24622,
2023,R2,E065,"Jawaharlal Nehru National College of Engineering Shimoga","Computer Science and Engineering - Data Science",,,89724,,,,37281,,,,47895,
2023,R2,E065,"Jawaharlal Nehru National College of Engineering Shimoga","Information Science and Engineering",29603,,,,,,29384,,35501,,33081,
2023,R2,E070,"Bahubali College of Engineering Hassan Dist,","Computer Science and Engineering",62719,,,,,,58861,,64143,,59650,
2023,R2,E071,"Vidya Vardhaka College of Engineering Mysuru","Computer Science (AI and Machine Learning)",17245,,,,,,16655,,35661,,19604,
2023,R2,E071,"Vidya Vardhaka College of Engineering Mysuru","Computer Science and Engineering",11859,,,,14494,,11071,,13337,,13878,
2023,R2,E071,"Vidya Vardhaka College of Engineering Mysuru","Information Science and Engineering",15662,,,,18232,,14689,,22989,,17780,
2023,R2,E075,"Ballari Institute of Technology and Management Near Allipur Bellary","Artificial Intelligence and Machine Learning",52430,,,,,,39627,,46924,,59869,
2023,R2,E075,"Ballari Institute of Technology and Management Near Allipur Bellary","Computer Science (Artificial Intelligence)",,,,,,,47643,,,,52590,
2023,R2,E075,"Ballari Institute of Technology and Management Near Allipur Bellary","Computer Science and Engineering",21520,,,,,,20977,,32085,,30520,
2023,R2,E075,"Ballari Institute of Technology and Management Near Allipur Bellary","Computer Science and Engineering - Data Science",67556,,,,,,42986,,42388,,74428,
2023,R2,E076,"Proudadevaraya Institute of Technology Indiranagar Hospet, Ballari DT","Computer Science and Engineering",,,,,,,51864,,,,63085,
2023,R2,E077,"Vidya Vikas Institute of Engineering and Technology Mysuru","Computer Science and Engineering",26063,,,,30179,,25249,,,,29491,
2023,R2,E077,"Vidya Vikas Institute of Engineering and Technology Mysuru","Information Science and Engineering",35667,,,,,,35452,,40665,,37296,
2023,R2,E078,"The Oxford College of Engineering Bangalore","Artificial Intelligence and Machine Learning",30785,,77867,,48293,,29607,,,,34913,
2023,R2,E078,"The Oxford College of Engineering Bangalore","Computer Science and Engineering",26462,,,,,,25465,,28582,,28409,
2023,R2,E078,"The Oxford College of Engineering Bangalore","Information Science and Engineering",33717,,,,,,32429,,37662,,36623,
2023,R2,E079,"Acharya Institute of Technology Bangalore","Artificial Intelligence and Machine Learning",22627,,,,,,22180,,27645,,24400,
2023,R2,E079,"Acharya Institute of Technology Bangalore","Computer Science and Engineering",16325,,,,,,15799,,18912,,17916,
2023,R2,E079,"Acharya Institute of Technology Bangalore","Computer Science and Engineering - Data Science",24030,,,,,,23802,,33813,,28516,
2023,R2,E079,"Acharya Institute of Technology Bangalore","Information Science and Engineering",19574,,,,,,18999,,21326,,20822,
2023,R2,E082,"J S S Academy of Technical Education Bangalore","Computer Science (AI and Machine Learning)",17250,,62500,,21335,,17248,,21934,,20349,
2023,R2,E082,"J S S Academy of Technical Education Bangalore","Computer Science and Engineering",12343,,,,,,11394,,16549,,14493,
2023,R2,E082,"J S S Academy of Technical Education Bangalore","Information Science and Engineering",15736,,,,,,14867,,22438,,18250,
2023,R2,E082,"J S S Academy of Technical Education Bangalore","Robotics and Automation",,,,,,,35979,,,,91511,
2023,R2,E083,"H.K.B.K.College of Engineering Bangalore","Artificial Intelligence and Machine Learning",52327,,,,58940,,50402,,64716,,54794,
2023,R2,E083,"H.K.B.K.College of Engineering Bangalore","Computer Science and Engineering",40854,,,,,,40164,,43641,,45152,
2023,R2,E083,"H.K.B.K.College of Engineering Bangalore","Information Science and Engineering",51777,,,,,,50996,,65512,,55191,
2023,R2,E085,"APS College of Engineering Somanahalli, Bangalore","Computer Science (AI and Machine Learning)",,,,,,,57997,,96381,,66453,
2023,R2,E085,"APS College of Engineering Somanahalli, Bangalore","Computer Science and Engineering",41076,,,,,,40785,,50248,,43097,
2023,R2,E085,"APS College of Engineering Somanahalli, Bangalore","Computer Science - Cyber Security",65829,,,,,,59011,,,,,
2023,R2,E085,"APS College of Engineering Somanahalli, Bangalore","Information Science and Engineering",56771,,,,,,54135,,61119,,57599,
2023,R2,E086,"Sri Sairam College of Engineering(Formerly Shirdi Sai Engg) Anekal,Bangalore","Artificial Intelligence and Machine Learning",60718,,,,,,58865,,,,61014,
2023,R2,E086,"Sri Sairam College of Engineering(Formerly Shirdi Sai Engg) Anekal,Bangalore","Computer Science and Engineering",44757,,,,,,43551,,49043,,45805,
2023,R2,E086,"Sri Sairam College of Engineering(Formerly Shirdi Sai Engg) Anekal,Bangalore","Information Science and Engineering",56056,,,,,,54640,,59312,,62564,
2023,R2,E087,"Vivekananada Institute of Technology Bangalore","Artificial Intelligence and Machine Learning",47319,,,,,,44360,,,,48383,
2023,R2,E087,"Vivekananada Institute of Technology Bangalore","Computer Science and Engineering",37801,,,,,,36342,,39540,,40148,
2023,R2,E087,"Vivekananada Institute of Technology Bangalore","Information Science and Engineering",49128,,,,,,48469,,,,59350,
2023,R2,E088,"Bangalore College of Engineering and Technology Chandapura, Bangalore","Artificial Intelligence and Machine Learning",60949,,,,,,56581,,,,68600,
2023,R2,E088,"Bangalore College of Engineering and Technology Chandapura, Bangalore","Computer Science and Engineering",39874,,,,,,39588,,41993,,48152,
2023,R2,E088,"Bangalore College of Engineering and Technology Chandapura, Bangalore","Information Science and Engineering",54151,,,,,,45234,,67431,,51384,
2023,R2,E090,"Sri Revana Siddeswara Institute of Technology Bangalore North","Computer Science and Engineering",45556,,,,,,44684,,,,51904,
2023,R2,E091,"K S Institute of Technology Bangalore","Artificial Intelligence and Machine Learning",31902,,,,51419,,30285,,,,37039,
2023,R2,E091,"K S Institute of Technology Bangalore","Computer Science and Design",46898,,,,,,37430,,,,73221,
2023,R2,E091,"K S Institute of Technology Bangalore","Computer Science and Engineering",26778,,,,,,26369,,34882,,29406,
2023,R2,E091,"K S Institute of Technology Bangalore","Computer Science - IoT and Cyber Security",44644,,,,,,39511,,116817,,79039,
2023,R2,E092,"Vemana Institute of Technology Bangalore","Artificial Intelligence and Machine Learning",51554,,,,,,47497,,56721,,54776,
2023,R2,E092,"Vemana Institute of Technology Bangalore","Computer Science and Engineering",39749,,,,,,37512,,40083,,40621,
2023,R2,E092,"Vemana Institute of Technology Bangalore","Computer Science and Engineering - Data Science",56678,,,,70647,,56252,,71597,,64620,
2023,R2,E092,"Vemana Institute of Technology Bangalore","Information Science and Engineering",50053,,,,,,48682,,61963,,51829,
2023,R2,E093,"Basavakalyana Engineering College Basavakalyana, Bidar-Dist","Computer Science and Engineering",76636,,,,,,53398,,58429,,,
2023,R2,E094,"Coorg Institute of Technology Kodagu","Computer Science and Engineering",,,,,,,50890,,67131,,52745,
2023,R2,E095,"AMC Engineering College Bangalore","Artificial Intelligence and Machine Learning",31900,,74231,,45074,,31865,,,,42827,
2023,R2,E095,"AMC Engineering College Bangalore","Computer Science (AI and Machine Learning)",48223,,,,,,44985,,76022,,59935,
2023,R2,E095,"AMC Engineering College Bangalore","Computer Science and Engineering",29946,,,,33560,,28949,,33741,,33108,
2023,R2,E095,"AMC Engineering College Bangalore","Computer Science and Engineering - Data Science",51076,,,,,,46104,,48772,,60141,
2023,R2,E095,"AMC Engineering College Bangalore","Information Science and Engineering",39179,,,,,,38605,,40587,,42696,
2023,R2,E096,"East Point College of Engineering and Technology Bangalore","Artificial Intelligence and Data Science",44789,,,,,,43781,,,,59763,
2023,R2,E096,"East Point College of Engineering and Technology Bangalore","Computer Science (AI and Machine Learning)",44639,,113824,,58509,,43381,,,,57820,
2023,R2,E096,"East Point College of Engineering and Technology Bangalore","Computer Science and Engineering",32547,,,,,,31447,,39549,,33811,
2023,R2,E096,"East Point College of Engineering and Technology Bangalore","Information Science and Engineering",47295,,,,,,46798,,60364,,52618,
2023,R2,E097,"C M R Institute of Technology Bangalore","Artificial Intelligence and Data Science",19965,,57718,,29447,,19400,,23141,,21610,
2023,R2,E097,"C M R Institute of Technology Bangalore","Artificial Intelligence and Machine Learning",19003,,,,20766,,18111,,29039,,19218,
2023,R2,E097,"C M R Institute of Technology Bangalore","Computer Science (AI and Machine Learning)",17061,,,,,,16845,,36767,,21959,
2023,R2,E097,"C M R Institute of Technology Bangalore","Computer Science and Engineering",12115,,,,,,11599,,16885,,13123,
2023,R2,E097,"C M R Institute of Technology Bangalore","Computer Science and Engineering - Data Science",18817,,,,,,18260,,,,24446,
2023,R2,E097,"C M R Institute of Technology Bangalore","Information Science and Engineering",15758,,,,,,15584,,20719,,17466,
2023,R2,E098,"Atria Institute of Technology Bangalore","Artificial Intelligence and Machine Learning",34999,,,,,,31840,,52819,,44499,
2023,R2,E098,"Atria Institute of Technology Bangalore","Computer Science and Design",56767,,,,75623,,52947,,67947,,72183,
2023,R2,E098,"Atria Institute of Technology Bangalore","Computer Science and Engineering",26049,,,,,,25761,,28445,,29696,
2023,R2,E098,"Atria Institute of Technology Bangalore","Computer Science and Engineering - Data Science",36939,,,,,,36291,,63109,,46632,
2023,R2,E098,"Atria Institute of Technology Bangalore","Information Science and Engineering",34941,,,,40555,,34361,,39177,,39734,
2023,R2,E099,"New Horizon College of Engineering Bangalore","Artificial Intelligence and Machine Learning",15053,,,,21757,,14504,,23701,,18632,
2023,R2,E099,"New Horizon College of Engineering Bangalore","Computer Science and Engineering",10607,,,,,,9034,,14911,,12198,
2023,R2,E099,"New Horizon College of Engineering Bangalore","Computer Science and Engineering - Data Science",16963,,51743,,,,15764,,23727,,23805,
2023,R2,E099,"New Horizon College of Engineering Bangalore","Information Science and Engineering",12776,,,,15820,,11159,,17825,,15684,
2023,R2,E100,"K N S Institute of Technology Bangalore","Artificial Intelligence and Machine Learning",61055,,,,,,58478,,66305,,67569,
2023,R2,E100,"K N S Institute of Technology Bangalore","Computer Science and Engineering",52803,,,,,,52074,,55240,,53704,
2023,R2,E100,"K N S Institute of Technology Bangalore","Information Science and Engineering",,,,,,,59025,,73678,,61652,
2023,R2,E101,"Channabasaveshwara Institute of Technology Gubbi, Tumkur","Artificial Intelligence and Data Science",56611,,,,,,53368,,102638,,58551,
2023,R2,E101,"Channabasaveshwara Institute of Technology Gubbi, Tumkur","Computer Science and Engineering",37936,,,,,,35956,,52194,,45507,
2023,R2,E101,"Channabasaveshwara Institute of Technology Gubbi, Tumkur","Information Science and Engineering",,,,,,,44305,,,,48414,
2023,R2,E102,"DONBOSCO Institute of Technology Bangalore","Artificial Intelligence and Data Science",40340,,,,,,39699,,63746,,50143,
2023,R2,E102,"DONBOSCO Institute of Technology Bangalore","Computer Science (AI and Machine Learning)",43811,,116771,,,,42976,,63473,,52503,
2023,R2,E102,"DONBOSCO Institute of Technology Bangalore","Computer Science and Engineering",28305,,,,,,28212,,32679,,31715,
2023,R2,E102,"DONBOSCO Institute of Technology Bangalore","Information Science and Engineering",38568,,,,,,37268,,39187,,44156,
2023,R2,E103,"Global Academy of Technology Bangalore","Artificial Intelligence and Data Science",24516,,,,30997,,24170,,35902,,28448,
2023,R2,E103,"Global Academy of Technology Bangalore","Artificial Intelligence and Machine Learning",23502,,65206,,,,22915,,,,28714,
2023,R2,E103,"Global Academy of Technology Bangalore","Computer Science (AI and Machine Learning)",23523,,,,,,22621,,,,28513,
2023,R2,E103,"Global Academy of Technology Bangalore","Computer Science and Engineering",17819,,,,,,17308,,19530,,20339,
2023,R2,E103,"Global Academy of Technology Bangalore","Information Science and Engineering",22445,,,,,,21956,,32564,,25416,
2023,R2,E104,"Nagarjuna College of Engineering and Technology Bangalore (R)","Computer Science (AI and Machine Learning)",54087,,,,,,52627,,,,58875,
2023,R2,E104,"Nagarjuna College of Engineering and Technology Bangalore (R)","Computer Science and Engineering",40041,,,,,,38726,,46700,,47464,
2023,R2,E104,"Nagarjuna College of Engineering and Technology Bangalore (R)","Information Science and Engineering",45864,,,,,,45124,,,,52222,
2023,R2,E105,"Nitte Meenakshi Institutute of Technology Bangalore","Artificial Intelligence and Data Science",10991,,23864,,,,10580,,,,14791,
2023,R2,E105,"Nitte Meenakshi Institutute of Technology Bangalore","Artificial Intelligence and Machine Learning",11384,,,,,,10517,,12645,,13222,
2023,R2,E105,"Nitte Meenakshi Institutute of Technology Bangalore","Computer Science and Engineering",7748,,,,,,7145,,10050,,9388,
2023,R2,E105,"Nitte Meenakshi Institutute of Technology Bangalore","Information Science and Engineering",10968,,,,13207,,10183,,16847,,12901,
2023,R2,E106,"East West Institute of Technology Bangalore","Artificial Intelligence and Data Science",53257,,,,,,47906,,52792,,59593,
2023,R2,E106,"East West Institute of Technology Bangalore","Artificial Intelligence and Machine Learning",,,,,,,45179,,,,51097,
2023,R2,E106,"East West Institute of Technology Bangalore","Computer Science (AI and Machine Learning)",55523,,,,62496,,51814,,60176,,62290,
2023,R2,E106,"East West Institute of Technology Bangalore","Computer Science and Engineering",35781,,,,,,34318,,42830,,39398,
2023,R2,E106,"East West Institute of Technology Bangalore","Information Science and Engineering",42595,,,,53548,,42396,,50939,,47640,
2023,R2,E107,"B N M Institute of Technology Bangalore","Artificial Intelligence and Machine Learning",14063,,,,,,13996,,17043,,18039,
2023,R2,E107,"B N M Institute of Technology Bangalore","Computer Science and Engineering",9242,,,,,,9008,,14507,,12084,
2023,R2,E107,"B N M Institute of Technology Bangalore","Information Science and Engineering",12012,,,,,,10401,,,,15069,
2023,R2,E108,"Sapthagiri College of Engineering Bangalore","Computer Science and Engineering",22242,,,,26503,,21522,,25166,,25083,
2023,R2,E108,"Sapthagiri College of Engineering Bangalore","Information Science and Engineering",26120,,,,,,25708,,30640,,31056,
2023,R2,E109,"City Engineering College Bangalore","Computer Science and Engineering",56902,,,,,,56468,,59412,,61291,
2023,R2,E111,"Sri Venkateshwara College of Engineering Bettahalsur(P), Bangalore","Computer Science (Artificial Intelligence)",51453,,,,,,47194,,,,59373,
2023,R2,E111,"Sri Venkateshwara College of Engineering Bettahalsur(P), Bangalore","Computer Science and Engineering",39063,,,,,,37537,,56436,,41934,
2023,R2,E111,"Sri Venkateshwara College of Engineering Bettahalsur(P), Bangalore","Computer Science - Cyber Security",61870,,,,,,60932,,92117,,64270,
2023,R2,E111,"Sri Venkateshwara College of Engineering Bettahalsur(P), Bangalore","Computer Science and Engineering - Data Science",59314,,,,,,56580,,98204,,73136,
2023,R2,E111,"Sri Venkateshwara College of Engineering Bettahalsur(P), Bangalore","Information Science and Engineering",43333,,,,49310,,42543,,,,44136,
2023,R2,E112,"Sri Krishna Institute of Technology Bangalore","Computer Science and Engineering",49991,,,,,,47375,,61212,,60829,
2023,R2,E112,"Sri Krishna Institute of Technology Bangalore","Information Science and Engineering",57812,,,,,,55251,,74491,,70239,
2023,R2,E113,"Sambhram Institute of Technology Bangalore","Computer Science and Engineering",57937,,,,65881,,53781,,60309,,61283,
2023,R2,E114,"G M Institute of Technology Davanagere","Artificial Intelligence and Machine Learning",48791,,,,,,46702,,54739,,52822,
2023,R2,E114,"G M Institute of Technology Davanagere","Computer Science and Engineering",37671,,,,,,27244,,31586,,31025,
2023,R2,E114,"G M Institute of Technology Davanagere","Information Science and Engineering",39046,,,,,,33363,,,,35407,
2023,R2,E115,"S J B Institute of Technology Kengeri,Bangalore (ATNMS)","Artificial Intelligence and Machine Learning",20661,,,,26648,,20566,,34783,,23631,
2023,R2,E115,"S J B Institute of Technology Kengeri,Bangalore (ATNMS)","Computer Science and Engineering",15807,,,,,,15434,,20801,,17370,
2023,R2,E115,"S J B Institute of Technology Kengeri,Bangalore (ATNMS)","Computer Science and Engineering - Data Science",,,,,26681,,21405,,,,25195,
2023,R2,E115,"S J B Institute of Technology Kengeri,Bangalore (ATNMS)","Information Science and Engineering",19506,,,,,,19058,,23392,,20152,
2023,R2,E118,"RNS Institute of Technology Bangalore","Artificial Intelligence and Data Science",14048,,24920,,,,13837,,,,16701,
2023,R2,E118,"RNS Institute of Technology Bangalore","Computer Science (AI and Machine Learning)",14473,,,,,,14193,,18732,,17905,
2023,R2,E118,"RNS Institute of Technology Bangalore","Computer Science and Engineering",8603,,,,10490,,8222,,11358,,9970,
2023,R2,E118,"RNS Institute of Technology Bangalore","Computer Science - Cyber Security",15940,,,,,,15274,,18209,,19125,
2023,R2,E118,"RNS Institute of Technology Bangalore","Computer Science and Engineering - Data Science",15912,,,,,,15021,,16188,,18003,
2023,R2,E118,"RNS Institute of Technology Bangalore","Information Science and Engineering",11858,,,,14667,,11410,,17529,,13913,
2023,R2,E119,"K C T Engineering College Roza(B),Gulbarga","Computer Science and Engineering",,,,,,,47544,,,,,
2023,R2,E121,"Vivekananada College of Engineering Technology D K DIST","Artificial Intelligence and Machine Learning",64141,,,,,,37299,,,,52197,
2023,R2,E121,"Vivekananada College of Engineering Technology D K DIST","Computer Science and Engineering",47144,,,,,,38250,,41920,,53842,
2023,R2,E121,"Vivekananada College of Engineering Technology D K DIST","Computer Science and Engineering - Data Science",61051,,,,,,55373,,,,58662,
2023,R2,E123,"Canara Engineering College Bantwal DK DIST","Artificial Intelligence and Machine Learning",50912,,,,,,50301,,54217,,50753,
2023,R2,E123,"Canara Engineering College Bantwal DK DIST","Computer Science and Engineering",44268,,,,,,34330,,36051,,37813,
2023,R2,E123,"Canara Engineering College Bantwal DK DIST","Information Science and Engineering",54620,,,,,,44994,,46954,,46372,
2023,R2,E124,"Rajiv Gandhi Institute of Technology R.T Nagar Post, Bangalore","Computer Science and Engineering",50137,,,,,,49103,,55420,,53648,
2023,R2,E126,"B M S Institute of Technology and Management Yelahanka, Bangalore","Artificial Intelligence and Machine Learning",9209,,,,,,8960,,14227,,13877,
2023,R2,E126,"B M S Institute of Technology and Management Yelahanka, Bangalore","Computer Science and Engineering",6229,,,,8951,,5164,,7796,,8438,
2023,R2,E126,"B M S Institute of Technology and Management Yelahanka, Bangalore","Information Science and Engineering",8299,,,,12426,,7693,,15368,,12371,
2023,R2,E128,"Sharnbasva University(Formerly Appa Inst. of Tech.) Brahmpur, Kalaburagi","Artificial Intelligence and Data Science",,,,,,,44722,,,,61820,
2023,R2,E128,"Sharnbasva University(Formerly Appa Inst. of Tech.) Brahmpur, Kalaburagi","Computer Science and Engineering",,,,,,,31510,,39221,,44791,
2023,R2,E128,"Sharnbasva University(Formerly Appa Inst. of Tech.) Brahmpur, Kalaburagi","Computer Science and Design",133047,,,,,,57945,,,,67968,
2023,R2,E129,"St. Joseph Engineering College Mangalore","Artificial Intelligence and Machine Learning",,,,,,,19405,,,,25119,
2023,R2,E129,"St. Joseph Engineering College Mangalore","Computer Science and Engineering",27939,,,,29526,,15972,,22877,,21963,
2023,R2,E129,"St. Joseph Engineering College Mangalore","Computer Science and Engineering - Data Science",,,,,,,20210,,,,33036,
2023,R2,E130,"Shridevi Institute of Engineering and Technology Tumkur","Computer Science and Engineering",59793,,,,,,58951,,61166,,68508,
2023,R2,E133,"G S S S Institute of Engineering and Technology for Women Mysore","Artificial Intelligence and Data Science",28089,,,,,,27734,,38290,,31623,
2023,R2,E133,"G S S S Institute of Engineering and Technology for Women Mysore","Computer Science (AI and Machine Learning)",24393,,,,28080,,24282,,38635,,25317,
2023,R2,E133,"G S S S Institute of Engineering and Technology for Women Mysore","Computer Science and Engineering",17934,,,,,,17421,,25568,,20371,
2023,R2,E133,"G S S S Institute of Engineering and Technology for Women Mysore","Information Science and Engineering",22003,,,,,,21092,,,,23673,
2023,R2,E134,"Smt. Kamala and Sri Venkappa M.Agadi College of Engg. and Tech. Laxmeshwara-Tq, Gadag Dt.","Computer Science and Engineering",51121,,,,,,38840,,46447,,46566,
2023,R2,E135,"K L S Viswanathrao Deshpande Institute of Technology Haliyal, Uttara Kannada -Dist","Computer Science (AI and Machine Learning)",56591,,,,,,46145,,59942,,63632,
2023,R2,E135,"K L S Viswanathrao Deshpande Institute of Technology Haliyal, Uttara Kannada -Dist","Computer Science and Engineering",37293,,,,,,30324,,36346,,40798,
2023,R2,E141,"P E S University (Electronic City Campus) Bangalore","Computer Science and Engineering",6473,,23020,,9662,,4370,,13003,,9343,
2023,R2,E142,"Adichunchanagiri University(Formerly BGSIT) Nagamangala Taluk,Mandya Dist.","Artificial Intelligence and Machine Learning",,,,,,,46813,,,,50655,
2023,R2,E142,"Adichunchanagiri University(Formerly BGSIT) Nagamangala Taluk,Mandya Dist.","Computer Science and Engineering",34265,,,,,,33547,,35413,,35859,
2023,R2,E142,"Adichunchanagiri University(Formerly BGSIT) Nagamangala Taluk,Mandya Dist.","Information Science and Engineering",41497,,,,,,39590,,42738,,45692,
2023,R2,E144,"Srinivas Institute of Technology Mangalore.","Artificial Intelligence and Machine Learning",,,,,,,54692,,,,70792,
2023,R2,E144,"Srinivas Institute of Technology Mangalore.","Computer Science and Engineering",52580,,,,,,41500,,43347,,45342,
2023,R2,E144,"Srinivas Institute of Technology Mangalore.","Information Science and Engineering",,,,,,,52460,,,,58722,
2023,R2,E145,"Rajarajeswari College of Engineering Kumbalagodu,Bangalore","Artificial Intelligence and Machine Learning",39143,,,,,,38905,,54643,,40738,
2023,R2,E145,"Rajarajeswari College of Engineering Kumbalagodu,Bangalore","Computer Science and Engineering",30643,,,,,,29478,,31946,,33387,
2023,R2,E145,"Rajarajeswari College of Engineering Kumbalagodu,Bangalore","Computer Science - IoT and Cyber Security",56973,,,,,,56507,,127305,,80959,
2023,R2,E145,"Rajarajeswari College of Engineering Kumbalagodu,Bangalore","Information Science and Engineering",36076,,,,43274,,35257,,38134,,42261,
2023,R2,E147,"T.John Engineering College Bangalore","Artificial Intelligence and Machine Learning",,,,,,,57423,,,,63795,
2023,R2,E147,"T.John Engineering College Bangalore","Computer Science and Engineering",51454,,,,,,48477,,58126,,54738,
2023,R2,E147,"T.John Engineering College Bangalore","Information Science and Engineering",60853,,,,,,59971,,68596,,62193,
2023,R2,E149,"Cambridge Institutute of Technology Bangalore","Artificial Intelligence and Machine Learning",30958,,,,,,29409,,36273,,41451,
2023,R2,E149,"Cambridge Institutute of Technology Bangalore","Computer Science and Engineering",23537,,,,,,21920,,26659,,25328,
2023,R2,E149,"Cambridge Institutute of Technology Bangalore","Computer Science - IoT and Cyber Security",39636,,158539,,,,37663,,,,56089,
2023,R2,E149,"Cambridge Institutute of Technology Bangalore","Information Science and Engineering",30639,,,,,,29636,,35376,,34252,
2023,R2,E150,"P E S Institute of Technology and Management Shivamogga","Artificial Intelligence and Machine Learning",42157,,,,47726,,41875,,66819,,47377,
2023,R2,E150,"P E S Institute of Technology and Management Shivamogga","Computer Science and Engineering",31117,,,,,,30766,,37548,,37738,
2023,R2,E150,"P E S Institute of Technology and Management Shivamogga","Computer Science and Engineering - Data Science",61097,,,,87103,,59740,,63771,,78173,
2023,R2,E150,"P E S Institute of Technology and Management Shivamogga","Information Science and Engineering",38307,,,,,,37195,,49346,,38060,
2023,R2,E151,"Mangalore Institute of Technology and Engineering Mangalore Tq,D.K","Artificial Intelligence and Machine Learning",38860,,,,46445,,30500,,,,33503,
2023,R2,E151,"Mangalore Institute of Technology and Engineering Mangalore Tq,D.K","Computer Science (AI and Machine Learning)",37214,,,,,,30622,,,,34793,
2023,R2,E151,"Mangalore Institute of Technology and Engineering Mangalore Tq,D.K","Computer Science and Engineering",28369,,,,33122,,21392,,27967,,25560,
2023,R2,E151,"Mangalore Institute of Technology and Engineering Mangalore Tq,D.K","Computer Science - IoT and Cyber Security",43163,,,,,,36436,,54010,,37636,
2023,R2,E151,"Mangalore Institute of Technology and Engineering Mangalore Tq,D.K","Information Science and Engineering",33283,,,,,,30618,,32479,,32877,
2023,R2,E152,"S D M Institute of Tech. Ujire,Dakshina Kannada","Artificial Intelligence and Data Science",,,77172,,,,48878,,51701,,50608,
2023,R2,E152,"S D M Institute of Tech. Ujire,Dakshina Kannada","Computer Science and Engineering",41204,,,,,,36249,,38424,,41053,
2023,R2,E152,"S D M Institute of Tech. Ujire,Dakshina Kannada","Information Science and Engineering",48696,,,,,,45432,,51459,,50371,
2023,R2,E153,"S E A College of Engineering and Technology K R puram bangalore","Computer Science and Engineering",59800,,,,,,59335,,69119,,64647,
2023,R2,E154,"Government Engineering College Chamarajanagara","Computer Science and Engineering",55332,,,,,,48192,,48718,,54869,
2023,R2,E155,"Government Engineering College Hassan","Computer Science and Engineering",27193,,,,,,25605,,28068,,28800,
2023,R2,E156,"Government Engineering College K R Pet, Mandya DT.","Computer Science and Engineering",46426,,56358,,,,42735,,45621,,52172,
2023,R2,E157,"Government Engineering College Ramanagara","Computer Science and Engineering",49803,,59423,,55927,,48371,,49069,,55628,
2023,R2,E158,"Maharaja Institute of Technology-Mysore Belawadi, Mandya Dist","Computer Science (AI and Machine Learning)",36723,,,,,,36508,,,,46382,
2023,R2,E158,"Maharaja Institute of Technology-Mysore Belawadi, Mandya Dist","Computer Science (Artificial Intelligence)",,,,,,,45134,,68769,,56610,
2023,R2,E158,"Maharaja Institute of Technology-Mysore Belawadi, Mandya Dist","Computer Science and Engineering",28245,,,,,,27291,,37562,,32017,
2023,R2,E158,"Maharaja Institute of Technology-Mysore Belawadi, Mandya Dist","Computer Science and Engineering - Data Science",43787,,,,,,43371,,,,55206,
2023,R2,E158,"Maharaja Institute of Technology-Mysore Belawadi, Mandya Dist","Information Science and Engineering",32696,,,,,,32518,,51210,,34945,
2023,R2,E160,"Sahyadri College of Engg. and Management Mangalore","Computer Science (AI and Machine Learning)",26469,,,,,,24444,,26366,,25948,
2023,R2,E160,"Sahyadri College of Engg. and Management Mangalore","Computer Science and Engineering",23793,,,,,,13970,,15990,,19013,
2023,R2,E160,"Sahyadri College of Engg. and Management Mangalore","Information Science and Engineering",26592,,35214,,33998,,19876,,21742,,21743,
2023,R2,E161,"Government Engineering College Kushalnagar,Kodagu Dist","Computer Science and Engineering",52794,,69557,,,,50533,,51001,,57232,
2023,R2,E162,"Government Engineering College Raichur","Computer Science and Engineering",54834,,,,,,44440,,,,44458,
2023,R2,E163,"Government Engineering College Devagiri,Haveri","Computer Science and Engineering",63663,,,,,,48854,,53644,,56701,
2023,R2,E165,"Yenepoya Institute of Technology Thodar,Moodbidri","Computer Science and Engineering",64583,,,,,,59705,,59868,,62975,
2023,R2,E166,"K L E Institute of Technology Hubli","Computer Science and Engineering",25111,,,,,,20146,,21098,,22340,
2023,R2,E167,"K L E Ss K L E College of Engineering and Technology Chikkodi, Belgaum Dist.","Artificial Intelligence and Data Science",54959,,,,,,45675,,48123,,57303,
2023,R2,E167,"K L E Ss K L E College of Engineering and Technology Chikkodi, Belgaum Dist.","Computer Science and Engineering",37463,,,,,,30638,,32532,,35039,
2023,R2,E169,"Alva`s Institute of Engineering and Technology Moodabidri,","Artificial Intelligence and Machine Learning",54541,,,,,,49302,,54385,,56890,
2023,R2,E169,"Alva`s Institute of Engineering and Technology Moodabidri,","Computer Science and Engineering",39638,,,,,,37449,,38776,,41642,
2023,R2,E169,"Alva`s Institute of Engineering and Technology Moodabidri,","Information Science and Engineering",50501,,,,,,48101,,,,51705,
2023,R2,E171,"Brindavan College of Engineering Yelahanka, Bangalore","Computer Science and Engineering",54162,,,,,,53063,,57199,,60427,
2023,R2,E171,"Brindavan College of Engineering Yelahanka, Bangalore","Information Science and Engineering",60344,,,,,,59167,,,,64694,
2023,R2,E172,"R.R.Institute of Technology Chikkabanavara, Bangalore","Computer Science and Engineering",49063,,,,,,48702,,57030,,56977,
2023,R2,E172,"R.R.Institute of Technology Chikkabanavara, Bangalore","Information Science and Engineering",57259,,,,,,56942,,,,65547,
2023,R2,E173,"Sai Vidya Institute of Technology Bangalore","Computer Science (AI and Machine Learning)",46971,,,,,,46747,,81649,,57778,
2023,R2,E173,"Sai Vidya Institute of Technology Bangalore","Computer Science and Engineering",30720,,,,,,29113,,39635,,33485,
2023,R2,E173,"Sai Vidya Institute of Technology Bangalore","Computer Science and Engineering - Data Science",58440,,180301,,68887,,56401,,94116,,62018,
2023,R2,E173,"Sai Vidya Institute of Technology Bangalore","Information Science and Engineering",42664,,,,,,38763,,47803,,50362,
2023,R2,E175,"S.G.Balekundri Institute of Technology Belgaum","Artificial Intelligence and Data Science",79180,,,,,,56986,,60185,,67157,
2023,R2,E175,"S.G.Balekundri Institute of Technology Belgaum","Computer Science and Engineering",50724,,,,60166,,39419,,40906,,45840,
2023,R2,E177,"Rajeev Institute of Technology Hassan","Computer Science and Engineering",48643,,,,,,47184,,52338,,54715,
2023,R2,E177,"Rajeev Institute of Technology Hassan","Information Science and Engineering",57389,,,,,,57315,,65660,,66877,
2023,R2,E178,"The National Institute of Engineering(NORTH CAMPUS) Mysore","Computer Science (AI and Machine Learning)",9155,,,,,,8664,,11835,,13488,
2023,R2,E178,"The National Institute of Engineering(NORTH CAMPUS) Mysore","Computer Science and Engineering",5719,,,,7363,,5061,,10277,,6887,
2023,R2,E178,"The National Institute of Engineering(NORTH CAMPUS) Mysore","Information Science and Engineering",7812,,,,8764,,7603,,15171,,8584,
2023,R2,E185,"Angadi Institute of Technology and Management Belgaum","Computer Science and Engineering",56118,,,,,,47584,,39744,,51228,
2023,R2,E186,"ACS College of Engineering Kengeri Hobli,Bangalore","Computer Science and Engineering",42467,,,,,,41543,,55724,,51158,
2023,R2,E186,"ACS College of Engineering Kengeri Hobli,Bangalore","Computer Science and Engineering - Data Science",57585,,,,,,57263,,,,86349,
2023,R2,E189,"Navkis College of Engineering (Formerly NDRKIT) Kandali, Hassan","Artificial Intelligence and Data Science",62537,,,,66465,,59152,,84171,,60296,
2023,R2,E189,"Navkis College of Engineering (Formerly NDRKIT) Kandali, Hassan","Artificial Intelligence and Machine Learning",59462,,,,,,58148,,,,69744,
2023,R2,E189,"Navkis College of Engineering (Formerly NDRKIT) Kandali, Hassan","Computer Science and Engineering",42015,,,,49319,,40346,,64255,,48993,
2023,R2,E194,"Government Engineering College KARWAR","Computer Science and Engineering",64500,,,,67694,,59014,,62401,,65586,
2023,R2,E196,"Jain College of Engineering Machche,Belgaum","Computer Science (AI and Machine Learning)",73833,,,,,,40661,,48230,,50762,
2023,R2,E196,"Jain College of Engineering Machche,Belgaum","Computer Science and Engineering",36919,,,,,,28924,,29960,,32730,
2023,R2,E198,"Sharnbasva University College for Women(Formerly Godutai) Gulbarga","Computer Science and Engineering",56049,,,,,,49497,,,,54784,
2023,R2,E199,"AGM Rural Engineering College Hubli, Darward (D)","Computer Science and Engineering",68830,,,,,,55777,,56847,,65771,
2023,R2,E201,"Gopalan College of Engineering and Management White Field, Bangalore","Computer Science and Engineering",49786,,,,,,47577,,56014,,55544,
2023,R2,E203,"K.S. School of Engineering And Management Mallasandra, Bangalore","Artificial Intelligence and Data Science",58337,,,,,,56221,,72987,,63148,
2023,R2,E203,"K.S. School of Engineering And Management Mallasandra, Bangalore","Computer Science and Engineering",46972,,,,,,46671,,50778,,58153,
2023,R2,E204,"Bangalore Technological Institute Sarjapura Rd, Bangalore","Computer Science and Engineering",54758,,,,,,53475,,53996,,59679,
2023,R2,E205,"ATME College of Engineering Varun hobli,Mysore","Computer Science (AI and Machine Learning)",51250,,,,,,44395,,,,48368,
2023,R2,E205,"ATME College of Engineering Varun hobli,Mysore","Computer Science and Engineering",38091,,,,,,37617,,38431,,44780,
2023,R2,E205,"ATME College of Engineering Varun hobli,Mysore","Computer Science and Engineering - Data Science",56112,,,,,,55889,,60026,,66942,
2023,R2,E206,"Shri Madhwa Vadiraja Institute of Technology and Management Udupi Dist","Artificial Intelligence and Data Science",84892,,,,193805,,48656,,,,52927,
2023,R2,E206,"Shri Madhwa Vadiraja Institute of Technology and Management Udupi Dist","Artificial Intelligence and Machine Learning",75293,,,,,,59724,,70802,,71361,
2023,R2,E206,"Shri Madhwa Vadiraja Institute of Technology and Management Udupi Dist","Computer Science and Engineering",70895,,,,,,35975,,41715,,41767,
2023,R2,E209,"Jyothi Institute of Technology Bangalore","Artificial Intelligence and Machine Learning",44354,,,,,,42548,,82286,,56098,
2023,R2,E209,"Jyothi Institute of Technology Bangalore","Computer Science and Engineering",35747,,,,,,34377,,53613,,41852,
2023,R2,E209,"Jyothi Institute of Technology Bangalore","Information Science and Engineering",41396,,,,,,39168,,,,47161,
2023,R2,E211,"Jain Institute of Technology Cross,Davanagere","Computer Science and Engineering",50234,,,,,,48487,,50415,,55438,
2023,R2,E212,"Dayananda Sagar Academy of Technology Kanakapur Main Road Bangalore","Artificial Intelligence and Machine Learning",16613,,,,,,15535,,24508,,24455,
2023,R2,E212,"Dayananda Sagar Academy of Technology Kanakapur Main Road Bangalore","Computer Science and Design",25971,,,,33973,,23436,,43198,,26406,
2023,R2,E212,"Dayananda Sagar Academy of Technology Kanakapur Main Road Bangalore","Computer Science (Artificial Intelligence)",20526,,,,,,19365,,34298,,29310,
2023,R2,E212,"Dayananda Sagar Academy of Technology Kanakapur Main Road Bangalore","Computer Science and Engineering",14905,,,,16085,,14466,,18231,,15926,
2023,R2,E212,"Dayananda Sagar Academy of Technology Kanakapur Main Road Bangalore","Computer Science - Cyber Security",22660,,,,,,21512,,,,30942,
2023,R2,E212,"Dayananda Sagar Academy of Technology Kanakapur Main Road Bangalore","Computer Science and Engineering - Data Science",21861,,,,,,19394,,42684,,22437,
2023,R2,E212,"Dayananda Sagar Academy of Technology Kanakapur Main Road Bangalore","Computer Science - IoT and Cyber Security",25263,,,,,,24370,,40695,,26186,
2023,R2,E212,"Dayananda Sagar Academy of Technology Kanakapur Main Road Bangalore","Information Science and Engineering",18226,,,,,,17667,,23391,,20997,
2023,R2,E216,"Shetty Institute of Technology Gulbarga","Computer Science and Engineering",,,,,,,59057,,,,67608,
2023,R2,E220,"Alliance University Bangalore","Computer Science and Engineering",48589,,,,58657,,43936,,57840,,58181,
2023,R2,E222,"Cambridge Institutute of Technology-North Campus Devanahalli(TQ),Bangalore(R)","Computer Science and Engineering",48527,,,,,,45600,,58437,,55228,
2023,R2,E222,"Cambridge Institutute of Technology-North Campus Devanahalli(TQ),Bangalore(R)","Computer Science - Cyber Security",64175,,,,78956,,58815,,90574,,78914,
2023,R2,E232,"Reva University Bangalore","Computer Science and Engineering",16024,,,,18411,,14440,,19342,,17285,
2023,R2,E235,"M.S. Ramaiah University of Applied Sciences Bangalore","Computer Science and Engineering",14470,,,,,,12376,,19184,,19231,
2023,R2,E237,"Presidency University Yelahanka, Bangalore","Computer Science and Engineering",37413,,54409,,47746,,35552,,49569,,45897,
2023,R2,E237,"Presidency University Yelahanka, Bangalore","Computer Science (Networks)",48732,,,,,,45758,,101245,,68604,
2023,R2,E239,"East West College of Engineering Yelahanka New Town, Bangalore","Computer Science and Engineering",42622,,,,,,42442,,42844,,48800,
2023,R2,E240,"Dayananda Sagar University Hosur Road, Bangalore","Computer Science and Engineering",25700,,,,29097,,23442,,34750,,28402,
2023,R2,E241,"KLE Technological University(Formerly BVBCET) Dharward Dist","Computer Science (Artificial Intelligence)",8492,,,,,,7479,,9966,,12613,
2023,R2,E241,"KLE Technological University(Formerly BVBCET) Dharward Dist","Computer Science and Engineering",7630,,,,12021,,4326,,4800,,5446,
2023,R2,E254,"A J Institute Of Engineering And Technology MANGALORE","Artificial Intelligence and Data Science",59311,,,,75887,,56159,,56518,,58233,
2023,R2,E254,"A J Institute Of Engineering And Technology MANGALORE","Computer Science (AI and Machine Learning)",,,,,,,50605,,70814,,60796,
2023,R2,E254,"A J Institute Of Engineering And Technology MANGALORE","Computer Science and Engineering",40411,,,,,,38461,,38848,,43662,
2023,R2,E254,"A J Institute Of Engineering And Technology MANGALORE","Information Science and Engineering",61066,,,,,,46794,,,,50920,
2023,R2,E255,"Gitam School Of Technology BANGALORE RURAL DIST","Computer Science (AI and Machine Learning)",57347,,,,,,53120,,91638,,63413,
2023,R2,E255,"Gitam School Of Technology BANGALORE RURAL DIST","Computer Science and Engineering",46846,,,,57827,,45130,,49068,,56176,
2023,R2,E255,"Gitam School Of Technology BANGALORE RURAL DIST","Computer Science - Cyber Security",,,,,,,59919,,64142,,61768,
2023,R2,E255,"Gitam School Of Technology BANGALORE RURAL DIST","Computer Science and Engineering - Data Science",59145,,,,,,55817,,,,71245,
2023,R2,E257,"CMR University CHAGALATTI, BANGALORE","Computer Science and Engineering",39407,,,,48748,,36031,,48533,,47335,
2023,R2,E257,"CMR University CHAGALATTI, BANGALORE","Computer Science (AI and Machine Learning)",42928,,,,,,39184,,98786,,57464,
2023,R2,E258,"Maharaja Institute of Technology THANDAVAPURA, MYSORE","Artificial Intelligence and Data Science",42166,,,,,,41606,,54215,,52697,
2023,R2,E258,"Maharaja Institute of Technology THANDAVAPURA, MYSORE","Computer Science (AI and Machine Learning)",52997,,71320,,,,52385,,,,60618,
2023,R2,E258,"Maharaja Institute of Technology THANDAVAPURA, MYSORE","Computer Science and Engineering",33641,,,,,,31816,,40952,,38610,
2023,R2,E265,"Jain College of Engineering and Technology Hubballi","Artificial Intelligence and Machine Learning",64625,,,,,,51156,,56177,,64387,
2023,R2,E265,"Jain College of Engineering and Technology Hubballi","Computer Science and Engineering",50509,,,,,,40084,,42091,,44242,
2023,R2,E269,"Jain College of Engineering and Research Udyambhag, Belgaum","Computer Science and Engineering",45097,,,,,,39493,,39569,,41398,
2023,R2,E272,"Government Engineering College Talakal,Koppal","Computer Science and Engineering",,,,,,,47728,,49825,,65322,
2023,R2,E274,"Government Engineering College Moselehosahalli,Hassan","Computer Science and Engineering",49723,,,,,,49413,,49772,,53960,
2023,R2,E275,"R V Institute of Technology and Management JP Nagar, Bengaluru","Computer Science and Engineering",9294,,,,,,8655,,8821,,12907,
2023,R2,E275,"R V Institute of Technology and Management JP Nagar, Bengaluru","Information Science and Engineering",11207,,,,,,10217,,24528,,15991,
2023,R2,E279,"Visvesvaraya Technological University Belgaum","Computer Science and Engineering",30002,,,,31994,,24463,,25208,,29260,
2023,R2,E283,"University of Mysore Mysore","Artificial Intelligence and Data Science",50872,,,,,,47226,,69611,,57346,
2023,R2,E283,"University of Mysore Mysore","Artificial Intelligence and Machine Learning",49371,,,,70166,,41004,,44633,,62096,
2023,R2,E284,"Sri Jayachamarajendra College of Engineering(Const. of JSS Univ.) Mysore","Computer Science and Engineering",2765,,,,,,2700,,7271,,4796,
2023,R2,E285,"R V University Bangalore","Computer Science and Engineering",9202,,23078,,15939,,8017,,17781,,15928,
2023,R2,E286,"BGS College of Engineering and Technology Mahalakshmipuram,Bangalore","Artificial Intelligence and Data Science",41191,,,,,,40736,,,,47658,
2023,R2,E286,"BGS College of Engineering and Technology Mahalakshmipuram,Bangalore","Artificial Intelligence and Machine Learning",40129,,,,48618,,38586,,81485,,46724,
2023,R2,E286,"BGS College of Engineering and Technology Mahalakshmipuram,Bangalore","Computer Science and Design",,,,,,,55613,,71888,,60380,
2023,R2,E286,"BGS College of Engineering and Technology Mahalakshmipuram,Bangalore","Computer Science and Engineering",24107,,,,,,22707,,,,28067,
2023,R2,E286,"BGS College of Engineering and Technology Mahalakshmipuram,Bangalore","Information Science and Engineering",28880,,,,,,28796,,49583,,40974,
2023,R2,E288,"Garden City University Bangalore","Computer Science and Engineering",59055,,,,73131,,54114,,72102,,72479,
2023,R2,E289,"Visvesvaraya Technological University - Regional Center Rajapur,Kalburgi","Computer Science and Engineering",,,91006,,,,35084,,,,40267,
2023,R2,E290,"Visvesvaraya Technological University - Regional Center Mysore","Computer Science and Engineering",29189,,,,37524,,28344,,29888,,34637,
2023,R2,E292,"Government Engineering College Bidar","Computer Science and Engineering",72800,,,,,,42929,,,,45867,
2023,R3,E001,"University of Visvesvaraya College of Engineering Bangalore ( PUBLIC UNIV. )","Artificial Intelligence and Machine Learning",7188,,,,,,6935,,7979,,8653,
2023,R3,E001,"University of Visvesvaraya College of Engineering Bangalore ( PUBLIC UNIV. )","Computer Science and Engineering",4749,,,,5774,,4344,,6701,,5402,
2023,R3,E001,"University of Visvesvaraya College of Engineering Bangalore ( PUBLIC UNIV. )","Information Science and Engineering",5783,,,,,,5695,,7193,,6198,
2023,R3,E002,"S K S J T Institute of Engineering. Bangalore","Computer Science and Engineering",23794,,,,,,23163,,24419,,,
2023,R3,E004,"Dr. Ambedkar Institute Of Technology Bangalore","Computer Science and Engineering",12629,,13444,,,,10609,,11124,,11482,
2023,R3,E005,"R. V. College of Engineering Bangalore","Artificial Intelligence and Machine Learning",1213,,,,,,1143,,3175,,2190,
2023,R3,E005,"R. V. College of Engineering Bangalore","Computer Science and Engineering",397,,,,844,,360,,1659,,800,
2023,R3,E005,"R. V. College of Engineering Bangalore","Computer Science - Cyber Security",1954,,5075,,,,1339,,,,2620,
2023,R3,E005,"R. V. College of Engineering Bangalore","Computer Science and Engineering - Data Science",1382,,,,,,899,,2750,,1777,
2023,R3,E005,"R. V. College of Engineering Bangalore","Information Science and Engineering",723,,,,,,663,,3599,,976,
2023,R3,E006,"M S Ramaiah Institute of Technology Bangalore","Artificial Intelligence and Data Science",4801,,,,5810,,4594,,13257,,5634,
2023,R3,E006,"M S Ramaiah Institute of Technology Bangalore","Artificial Intelligence and Machine Learning",4368,,,,,,4178,,6501,,7225,
2023,R3,E006,"M S Ramaiah Institute of Technology Bangalore","Computer Science (AI and Machine Learning)",3764,,,,5229,,3342,,7784,,4131,
2023,R3,E006,"M S Ramaiah Institute of Technology Bangalore","Computer Science and Engineering",2479,,,,,,1859,,3592,,3045,
2023,R3,E006,"M S Ramaiah Institute of Technology Bangalore","Computer Science - Cyber Security",5487,,,,,,4810,,,,6414,
2023,R3,E006,"M S Ramaiah Institute of Technology Bangalore","Information Science and Engineering",2797,,,,,,2634,,4207,,3260,
2023,R3,E007,"Dayananda Sagar College of Engineering Bangalore","Artificial Intelligence and Machine Learning",6671,,,,,,5840,,,,7724,
2023,R3,E007,"Dayananda Sagar College of Engineering Bangalore","Computer Science and Design",15564,,,,,,11288,,,,17362,
2023,R3,E007,"Dayananda Sagar College of Engineering Bangalore","Computer Science and Engineering",5047,,,,6418,,4424,,7987,,5914,
2023,R3,E007,"Dayananda Sagar College of Engineering Bangalore","Computer Science - Cyber Security",8509,,,,,,8195,,,,10111,
2023,R3,E007,"Dayananda Sagar College of Engineering Bangalore","Computer Science and Engineering - Data Science",7486,,,,,,7360,,12872,,11414,
2023,R3,E007,"Dayananda Sagar College of Engineering Bangalore","Computer Science - IoT and Cyber Security",12020,,,,,,10560,,,,14165,
2023,R3,E007,"Dayananda Sagar College of Engineering Bangalore","Information Science and Engineering",6875,,,,,,6665,,11255,,7832,
2023,R3,E007,"Dayananda Sagar College of Engineering Bangalore","Robotics and Artificial Intelligence",18390,,,,,,15790,,,,27621,
2023,R3,E008,"Bangalore Institute of Technology Bangalore","Artificial Intelligence and Machine Learning",9959,,23188,,,,8627,,,,11392,
2023,R3,E008,"Bangalore Institute of Technology Bangalore","Computer Science and Engineering",7311,,,,8395,,6708,,8086,,8380,
2023,R3,E008,"Bangalore Institute of Technology Bangalore","Computer Science and Engineering - Data Science",11016,,,,,,10325,,19877,,,
2023,R3,E008,"Bangalore Institute of Technology Bangalore","Computer Science - IoT and Cyber Security",16644,,,,,,13217,,,,19192,
2023,R3,E008,"Bangalore Institute of Technology Bangalore","Information Science and Engineering",9309,,,,,,9132,,,,11664,
2023,R3,E008,"Bangalore Institute of Technology Bangalore","Robotics and Artificial Intelligence",21655,,,,,,21426,,50409,,37067,
2023,R3,E009,"P E S University (Ring Road Campus) Bangalore","Computer Science and Engineering",1903,,,,3481,,1643,,4618,,3246,
2023,R3,E011,"M V J College of Engineering Bangalore","Artificial Intelligence and Machine Learning",,,,,,,27539,,,,31874,
2023,R3,E011,"M V J College of Engineering Bangalore","Computer Science and Design",39224,,,,,,38092,,,,47001,
2023,R3,E011,"M V J College of Engineering Bangalore","Computer Science and Engineering",24497,,,,,,21787,,26871,,26367,
2023,R3,E011,"M V J College of Engineering Bangalore","Computer Science and Engineering - Data Science",33323,,,,,,28780,,,,30524,
2023,R3,E011,"M V J College of Engineering Bangalore","Information Science and Engineering",27971,,,,,,26640,,27584,,30400,
2023,R3,E012,"Sir M.Visveswaraya Institute of Technology Hunasemaranahalli,Bangalore,","Artificial Intelligence and Machine Learning",16996,,,,21508,,16922,,20276,,19430,
2023,R3,E012,"Sir M.Visveswaraya Institute of Technology Hunasemaranahalli,Bangalore,","Computer Science and Engineering",14017,,,,,,13629,,14669,,15839,
2023,R3,E012,"Sir M.Visveswaraya Institute of Technology Hunasemaranahalli,Bangalore,","Computer Science - IoT and Cyber Security",24008,,,,,,22976,,,,32410,
2023,R3,E012,"Sir M.Visveswaraya Institute of Technology Hunasemaranahalli,Bangalore,","Information Science and Engineering",16978,,,,19014,,16682,,24139,,18061,
2023,R3,E014,"S J C Institute of Technology Chickballapur","Artificial Intelligence and Data Science",50884,,61295,,,,45074,,,,,
2023,R3,E014,"S J C Institute of Technology Chickballapur","Computer Science (AI and Machine Learning)",48071,,,,,,44510,,,,56345,
2023,R3,E014,"S J C Institute of Technology Chickballapur","Computer Science and Engineering",31693,,,,,,29701,,43105,,35551,
2023,R3,E014,"S J C Institute of Technology Chickballapur","Information Science and Engineering",,,,,,,41686,,60544,,53319,
2023,R3,E016,"Siddaganga Institute of Technology Tumkur","Artificial Intelligence and Data Science",13425,,,,,,11265,,19100,,11949,
2023,R3,E016,"Siddaganga Institute of Technology Tumkur","Computer Science (AI and Machine Learning)",11990,,,,,,10658,,,,12877,
2023,R3,E016,"Siddaganga Institute of Technology Tumkur","Computer Science and Engineering",6911,,,,,,5821,,8226,,6827,
2023,R3,E016,"Siddaganga Institute of Technology Tumkur","Information Science and Engineering",9295,,,,,,8952,,10632,,10666,
2023,R3,E017,"Sri Siddartha Institute of Technology Tumkur","Artificial Intelligence and Machine Learning",,,,,,,36010,,46924,,,
2023,R3,E017,"Sri Siddartha Institute of Technology Tumkur","Computer Science and Engineering",29600,,,,36193,,28545,,32692,,35058,
2023,R3,E017,"Sri Siddartha Institute of Technology Tumkur","Computer Science - Cyber Security",65470,,102108,,,,57457,,,,92545,
2023,R3,E017,"Sri Siddartha Institute of Technology Tumkur","Computer Science and Engineering - Data Science",,,,,,,49162,,65905,,50043,
2023,R3,E017,"Sri Siddartha Institute of Technology Tumkur","Information Science and Engineering",44771,,,,,,36695,,45463,,45780,
2023,R3,E018,"Kalpatharu Institute of Technology Tiptur","Computer Science and Engineering",76962,,,,,,58372,,74713,,68207,
2023,R3,E021,"Sri Jayachamarajendra College of Engineering(Const. of JSS Univ.) Mysore","Computer Science and Engineering",2239,,,,,,2077,,2863,,3783,
2023,R3,E028,"Tontadarya College of Engineering Gadag","Computer Science and Engineering",76780,,,,,,55223,,68710,,,
2023,R3,E031,"Basaveshwara Engineering College Bagalkot","Computer Science and Engineering",17619,,,,21733,,16243,,16436,,17530,
2023,R3,E034,"Sri Dharmasthala Manjunatheswara College of Engineering Dharwad","Artificial Intelligence and Machine Learning",20686,,,,25732,,15056,,18780,,15577,
2023,R3,E034,"Sri Dharmasthala Manjunatheswara College of Engineering Dharwad","Computer Science and Engineering",13294,,,,,,12241,,16913,,14379,
2023,R3,E034,"Sri Dharmasthala Manjunatheswara College of Engineering Dharwad","Information Science and Engineering",17292,,,,,,14026,,19342,,14261,
2023,R3,E036,"KLE Technological University(Formerly KLE Dr.MS Sheshagiri Col.) Belgaum","Computer Science (Artificial Intelligence)",35493,,,,,,19844,,25677,,24969,
2023,R3,E036,"KLE Technological University(Formerly KLE Dr.MS Sheshagiri Col.) Belgaum","Computer Science and Engineering",22510,,,,,,17632,,18239,,20503,
2023,R3,E037,"K.L.S. Gogte Institute of Technology Belgaum","Computer Science and Engineering",13528,,,,,,10633,,12667,,13314,
2023,R3,E037,"K.L.S. Gogte Institute of Technology Belgaum","Information Science and Engineering",17625,,,,24433,,15910,,16654,,19530,
2023,R3,E038,"B L D E As V.P. Dr. P. G. Hallakatti College of Engg. and Tech. vijayapur","Computer Science (AI and Machine Learning)",,,,,,,43100,,,,69671,
2023,R3,E038,"B L D E As V.P. Dr. P. G. Hallakatti College of Engg. and Tech. vijayapur","Computer Science and Engineering",50939,,,,,,30796,,32459,,34776,
2023,R3,E038,"B L D E As V.P. Dr. P. G. Hallakatti College of Engg. and Tech. vijayapur","Computer Science and Engineering - Data Science",64198,,104662,,,,58849,,,,59474,
2023,R3,E038,"B L D E As V.P. Dr. P. G. Hallakatti College of Engg. and Tech. vijayapur","Information Science and Engineering",61441,,,,88744,,40401,,41614,,41160,
2023,R3,E040,"Hira Sugar Institute of Technology Belagavi District,","Computer Science and Engineering",58643,,,,,,53523,,53952,,56952,
2023,R3,E043,"Gurunanak Dev Engineering College Bidar","Computer Science and Engineering",47945,,,,,,38748,,,,43402,
2023,R3,E044,"Bheemanna Khandre Institute of Technology Bhalki","Computer Science and Engineering",,,,,,,52140,,,,60824,
2023,R3,E045,"Rao Bahadur Y.Mahabaleswarappa Engineering College Bellari","Computer Science and Engineering",62828,,,,,,46198,,51232,,55811,
2023,R3,E047,"Malnad College of Engineering Hassan","Computer Science (AI and Machine Learning)",32839,,,,,,26383,,41187,,27140,
2023,R3,E047,"Malnad College of Engineering Hassan","Computer Science and Engineering",19557,,,,,,18287,,22733,,19105,
2023,R3,E047,"Malnad College of Engineering Hassan","Information Science and Engineering",27781,,,,,,25968,,34062,,29056,
2023,R3,E048,"B M S College of Engineering Basavanagudi,Bangalore","Artificial Intelligence and Data Science",,,,,,,2911,,10891,,5092,
2023,R3,E048,"B M S College of Engineering Basavanagudi,Bangalore","Artificial Intelligence and Machine Learning",3742,,,,5882,,3607,,11269,,5436,
2023,R3,E048,"B M S College of Engineering Basavanagudi,Bangalore","Computer Science and Engineering",1594,,,,2339,,1037,,3057,,1817,
2023,R3,E048,"B M S College of Engineering Basavanagudi,Bangalore","Computer Science and Engineering - Data Science",2538,,,,,,2153,,,,2571,
2023,R3,E048,"B M S College of Engineering Basavanagudi,Bangalore","Computer Science - IoT and Cyber Security",7237,,,,,,3885,,18019,,7765,
2023,R3,E048,"B M S College of Engineering Basavanagudi,Bangalore","Information Science and Engineering",2301,,,,4017,,2034,,6820,,3819,
2023,R3,E049,"Basaveshwara Engineering College Bagalkot","Artificial Intelligence and Machine Learning",39222,,,,,,30048,,33269,,35283,
2023,R3,E049,"Basaveshwara Engineering College Bagalkot","Computer Science and Engineering",,,,,,,21205,,23492,,24850,
2023,R3,E049,"Basaveshwara Engineering College Bagalkot","Information Science and Engineering",34488,,,,,,29843,,29908,,32023,
2023,R3,E057,"JSS Science and Technology University(Formerly SJCE) Mysore","Computer Science and Engineering",4097,,,,,,3525,,4666,,4636,
2023,R3,E057,"JSS Science and Technology University(Formerly SJCE) Mysore","Information Science and Engineering",4556,,,,,,4283,,7411,,5653,
2023,R3,E058,"P E S College of Engineering Mandya","Computer Science (AI and Machine Learning)",26928,,,,,,26650,,62500,,26785,
2023,R3,E058,"P E S College of Engineering Mandya","Computer Science and Engineering",19273,,,,,,17729,,19290,,21608,
2023,R3,E058,"P E S College of Engineering Mandya","Computer Science and Engineering - Data Science",32354,,,,37420,,30932,,32243,,31035,
2023,R3,E058,"P E S College of Engineering Mandya","Information Science and Engineering",23882,,,,,,23854,,,,26271,
2023,R3,E059,"P D A College of Engineering Gulbarga","Artificial Intelligence and Machine Learning",,,,,,,31385,,,,41182,
2023,R3,E059,"P D A College of Engineering Gulbarga","Computer Science and Design",120945,,,,,,50981,,,,,
2023,R3,E059,"P D A College of Engineering Gulbarga","Computer Science and Engineering",40753,,,,,,26287,,28616,,36510,
2023,R3,E059,"P D A College of Engineering Gulbarga","Information Science and Engineering",,,,,,,43501,,,,45374,
2023,R3,E060,"Dr. Ambedkar Institute Of Technology Jnanabharathi Campus,Bangalore","Artificial Intelligence and Machine Learning",19924,,,,,,18685,,24359,,23678,
2023,R3,E060,"Dr. Ambedkar Institute Of Technology Jnanabharathi Campus,Bangalore","Computer Science and Engineering",14926,,,,,,14803,,19847,,16030,
2023,R3,E060,"Dr. Ambedkar Institute Of Technology Jnanabharathi Campus,Bangalore","Information Science and Engineering",18366,,,,,,16568,,21046,,19580,
2023,R3,E061,"University B.D.T. college of Engineering Davangere","Computer Science and Engineering",26597,,54469,,,,19330,,20227,,20821,
2023,R3,E062,"Bapuji Institute of Engineering and Technology Davangere","Artificial Intelligence and Machine Learning",38484,,,,,,35248,,39136,,41045,
2023,R3,E062,"Bapuji Institute of Engineering and Technology Davangere","Computer Science and Design",107581,,,,,,50240,,,,76024,
2023,R3,E062,"Bapuji Institute of Engineering and Technology Davangere","Computer Science and Engineering",22610,,,,38509,,21204,,27775,,29087,
2023,R3,E062,"Bapuji Institute of Engineering and Technology Davangere","Computer Science and Engineering - Data Science",50585,,,,,,37344,,,,48525,
2023,R3,E062,"Bapuji Institute of Engineering and Technology Davangere","Information Science and Engineering",36299,,,,,,29927,,35554,,35706,
2023,R3,E064,"Adhichunchanagiri Institute of Technology Chickmagalur","Artificial Intelligence and Machine Learning",53661,,,,,,48131,,,,51231,
2023,R3,E064,"Adhichunchanagiri Institute of Technology Chickmagalur","Computer Science and Engineering",32263,,,,,,32080,,61066,,38610,
2023,R3,E064,"Adhichunchanagiri Institute of Technology Chickmagalur","Computer Science and Engineering - Data Science",61000,,,,,,56669,,65109,,114361,
2023,R3,E064,"Adhichunchanagiri Institute of Technology Chickmagalur","Information Science and Engineering",,,,,,,40444,,,,61268,
2023,R3,E065,"Jawaharlal Nehru National College of Engineering Shimoga","Artificial Intelligence and Machine Learning",,,,,,,35513,,,,42519,
2023,R3,E065,"Jawaharlal Nehru National College of Engineering Shimoga","Computer Science and Engineering",29270,,,,,,21576,,37982,,24622,
2023,R3,E065,"Jawaharlal Nehru National College of Engineering Shimoga","Computer Science and Engineering - Data Science",,,89724,,,,40881,,,,47895,
2023,R3,E065,"Jawaharlal Nehru National College of Engineering Shimoga","Information Science and Engineering",38510,,,,,,31176,,35501,,33081,
2023,R3,E071,"Vidya Vardhaka College of Engineering Mysuru","Computer Science (AI and Machine Learning)",19161,,,,,,17912,,38031,,19604,
2023,R3,E071,"Vidya Vardhaka College of Engineering Mysuru","Computer Science and Engineering",13247,,,,17877,,12126,,13337,,15385,
2023,R3,E071,"Vidya Vardhaka College of Engineering Mysuru","Information Science and Engineering",17935,,,,20371,,16543,,22989,,20294,
2023,R3,E075,"Ballari Institute of Technology and Management Near Allipur Bellary","Artificial Intelligence and Machine Learning",59109,,,,,,41790,,66151,,59869,
2023,R3,E075,"Ballari Institute of Technology and Management Near Allipur Bellary","Computer Science (Artificial Intelligence)",64594,,,,,,51135,,,,52590,
2023,R3,E075,"Ballari Institute of Technology and Management Near Allipur Bellary","Computer Science and Engineering",33913,,,,,,21520,,32085,,35051,
2023,R3,E075,"Ballari Institute of Technology and Management Near Allipur Bellary","Computer Science and Engineering - Data Science",67556,,,,,,47519,,132437,,94760,
2023,R3,E076,"Proudadevaraya Institute of Technology Indiranagar Hospet, Ballari DT","Computer Science and Engineering",,,,,,,54832,,96847,,80855,
2023,R3,E077,"Vidya Vikas Institute of Engineering and Technology Mysuru","Computer Science and Engineering",35667,,,,,,34127,,,,40564,
2023,R3,E077,"Vidya Vikas Institute of Engineering and Technology Mysuru","Information Science and Engineering",43254,,,,,,42428,,48561,,56539,
2023,R3,E078,"The Oxford College of Engineering Bangalore","Artificial Intelligence and Machine Learning",41677,,78188,,,,34827,,,,34913,
2023,R3,E078,"The Oxford College of Engineering Bangalore","Computer Science and Engineering",28840,,,,,,28057,,,,29818,
2023,R3,E078,"The Oxford College of Engineering Bangalore","Information Science and Engineering",40851,,,,,,36623,,39725,,41753,
2023,R3,E079,"Acharya Institute of Technology Bangalore","Artificial Intelligence and Machine Learning",25644,,,,,,25539,,27645,,29866,
2023,R3,E079,"Acharya Institute of Technology Bangalore","Computer Science and Engineering",18190,,,,,,17678,,19674,,22810,
2023,R3,E079,"Acharya Institute of Technology Bangalore","Computer Science and Engineering - Data Science",25305,,,,,,25304,,33813,,28516,
2023,R3,E079,"Acharya Institute of Technology Bangalore","Information Science and Engineering",23797,,,,,,22099,,27057,,28820,
2023,R3,E082,"J S S Academy of Technical Education Bangalore","Computer Science (AI and Machine Learning)",19812,,101727,,27388,,19356,,21934,,27078,
2023,R3,E082,"J S S Academy of Technical Education Bangalore","Computer Science and Engineering",15303,,,,,,13726,,21123,,15003,
2023,R3,E082,"J S S Academy of Technical Education Bangalore","Information Science and Engineering",18747,,,,,,18014,,22438,,21247,
2023,R3,E082,"J S S Academy of Technical Education Bangalore","Robotics and Automation",,,,,,,41190,,,,96624,
2023,R3,E083,"H.K.B.K.College of Engineering Bangalore","Artificial Intelligence and Machine Learning",56295,,,,78293,,55482,,64716,,58940,
2023,R3,E083,"H.K.B.K.College of Engineering Bangalore","Computer Science and Engineering",48527,,,,,,44217,,47151,,47290,
2023,R3,E083,"H.K.B.K.College of Engineering Bangalore","Information Science and Engineering",60046,,,,,,59113,,,,64026,
2023,R3,E085,"APS College of Engineering Somanahalli, Bangalore","Computer Science and Engineering",,,,,,,54347,,,,56541,
2023,R3,E086,"Sri Sairam College of Engineering(Formerly Shirdi Sai Engg) Anekal,Bangalore","Computer Science and Engineering",55414,,,,,,55180,,66778,,57448,
2023,R3,E087,"Vivekananada Institute of Technology Bangalore","Computer Science and Engineering",52355,,,,,,50634,,,,52881,
2023,R3,E091,"K S Institute of Technology Bangalore","Artificial Intelligence and Machine Learning",35965,,,,51419,,34578,,,,37039,
2023,R3,E091,"K S Institute of Technology Bangalore","Computer Science and Design",46898,,,,,,42637,,,,73221,
2023,R3,E091,"K S Institute of Technology Bangalore","Computer Science and Engineering",31646,,,,,,30062,,50707,,39806,
2023,R3,E091,"K S Institute of Technology Bangalore","Computer Science - IoT and Cyber Security",56035,,,,,,53997,,,,98928,
2023,R3,E092,"Vemana Institute of Technology Bangalore","Artificial Intelligence and Machine Learning",56494,,,,,,55065,,56721,,67694,
2023,R3,E092,"Vemana Institute of Technology Bangalore","Computer Science and Engineering",41120,,,,,,40856,,54133,,44968,
2023,R3,E092,"Vemana Institute of Technology Bangalore","Information Science and Engineering",55849,,,,,,52739,,61963,,57464,
2023,R3,E095,"AMC Engineering College Bangalore","Artificial Intelligence and Machine Learning",44830,,74231,,59373,,38690,,48116,,42827,
2023,R3,E095,"AMC Engineering College Bangalore","Computer Science (AI and Machine Learning)",51086,,,,,,46895,,76022,,59935,
2023,R3,E095,"AMC Engineering College Bangalore","Computer Science and Engineering",35009,,,,48431,,32991,,41331,,44540,
2023,R3,E095,"AMC Engineering College Bangalore","Computer Science and Engineering - Data Science",53754,,,,,,51776,,60525,,62276,
2023,R3,E095,"AMC Engineering College Bangalore","Information Science and Engineering",42942,,,,,,41700,,50184,,48575,
2023,R3,E096,"East Point College of Engineering and Technology Bangalore","Artificial Intelligence and Data Science",51189,,,,,,45484,,,,59763,
2023,R3,E096,"East Point College of Engineering and Technology Bangalore","Computer Science (AI and Machine Learning)",48782,,113824,,58509,,47700,,,,57820,
2023,R3,E096,"East Point College of Engineering and Technology Bangalore","Computer Science and Engineering",40219,,,,,,37342,,41693,,41776,
2023,R3,E096,"East Point College of Engineering and Technology Bangalore","Information Science and Engineering",52284,,,,,,51620,,60364,,53985,
2023,R3,E097,"C M R Institute of Technology Bangalore","Artificial Intelligence and Data Science",21414,,57718,,31188,,20653,,30450,,25873,
2023,R3,E097,"C M R Institute of Technology Bangalore","Artificial Intelligence and Machine Learning",,,,,24446,,20766,,29039,,24180,
2023,R3,E097,"C M R Institute of Technology Bangalore","Computer Science (AI and Machine Learning)",18817,,,,,,18213,,36767,,25670,
2023,R3,E097,"C M R Institute of Technology Bangalore","Computer Science and Engineering",14841,,,,,,13866,,18450,,17466,
2023,R3,E097,"C M R Institute of Technology Bangalore","Computer Science and Engineering - Data Science",21153,,,,,,20411,,,,24858,
2023,R3,E097,"C M R Institute of Technology Bangalore","Information Science and Engineering",17882,,,,,,17583,,20719,,20363,
2023,R3,E098,"Atria Institute of Technology Bangalore","Artificial Intelligence and Machine Learning",34999,,,,,,32111,,52819,,49043,
2023,R3,E098,"Atria Institute of Technology Bangalore","Computer Science and Design",65079,,,,75623,,58617,,67947,,72183,
2023,R3,E098,"Atria Institute of Technology Bangalore","Computer Science and Engineering",29769,,,,,,28445,,38449,,36930,
2023,R3,E098,"Atria Institute of Technology Bangalore","Computer Science and Engineering - Data Science",40854,,,,,,38066,,63109,,46632,
2023,R3,E098,"Atria Institute of Technology Bangalore","Information Science and Engineering",39564,,,,48976,,38535,,52079,,46264,
2023,R3,E099,"New Horizon College of Engineering Bangalore","Artificial Intelligence and Machine Learning",17379,,,,21757,,15820,,19503,,19050,
2023,R3,E099,"New Horizon College of Engineering Bangalore","Computer Science and Engineering",10607,,,,,,9034,,16885,,13797,
2023,R3,E099,"New Horizon College of Engineering Bangalore","Computer Science and Engineering - Data Science",17748,,51743,,,,17539,,31660,,23805,
2023,R3,E099,"New Horizon College of Engineering Bangalore","Information Science and Engineering",14006,,,,20174,,12776,,17825,,17112,
2023,R3,E101,"Channabasaveshwara Institute of Technology Gubbi, Tumkur","Computer Science and Engineering",47520,,,,,,39595,,52194,,45507,
2023,R3,E101,"Channabasaveshwara Institute of Technology Gubbi, Tumkur","Information Science and Engineering",,,,,,,51947,,,,59650,
2023,R3,E102,"DONBOSCO Institute of Technology Bangalore","Artificial Intelligence and Data Science",44115,,,,,,40398,,,,52783,
2023,R3,E102,"DONBOSCO Institute of Technology Bangalore","Computer Science (AI and Machine Learning)",50804,,,,,,48169,,63473,,62197,
2023,R3,E102,"DONBOSCO Institute of Technology Bangalore","Computer Science and Engineering",31090,,,,,,30323,,32679,,35257,
2023,R3,E102,"DONBOSCO Institute of Technology Bangalore","Information Science and Engineering",43614,,,,,,42281,,46256,,50051,
2023,R3,E103,"Global Academy of Technology Bangalore","Artificial Intelligence and Data Science",28299,,,,30997,,28111,,35902,,28448,
2023,R3,E103,"Global Academy of Technology Bangalore","Artificial Intelligence and Machine Learning",27305,,65206,,,,25698,,,,28714,
2023,R3,E103,"Global Academy of Technology Bangalore","Computer Science (AI and Machine Learning)",25494,,,,,,24856,,,,28513,
2023,R3,E103,"Global Academy of Technology Bangalore","Computer Science and Engineering",20545,,,,,,20079,,23886,,23537,
2023,R3,E103,"Global Academy of Technology Bangalore","Information Science and Engineering",25925,,,,,,24542,,32564,,30845,
2023,R3,E104,"Nagarjuna College of Engineering and Technology Bangalore (R)","Computer Science and Engineering",48710,,,,,,44954,,46700,,48382,
2023,R3,E104,"Nagarjuna College of Engineering and Technology Bangalore (R)","Information Science and Engineering",58427,,,,,,56606,,,,57160,
2023,R3,E105,"Nitte Meenakshi Institutute of Technology Bangalore","Artificial Intelligence and Data Science",14136,,23864,,,,13937,,,,17734,
2023,R3,E105,"Nitte Meenakshi Institutute of Technology Bangalore","Artificial Intelligence and Machine Learning",12540,,,,,,11384,,12645,,16667,
2023,R3,E105,"Nitte Meenakshi Institutute of Technology Bangalore","Computer Science and Engineering",9540,,,,,,8854,,11036,,9896,
2023,R3,E105,"Nitte Meenakshi Institutute of Technology Bangalore","Information Science and Engineering",11975,,,,14443,,11525,,17523,,12663,
2023,R3,E106,"East West Institute of Technology Bangalore","Artificial Intelligence and Data Science",56238,,,,,,56199,,94025,,62496,
2023,R3,E106,"East West Institute of Technology Bangalore","Artificial Intelligence and Machine Learning",,,,,,,49606,,,,59593,
2023,R3,E106,"East West Institute of Technology Bangalore","Computer Science and Engineering",40535,,,,,,39091,,48951,,43466,
2023,R3,E106,"East West Institute of Technology Bangalore","Information Science and Engineering",51777,,,,60829,,50511,,53548,,56067,
2023,R3,E107,"B N M Institute of Technology Bangalore","Artificial Intelligence and Machine Learning",18994,,,,,,18029,,18464,,22388,
2023,R3,E107,"B N M Institute of Technology Bangalore","Computer Science and Engineering",12210,,,,,,12005,,14911,,15634,
2023,R3,E107,"B N M Institute of Technology Bangalore","Information Science and Engineering",12873,,,,,,12646,,,,15819,
2023,R3,E108,"Sapthagiri College of Engineering Bangalore","Computer Science and Engineering",25589,,,,28435,,24351,,25832,,27680,
2023,R3,E108,"Sapthagiri College of Engineering Bangalore","Information Science and Engineering",31157,,,,,,30640,,36273,,34536,
2023,R3,E111,"Sri Venkateshwara College of Engineering Bettahalsur(P), Bangalore","Computer Science (Artificial Intelligence)",52132,,,,,,51579,,,,64254,
2023,R3,E111,"Sri Venkateshwara College of Engineering Bettahalsur(P), Bangalore","Computer Science and Engineering",42268,,,,,,40655,,63074,,47562,
2023,R3,E111,"Sri Venkateshwara College of Engineering Bettahalsur(P), Bangalore","Information Science and Engineering",47359,,,,49855,,46747,,,,49310,
2023,R3,E112,"Sri Krishna Institute of Technology Bangalore","Computer Science and Engineering",55673,,,,,,54854,,61212,,72686,
2023,R3,E114,"G M Institute of Technology Davanagere","Artificial Intelligence and Machine Learning",,,,,,,50873,,54739,,52562,
2023,R3,E114,"G M Institute of Technology Davanagere","Computer Science and Engineering",37671,,,,,,28267,,31586,,31784,
2023,R3,E114,"G M Institute of Technology Davanagere","Information Science and Engineering",39046,,,,,,34615,,,,36607,
2023,R3,E115,"S J B Institute of Technology Kengeri,Bangalore (ATNMS)","Artificial Intelligence and Machine Learning",24732,,,,28173,,23954,,34783,,27936,
2023,R3,E115,"S J B Institute of Technology Kengeri,Bangalore (ATNMS)","Computer Science and Engineering",17540,,,,,,16637,,23632,,19601,
2023,R3,E115,"S J B Institute of Technology Kengeri,Bangalore (ATNMS)","Computer Science and Engineering - Data Science",,,,,26681,,24068,,,,25195,
2023,R3,E115,"S J B Institute of Technology Kengeri,Bangalore (ATNMS)","Information Science and Engineering",21947,,,,,,21849,,23392,,25982,
2023,R3,E118,"RNS Institute of Technology Bangalore","Artificial Intelligence and Data Science",16274,,24920,,,,14901,,,,16701,
2023,R3,E118,"RNS Institute of Technology Bangalore","Computer Science (AI and Machine Learning)",16675,,,,,,15172,,18732,,17905,
2023,R3,E118,"RNS Institute of Technology Bangalore","Computer Science and Engineering",10594,,,,12889,,9112,,12454,,11987,
2023,R3,E118,"RNS Institute of Technology Bangalore","Computer Science - Cyber Security",19701,,,,,,17697,,18209,,23631,
2023,R3,E118,"RNS Institute of Technology Bangalore","Computer Science and Engineering - Data Science",19469,,,,,,16915,,21792,,19650,
2023,R3,E118,"RNS Institute of Technology Bangalore","Information Science and Engineering",13424,,,,15621,,12988,,17529,,15536,
2023,R3,E121,"Vivekananada College of Engineering Technology D K DIST","Computer Science and Engineering",99430,,,,,,47144,,50420,,58613,
2023,R3,E123,"Canara Engineering College Bantwal DK DIST","Artificial Intelligence and Machine Learning",60653,,,,,,54902,,56518,,66671,
2023,R3,E123,"Canara Engineering College Bantwal DK DIST","Computer Science and Engineering",44268,,,,,,36979,,38199,,38410,
2023,R3,E123,"Canara Engineering College Bantwal DK DIST","Information Science and Engineering",56530,,,,,,49880,,58936,,54645,
2023,R3,E126,"B M S Institute of Technology and Management Yelahanka, Bangalore","Artificial Intelligence and Machine Learning",12409,,,,,,11163,,14227,,14294,
2023,R3,E126,"B M S Institute of Technology and Management Yelahanka, Bangalore","Computer Science and Engineering",7229,,,,8951,,6262,,7796,,8438,
2023,R3,E126,"B M S Institute of Technology and Management Yelahanka, Bangalore","Information Science and Engineering",10968,,,,13207,,9744,,18432,,12490,
2023,R3,E128,"Sharnbasva University(Formerly Appa Inst. of Tech.) Brahmpur, Kalaburagi","Artificial Intelligence and Data Science",,,,,,,45677,,,,61820,
2023,R3,E128,"Sharnbasva University(Formerly Appa Inst. of Tech.) Brahmpur, Kalaburagi","Computer Science and Engineering",,,,,,,33085,,39221,,44791,
2023,R3,E129,"St. Joseph Engineering College Mangalore","Artificial Intelligence and Machine Learning",,,,,,,22514,,,,25119,
2023,R3,E129,"St. Joseph Engineering College Mangalore","Computer Science and Engineering",27939,,,,29526,,16947,,28842,,24600,
2023,R3,E129,"St. Joseph Engineering College Mangalore","Computer Science and Engineering - Data Science",,,,,,,23574,,,,27918,
2023,R3,E133,"G S S S Institute of Engineering and Technology for Women Mysore","Artificial Intelligence and Data Science",30923,,,,,,29624,,38290,,31623,
2023,R3,E133,"G S S S Institute of Engineering and Technology for Women Mysore","Computer Science (AI and Machine Learning)",,,,,40900,,28080,,38635,,38951,
2023,R3,E133,"G S S S Institute of Engineering and Technology for Women Mysore","Computer Science and Engineering",20829,,,,,,20485,,25568,,23861,
2023,R3,E133,"G S S S Institute of Engineering and Technology for Women Mysore","Information Science and Engineering",23806,,,,,,23107,,,,30283,
2023,R3,E134,"Smt. Kamala and Sri Venkappa M.Agadi College of Engg. and Tech. Laxmeshwara-Tq, Gadag Dt.","Computer Science and Engineering",99724,,,,,,41021,,55697,,51121,
2023,R3,E135,"K L S Viswanathrao Deshpande Institute of Technology Haliyal, Uttara Kannada -Dist","Computer Science (AI and Machine Learning)",120190,,,,,,57606,,63632,,76788,
2023,R3,E135,"K L S Viswanathrao Deshpande Institute of Technology Haliyal, Uttara Kannada -Dist","Computer Science and Engineering",37293,,,,,,33504,,40798,,60738,
2023,R3,E141,"P E S University (Electronic City Campus) Bangalore","Computer Science and Engineering",7728,,23020,,9724,,5600,,13003,,9662,
2023,R3,E142,"Adichunchanagiri University(Formerly BGSIT) Nagamangala Taluk,Mandya Dist.","Artificial Intelligence and Machine Learning",,,,,,,51554,,,,61352,
2023,R3,E142,"Adichunchanagiri University(Formerly BGSIT) Nagamangala Taluk,Mandya Dist.","Computer Science and Engineering",38045,,,,,,35859,,45847,,45692,
2023,R3,E142,"Adichunchanagiri University(Formerly BGSIT) Nagamangala Taluk,Mandya Dist.","Information Science and Engineering",45233,,,,,,44423,,56524,,45897,
2023,R3,E144,"Srinivas Institute of Technology Mangalore.","Computer Science and Engineering",,,,,,,48219,,53019,,60553,
2023,R3,E144,"Srinivas Institute of Technology Mangalore.","Information Science and Engineering",,,,,,,58722,,,,63765,
2023,R3,E145,"Rajarajeswari College of Engineering Kumbalagodu,Bangalore","Artificial Intelligence and Machine Learning",43281,,,,,,39840,,54643,,40738,
2023,R3,E145,"Rajarajeswari College of Engineering Kumbalagodu,Bangalore","Computer Science and Engineering",35681,,,,,,33794,,36346,,41181,
2023,R3,E145,"Rajarajeswari College of Engineering Kumbalagodu,Bangalore","Computer Science - IoT and Cyber Security",65769,,,,,,58607,,184431,,80959,
2023,R3,E145,"Rajarajeswari College of Engineering Kumbalagodu,Bangalore","Information Science and Engineering",40239,,,,43274,,40216,,58748,,42261,
2023,R3,E147,"T.John Engineering College Bangalore","Computer Science and Engineering",63361,,,,,,58705,,,,82699,
2023,R3,E149,"Cambridge Institutute of Technology Bangalore","Artificial Intelligence and Machine Learning",31214,,,,,,30958,,50637,,41451,
2023,R3,E149,"Cambridge Institutute of Technology Bangalore","Computer Science and Engineering",24055,,,,,,23063,,30199,,26648,
2023,R3,E149,"Cambridge Institutute of Technology Bangalore","Computer Science - IoT and Cyber Security",39636,,158539,,,,39435,,,,56089,
2023,R3,E149,"Cambridge Institutute of Technology Bangalore","Information Science and Engineering",32896,,,,,,31257,,35376,,35037,
2023,R3,E150,"P E S Institute of Technology and Management Shivamogga","Artificial Intelligence and Machine Learning",,,,,87452,,50567,,66819,,62712,
2023,R3,E150,"P E S Institute of Technology and Management Shivamogga","Computer Science and Engineering",,,,,,,37616,,,,38641,
2023,R3,E150,"P E S Institute of Technology and Management Shivamogga","Information Science and Engineering",50850,,,,,,44925,,49346,,48586,
2023,R3,E151,"Mangalore Institute of Technology and Engineering Mangalore Tq,D.K","Artificial Intelligence and Machine Learning",44059,,,,46445,,33503,,,,38860,
2023,R3,E151,"Mangalore Institute of Technology and Engineering Mangalore Tq,D.K","Computer Science (AI and Machine Learning)",39581,,,,,,34115,,,,37214,
2023,R3,E151,"Mangalore Institute of Technology and Engineering Mangalore Tq,D.K","Computer Science and Engineering",32957,,,,33122,,25281,,30195,,28462,
2023,R3,E151,"Mangalore Institute of Technology and Engineering Mangalore Tq,D.K","Computer Science - IoT and Cyber Security",43163,,,,,,37508,,54010,,37636,
2023,R3,E151,"Mangalore Institute of Technology and Engineering Mangalore Tq,D.K","Information Science and Engineering",45656,,,,,,32479,,32906,,36226,
2023,R3,E152,"S D M Institute of Tech. Ujire,Dakshina Kannada","Artificial Intelligence and Data Science",72388,,,,,,53026,,85614,,53790,
2023,R3,E152,"S D M Institute of Tech. Ujire,Dakshina Kannada","Computer Science and Engineering",41204,,,,,,39409,,40801,,43020,
2023,R3,E152,"S D M Institute of Tech. Ujire,Dakshina Kannada","Information Science and Engineering",,,,,,,51459,,54215,,54101,
2023,R3,E155,"Government Engineering College Hassan","Computer Science and Engineering",27193,,,,,,26703,,28068,,31017,
2023,R3,E156,"Government Engineering College K R Pet, Mandya DT.","Computer Science and Engineering",56360,,93973,,,,52245,,56358,,56594,
2023,R3,E157,"Government Engineering College Ramanagara","Computer Science and Engineering",66326,,,,,,56703,,67513,,63264,
2023,R3,E158,"Maharaja Institute of Technology-Mysore Belawadi, Mandya Dist","Computer Science (AI and Machine Learning)",39483,,,,,,38741,,,,46382,
2023,R3,E158,"Maharaja Institute of Technology-Mysore Belawadi, Mandya Dist","Computer Science (Artificial Intelligence)",,,,,,,45134,,68769,,49425,
2023,R3,E158,"Maharaja Institute of Technology-Mysore Belawadi, Mandya Dist","Computer Science and Engineering",32696,,,,,,30564,,53821,,35766,
2023,R3,E158,"Maharaja Institute of Technology-Mysore Belawadi, Mandya Dist","Computer Science and Engineering - Data Science",,,,,,,46312,,,,55206,
2023,R3,E158,"Maharaja Institute of Technology-Mysore Belawadi, Mandya Dist","Information Science and Engineering",36876,,,,,,36120,,51210,,44325,
2023,R3,E160,"Sahyadri College of Engg. and Management Mangalore","Computer Science (AI and Machine Learning)",26469,,,,,,25071,,26366,,26008,
2023,R3,E160,"Sahyadri College of Engg. and Management Mangalore","Computer Science and Engineering",23793,,,,,,14828,,15990,,19013,
2023,R3,E160,"Sahyadri College of Engg. and Management Mangalore","Information Science and Engineering",33998,,,,38392,,20877,,21742,,24499,
2023,R3,E161,"Government Engineering College Kushalnagar,Kodagu Dist","Computer Science and Engineering",60688,,69557,,,,57336,,,,58127,
2023,R3,E162,"Government Engineering College Raichur","Computer Science and Engineering",54834,,117723,,,,54141,,,,66325,
2023,R3,E166,"K L E Institute of Technology Hubli","Computer Science and Engineering",25437,,,,,,22456,,25166,,23981,
2023,R3,E167,"K L E Ss K L E College of Engineering and Technology Chikkodi, Belgaum Dist.","Artificial Intelligence and Data Science",,,,,,,57303,,62622,,65657,
2023,R3,E167,"K L E Ss K L E College of Engineering and Technology Chikkodi, Belgaum Dist.","Computer Science and Engineering",50954,,,,,,42993,,,,48794,
2023,R3,E169,"Alva`s Institute of Engineering and Technology Moodabidri,","Artificial Intelligence and Machine Learning",77109,,,,,,55477,,82511,,59201,
2023,R3,E169,"Alva`s Institute of Engineering and Technology Moodabidri,","Computer Science and Engineering",60746,,,,,,47514,,51873,,60156,
2023,R3,E172,"R.R.Institute of Technology Chikkabanavara, Bangalore","Computer Science and Engineering",58872,,,,,,57812,,79019,,65547,
2023,R3,E173,"Sai Vidya Institute of Technology Bangalore","Computer Science (AI and Machine Learning)",56364,,,,,,51754,,85832,,73815,
2023,R3,E173,"Sai Vidya Institute of Technology Bangalore","Computer Science and Engineering",34070,,,,,,32114,,58680,,47353,
2023,R3,E173,"Sai Vidya Institute of Technology Bangalore","Computer Science and Engineering - Data Science",63915,,,,68887,,59628,,94116,,62018,
2023,R3,E173,"Sai Vidya Institute of Technology Bangalore","Information Science and Engineering",44505,,,,,,43969,,47803,,50506,
2023,R3,E175,"S.G.Balekundri Institute of Technology Belgaum","Artificial Intelligence and Data Science",79180,,,,,,58362,,60185,,67157,
2023,R3,E175,"S.G.Balekundri Institute of Technology Belgaum","Computer Science and Engineering",54126,,,,84684,,45995,,49623,,49638,
2023,R3,E177,"Rajeev Institute of Technology Hassan","Computer Science and Engineering",59793,,,,,,51588,,52338,,62956,
2023,R3,E178,"The National Institute of Engineering(NORTH CAMPUS) Mysore","Computer Science (AI and Machine Learning)",10008,,,,,,9871,,11835,,13631,
2023,R3,E178,"The National Institute of Engineering(NORTH CAMPUS) Mysore","Computer Science and Engineering",7150,,,,,,5802,,10825,,7195,
2023,R3,E178,"The National Institute of Engineering(NORTH CAMPUS) Mysore","Information Science and Engineering",8762,,,,11516,,8245,,15171,,10390,
2023,R3,E185,"Angadi Institute of Technology and Management Belgaum","Computer Science and Engineering",69927,,,,,,55195,,55569,,63367,
2023,R3,E186,"ACS College of Engineering Kengeri Hobli,Bangalore","Computer Science and Engineering",51540,,,,,,47012,,55724,,53859,
2023,R3,E189,"Navkis College of Engineering (Formerly NDRKIT) Kandali, Hassan","Artificial Intelligence and Data Science",62537,,,,66465,,59152,,84171,,,
2023,R3,E189,"Navkis College of Engineering (Formerly NDRKIT) Kandali, Hassan","Computer Science and Engineering",46197,,,,68231,,43955,,74226,,49319,
2023,R3,E196,"Jain College of Engineering Machche,Belgaum","Computer Science (AI and Machine Learning)",,,,,,,42602,,48230,,52144,
2023,R3,E196,"Jain College of Engineering Machche,Belgaum","Computer Science and Engineering",37908,,,,,,32200,,32461,,34358,
2023,R3,E198,"Sharnbasva University College for Women(Formerly Godutai) Gulbarga","Computer Science and Engineering",,,,,,,54728,,,,,
2023,R3,E201,"Gopalan College of Engineering and Management White Field, Bangalore","Computer Science and Engineering",63564,,,,,,58770,,,,66792,
2023,R3,E203,"K.S. School of Engineering And Management Mallasandra, Bangalore","Computer Science and Engineering",57250,,,,,,52651,,85083,,59639,
2023,R3,E205,"ATME College of Engineering Varun hobli,Mysore","Computer Science (AI and Machine Learning)",51250,,,,,,48089,,,,52169,
2023,R3,E205,"ATME College of Engineering Varun hobli,Mysore","Computer Science and Engineering",44373,,,,,,42064,,70598,,50863,
2023,R3,E206,"Shri Madhwa Vadiraja Institute of Technology and Management Udupi Dist","Computer Science and Engineering",80312,,,,,,39746,,47459,,43650,
2023,R3,E209,"Jyothi Institute of Technology Bangalore","Artificial Intelligence and Machine Learning",49063,,,,,,48968,,97563,,60427,
2023,R3,E209,"Jyothi Institute of Technology Bangalore","Computer Science and Engineering",41397,,,,,,37390,,54033,,47962,
2023,R3,E209,"Jyothi Institute of Technology Bangalore","Information Science and Engineering",48418,,,,,,47161,,,,56098,
2023,R3,E211,"Jain Institute of Technology Cross,Davanagere","Computer Science and Engineering",58868,,,,,,56720,,73813,,63474,
2023,R3,E212,"Dayananda Sagar Academy of Technology Kanakapur Main Road Bangalore","Artificial Intelligence and Machine Learning",20063,,,,,,19442,,24508,,29429,
2023,R3,E212,"Dayananda Sagar Academy of Technology Kanakapur Main Road Bangalore","Computer Science and Design",26874,,,,,,26406,,43198,,38661,
2023,R3,E212,"Dayananda Sagar Academy of Technology Kanakapur Main Road Bangalore","Computer Science (Artificial Intelligence)",20813,,,,,,20526,,34298,,22632,
2023,R3,E212,"Dayananda Sagar Academy of Technology Kanakapur Main Road Bangalore","Computer Science and Engineering",16203,,,,21744,,15168,,18231,,18978,
2023,R3,E212,"Dayananda Sagar Academy of Technology Kanakapur Main Road Bangalore","Computer Science - Cyber Security",,,,,,,25337,,,,30942,
2023,R3,E212,"Dayananda Sagar Academy of Technology Kanakapur Main Road Bangalore","Computer Science and Engineering - Data Science",21861,,,,,,20734,,42684,,22437,
2023,R3,E212,"Dayananda Sagar Academy of Technology Kanakapur Main Road Bangalore","Computer Science - IoT and Cyber Security",33324,,,,,,27750,,40695,,,
2023,R3,E212,"Dayananda Sagar Academy of Technology Kanakapur Main Road Bangalore","Information Science and Engineering",22753,,,,,,19908,,23391,,23909,
2023,R3,E220,"Alliance University Bangalore","Computer Science and Engineering",55107,,,,63590,,49429,,61247,,62111,
2023,R3,E222,"Cambridge Institutute of Technology-North Campus Devanahalli(TQ),Bangalore(R)","Computer Science and Engineering",57432,,,,,,52384,,58437,,62040,
2023,R3,E232,"Reva University Bangalore","Computer Science and Engineering",17676,,,,18411,,16299,,20983,,17916,
2023,R3,E235,"M.S. Ramaiah University of Applied Sciences Bangalore","Computer Science and Engineering",18838,,,,,,16656,,19184,,20255,
2023,R3,E237,"Presidency University Yelahanka, Bangalore","Computer Science and Engineering",42532,,54409,,51384,,38551,,49569,,48786,
2023,R3,E237,"Presidency University Yelahanka, Bangalore","Computer Science (Networks)",78848,,,,,,50726,,101245,,79250,
2023,R3,E239,"East West College of Engineering Yelahanka New Town, Bangalore","Computer Science and Engineering",59118,,,,,,54653,,59679,,56075,
2023,R3,E240,"Dayananda Sagar University Hosur Road, Bangalore","Computer Science and Engineering",30954,,,,33387,,26339,,35324,,32889,
2023,R3,E241,"KLE Technological University(Formerly BVBCET) Dharward Dist","Computer Science (Artificial Intelligence)",11522,,,,,,7827,,9966,,12613,
2023,R3,E241,"KLE Technological University(Formerly BVBCET) Dharward Dist","Computer Science and Engineering",9369,,,,12021,,4504,,4937,,6285,
2023,R3,E254,"A J Institute Of Engineering And Technology MANGALORE","Artificial Intelligence and Data Science",74686,,,,75887,,58404,,59004,,59311,
2023,R3,E254,"A J Institute Of Engineering And Technology MANGALORE","Computer Science (AI and Machine Learning)",,,,,,,52732,,70814,,60796,
2023,R3,E254,"A J Institute Of Engineering And Technology MANGALORE","Computer Science and Engineering",66275,,,,,,40423,,43662,,47949,
2023,R3,E254,"A J Institute Of Engineering And Technology MANGALORE","Information Science and Engineering",68363,,,,,,49781,,,,50920,
2023,R3,E255,"Gitam School Of Technology BANGALORE RURAL DIST","Computer Science (AI and Machine Learning)",58560,,,,,,56681,,91638,,74357,
2023,R3,E255,"Gitam School Of Technology BANGALORE RURAL DIST","Computer Science and Engineering",52471,,,,66997,,49210,,67165,,59845,
2023,R3,E257,"CMR University CHAGALATTI, BANGALORE","Computer Science and Engineering",47553,,,,57436,,42032,,56564,,55812,
2023,R3,E257,"CMR University CHAGALATTI, BANGALORE","Computer Science (AI and Machine Learning)",54859,,,,,,50214,,98786,,71560,
2023,R3,E258,"Maharaja Institute of Technology THANDAVAPURA, MYSORE","Artificial Intelligence and Data Science",,,,,,,55153,,116252,,69726,
2023,R3,E258,"Maharaja Institute of Technology THANDAVAPURA, MYSORE","Computer Science and Engineering",41606,,,,,,41006,,53220,,50232,
2023,R3,E265,"Jain College of Engineering and Technology Hubballi","Computer Science and Engineering",50791,,,,,,44302,,49554,,57350,
2023,R3,E269,"Jain College of Engineering and Research Udyambhag, Belgaum","Computer Science and Engineering",45097,,,,,,41805,,41828,,45605,
2023,R3,E272,"Government Engineering College Talakal,Koppal","Computer Science and Engineering",,,,,,,58631,,58935,,76932,
2023,R3,E274,"Government Engineering College Moselehosahalli,Hassan","Computer Science and Engineering",60092,,,,,,55592,,61099,,57603,
2023,R3,E275,"R V Institute of Technology and Management JP Nagar, Bengaluru","Computer Science and Engineering",11826,,,,,,10575,,14242,,15726,
2023,R3,E275,"R V Institute of Technology and Management JP Nagar, Bengaluru","Information Science and Engineering",12852,,,,,,12685,,24528,,15991,
2023,R3,E279,"Visvesvaraya Technological University Belgaum","Computer Science and Engineering",40158,,,,,,29260,,29911,,32435,
2023,R3,E283,"University of Mysore Mysore","Artificial Intelligence and Data Science",,,,,,,52795,,,,76547,
2023,R3,E283,"University of Mysore Mysore","Artificial Intelligence and Machine Learning",56712,,,,,,52123,,88517,,,
2023,R3,E284,"Sri Jayachamarajendra College of Engineering(Const. of JSS Univ.) Mysore","Computer Science and Engineering",3492,,,,,,3134,,9051,,4796,
2023,R3,E285,"R V University Bangalore","Computer Science and Engineering",11207,,23078,,15939,,8891,,19539,,15928,
2023,R3,E286,"BGS College of Engineering and Technology Mahalakshmipuram,Bangalore","Artificial Intelligence and Data Science",53071,,,,,,46061,,,,49448,
2023,R3,E286,"BGS College of Engineering and Technology Mahalakshmipuram,Bangalore","Artificial Intelligence and Machine Learning",42257,,,,48618,,40390,,81485,,46724,
2023,R3,E286,"BGS College of Engineering and Technology Mahalakshmipuram,Bangalore","Computer Science and Design",,,,,,,57966,,71888,,,
2023,R3,E286,"BGS College of Engineering and Technology Mahalakshmipuram,Bangalore","Computer Science and Engineering",29069,,,,,,28318,,,,36819,
2023,R3,E286,"BGS College of Engineering and Technology Mahalakshmipuram,Bangalore","Information Science and Engineering",30768,,,,,,28880,,49583,,43147,
2023,R3,E288,"Garden City University Bangalore","Computer Science and Engineering",60473,,,,73131,,58873,,94367,,72479,
2023,R3,E289,"Visvesvaraya Technological University - Regional Center Rajapur,Kalburgi","Computer Science and Engineering",,,91006,,,,37758,,,,44458,
2023,R3,E290,"Visvesvaraya Technological University - Regional Center Mysore","Computer Science and Engineering",40568,,,,,,39536,,40704,,41993,
2023,R3,E292,"Government Engineering College Bidar","Computer Science and Engineering",,,,,,,49040,,,,51763,
2024,R1,E001,"University of Visvesvaraya College of Engineering Bangalore ( PUBLIC UNIV. )","Artificial Intelligence and Machine Learning",,,,,,,,6057,,,,9789
2024,R1,E001,"University of Visvesvaraya College of Engineering Bangalore ( PUBLIC UNIV. )","Computer Science and Engineering",,6003,,,,,,4311,,,,
2024,R1,E001,"University of Visvesvaraya College of Engineering Bangalore ( PUBLIC UNIV. )","Information Science and Engineering",,,,,,,,5874,,,,
2024,R1,E002,"S K S J T Institute of Engineering. Bangalore","Computer Science and Engineering",,,,,,,,16632,,,,
2024,R1,E004,"Dr. Ambedkar Institute Of Technology Bangalore","Computer Science and Engineering",,11929,,,,,,10083,,,,
2024,R1,E005,"R. V. College of Engineering Bangalore","Computer Science (AI and Machine Learning)",,,,,,,,1096,,,,
2024,R1,E005,"R. V. College of Engineering Bangalore","Computer Science and Engineering",,,,,,,,554,,2425,,913
2024,R1,E005,"R. V. College of Engineering Bangalore","Computer Science - Cyber Security",,,,,,,,1622,,,,
2024,R1,E005,"R. V. College of Engineering Bangalore","Computer Science and Engineering - Data Science",,,,,,,,1516,,,,
2024,R1,E005,"R. V. College of Engineering Bangalore","Information Science and Engineering",,,,,,,,930,,,,
2024,R1,E006,"M S Ramaiah Institute of Technology Bangalore","Artificial Intelligence and Data Science",,,,,,,,3716,,,,
2024,R1,E006,"M S Ramaiah Institute of Technology Bangalore","Artificial Intelligence and Machine Learning",,,,,,,,,,8216,,
2024,R1,E006,"M S Ramaiah Institute of Technology Bangalore","Computer Science (AI and Machine Learning)",,,,,,,,2394,,,,
2024,R1,E006,"M S Ramaiah Institute of Technology Bangalore","Computer Science and Engineering",,,,,,,,1939,,,,3724
2024,R1,E006,"M S Ramaiah Institute of Technology Bangalore","Computer Science - Cyber Security",,,,,,,,4161,,,,
2024,R1,E006,"M S Ramaiah Institute of Technology Bangalore","Information Science and Engineering",,,,,,,,3477,,,,
2024,R1,E007,"Dayananda Sagar College of Engineering Bangalore","Artificial Intelligence and Machine Learning",,,,,,,,5215,,,,
2024,R1,E007,"Dayananda Sagar College of Engineering Bangalore","Computer Science and Design",,,,,,,,8759,,,,
2024,R1,E007,"Dayananda Sagar College of Engineering Bangalore","Computer Science and Engineering",,,,,,,,4714,,,,7064
2024,R1,E007,"Dayananda Sagar College of Engineering Bangalore","Computer Science - Cyber Security",,,,,,,,6566,,,,
2024,R1,E007,"Dayananda Sagar College of Engineering Bangalore","Computer Science and Engineering - Data Science",,,,,,,,4937,,,,
2024,R1,E007,"Dayananda Sagar College of Engineering Bangalore","Computer Science - IoT and Cyber Security",,,,,,,,7088,,,,
2024,R1,E007,"Dayananda Sagar College of Engineering Bangalore","Information Science and Engineering",,,,,,,,6372,,,,
2024,R1,E007,"Dayananda Sagar College of Engineering Bangalore","Robotics and Artificial Intelligence",,,,,,,,11120,,,,
2024,R1,E008,"Bangalore Institute of Technology Bangalore","Artificial Intelligence and Machine Learning",,,,,,,,7404,,,,
2024,R1,E008,"Bangalore Institute of Technology Bangalore","Computer Science and Engineering",,,,,,,,6662,,11154,,
2024,R1,E008,"Bangalore Institute of Technology Bangalore","Computer Science and Engineering - Data Science",,,,,,,,8910,,,,
2024,R1,E008,"Bangalore Institute of Technology Bangalore","Computer Science - IoT and Cyber Security",,,,,,,,11775,,,,
2024,R1,E008,"Bangalore Institute of Technology Bangalore","Information Science and Engineering",,,,,,,,7979,,,,15867
2024,R1,E008,"Bangalore Institute of Technology Bangalore","Robotics and Artificial Intelligence",,26492,,,,,,,,,,35994
2024,R1,E009,"P E S University (Ring Road Campus) Bangalore","Computer Science and Engineering",,2020,,,,,,1860,,7845,,3501
2024,R1,E011,"M V J College of Engineering Bangalore","Artificial Intelligence and Machine Learning",,,,,,,,23947,,,,
2024,R1,E011,"M V J College of Engineering Bangalore","Computer Science and Design",,,,,,,,30529,,,,
2024,R1,E011,"M V J College of Engineering Bangalore","Computer Science and Engineering",,,,,,,,21838,,32097,,
2024,R1,E011,"M V J College of Engineering Bangalore","Computer Science and Engineering - Data Science",,,,,,,,26766,,,,
2024,R1,E011,"M V J College of Engineering Bangalore","Information Science and Engineering",,,,,,,,26328,,,,
2024,R1,E012,"Sir M.Visveswaraya Institute of Technology Hunasemaranahalli,Bangalore,","Artificial Intelligence and Machine Learning",,,,,,,,14113,,,,
2024,R1,E012,"Sir M.Visveswaraya Institute of Technology Hunasemaranahalli,Bangalore,","Computer Science and Engineering",,,,,,,,13978,,,,
2024,R1,E012,"Sir M.Visveswaraya Institute of Technology Hunasemaranahalli,Bangalore,","Computer Science and Engineering - Data Science",,,,,,,,18274,,,,
2024,R1,E012,"Sir M.Visveswaraya Institute of Technology Hunasemaranahalli,Bangalore,","Computer Science - IoT and Cyber Security",,,,,,,,19429,,,,
2024,R1,E012,"Sir M.Visveswaraya Institute of Technology Hunasemaranahalli,Bangalore,","Information Science and Engineering",,,,,,,,16373,,,,
2024,R1,E012,"Sir M.Visveswaraya Institute of Technology Hunasemaranahalli,Bangalore,","Robotics and Artificial Intelligence",,,,,,,,26832,,,,
2024,R1,E014,"S J C Institute of Technology Chickballapur","Artificial Intelligence and Data Science",,,,,,,,50260,,,,
2024,R1,E014,"S J C Institute of Technology Chickballapur","Computer Science (AI and Machine Learning)",,,,,,,,41947,,,,
2024,R1,E014,"S J C Institute of Technology Chickballapur","Computer Science and Engineering",,,,,,,,41366,,,,48752
2024,R1,E014,"S J C Institute of Technology Chickballapur","Information Science and Engineering",,,,,,,,47935,,,,
2024,R1,E016,"Siddaganga Institute of Technology Tumkur","Artificial Intelligence and Data Science",,,,,,,,11136,,,,
2024,R1,E016,"Siddaganga Institute of Technology Tumkur","Computer Science (AI and Machine Learning)",,12285,,,,,,,,,,
2024,R1,E016,"Siddaganga Institute of Technology Tumkur","Computer Science and Engineering",,,,,,,,7249,,,,
2024,R1,E016,"Siddaganga Institute of Technology Tumkur","Information Science and Engineering",,,,,,,,10153,,,,11619
2024,R1,E017,"Sri Siddartha Institute of Technology Tumkur","Artificial Intelligence and Machine Learning",,,,,,,,41114,,,,
2024,R1,E017,"Sri Siddartha Institute of Technology Tumkur","Computer Science and Engineering",,,,,,,,42852,,,,48042
2024,R1,E017,"Sri Siddartha Institute of Technology Tumkur","Computer Science - Cyber Security",,,,,,,,51152,,,,
2024,R1,E017,"Sri Siddartha Institute of Technology Tumkur","Computer Science and Engineering - Data Science",,,,,,,,56138,,,,
2024,R1,E017,"Sri Siddartha Institute of Technology Tumkur","Information Science and Engineering",,,,,,,,48277,,,,
2024,R1,E021,"Sri Jayachamarajendra College of Engineering(Const. of JSS Univ.) Mysore","Computer Science and Engineering",,7149,,,,,,2915,,,,6192
2024,R1,E031,"Basaveshwara Engineering College Bagalkot","Computer Science and Engineering",,,,,,,,18251,,,,
2024,R1,E034,"Sri Dharmasthala Manjunatheswara College of Engineering Dharwad","Artificial Intelligence and Machine Learning",,,,,,,,19336,,,,
2024,R1,E034,"Sri Dharmasthala Manjunatheswara College of Engineering Dharwad","Computer Science and Engineering",,,,,,,,12570,,,,
2024,R1,E034,"Sri Dharmasthala Manjunatheswara College of Engineering Dharwad","Information Science and Engineering",,,,,,,,17359,,,,
2024,R1,E036,"KLE Technological University(Formerly KLE Dr.MS Sheshagiri Col.) Belgaum","Computer Science (Artificial Intelligence)",,28071,,,,,,,,,,
2024,R1,E036,"KLE Technological University(Formerly KLE Dr.MS Sheshagiri Col.) Belgaum","Computer Science and Engineering",,,,,,,,27434,,,,36333
2024,R1,E037,"K.L.S. Gogte Institute of Technology Belgaum","Computer Science (AI and Machine Learning)",,,,,,,,18858,,,,
2024,R1,E037,"K.L.S. Gogte Institute of Technology Belgaum","Computer Science and Engineering",,,,,,,,12170,,,,
2024,R1,E037,"K.L.S. Gogte Institute of Technology Belgaum","Information Science and Engineering",,,,,,,,19207,,,,
2024,R1,E038,"B L D E As V.P. Dr. P. G. Hallakatti College of Engg. and Tech. vijayapur","Computer Science (AI and Machine Learning)",,,,,,,,55454,,69289,,
2024,R1,E038,"B L D E As V.P. Dr. P. G. Hallakatti College of Engg. and Tech. vijayapur","Computer Science and Engineering",,,,,,,,46955,,,,
2024,R1,E043,"Gurunanak Dev Engineering College Bidar","Computer Science and Engineering",,89688,,,,,,58590,,59614,,72082
2024,R1,E047,"Malnad College of Engineering Hassan","Computer Science (AI and Machine Learning)",,,,,,,,,,,,59178
2024,R1,E047,"Malnad College of Engineering Hassan","Computer Science and Engineering",,,,,,,,28998,,,,34960
2024,R1,E047,"Malnad College of Engineering Hassan","Information Science and Engineering",,,,,,,,39553,,,,
2024,R1,E048,"B M S College of Engineering Basavanagudi,Bangalore","Artificial Intelligence and Data Science",,,,,,,,,,,,
2024,R1,E048,"B M S College of Engineering Basavanagudi,Bangalore","Artificial Intelligence and Machine Learning",,4451,,,,,,4332,,,,5920
2024,R1,E048,"B M S College of Engineering Basavanagudi,Bangalore","Computer Science and Engineering",,3565,,,,,,3137,,7573,,5165
2024,R1,E048,"B M S College of Engineering Basavanagudi,Bangalore","Computer Science and Engineering - Data Science",,,,,,,,3281,,,,
2024,R1,E048,"B M S College of Engineering Basavanagudi,Bangalore","Computer Science - IoT and Cyber Security",,,,,,,,3517,,,,
2024,R1,E049,"Basaveshwara Engineering College Bagalkot","Artificial Intelligence and Machine Learning",,,,,,,,35757,,,,
2024,R1,E049,"Basaveshwara Engineering College Bagalkot","Computer Science and Engineering",,,,,,,,29017,,,,
2024,R1,E049,"Basaveshwara Engineering College Bagalkot","Information Science and Engineering",,,,,,,,37328,,,,
2024,R1,E057,"JSS Science and Technology University(Formerly SJCE) Mysore","Computer Science and Engineering (Management)",,,,,,,,6025,,,,10351
2024,R1,E057,"JSS Science and Technology University(Formerly SJCE) Mysore","Information Science and Engineering",,,,,,,,,,,,
2024,R1,E058,"P E S College of Engineering Mandya","Computer Science (AI and Machine Learning)",,42541,,,,,,41410,,,,
2024,R1,E058,"P E S College of Engineering Mandya","Computer Science and Engineering",,,,,,,,29323,,,,
2024,R1,E058,"P E S College of Engineering Mandya","Computer Science and Engineering - Data Science",,,,,,,,39399,,,,
2024,R1,E058,"P E S College of Engineering Mandya","Information Science and Engineering",,,,,,,,35878,,,,
2024,R1,E059,"P D A College of Engineering Gulbarga","Artificial Intelligence and Machine Learning",,66731,,,,,,55980,,58157,,71420
2024,R1,E059,"P D A College of Engineering Gulbarga","Computer Science and Engineering",,56285,,,,,,40449,,44199,,47162
2024,R1,E060,"Dr. Ambedkar Institute Of Technology Jnanabharathi Campus,Bangalore","Artificial Intelligence and Machine Learning",,,,,,,,,,28055,,
2024,R1,E060,"Dr. Ambedkar Institute Of Technology Jnanabharathi Campus,Bangalore","Computer Science and Engineering",,,,,,,,15790,,,,17831
2024,R1,E060,"Dr. Ambedkar Institute Of Technology Jnanabharathi Campus,Bangalore","Information Science and Engineering",,,,,,,,19527,,,,
2024,R1,E061,"University B.D.T. college of Engineering Davangere","Computer Science and Engineering",,,,,,,,22536,,,,
2024,R1,E062,"Bapuji Institute of Engineering and Technology Davangere","Artificial Intelligence and Machine Learning",,,,,,,,44684,,,,49682
2024,R1,E062,"Bapuji Institute of Engineering and Technology Davangere","Computer Science and Engineering",,,,,,,,31853,,39332,,38590
2024,R1,E062,"Bapuji Institute of Engineering and Technology Davangere","Computer Science and Engineering - Data Science",,,,,,,,,,,,
2024,R1,E062,"Bapuji Institute of Engineering and Technology Davangere","Information Science and Engineering",,,,,,,,47331,,,,48584
2024,R1,E065,"Jawaharlal Nehru National College of Engineering Shimoga","Artificial Intelligence and Machine Learning",,,,,,,,45414,,,,
2024,R1,E065,"Jawaharlal Nehru National College of Engineering Shimoga","Computer Science and Engineering",,,,,,,,37899,,,,
2024,R1,E065,"Jawaharlal Nehru National College of Engineering Shimoga","Computer Science and Engineering - Data Science",,61775,,,,,,57051,,,,
2024,R1,E065,"Jawaharlal Nehru National College of Engineering Shimoga","Information Science and Engineering",,,,,,,,47664,,,,
2024,R1,E066,"University B.D.T. college of Engineering, (H.GOV) Davangere","Computer Science and Engineering",,,,,,,,41406,,,,
2024,R1,E071,"Vidya Vardhaka College of Engineering Mysuru","Computer Science (AI and Machine Learning)",,,,,,,,25150,,,,30304
2024,R1,E071,"Vidya Vardhaka College of Engineering Mysuru","Computer Science and Engineering",,21863,,,,,,21618,,,,24111
2024,R1,E071,"Vidya Vardhaka College of Engineering Mysuru","Information Science and Engineering",,,,,,,,24369,,,,33368
2024,R1,E075,"Ballari Institute of Technology and Management Near Allipur Bellary","Computer Science (Artificial Intelligence)",,65574,,,,95317,,57890,,94580,,95245
2024,R1,E075,"Ballari Institute of Technology and Management Near Allipur Bellary","Computer Science and Engineering",,49284,,,,,,37502,,42999,,51041
2024,R1,E077,"Vidya Vikas Institute of Engineering and Technology Mysuru","Computer Science and Engineering",,,,,,,,32984,,,,
2024,R1,E077,"Vidya Vikas Institute of Engineering and Technology Mysuru","Information Science and Engineering",,,,,,,,59374,,,,
2024,R1,E078,"The Oxford College of Engineering Bangalore","Artificial Intelligence and Machine Learning",,,,,,,,30828,,,,
2024,R1,E078,"The Oxford College of Engineering Bangalore","Computer Science and Engineering",,,,,,,,31832,,,,
2024,R1,E078,"The Oxford College of Engineering Bangalore","Information Science and Engineering",,,,,,,,37571,,,,41415
2024,R1,E079,"Acharya Institute of Technology Bangalore","Artificial Intelligence and Machine Learning",,,,,,,,24237,,,,
2024,R1,E079,"Acharya Institute of Technology Bangalore","Computer Science and Engineering",,,,,,,,20256,,24437,,
2024,R1,E079,"Acharya Institute of Technology Bangalore","Computer Science and Engineering - Data Science",,,,,,,,25526,,,,
2024,R1,E079,"Acharya Institute of Technology Bangalore","Information Science and Engineering",,,,,,,,25623,,,,27335
2024,R1,E082,"J S S Academy of Technical Education Bangalore","Computer Science (AI and Machine Learning)",,,,,,,,17676,,,,
2024,R1,E082,"J S S Academy of Technical Education Bangalore","Computer Science and Engineering",,,,,,,,15646,,,,
2024,R1,E082,"J S S Academy of Technical Education Bangalore","Information Science and Engineering",,,,,,,,18565,,,,23889
2024,R1,E083,"H.K.B.K.College of Engineering Bangalore","Artificial Intelligence and Machine Learning",,,,,,,,56099,,,,67149
2024,R1,E083,"H.K.B.K.College of Engineering Bangalore","Computer Science and Engineering",,,,,,,,51441,,66784,,74691
2024,R1,E085,"APS College of Engineering Somanahalli, Bangalore","Computer Science and Engineering",,,,,,,,51161,,,,65612
2024,R1,E086,"Sri Sairam College of Engineering(Formerly Shirdi Sai Engg) Anekal,Bangalore","Computer Science and Engineering",,,,,,,,56181,,,,
2024,R1,E087,"Vivekananada Institute of Technology Bangalore","Artificial Intelligence and Machine Learning",,,,,,,,59953,,,,
2024,R1,E087,"Vivekananada Institute of Technology Bangalore","Computer Science and Engineering",,,,,,,,53376,,,,
2024,R1,E088,"Bangalore College of Engineering and Technology Chandapura, Bangalore","Computer Science and Engineering",,,,,,68891,,48046,,,,
2024,R1,E091,"K S Institute of Technology Bangalore","Artificial Intelligence and Machine Learning",,,,,,,,36591,,,,
2024,R1,E091,"K S Institute of Technology Bangalore","Computer Science and Design",,,,,,,,51677,,,,
2024,R1,E091,"K S Institute of Technology Bangalore","Computer Science and Engineering",,,,,,,,34839,,,,
2024,R1,E091,"K S Institute of Technology Bangalore","Computer Science - IoT and Cyber Security",,,,,,,,55802,,,,
2024,R1,E092,"Vemana Institute of Technology Bangalore","Artificial Intelligence and Machine Learning",,,,,,,,53462,,,,
2024,R1,E092,"Vemana Institute of Technology Bangalore","Computer Science and Engineering",,,,,,,,48697,,,,
2024,R1,E092,"Vemana Institute of Technology Bangalore","Computer Science and Engineering - Data Science",,,,,,,,59488,,,,
2024,R1,E095,"AMC Engineering College Bangalore","Artificial Intelligence and Machine Learning",,,,,,,,44009,,,,
2024,R1,E095,"AMC Engineering College Bangalore","Computer Science (AI and Machine Learning)",,,,,,,,46739,,,,58130
2024,R1,E095,"AMC Engineering College Bangalore","Computer Science and Engineering",,,,,,,,37743,,43913,,40276
2024,R1,E095,"AMC Engineering College Bangalore","Computer Science and Engineering - Data Science",,52213,,,,,,48608,,,,
2024,R1,E095,"AMC Engineering College Bangalore","Information Science and Engineering",,,,,,,,50278,,,,
2024,R1,E096,"East Point College of Engineering and Technology Bangalore","Artificial Intelligence and Data Science",,,,,,,,43299,,,,
2024,R1,E096,"East Point College of Engineering and Technology Bangalore","Computer Science (AI and Machine Learning)",,,,,,,,44643,,,,
2024,R1,E096,"East Point College of Engineering and Technology Bangalore","Computer Science and Engineering",,,,,,,,41612,,,,
2024,R1,E097,"C M R Institute of Technology Bangalore","Artificial Intelligence and Data Science",,,,,,,,18910,,,,
2024,R1,E097,"C M R Institute of Technology Bangalore","Artificial Intelligence and Machine Learning",,,,,,,,18599,,,,22574
2024,R1,E097,"C M R Institute of Technology Bangalore","Computer Science (AI and Machine Learning)",,,,,,,,17491,,,,
2024,R1,E097,"C M R Institute of Technology Bangalore","Computer Science and Engineering",,,,,,,,15594,,,,
2024,R1,E097,"C M R Institute of Technology Bangalore","Computer Science and Engineering - Data Science",,18536,,,,,,18098,,,,
2024,R1,E097,"C M R Institute of Technology Bangalore","Information Science and Engineering",,,,,,,,19548,,,,
2024,R1,E098,"Atria Institute of Technology Bangalore","Artificial Intelligence and Machine Learning",,,,,,,,35791,,49236,,
2024,R1,E098,"Atria Institute of Technology Bangalore","Computer Science and Engineering",,,,,,,,32423,,,,36790
2024,R1,E098,"Atria Institute of Technology Bangalore","Computer Science and Engineering - Data Science",,,,,,,,48939,,,,
2024,R1,E098,"Atria Institute of Technology Bangalore","Information Science and Engineering",,,,,,,,43402,,,,
2024,R1,E099,"New Horizon College of Engineering Bangalore","Artificial Intelligence and Machine Learning",,,,,,,,15697,,,,18120
2024,R1,E099,"New Horizon College of Engineering Bangalore","Computer Science and Engineering",,,,,,,,14785,,,,17124
2024,R1,E099,"New Horizon College of Engineering Bangalore","Computer Science and Engineering - Data Science",,,,,,,,17257,,,,
2024,R1,E102,"DONBOSCO Institute of Technology Bangalore","Artificial Intelligence and Data Science",,,,,,,,42082,,,,
2024,R1,E102,"DONBOSCO Institute of Technology Bangalore","Computer Science (AI and Machine Learning)",,,,,,,,39803,,,,
2024,R1,E102,"DONBOSCO Institute of Technology Bangalore","Computer Science and Engineering",,,,,,,,34593,,37315,,
2024,R1,E102,"DONBOSCO Institute of Technology Bangalore","Information Science and Engineering",,,,,,,,46503,,,,53877
2024,R1,E103,"Global Academy of Technology Bangalore","Artificial Intelligence and Data Science",,,,,,,,29020,,,,32595
2024,R1,E103,"Global Academy of Technology Bangalore","Artificial Intelligence and Machine Learning",,,,,,,,27318,,,,
2024,R1,E103,"Global Academy of Technology Bangalore","Computer Science (AI and Machine Learning)",,,,,,,,28268,,,,34272
2024,R1,E103,"Global Academy of Technology Bangalore","Computer Science and Engineering",,,,,,,,24133,,30270,,31421
2024,R1,E103,"Global Academy of Technology Bangalore","Information Science and Engineering",,28954,,,,,,28556,,,,
2024,R1,E104,"Nagarjuna College of Engineering and Technology Bangalore (R)","Computer Science and Engineering",,,,,,,,55661,,,,
2024,R1,E105,"Nitte Meenakshi Institutute of Technology Bangalore","Artificial Intelligence and Data Science",,,,,,,,12619,,,,13344
2024,R1,E105,"Nitte Meenakshi Institutute of Technology Bangalore","Artificial Intelligence and Machine Learning",,13144,,,,,,12200,,,,
2024,R1,E105,"Nitte Meenakshi Institutute of Technology Bangalore","Computer Science and Engineering",,,,,,,,10513,,,,14241
2024,R1,E105,"Nitte Meenakshi Institutute of Technology Bangalore","Information Science and Engineering",,,,,,,,13117,,22750,,17040
2024,R1,E106,"East West Institute of Technology Bangalore","Artificial Intelligence and Data Science",,,,,,,,55061,,,,
2024,R1,E106,"East West Institute of Technology Bangalore","Artificial Intelligence and Machine Learning",,,,,,,,52036,,,,
2024,R1,E106,"East West Institute of Technology Bangalore","Computer Science (AI and Machine Learning)",,,,,,,,56304,,,,
2024,R1,E106,"East West Institute of Technology Bangalore","Computer Science and Engineering",,,,,,,,47382,,55768,,
2024,R1,E106,"East West Institute of Technology Bangalore","Information Science and Engineering",,,,,,,,57834,,,,
2024,R1,E107,"B N M Institute of Technology Bangalore","Artificial Intelligence and Machine Learning",,,,,,,,16531,,,,22967
2024,R1,E107,"B N M Institute of Technology Bangalore","Computer Science and Engineering",,,,,,,,14617,,,,
2024,R1,E107,"B N M Institute of Technology Bangalore","Information Science and Engineering",,17483,,,,,,15643,,,,
2024,R1,E108,"Sapthagiri NPS College of Engineering Bangalore","Computer Science (AI and Machine Learning)",,55343,,,,,,53693,,,,61973
2024,R1,E108,"Sapthagiri NPS College of Engineering Bangalore","Computer Science and Engineering - Data Science",,,,,,,,56284,,,,70263
2024,R1,E111,"Sri Venkateshwara College of Engineering Bettahalsur(P), Bangalore","Computer Science (Artificial Intelligence)",,,,,,,,58379,,,,
2024,R1,E111,"Sri Venkateshwara College of Engineering Bettahalsur(P), Bangalore","Computer Science and Engineering",,,,,,,,53925,,62773,,70873
2024,R1,E114,"G M Institute of Technology Davanagere","Artificial Intelligence and Machine Learning",,,,,,,,51101,,,,67201
2024,R1,E114,"G M Institute of Technology Davanagere","Computer Science and Engineering",,,,,,,,35645,,,,
2024,R1,E114,"G M Institute of Technology Davanagere","Information Science and Engineering (Automation)",,,,,,,,51776,,88622,,
2024,R1,E115,"S J B Institute of Technology Kengeri,Bangalore (ATNMS)","Artificial Intelligence and Machine Learning",,,,,,,,,,,,
2024,R1,E115,"S J B Institute of Technology Kengeri,Bangalore (ATNMS)","Computer Science and Engineering",,,,,,,,20613,,,,25332
2024,R1,E115,"S J B Institute of Technology Kengeri,Bangalore (ATNMS)","Computer Science and Engineering - Data Science",,25181,,,,,,,,,,
2024,R1,E115,"S J B Institute of Technology Kengeri,Bangalore (ATNMS)","Information Science and Engineering",,,,,,,,24372,,,,
2024,R1,E118,"RNS Institute of Technology Bangalore","Artificial Intelligence and Data Science",,,,,,,,16233,,,,
2024,R1,E118,"RNS Institute of Technology Bangalore","Computer Science and Engineering",,15821,,,,,,13704,,21225,,16312
2024,R1,E118,"RNS Institute of Technology Bangalore","Computer Science - Cyber Security",,,,,,,,17310,,,,
2024,R1,E118,"RNS Institute of Technology Bangalore","Computer Science and Engineering - Data Science",,,,,,,,15914,,,,
2024,R1,E124,"Rajiv Gandhi Institute of Technology R.T Nagar Post, Bangalore","Computer Science and Engineering",,,,,,,,56292,,,,74293
2024,R1,E126,"B M S Institute of Technology and Management Yelahanka, Bangalore","Artificial Intelligence and Machine Learning",,,,,,,,11528,,,,18820
2024,R1,E126,"B M S Institute of Technology and Management Yelahanka, Bangalore","Computer Science and Engineering",,11007,,,,,,10186,,,,15676
2024,R1,E128,"Sharnbasva University(Formerly Appa Inst. of Tech.) Brahmpur, Kalaburagi","Computer Science and Design",,101210,,,,,,46695,,49356,,61758
2024,R1,E129,"St. Joseph Engineering College Mangalore","Computer Science and Engineering",,,,,,,,39219,,55191,,52447
2024,R1,E129,"St. Joseph Engineering College Mangalore","Computer Science and Engineering - Data Science",,,,,,,,40763,,,,
2024,R1,E133,"G S S S Institute of Engineering and Technology for Women Mysore","Artificial Intelligence and Data Science",,64886,,,,,,,,,,
2024,R1,E133,"G S S S Institute of Engineering and Technology for Women Mysore","Computer Science (AI and Machine Learning)",,,,,,,,30487,,,,
2024,R1,E133,"G S S S Institute of Engineering and Technology for Women Mysore","Computer Science and Engineering",,,,,,,,22472,,,,
2024,R1,E133,"G S S S Institute of Engineering and Technology for Women Mysore","Information Science and Engineering",,,,,,,,27997,,,,
2024,R1,E134,"Smt. Kamala and Sri Venkappa M.Agadi College of Engg. and Tech. Laxmeshwara-Tq, Gadag Dt.","Computer Science and Engineering",,,,,,,,59449,,,,
2024,R1,E141,"P E S University (Electronic City Campus) Bangalore","Computer Science and Engineering",,7641,,,,,,7213,,14391,,10407
2024,R1,E145,"Rajarajeswari College of Engineering Kumbalagodu,Bangalore","Artificial Intelligence and Machine Learning",,56013,,,,,,42806,,,,
2024,R1,E145,"Rajarajeswari College of Engineering Kumbalagodu,Bangalore","Computer Science and Design",,,,,,,,57287,,,,
2024,R1,E145,"Rajarajeswari College of Engineering Kumbalagodu,Bangalore","Computer Science and Engineering",,,,,,,,39585,,,,48971
2024,R1,E145,"Rajarajeswari College of Engineering Kumbalagodu,Bangalore","Computer Science - IoT and Cyber Security",,,,,,,,57164,,,,
2024,R1,E145,"Rajarajeswari College of Engineering Kumbalagodu,Bangalore","Information Science and Engineering",,,,,,,,49193,,,,
2024,R1,E149,"Cambridge Institutute of Technology Bangalore","Artificial Intelligence and Machine Learning",,,,,,,,31723,,,,
2024,R1,E149,"Cambridge Institutute of Technology Bangalore","Computer Science and Engineering",,,,,,,,29550,,34235,,
2024,R1,E149,"Cambridge Institutute of Technology Bangalore","Computer Science and Engineering - Data Science",,,,,,,,33562,,,,
2024,R1,E149,"Cambridge Institutute of Technology Bangalore","Computer Science - IoT and Cyber Security",,,,,,,,35948,,,,
2024,R1,E149,"Cambridge Institutute of Technology Bangalore","Information Science and Engineering",,,,,,,,33477,,,,38095
2024,R1,E150,"P E S Institute of Technology and Management Shivamogga","Artificial Intelligence and Machine Learning",,,,,,,,51252,,,,
2024,R1,E150,"P E S Institute of Technology and Management Shivamogga","Computer Science and Engineering",,,,,,,,45809,,,,60847
2024,R1,E151,"Mangalore Institute of Technology and Engineering Mangalore Tq,D.K","Artificial Intelligence and Machine Learning",,,,,,,,44753,,,,
2024,R1,E151,"Mangalore Institute of Technology and Engineering Mangalore Tq,D.K","Computer Science (AI and Machine Learning)",,,,,,,,33547,,,,
2024,R1,E151,"Mangalore Institute of Technology and Engineering Mangalore Tq,D.K","Computer Science and Engineering",,,,112214,,,,53422,,,,
2024,R1,E154,"Government Engineering College Chamarajanagara","Computer Science and Engineering",,76471,,,,,,51644,,56380,,
2024,R1,E155,"Government Engineering College Hassan","Artificial Intelligence and Machine Learning",,87248,,,,,,44082,,,,
2024,R1,E155,"Government Engineering College Hassan","Computer Science and Engineering",,,,,,,,41812,,,,
2024,R1,E158,"Maharaja Institute of Technology-Mysore Belawadi, Mandya Dist","Computer Science and Engineering",,,,,,,,47067,,,,
2024,R1,E160,"Sahyadri College of Engg. and Management Mangalore","Computer Science (AI and Machine Learning)",,,,,,,,41899,,,,57210
2024,R1,E160,"Sahyadri College of Engg. and Management Mangalore","Computer Science and Engineering",,,,,,,,28792,,54065,,46715
2024,R1,E160,"Sahyadri College of Engg. and Management Mangalore","Information Science and Engineering",,69101,,,,,,38523,,,,
2024,R1,E166,"K L E Institute of Technology Hubli","Computer Science and Engineering",,,,,,,,21498,,,,30520
2024,R1,E167,"K L E Ss K L E College of Engineering and Technology Chikkodi, Belgaum Dist.","Computer Science and Engineering",,,,,,,,41203,,,,51832
2024,R1,E173,"Sai Vidya Institute of Technology Bangalore","Computer Science (AI and Machine Learning)",,,,,,,,53858,,,,
2024,R1,E173,"Sai Vidya Institute of Technology Bangalore","Computer Science and Engineering",,,,,,,,42903,,,,57464
2024,R1,E173,"Sai Vidya Institute of Technology Bangalore","Information Science and Engineering",,,,136158,,,,54907,,,,
2024,R1,E178,"The National Institute of Engineering(NORTH CAMPUS) Mysore","Computer Science (AI and Machine Learning)",,,,,,,,9951,,,,
2024,R1,E178,"The National Institute of Engineering(NORTH CAMPUS) Mysore","Computer Science and Engineering",,,,,,,,7976,,16427,,12366
2024,R1,E178,"The National Institute of Engineering(NORTH CAMPUS) Mysore","Information Science and Engineering",,,,,,,,10381,,,,18525
2024,R1,E186,"ACS College of Engineering Kengeri Hobli,Bangalore","Computer Science and Engineering",,,,,,,,59336,,,,
2024,R1,E196,"Jain College of Engineering Machche,Belgaum","Computer Science and Engineering",,,,,,,,45719,,,,
2024,R1,E198,"Sharnbasva University College for Women(Formerly Godutai) Gulbarga","Computer Science and Engineering",,91434,,,,,,58443,,67701,,73470
2024,R1,E203,"K.S. School of Engineering And Management Mallasandra, Bangalore","Computer Science and Engineering",,,,,,,,54110,,,,
2024,R1,E205,"ATME College of Engineering Varun hobli,Mysore","Computer Science (AI and Machine Learning)",,,,,,,,54785,,,,
2024,R1,E209,"Jyothi Institute of Technology Bangalore","Computer Science and Engineering",,,,,,,,44548,,,,62803
2024,R1,E209,"Jyothi Institute of Technology Bangalore","Information Science and Engineering",,,,,,,,59138,,,,
2024,R1,E212,"Dayananda Sagar Academy of Technology Kanakapur Main Road Bangalore","Artificial Intelligence and Machine Learning",,,,,,,,21602,,,,
2024,R1,E212,"Dayananda Sagar Academy of Technology Kanakapur Main Road Bangalore","Computer Science and Design",,,,,,,,24739,,,,
2024,R1,E212,"Dayananda Sagar Academy of Technology Kanakapur Main Road Bangalore","Computer Science (Artificial Intelligence)",,,,,,,,22793,,,,
2024,R1,E212,"Dayananda Sagar Academy of Technology Kanakapur Main Road Bangalore","Computer Science and Engineering",,,,,,,,17425,,26376,,20847
2024,R1,E212,"Dayananda Sagar Academy of Technology Kanakapur Main Road Bangalore","Computer Science - Cyber Security",,25429,,,,,,,,,,31167
2024,R1,E212,"Dayananda Sagar Academy of Technology Kanakapur Main Road Bangalore","Computer Science and Engineering - Data Science",,,,,,,,23063,,,,
2024,R1,E212,"Dayananda Sagar Academy of Technology Kanakapur Main Road Bangalore","Computer Science - IoT and Cyber Security",,,,,,,,,,,,
2024,R1,E212,"Dayananda Sagar Academy of Technology Kanakapur Main Road Bangalore","Information Science and Engineering",,,,,,,,21740,,,,
2024,R1,E220,"Alliance University Bangalore","Computer Science and Engineering",,,,,,,,43796,,,,63216
2024,R1,E222,"Cambridge Institutute of Technology-North Campus Devanahalli(TQ),Bangalore(R)","Computer Science and Engineering",,,,,,,,51003,,,,63407
2024,R1,E232,"Reva University Bangalore","Computer Science and Engineering",,,,,,,,19954,,,,22423
2024,R1,E235,"M.S. Ramaiah University of Applied Sciences Bangalore","Computer Science and Engineering",,,,,,,,16196,,35765,,
2024,R1,E237,"Presidency University Yelahanka, Bangalore","Computer Science and Engineering",,46601,,,,,,46032,,57001,,53548
2024,R1,E237,"Presidency University Yelahanka, Bangalore","Computer Science (Networks)",,,,,,,,57641,,,,
2024,R1,E239,"East West College of Engineering Yelahanka New Town, Bangalore","Computer Science and Engineering",,,,,,,,52424,,,,55816
2024,R1,E240,"Dayananda Sagar University Hosur Road, Bangalore","Computer Science and Engineering",,30539,,,,,,27292,,34655,,33564
2024,R1,E241,"KLE Technological University(Formerly BVBCET) Dharward Dist","Computer Science (Artificial Intelligence)",,,,,,,,9486,,,,
2024,R1,E241,"KLE Technological University(Formerly BVBCET) Dharward Dist","Computer Science and Engineering",,,,,,,,8602,,13523,,
2024,R1,E255,"Gandhi Institute of Technology and MNGT.,Gitam off Campus BANGALORE RURAL DIST","Computer Science (AI and Machine Learning)",,,,,,,,53623,,,,66889
2024,R1,E257,"CMR University CHAGALATTI, BANGALORE","Computer Science and Engineering",,,,,,,,41417,,,,48348
2024,R1,E258,"Maharaja Institute of Technology THANDAVAPURA, MYSORE","Computer Science and Engineering",,,,,,,,47520,,,,51750
2024,R1,E265,"Jain College of Engineering and Technology Hubballi","Artificial Intelligence and Machine Learning",,,,,,,,58527,,70491,,
2024,R1,E269,"Jain College of Engineering and Research Udyambhag, Belgaum","Computer Science and Engineering",,,,,,,,54283,,,,
2024,R1,E275,"R V Institute of Technology and Management JP Nagar, Bengaluru","Computer Science and Engineering",,,,,,,,8338,,,,
2024,R1,E275,"R V Institute of Technology and Management JP Nagar, Bengaluru","Information Science and Engineering",,,,,,,,10327,,,,17787
2024,R1,E279,"Visvesvaraya Technological University Belgaum","Computer Science and Business Systems",,,,,,,,42032,,,,50310
2024,R1,E283,"University of Mysore HUNSUR ROAD, MYSORE","Artificial Intelligence and Data Science",,,,,,,,50665,,,,
2024,R1,E283,"University of Mysore HUNSUR ROAD, MYSORE","Artificial Intelligence and Machine Learning",,,,,,,,43213,,,,
2024,R1,E284,"Sri Jayachamarajendra College of Engineering(Const. of JSS Univ.) Mysore","Computer Science and Engineering",,,,,,,,6012,,,,
2024,R1,E285,"R V University Bangalore","Computer Science and Engineering",,13703,,,,,,11961,,27895,,14932
2024,R1,E286,"BGS College of Engineering and Technology Mahalakshmipuram,Bangalore","Artificial Intelligence and Data Science",,,,,,,,46434,,,,
2024,R1,E286,"BGS College of Engineering and Technology Mahalakshmipuram,Bangalore","Artificial Intelligence and Machine Learning",,,,,,,,36663,,,,
2024,R1,E286,"BGS College of Engineering and Technology Mahalakshmipuram,Bangalore","Computer Science and Engineering",,,,,,,,25481,,38267,,
2024,R1,E286,"BGS College of Engineering and Technology Mahalakshmipuram,Bangalore","Information Science and Engineering",,,,,,,,37782,,,,
2024,R1,E290,"Visvesvaraya Technological University - Regional Center Mysore","Computer Science and Engineering",,,,,,,,39238,,,,46436
2024,R1,E306,"THE CHANAKYA UNIVERSITY HARALUR ROAD DEVANHALLI","Computer Science and Engineering",,,,,,,,35094,,,,
2024,R2,E001,"University of Visvesvaraya College of Engineering Bangalore ( PUBLIC UNIV. )","Artificial Intelligence and Machine Learning",7157,,,,,,6491,,8135,,9067,
2024,R2,E001,"University of Visvesvaraya College of Engineering Bangalore ( PUBLIC UNIV. )","Computer Science and Engineering",5476,,,,6547,,4723,,7849,,6296,
2024,R2,E001,"University of Visvesvaraya College of Engineering Bangalore ( PUBLIC UNIV. )","Information Science and Engineering",6958,,,,9527,,6756,,9396,,8256,
2024,R2,E002,"S K S J T Institute of Engineering. Bangalore","Computer Science and Engineering",20456,,,,23951,,18691,,21675,,23297,
2024,R2,E004,"Dr. Ambedkar Institute Of Technology Bangalore","Computer Science and Engineering",12403,,,,,,11929,,12334,,13226,
2024,R2,E005,"R. V. College of Engineering Bangalore","Computer Science (AI and Machine Learning)",1640,,,,,,738,,2072,,1808,
2024,R2,E005,"R. V. College of Engineering Bangalore","Computer Science and Engineering",945,,,,1345,,419,,2203,,1009,
2024,R2,E005,"R. V. College of Engineering Bangalore","Computer Science - Cyber Security",2001,,,,,,771,,,,2098,
2024,R2,E005,"R. V. College of Engineering Bangalore","Computer Science and Engineering - Data Science",1681,,,,,,664,,5012,,2149,
2024,R2,E005,"R. V. College of Engineering Bangalore","Information Science and Engineering",1239,,,,,,657,,1688,,1653,
2024,R2,E006,"M S Ramaiah Institute of Technology Bangalore","Artificial Intelligence and Data Science",4673,,,,,,4371,,,,6351,
2024,R2,E006,"M S Ramaiah Institute of Technology Bangalore","Artificial Intelligence and Machine Learning",3988,,,,,,3963,,6053,,5641,
2024,R2,E006,"M S Ramaiah Institute of Technology Bangalore","Computer Science (AI and Machine Learning)",3552,,,,,,3236,,3433,,4611,
2024,R2,E006,"M S Ramaiah Institute of Technology Bangalore","Computer Science and Engineering",2217,,,,,,1626,,2687,,3041,
2024,R2,E006,"M S Ramaiah Institute of Technology Bangalore","Computer Science - Cyber Security",4868,,,,,,4296,,7166,,5211,
2024,R2,E006,"M S Ramaiah Institute of Technology Bangalore","Information Science and Engineering",3462,,,,4731,,3105,,5573,,4474,
2024,R2,E007,"Dayananda Sagar College of Engineering Bangalore","Artificial Intelligence and Machine Learning",7329,,11616,,,,6236,,,,9641,
2024,R2,E007,"Dayananda Sagar College of Engineering Bangalore","Computer Science and Design",11731,,,,18396,,11421,,22427,,13764,
2024,R2,E007,"Dayananda Sagar College of Engineering Bangalore","Computer Science and Engineering",6017,,,,,,5430,,9948,,6963,
2024,R2,E007,"Dayananda Sagar College of Engineering Bangalore","Computer Science - Cyber Security",9317,,,,,,8090,,,,11933,
2024,R2,E007,"Dayananda Sagar College of Engineering Bangalore","Computer Science and Engineering - Data Science",7594,,,,,,7213,,,,8996,
2024,R2,E007,"Dayananda Sagar College of Engineering Bangalore","Computer Science - IoT and Cyber Security",11276,,,,16135,,10938,,,,12099,
2024,R2,E007,"Dayananda Sagar College of Engineering Bangalore","Information Science and Engineering",8496,,,,,,7681,,10969,,9643,
2024,R2,E007,"Dayananda Sagar College of Engineering Bangalore","Robotics and Artificial Intelligence",16229,,,,,,14439,,41475,,15084,
2024,R2,E008,"Bangalore Institute of Technology Bangalore","Artificial Intelligence and Machine Learning",8919,,,,,,8753,,10062,,13133,
2024,R2,E008,"Bangalore Institute of Technology Bangalore","Computer Science and Engineering",8057,,,,,,7749,,10065,,9501,
2024,R2,E008,"Bangalore Institute of Technology Bangalore","Computer Science and Engineering - Data Science",9548,,,,,,9470,,,,13488,
2024,R2,E008,"Bangalore Institute of Technology Bangalore","Computer Science - IoT and Cyber Security",13572,,,,,,12932,,,,17332,
2024,R2,E008,"Bangalore Institute of Technology Bangalore","Information Science and Engineering",10902,,,,,,10551,,16705,,13529,
2024,R2,E008,"Bangalore Institute of Technology Bangalore","Robotics and Artificial Intelligence",19004,,,,,,17277,,44002,,20617,
2024,R2,E009,"P E S University (Ring Road Campus) Bangalore","Computer Science and Engineering",2813,,,,4508,,1570,,6337,,3669,
2024,R2,E011,"M V J College of Engineering Bangalore","Artificial Intelligence and Machine Learning",31243,,,,31382,,29408,,,,31168,
2024,R2,E011,"M V J College of Engineering Bangalore","Computer Science and Design",,,,,,,38424,,,,40904,
2024,R2,E011,"M V J College of Engineering Bangalore","Computer Science and Engineering",28705,,,,30087,,27208,,28095,,29242,
2024,R2,E011,"M V J College of Engineering Bangalore","Computer Science and Engineering - Data Science",33221,,100875,,,,31334,,,,33658,
2024,R2,E011,"M V J College of Engineering Bangalore","Information Science and Engineering",33084,,,,,,32470,,39616,,36836,
2024,R2,E012,"Sir M.Visveswaraya Institute of Technology Hunasemaranahalli,Bangalore,","Artificial Intelligence and Machine Learning",18002,,32675,,,,16903,,,,24218,
2024,R2,E012,"Sir M.Visveswaraya Institute of Technology Hunasemaranahalli,Bangalore,","Computer Science and Engineering",18411,,,,,,17016,,21963,,20364,
2024,R2,E012,"Sir M.Visveswaraya Institute of Technology Hunasemaranahalli,Bangalore,","Computer Science and Engineering - Data Science",,,,,24243,,21363,,25226,,22002,
2024,R2,E012,"Sir M.Visveswaraya Institute of Technology Hunasemaranahalli,Bangalore,","Computer Science - IoT and Cyber Security",24076,,,,,,22644,,,,29846,
2024,R2,E012,"Sir M.Visveswaraya Institute of Technology Hunasemaranahalli,Bangalore,","Information Science and Engineering",20739,,,,,,20660,,26911,,22253,
2024,R2,E012,"Sir M.Visveswaraya Institute of Technology Hunasemaranahalli,Bangalore,","Robotics and Artificial Intelligence",29773,,,,,,28986,,39498,,34209,
2024,R2,E014,"S J C Institute of Technology Chickballapur","Artificial Intelligence and Data Science",57295,,,,60666,,54073,,69136,,55595,
2024,R2,E014,"S J C Institute of Technology Chickballapur","Computer Science (AI and Machine Learning)",51727,,,,,,49615,,71427,,50227,
2024,R2,E014,"S J C Institute of Technology Chickballapur","Computer Science and Engineering",40162,,,,,,37421,,44527,,46788,
2024,R2,E014,"S J C Institute of Technology Chickballapur","Information Science and Engineering",58079,,,,,,56352,,107599,,62138,
2024,R2,E016,"Siddaganga Institute of Technology Tumkur","Artificial Intelligence and Data Science",13822,,,,14805,,12395,,16866,,13756,
2024,R2,E016,"Siddaganga Institute of Technology Tumkur","Computer Science (AI and Machine Learning)",11953,,,,,,11369,,15044,,13253,
2024,R2,E016,"Siddaganga Institute of Technology Tumkur","Computer Science and Engineering",8314,,,,,,7758,,8617,,9621,
2024,R2,E016,"Siddaganga Institute of Technology Tumkur","Information Science and Engineering",11012,,,,,,10154,,11516,,11619,
2024,R2,E017,"Sri Siddartha Institute of Technology Tumkur","Artificial Intelligence and Machine Learning",53590,,68792,,,,41869,,,,54858,
2024,R2,E017,"Sri Siddartha Institute of Technology Tumkur","Computer Science and Engineering",44901,,,,,,41593,,48433,,47269,
2024,R2,E017,"Sri Siddartha Institute of Technology Tumkur","Computer Science and Engineering - Data Science",56368,,,,,,52791,,54002,,60326,
2024,R2,E021,"Sri Jayachamarajendra College of Engineering(Const. of JSS Univ.) Mysore","Computer Science and Engineering",4137,,,,,,2983,,6150,,5575,
2024,R2,E031,"Basaveshwara Engineering College Bagalkot","Computer Science and Engineering",24398,,,,25876,,21640,,21776,,24175,
2024,R2,E034,"Sri Dharmasthala Manjunatheswara College of Engineering Dharwad","Artificial Intelligence and Machine Learning",22445,,,,,,20037,,,,22967,
2024,R2,E034,"Sri Dharmasthala Manjunatheswara College of Engineering Dharwad","Computer Science and Engineering",13677,,,,,,13666,,17442,,15396,
2024,R2,E034,"Sri Dharmasthala Manjunatheswara College of Engineering Dharwad","Information Science and Engineering",22999,,,,,,18913,,19185,,20516,
2024,R2,E036,"KLE Technological University(Formerly KLE Dr.MS Sheshagiri Col.) Belgaum","Computer Science (Artificial Intelligence)",29681,,,,,,26920,,30252,,30696,
2024,R2,E036,"KLE Technological University(Formerly KLE Dr.MS Sheshagiri Col.) Belgaum","Computer Science and Engineering",29395,,,,,,23904,,24240,,28325,
2024,R2,E037,"K.L.S. Gogte Institute of Technology Belgaum","Computer Science (AI and Machine Learning)",20348,,33483,,,,18298,,,,21534,
2024,R2,E037,"K.L.S. Gogte Institute of Technology Belgaum","Computer Science and Engineering",13552,,,,,,12020,,14127,,15449,
2024,R2,E037,"K.L.S. Gogte Institute of Technology Belgaum","Information Science and Engineering",25964,,,,,,20406,,21427,,24131,
2024,R2,E038,"B L D E As V.P. Dr. P. G. Hallakatti College of Engg. and Tech. vijayapur","Computer Science (AI and Machine Learning)",68587,,,,,,44610,,,,69241,
2024,R2,E038,"B L D E As V.P. Dr. P. G. Hallakatti College of Engg. and Tech. vijayapur","Computer Science and Engineering",58507,,,,,,39402,,39642,,46431,
2024,R2,E038,"B L D E As V.P. Dr. P. G. Hallakatti College of Engg. and Tech. vijayapur","Information Science and Engineering",64330,,,,,,59962,,62669,,74887,
2024,R2,E043,"Gurunanak Dev Engineering College Bidar","Computer Science and Engineering",,,,,,,45273,,,,72082,
2024,R2,E044,"Bheemanna Khandre Institute of Technology Bhalki","Computer Science and Engineering",90994,,,,,,53989,,,,82021,
2024,R2,E047,"Malnad College of Engineering Hassan","Computer Science (AI and Machine Learning)",35215,,,,,,35047,,39899,,35097,
2024,R2,E047,"Malnad College of Engineering Hassan","Computer Science and Engineering",30700,,,,,,26755,,34021,,34747,
2024,R2,E047,"Malnad College of Engineering Hassan","Information Science and Engineering",41349,,,,,,41001,,42531,,43290,
2024,R2,E048,"B M S College of Engineering Basavanagudi,Bangalore","Artificial Intelligence and Data Science",3713,,,,,,2609,,,,5437,
2024,R2,E048,"B M S College of Engineering Basavanagudi,Bangalore","Artificial Intelligence and Machine Learning",4958,,,,7552,,4580,,10014,,7272,
2024,R2,E048,"B M S College of Engineering Basavanagudi,Bangalore","Computer Science and Engineering",3654,,8969,,5765,,2950,,6730,,4839,
2024,R2,E048,"B M S College of Engineering Basavanagudi,Bangalore","Computer Science and Engineering - Data Science",3996,,,,,,3558,,7998,,5077,
2024,R2,E048,"B M S College of Engineering Basavanagudi,Bangalore","Computer Science - IoT and Cyber Security",,,,,9554,,4312,,,,6856,
2024,R2,E049,"Basaveshwara Engineering College Bagalkot","Artificial Intelligence and Machine Learning",41122,,,,,,36480,,,,38132,
2024,R2,E049,"Basaveshwara Engineering College Bagalkot","Computer Science and Engineering",33144,,,,,,29663,,31640,,32556,
2024,R2,E049,"Basaveshwara Engineering College Bagalkot","Information Science and Engineering",46152,,,,,,43145,,43390,,48317,
2024,R2,E057,"JSS Science and Technology University(Formerly SJCE) Mysore","Computer Science and Engineering",6041,,,,,,4794,,9338,,8073,
2024,R2,E057,"JSS Science and Technology University(Formerly SJCE) Mysore","Information Science and Engineering",7382,,,,,,6518,,,,8923,
2024,R2,E058,"P E S College of Engineering Mandya","Computer Science (AI and Machine Learning)",35904,,,,,,35365,,,,36171,
2024,R2,E058,"P E S College of Engineering Mandya","Computer Science and Engineering",30275,,,,34641,,29302,,38934,,34307,
2024,R2,E058,"P E S College of Engineering Mandya","Computer Science and Engineering - Data Science",39297,,,,,,38087,,52022,,39368,
2024,R2,E058,"P E S College of Engineering Mandya","Information Science and Engineering",32349,,,,,,32033,,,,39260,
2024,R2,E059,"P D A College of Engineering Gulbarga","Artificial Intelligence and Machine Learning",,,,,,,48405,,52492,,67117,
2024,R2,E059,"P D A College of Engineering Gulbarga","Computer Science and Engineering",60104,,,,,,36181,,45926,,47577,
2024,R2,E060,"Dr. Ambedkar Institute Of Technology Jnanabharathi Campus,Bangalore","Artificial Intelligence and Machine Learning",21813,,,,,,20915,,30114,,23623,
2024,R2,E060,"Dr. Ambedkar Institute Of Technology Jnanabharathi Campus,Bangalore","Computer Science and Engineering",19252,,,,,,18498,,20485,,20780,
2024,R2,E060,"Dr. Ambedkar Institute Of Technology Jnanabharathi Campus,Bangalore","Information Science and Engineering",24019,,,,,,23568,,27368,,28121,
2024,R2,E061,"University B.D.T. college of Engineering Davangere","Computer Science and Engineering",28259,,,,38604,,23339,,24258,,26370,
2024,R2,E061,"University B.D.T. college of Engineering Davangere","Robotics and Artificial Intelligence",97876,,,,,,54561,,66744,,73937,
2024,R2,E062,"Bapuji Institute of Engineering and Technology Davangere","Artificial Intelligence and Machine Learning",67900,,,,75140,,45955,,55847,,58560,
2024,R2,E062,"Bapuji Institute of Engineering and Technology Davangere","Computer Science and Engineering",41141,,,,42586,,31391,,33740,,38590,
2024,R2,E062,"Bapuji Institute of Engineering and Technology Davangere","Computer Science and Engineering - Data Science",65964,,,,,,47786,,,,60865,
2024,R2,E062,"Bapuji Institute of Engineering and Technology Davangere","Information Science and Engineering",61144,,,,69492,,46982,,48767,,53755,
2024,R2,E064,"Adhichunchanagiri Institute of Technology Chickmagalur","Artificial Intelligence and Machine Learning",56486,,,,,,55412,,,,67526,
2024,R2,E064,"Adhichunchanagiri Institute of Technology Chickmagalur","Computer Science and Engineering",54877,,,,,,53288,,56011,,63422,
2024,R2,E065,"Jawaharlal Nehru National College of Engineering Shimoga","Artificial Intelligence and Machine Learning",42217,,56865,,,,32618,,,,40658,
2024,R2,E065,"Jawaharlal Nehru National College of Engineering Shimoga","Computer Science and Engineering",29109,,,,,,27679,,36178,,39091,
2024,R2,E065,"Jawaharlal Nehru National College of Engineering Shimoga","Computer Science and Engineering - Data Science",43271,,,,,,41111,,,,50554,
2024,R2,E065,"Jawaharlal Nehru National College of Engineering Shimoga","Information Science and Engineering",56174,,,,,,40527,,49365,,47662,
2024,R2,E066,"University B.D.T. college of Engineering, (H.GOV) Davangere","Computer Science and Engineering",52358,,,,62695,,47280,,52152,,50428,
2024,R2,E071,"Vidya Vardhaka College of Engineering Mysuru","Computer Science (AI and Machine Learning)",23626,,32705,,,,22622,,32061,,29620,
2024,R2,E071,"Vidya Vardhaka College of Engineering Mysuru","Computer Science and Engineering",19266,,,,22130,,17682,,24894,,20840,
2024,R2,E071,"Vidya Vardhaka College of Engineering Mysuru","Information Science and Engineering",25811,,,,,,24162,,28587,,27985,
2024,R2,E075,"Ballari Institute of Technology and Management Near Allipur Bellary","Artificial Intelligence and Machine Learning",79060,,,,,,57807,,,,62633,
2024,R2,E075,"Ballari Institute of Technology and Management Near Allipur Bellary","Computer Science (Artificial Intelligence)",,,,,,,48130,,96110,,62889,
2024,R2,E075,"Ballari Institute of Technology and Management Near Allipur Bellary","Computer Science and Engineering",37223,,,,,,31700,,,,40940,
2024,R2,E075,"Ballari Institute of Technology and Management Near Allipur Bellary","Computer Science and Engineering - Data Science",,,,,131940,,59533,,89987,,74798,
2024,R2,E077,"Vidya Vikas Institute of Engineering and Technology Mysuru","Computer Science and Engineering",43152,,,,51536,,42130,,48802,,49434,
2024,R2,E077,"Vidya Vikas Institute of Engineering and Technology Mysuru","Information Science and Engineering",,,,,62599,,57608,,,,59655,
2024,R2,E078,"The Oxford College of Engineering Bangalore","Artificial Intelligence and Machine Learning",42239,,,,,,35917,,,,41347,
2024,R2,E078,"The Oxford College of Engineering Bangalore","Computer Science and Engineering",40390,,,,,,38433,,41502,,41641,
2024,R2,E078,"The Oxford College of Engineering Bangalore","Information Science and Engineering",49782,,,,,,47196,,48832,,53264,
2024,R2,E079,"Acharya Institute of Technology Bangalore","Artificial Intelligence and Machine Learning",30067,,,,,,29257,,35016,,32004,
2024,R2,E079,"Acharya Institute of Technology Bangalore","Computer Science and Engineering",25111,,,,,,24588,,26166,,27355,
2024,R2,E079,"Acharya Institute of Technology Bangalore","Computer Science and Engineering - Data Science",27672,,,,,,27543,,,,29150,
2024,R2,E079,"Acharya Institute of Technology Bangalore","Information Science and Engineering",32827,,,,,,32058,,38717,,33701,
2024,R2,E082,"J S S Academy of Technical Education Bangalore","Computer Science (AI and Machine Learning)",22671,,,,,,22522,,26727,,25155,
2024,R2,E082,"J S S Academy of Technical Education Bangalore","Computer Science and Engineering",18021,,,,,,17652,,22881,,21012,
2024,R2,E082,"J S S Academy of Technical Education Bangalore","Information Science and Engineering",24001,,,,,,22555,,33367,,27072,
2024,R2,E082,"J S S Academy of Technical Education Bangalore","Robotics and Automation",,,,,,,34118,,71518,,46043,
2024,R2,E091,"K S Institute of Technology Bangalore","Artificial Intelligence and Machine Learning",44803,,,,,,44228,,49521,,57246,
2024,R2,E091,"K S Institute of Technology Bangalore","Computer Science and Engineering",39113,,,,,,37311,,49898,,45512,
2024,R2,E091,"K S Institute of Technology Bangalore","Computer Science - IoT and Cyber Security",58282,,,,,,54192,,,,89822,
2024,R2,E092,"Vemana Institute of Technology Bangalore","Artificial Intelligence and Machine Learning",55415,,,,64245,,53462,,66652,,56005,
2024,R2,E092,"Vemana Institute of Technology Bangalore","Computer Science and Engineering",58872,,,,,,53916,,60409,,66013,
2024,R2,E095,"AMC Engineering College Bangalore","Artificial Intelligence and Machine Learning",47816,,,,,,47455,,57885,,62259,
2024,R2,E095,"AMC Engineering College Bangalore","Computer Science (AI and Machine Learning)",50083,,,,67850,,48139,,59034,,61258,
2024,R2,E095,"AMC Engineering College Bangalore","Computer Science and Engineering",45395,,,,49412,,41881,,46552,,48936,
2024,R2,E095,"AMC Engineering College Bangalore","Computer Science and Engineering - Data Science",60769,,,,65999,,53314,,64438,,57667,
2024,R2,E095,"AMC Engineering College Bangalore","Information Science and Engineering",57917,,78257,,,,55558,,67154,,63802,
2024,R2,E096,"East Point College of Engineering and Technology Bangalore","Artificial Intelligence and Data Science",50929,,113704,,,,45833,,,,74194,
2024,R2,E096,"East Point College of Engineering and Technology Bangalore","Computer Science (AI and Machine Learning)",55748,,,,,,53577,,,,75099,
2024,R2,E096,"East Point College of Engineering and Technology Bangalore","Computer Science and Engineering",54494,,,,,,49189,,56360,,55043,
2024,R2,E097,"C M R Institute of Technology Bangalore","Artificial Intelligence and Data Science",25446,,,,,,24738,,28548,,27983,
2024,R2,E097,"C M R Institute of Technology Bangalore","Artificial Intelligence and Machine Learning",23839,,,,,,22802,,31184,,27992,
2024,R2,E097,"C M R Institute of Technology Bangalore","Computer Science (AI and Machine Learning)",20144,,,,,,19814,,30572,,24686,
2024,R2,E097,"C M R Institute of Technology Bangalore","Computer Science and Engineering",18545,,,,,,17256,,20641,,20648,
2024,R2,E097,"C M R Institute of Technology Bangalore","Computer Science and Engineering - Data Science",24806,,39473,,27745,,24049,,34122,,26327,
2024,R2,E097,"C M R Institute of Technology Bangalore","Information Science and Engineering",24047,,,,,,23372,,26239,,26020,
2024,R2,E098,"Atria Institute of Technology Bangalore","Artificial Intelligence and Machine Learning",48126,,,,,,45313,,46549,,46885,
2024,R2,E098,"Atria Institute of Technology Bangalore","Computer Science and Engineering",39084,,,,46009,,37397,,44983,,42151,
2024,R2,E098,"Atria Institute of Technology Bangalore","Computer Science and Engineering - Data Science",53001,,,,,,48825,,68841,,55313,
2024,R2,E098,"Atria Institute of Technology Bangalore","Information Science and Engineering",58709,,,,78051,,52809,,61012,,69970,
2024,R2,E099,"New Horizon College of Engineering Bangalore","Artificial Intelligence and Machine Learning",20181,,,,,,19791,,24683,,21099,
2024,R2,E099,"New Horizon College of Engineering Bangalore","Computer Science and Engineering",16304,,,,20139,,15834,,20566,,19385,
2024,R2,E099,"New Horizon College of Engineering Bangalore","Computer Science and Engineering - Data Science",23124,,,,24834,,21149,,29350,,23750,
2024,R2,E101,"Channabasaveshwara Institute of Technology Gubbi, Tumkur","Computer Science and Engineering",67382,,,,,,53563,,66761,,56929,
2024,R2,E102,"DONBOSCO Institute of Technology Bangalore","Artificial Intelligence and Data Science",50879,,,,,,47772,,,,60938,
2024,R2,E102,"DONBOSCO Institute of Technology Bangalore","Computer Science (AI and Machine Learning)",47982,,,,59429,,47493,,73751,,55479,
2024,R2,E102,"DONBOSCO Institute of Technology Bangalore","Computer Science and Engineering",43194,,,,45495,,40316,,42779,,44767,
2024,R2,E103,"Global Academy of Technology Bangalore","Artificial Intelligence and Data Science",38181,,,,,,35999,,45675,,41673,
2024,R2,E103,"Global Academy of Technology Bangalore","Artificial Intelligence and Machine Learning",,,,,39109,,33700,,,,38294,
2024,R2,E103,"Global Academy of Technology Bangalore","Computer Science (AI and Machine Learning)",35323,,,,40993,,34272,,43240,,39120,
2024,R2,E103,"Global Academy of Technology Bangalore","Computer Science and Engineering",30467,,,,34089,,28786,,32744,,33824,
2024,R2,E103,"Global Academy of Technology Bangalore","Information Science and Engineering",37165,,,,,,36520,,42937,,39977,
2024,R2,E105,"Nitte Meenakshi Institutute of Technology Bangalore","Artificial Intelligence and Data Science",15942,,,,16236,,14948,,,,15545,
2024,R2,E105,"Nitte Meenakshi Institutute of Technology Bangalore","Artificial Intelligence and Machine Learning",13636,,,,,,13535,,20117,,13646,
2024,R2,E105,"Nitte Meenakshi Institutute of Technology Bangalore","Computer Science and Engineering",12889,,,,14946,,12227,,16904,,14757,
2024,R2,E105,"Nitte Meenakshi Institutute of Technology Bangalore","Information Science and Engineering",15895,,,,18162,,15577,,21053,,17741,
2024,R2,E106,"East West Institute of Technology Bangalore","Computer Science (AI and Machine Learning)",57495,,,,,,55603,,75582,,86358,
2024,R2,E106,"East West Institute of Technology Bangalore","Computer Science and Engineering",57344,,,,64100,,53279,,60847,,62146,
2024,R2,E107,"B N M Institute of Technology Bangalore","Artificial Intelligence and Machine Learning",18160,,,,,,16523,,33527,,20340,
2024,R2,E107,"B N M Institute of Technology Bangalore","Computer Science and Engineering",14840,,,,,,13679,,21225,,19050,
2024,R2,E107,"B N M Institute of Technology Bangalore","Information Science and Engineering",16430,,,,,,15422,,30620,,18450,
2024,R2,E108,"Sapthagiri NPS College of Engineering Bangalore","Computer Science (AI and Machine Learning)",64055,,,,86301,,59050,,76469,,81113,
2024,R2,E111,"Sri Venkateshwara College of Engineering Bettahalsur(P), Bangalore","Computer Science and Engineering",64852,,,,71712,,59526,,84945,,70271,
2024,R2,E114,"G M Institute of Technology Davanagere","Artificial Intelligence and Machine Learning",77008,,,,,,57517,,,,65526,
2024,R2,E114,"G M Institute of Technology Davanagere","Computer Science and Engineering",46120,,,,50396,,34780,,36189,,43288,
2024,R2,E114,"G M Institute of Technology Davanagere","Information Science and Engineering",58601,,,,,,54577,,60779,,55321,
2024,R2,E115,"S J B Institute of Technology Kengeri,Bangalore (ATNMS)","Artificial Intelligence and Machine Learning",27970,,48629,,,,26980,,,,32189,
2024,R2,E115,"S J B Institute of Technology Kengeri,Bangalore (ATNMS)","Computer Science and Engineering",24389,,,,28196,,23921,,32085,,28195,
2024,R2,E115,"S J B Institute of Technology Kengeri,Bangalore (ATNMS)","Computer Science and Engineering - Data Science",31976,,,,37680,,31162,,33807,,34454,
2024,R2,E115,"S J B Institute of Technology Kengeri,Bangalore (ATNMS)","Information Science and Engineering",31528,,,,,,31011,,41313,,35012,
2024,R2,E118,"RNS Institute of Technology Bangalore","Artificial Intelligence and Data Science",18572,,,,,,17404,,26176,,21669,
2024,R2,E118,"RNS Institute of Technology Bangalore","Computer Science and Engineering",15706,,,,18696,,14875,,19713,,18534,
2024,R2,E118,"RNS Institute of Technology Bangalore","Computer Science - Cyber Security",19841,,,,,,19001,,29499,,22966,
2024,R2,E118,"RNS Institute of Technology Bangalore","Computer Science and Engineering - Data Science",19795,,,,,,18798,,25892,,22344,
2024,R2,E123,"Canara Engineering College Bantwal DK DIST","Computer Science and Engineering",68903,,,,,,42915,,45805,,46450,
2024,R2,E126,"B M S Institute of Technology and Management Yelahanka, Bangalore","Artificial Intelligence and Machine Learning",15509,,,,19823,,14712,,23484,,17775,
2024,R2,E126,"B M S Institute of Technology and Management Yelahanka, Bangalore","Computer Science and Engineering",13422,,21915,,16915,,11681,,21653,,16398,
2024,R2,E128,"Sharnbasva University(Formerly Appa Inst. of Tech.) Brahmpur, Kalaburagi","Computer Science and Design",101210,,,,,,39085,,49356,,51542,
2024,R2,E129,"St. Joseph Engineering College Mangalore","Artificial Intelligence and Machine Learning",,,,,,,23770,,27492,,26003,
2024,R2,E129,"St. Joseph Engineering College Mangalore","Computer Science and Engineering",28531,,,,,,18100,,30875,,23323,
2024,R2,E129,"St. Joseph Engineering College Mangalore","Computer Science and Engineering - Data Science",31165,,,,,,26890,,,,27138,
2024,R2,E133,"G S S S Institute of Engineering and Technology for Women Mysore","Artificial Intelligence and Data Science",33269,,,,,,31612,,43941,,38095,
2024,R2,E133,"G S S S Institute of Engineering and Technology for Women Mysore","Computer Science (AI and Machine Learning)",31567,,,,,,29549,,,,33292,
2024,R2,E133,"G S S S Institute of Engineering and Technology for Women Mysore","Computer Science and Engineering",24996,,,,,,22862,,26114,,28736,
2024,R2,E133,"G S S S Institute of Engineering and Technology for Women Mysore","Information Science and Engineering",30397,,,,,,28902,,,,35397,
2024,R2,E135,"K L S Viswanathrao Deshpande Institute of Technology Haliyal, Uttara Kannada -Dist","Computer Science and Engineering",75509,,,,,,51801,,57007,,67438,
2024,R2,E141,"P E S University (Electronic City Campus) Bangalore","Computer Science and Engineering",7694,,,,13104,,5235,,18330,,11399,
2024,R2,E142,"Adichunchanagiri University(Formerly BGSIT) Nagamangala Taluk,Mandya Dist.","Artificial Intelligence and Machine Learning",66299,,,,68566,,53541,,65013,,66187,
2024,R2,E145,"Rajarajeswari College of Engineering Kumbalagodu,Bangalore","Artificial Intelligence and Machine Learning",48065,,,,,,43308,,60939,,53886,
2024,R2,E145,"Rajarajeswari College of Engineering Kumbalagodu,Bangalore","Computer Science and Engineering",47900,,,,,,45825,,53928,,54252,
2024,R2,E145,"Rajarajeswari College of Engineering Kumbalagodu,Bangalore","Computer Science - IoT and Cyber Security",61752,,,,,,57164,,,,73808,
2024,R2,E145,"Rajarajeswari College of Engineering Kumbalagodu,Bangalore","Information Science and Engineering",60193,,,,,,59782,,71431,,68213,
2024,R2,E149,"Cambridge Institutute of Technology Bangalore","Artificial Intelligence and Machine Learning",36111,,,,,,32834,,45958,,40401,
2024,R2,E149,"Cambridge Institutute of Technology Bangalore","Computer Science and Engineering",36037,,,,38000,,29826,,34235,,34800,
2024,R2,E149,"Cambridge Institutute of Technology Bangalore","Computer Science and Engineering - Data Science",39557,,,,47036,,35752,,53151,,36693,
2024,R2,E149,"Cambridge Institutute of Technology Bangalore","Computer Science - IoT and Cyber Security",48617,,,,,,45333,,61838,,50728,
2024,R2,E149,"Cambridge Institutute of Technology Bangalore","Information Science and Engineering",42152,,,,,,40436,,44069,,44213,
2024,R2,E150,"P E S Institute of Technology and Management Shivamogga","Artificial Intelligence and Machine Learning",61013,,,,64119,,53677,,84429,,54232,
2024,R2,E150,"P E S Institute of Technology and Management Shivamogga","Computer Science and Engineering",66845,,,,,,53298,,62235,,60418,
2024,R2,E151,"Mangalore Institute of Technology and Engineering Mangalore Tq,D.K","Artificial Intelligence and Machine Learning",53348,,,,,,43729,,,,49466,
2024,R2,E151,"Mangalore Institute of Technology and Engineering Mangalore Tq,D.K","Computer Science (AI and Machine Learning)",47744,,,,,,33547,,42340,,37104,
2024,R2,E151,"Mangalore Institute of Technology and Engineering Mangalore Tq,D.K","Computer Science and Engineering",43314,,,,46886,,35876,,38395,,37979,
2024,R2,E151,"Mangalore Institute of Technology and Engineering Mangalore Tq,D.K","Computer Science - IoT and Cyber Security",61850,,,,,,49218,,,,53054,
2024,R2,E151,"Mangalore Institute of Technology and Engineering Mangalore Tq,D.K","Information Science and Engineering",65970,,,,,,58804,,59958,,62417,
2024,R2,E155,"Government Engineering College Hassan","Artificial Intelligence and Machine Learning",50767,,66622,,,,46461,,46861,,54753,
2024,R2,E155,"Government Engineering College Hassan","Computer Science and Engineering",45925,,,,46630,,41166,,45009,,45552,
2024,R2,E158,"Maharaja Institute of Technology-Mysore Belawadi, Mandya Dist","Computer Science (AI and Machine Learning)",49115,,,,,,39960,,48142,,52096,
2024,R2,E158,"Maharaja Institute of Technology-Mysore Belawadi, Mandya Dist","Computer Science (Artificial Intelligence)",58059,,,,65788,,55126,,67969,,55865,
2024,R2,E158,"Maharaja Institute of Technology-Mysore Belawadi, Mandya Dist","Computer Science and Engineering",41959,,,,,,41054,,41079,,48575,
2024,R2,E158,"Maharaja Institute of Technology-Mysore Belawadi, Mandya Dist","Computer Science and Engineering - Data Science",58818,,,,,,54267,,,,58963,
2024,R2,E158,"Maharaja Institute of Technology-Mysore Belawadi, Mandya Dist","Information Science and Engineering",55678,,,,,,52313,,63376,,61413,
2024,R2,E160,"Sahyadri College of Engg. and Management Mangalore","Computer Science (AI and Machine Learning)",34395,,,,,,29629,,32784,,34212,
2024,R2,E160,"Sahyadri College of Engg. and Management Mangalore","Computer Science and Engineering",25675,,,,,,21259,,25257,,23600,
2024,R2,E160,"Sahyadri College of Engg. and Management Mangalore","Information Science and Engineering",38593,,,,45755,,31169,,36279,,33297,
2024,R2,E166,"K L E Institute of Technology Hubli","Computer Science and Engineering",30078,,,,,,26212,,28416,,31564,
2024,R2,E167,"K L E Ss K L E College of Engineering and Technology Chikkodi, Belgaum Dist.","Artificial Intelligence and Data Science",82600,,,,95572,,59844,,65244,,72465,
2024,R2,E167,"K L E Ss K L E College of Engineering and Technology Chikkodi, Belgaum Dist.","Computer Science and Engineering",60117,,,,,,46275,,47035,,51832,
2024,R2,E173,"Sai Vidya Institute of Technology Bangalore","Computer Science and Engineering",54216,,,,68079,,50160,,56886,,60724,
2024,R2,E175,"S.G.Balekundri Institute of Technology Belgaum","Computer Science and Engineering",66781,,,,,,52460,,55091,,64204,
2024,R2,E178,"The National Institute of Engineering(NORTH CAMPUS) Mysore","Computer Science (AI and Machine Learning)",11025,,,,,,10787,,19000,,12703,
2024,R2,E178,"The National Institute of Engineering(NORTH CAMPUS) Mysore","Computer Science and Engineering",9292,,,,11302,,8223,,12414,,9676,
2024,R2,E178,"The National Institute of Engineering(NORTH CAMPUS) Mysore","Information Science and Engineering",13172,,,,13954,,11066,,20051,,13107,
2024,R2,E196,"Jain College of Engineering Machche,Belgaum","Computer Science (AI and Machine Learning)",50953,,,,83813,,43355,,48172,,44837,
2024,R2,E196,"Jain College of Engineering Machche,Belgaum","Computer Science and Engineering",46331,,,,,,39830,,40222,,42683,
2024,R2,E198,"Sharnbasva University College for Women(Formerly Godutai) Gulbarga","Computer Science and Engineering",81266,,,,,,53805,,57301,,80950,
2024,R2,E206,"Shri Madhwa Vadiraja Institute of Technology and Management Udupi Dist","Computer Science and Engineering",109751,,,,,,58599,,67951,,66958,
2024,R2,E209,"Jyothi Institute of Technology Bangalore","Artificial Intelligence and Machine Learning",63876,,,,,,56374,,,,72736,
2024,R2,E209,"Jyothi Institute of Technology Bangalore","Computer Science and Engineering",54633,,,,,,48847,,90866,,66963,
2024,R2,E212,"Dayananda Sagar Academy of Technology Kanakapur Main Road Bangalore","Artificial Intelligence and Machine Learning",24291,,32870,,29623,,22914,,,,24239,
2024,R2,E212,"Dayananda Sagar Academy of Technology Kanakapur Main Road Bangalore","Computer Science and Design",33038,,,,,,29568,,55005,,34573,
2024,R2,E212,"Dayananda Sagar Academy of Technology Kanakapur Main Road Bangalore","Computer Science (Artificial Intelligence)",26131,,,,,,24984,,34134,,29538,
2024,R2,E212,"Dayananda Sagar Academy of Technology Kanakapur Main Road Bangalore","Computer Science and Engineering",23959,,,,27005,,20877,,23642,,24593,
2024,R2,E212,"Dayananda Sagar Academy of Technology Kanakapur Main Road Bangalore","Computer Science - Cyber Security",28627,,,,,,27525,,,,31857,
2024,R2,E212,"Dayananda Sagar Academy of Technology Kanakapur Main Road Bangalore","Computer Science and Engineering - Data Science",,,,,,,26119,,38065,,26940,
2024,R2,E212,"Dayananda Sagar Academy of Technology Kanakapur Main Road Bangalore","Computer Science - IoT and Cyber Security",31390,,,,,,30041,,57723,,32280,
2024,R2,E212,"Dayananda Sagar Academy of Technology Kanakapur Main Road Bangalore","Information Science and Engineering",28127,,,,,,26865,,33811,,29842,
2024,R2,E220,"Alliance University Bangalore","Computer Science and Engineering",52677,,,,71580,,45896,,72754,,64692,
2024,R2,E232,"Reva University Bangalore","Computer Science and Engineering",21253,,,,26267,,20886,,27115,,23837,
2024,R2,E235,"M.S. Ramaiah University of Applied Sciences Bangalore","Computer Science and Engineering",21070,,,,23203,,18431,,26473,,23080,
2024,R2,E237,"Presidency University Yelahanka, Bangalore","Computer Science and Engineering",51153,,74365,,58749,,46601,,62152,,56383,
2024,R2,E237,"Presidency University Yelahanka, Bangalore","Computer Science (Networks)",66961,,,,,,57641,,,,63286,
2024,R2,E240,"Dayananda Sagar University Hosur Road, Bangalore","Computer Science and Engineering",35165,,,,37895,,29701,,35928,,37189,
2024,R2,E241,"KLE Technological University(Formerly BVBCET) Dharward Dist","Computer Science (Artificial Intelligence)",13565,,,,,,8786,,13692,,11344,
2024,R2,E241,"KLE Technological University(Formerly BVBCET) Dharward Dist","Computer Science and Engineering",11962,,,,12349,,6859,,9833,,10955,
2024,R2,E254,"A J Institute Of Engineering And Technology MANGALORE","Artificial Intelligence and Data Science",57168,,,,,,54597,,,,66049,
2024,R2,E254,"A J Institute Of Engineering And Technology MANGALORE","Computer Science and Engineering",103693,,,,,,53374,,54838,,61672,
2024,R2,E257,"CMR University CHAGALATTI, BANGALORE","Computer Science and Engineering",54827,,,,69311,,52018,,66736,,66846,
2024,R2,E258,"Maharaja Institute of Technology THANDAVAPURA, MYSORE","Computer Science and Engineering",60025,,,,,,54638,,63715,,61155,
2024,R2,E265,"Jain College of Engineering and Technology Hubballi","Computer Science and Engineering",78664,,,,,,59618,,62781,,64503,
2024,R2,E269,"Jain College of Engineering and Research Udyambhag, Belgaum","Computer Science and Engineering",73417,,83104,,,,48014,,49677,,55518,
2024,R2,E275,"R V Institute of Technology and Management JP Nagar, Bengaluru","Computer Science and Engineering",11241,,,,,,10023,,21083,,17787,
2024,R2,E275,"R V Institute of Technology and Management JP Nagar, Bengaluru","Information Science and Engineering",14561,,,,22102,,13702,,25001,,20709,
2024,R2,E279,"Visvesvaraya Technological University Belgaum","Computer Science and Business Systems",61808,,,,63532,,45460,,47040,,50182,
2024,R2,E283,"University of Mysore HUNSUR ROAD, MYSORE","Artificial Intelligence and Machine Learning",61825,,,,75048,,58610,,87981,,67568,
2024,R2,E284,"Sri Jayachamarajendra College of Engineering(Const. of JSS Univ.) Mysore","Computer Science and Engineering",5153,,,,,,3533,,8678,,6298,
2024,R2,E285,"R V University Bangalore","Computer Science and Engineering",11498,,36715,,17403,,8482,,22433,,14663,
2024,R2,E286,"BGS College of Engineering and Technology Mahalakshmipuram,Bangalore","Artificial Intelligence and Data Science",46893,,,,,,40321,,55320,,52826,
2024,R2,E286,"BGS College of Engineering and Technology Mahalakshmipuram,Bangalore","Artificial Intelligence and Machine Learning",44797,,,,,,42110,,54679,,44494,
2024,R2,E286,"BGS College of Engineering and Technology Mahalakshmipuram,Bangalore","Computer Science and Design",,,156730,,92090,,53269,,,,89129,
2024,R2,E286,"BGS College of Engineering and Technology Mahalakshmipuram,Bangalore","Computer Science and Engineering",30886,,,,37696,,29071,,38267,,33392,
2024,R2,E286,"BGS College of Engineering and Technology Mahalakshmipuram,Bangalore","Information Science and Engineering",44152,,,,,,43903,,53793,,48028,
2024,R2,E289,"Visvesvaraya Technological University - Regional Center Rajapur,Kalburgi","Computer Science and Engineering",75197,,,,,,50528,,52872,,69078,
2024,R2,E290,"Visvesvaraya Technological University - Regional Center Mysore","Computer Science and Engineering",45346,,,,47961,,41518,,44981,,46684,
2024,R2,E292,"Government Engineering College Bidar","Computer Science and Engineering",,,,,,,49901,,58961,,68707,
2024,R2,E306,"THE CHANAKYA UNIVERSITY HARALUR ROAD DEVANHALLI","Computer Science and Engineering",,,,,,,35094,,,,51025,
2024,R3,E001,"University of Visvesvaraya College of Engineering Bangalore ( PUBLIC UNIV. )","Artificial Intelligence and Machine Learning",8838,,,,,,7157,,8135,,10325,
2024,R3,E001,"University of Visvesvaraya College of Engineering Bangalore ( PUBLIC UNIV. )","Computer Science and Engineering",6017,,,,6547,,4914,,7918,,6323,
2024,R3,E001,"University of Visvesvaraya College of Engineering Bangalore ( PUBLIC UNIV. )","Information Science and Engineering",8314,,,,9527,,6958,,9396,,8691,
2024,R3,E002,"S K S J T Institute of Engineering. Bangalore","Computer Science and Engineering",27273,,,,35533,,24048,,32706,,31083,
2024,R3,E004,"Dr. Ambedkar Institute Of Technology Bangalore","Computer Science and Engineering",17579,,,,,,12255,,12334,,13902,
2024,R3,E005,"R. V. College of Engineering Bangalore","Computer Science (AI and Machine Learning)",1640,,,,,,888,,2441,,2085,
2024,R3,E005,"R. V. College of Engineering Bangalore","Computer Science and Engineering",1239,,,,1345,,501,,2203,,1130,
2024,R3,E005,"R. V. College of Engineering Bangalore","Computer Science - Cyber Security",2001,,,,,,1017,,,,2098,
2024,R3,E005,"R. V. College of Engineering Bangalore","Computer Science and Engineering - Data Science",1681,,,,,,745,,5012,,2155,
2024,R3,E005,"R. V. College of Engineering Bangalore","Information Science and Engineering",1808,,,,,,795,,1688,,1653,
2024,R3,E006,"M S Ramaiah Institute of Technology Bangalore","Artificial Intelligence and Data Science",6635,,,,,,4390,,,,8268,
2024,R3,E006,"M S Ramaiah Institute of Technology Bangalore","Artificial Intelligence and Machine Learning",5183,,,,,,4243,,9953,,5641,
2024,R3,E006,"M S Ramaiah Institute of Technology Bangalore","Computer Science (AI and Machine Learning)",4060,,,,,,3963,,6053,,4741,
2024,R3,E006,"M S Ramaiah Institute of Technology Bangalore","Computer Science and Engineering",2217,,,,,,2012,,5210,,3133,
2024,R3,E006,"M S Ramaiah Institute of Technology Bangalore","Computer Science - Cyber Security",4868,,,,,,4776,,7166,,7586,
2024,R3,E006,"M S Ramaiah Institute of Technology Bangalore","Information Science and Engineering",3988,,,,4731,,3712,,5573,,4514,
2024,R3,E007,"Dayananda Sagar College of Engineering Bangalore","Artificial Intelligence and Machine Learning",7879,,11616,,,,7404,,,,9641,
2024,R3,E007,"Dayananda Sagar College of Engineering Bangalore","Computer Science and Design",12895,,,,18396,,12852,,22427,,13764,
2024,R3,E007,"Dayananda Sagar College of Engineering Bangalore","Computer Science and Engineering",7594,,,,,,5996,,10925,,8671,
2024,R3,E007,"Dayananda Sagar College of Engineering Bangalore","Computer Science - Cyber Security",11276,,,,,,10393,,,,13247,
2024,R3,E007,"Dayananda Sagar College of Engineering Bangalore","Computer Science and Engineering - Data Science",10049,,,,,,8159,,,,12099,
2024,R3,E007,"Dayananda Sagar College of Engineering Bangalore","Computer Science - IoT and Cyber Security",17483,,,,22507,,13365,,,,16135,
2024,R3,E007,"Dayananda Sagar College of Engineering Bangalore","Information Science and Engineering",9223,,,,,,8795,,10969,,10569,
2024,R3,E007,"Dayananda Sagar College of Engineering Bangalore","Robotics and Artificial Intelligence",22288,,,,,,14439,,41475,,20970,
2024,R3,E008,"Bangalore Institute of Technology Bangalore","Artificial Intelligence and Machine Learning",9548,,,,,,9152,,10062,,13133,
2024,R3,E008,"Bangalore Institute of Technology Bangalore","Computer Science and Engineering",10123,,,,,,8598,,17210,,9984,
2024,R3,E008,"Bangalore Institute of Technology Bangalore","Computer Science and Engineering - Data Science",14054,,,,,,12951,,,,14899,
2024,R3,E008,"Bangalore Institute of Technology Bangalore","Computer Science - IoT and Cyber Security",17688,,,,,,14755,,,,26679,
2024,R3,E008,"Bangalore Institute of Technology Bangalore","Information Science and Engineering",13218,,,,,,12233,,16705,,15419,
2024,R3,E008,"Bangalore Institute of Technology Bangalore","Robotics and Artificial Intelligence",19867,,,,,,19268,,44002,,35254,
2024,R3,E009,"P E S University (Ring Road Campus) Bangalore","Computer Science and Engineering",3741,,,,5865,,2009,,6337,,4045,
2024,R3,E011,"M V J College of Engineering Bangalore","Artificial Intelligence and Machine Learning",33938,,,,42072,,31541,,,,35318,
2024,R3,E011,"M V J College of Engineering Bangalore","Computer Science and Design",,,,,,,41265,,,,73303,
2024,R3,E011,"M V J College of Engineering Bangalore","Computer Science and Engineering",31702,,,,36910,,28400,,33791,,35950,
2024,R3,E011,"M V J College of Engineering Bangalore","Computer Science and Engineering - Data Science",41769,,,,,,35651,,,,41375,
2024,R3,E011,"M V J College of Engineering Bangalore","Information Science and Engineering",41993,,,,,,35367,,45061,,42693,
2024,R3,E012,"Sir M.Visveswaraya Institute of Technology Hunasemaranahalli,Bangalore,","Artificial Intelligence and Machine Learning",23576,,32675,,,,21795,,,,26064,
2024,R3,E012,"Sir M.Visveswaraya Institute of Technology Hunasemaranahalli,Bangalore,","Computer Science and Engineering",22473,,,,,,18898,,22126,,23527,
2024,R3,E012,"Sir M.Visveswaraya Institute of Technology Hunasemaranahalli,Bangalore,","Computer Science and Engineering - Data Science",,,,,30025,,25840,,35937,,27154,
2024,R3,E012,"Sir M.Visveswaraya Institute of Technology Hunasemaranahalli,Bangalore,","Computer Science - IoT and Cyber Security",28986,,,,,,28960,,,,33617,
2024,R3,E012,"Sir M.Visveswaraya Institute of Technology Hunasemaranahalli,Bangalore,","Information Science and Engineering",27674,,,,,,24878,,34777,,28222,
2024,R3,E012,"Sir M.Visveswaraya Institute of Technology Hunasemaranahalli,Bangalore,","Robotics and Artificial Intelligence",35289,,,,,,34517,,39498,,64657,
2024,R3,E014,"S J C Institute of Technology Chickballapur","Artificial Intelligence and Data Science",57295,,,,78363,,55595,,138396,,60666,
2024,R3,E014,"S J C Institute of Technology Chickballapur","Computer Science (AI and Machine Learning)",68948,,,,,,51823,,71427,,55101,
2024,R3,E014,"S J C Institute of Technology Chickballapur","Computer Science and Engineering",51727,,,,,,43752,,44888,,51913,
2024,R3,E014,"S J C Institute of Technology Chickballapur","Information Science and Engineering",65924,,,,,,58440,,177073,,78051,
2024,R3,E016,"Siddaganga Institute of Technology Tumkur","Artificial Intelligence and Data Science",19251,,,,24361,,13924,,18983,,17010,
2024,R3,E016,"Siddaganga Institute of Technology Tumkur","Computer Science (AI and Machine Learning)",13987,,,,,,12835,,15044,,13756,
2024,R3,E016,"Siddaganga Institute of Technology Tumkur","Computer Science and Engineering",9674,,,,,,8266,,8617,,10138,
2024,R3,E016,"Siddaganga Institute of Technology Tumkur","Information Science and Engineering",11012,,,,,,10908,,14584,,13253,
2024,R3,E017,"Sri Siddartha Institute of Technology Tumkur","Artificial Intelligence and Machine Learning",64345,,68792,,,,51152,,,,62938,
2024,R3,E017,"Sri Siddartha Institute of Technology Tumkur","Computer Science and Engineering",60366,,,,,,44001,,48433,,48569,
2024,R3,E017,"Sri Siddartha Institute of Technology Tumkur","Computer Science and Engineering - Data Science",78895,,,,,,56368,,113401,,60421,
2024,R3,E021,"Sri Jayachamarajendra College of Engineering(Const. of JSS Univ.) Mysore","Computer Science and Engineering",4137,,,,,,2983,,6150,,5575,
2024,R3,E031,"Basaveshwara Engineering College Bagalkot","Computer Science and Engineering",25876,,,,35435,,21776,,24762,,25234,
2024,R3,E034,"Sri Dharmasthala Manjunatheswara College of Engineering Dharwad","Artificial Intelligence and Machine Learning",28985,,,,,,21518,,,,22967,
2024,R3,E034,"Sri Dharmasthala Manjunatheswara College of Engineering Dharwad","Computer Science and Engineering",14614,,,,,,13737,,17442,,19290,
2024,R3,E034,"Sri Dharmasthala Manjunatheswara College of Engineering Dharwad","Information Science and Engineering",22999,,,,,,18913,,19185,,20516,
2024,R3,E036,"KLE Technological University(Formerly KLE Dr.MS Sheshagiri Col.) Belgaum","Computer Science (Artificial Intelligence)",52444,,,,,,29885,,30696,,38931,
2024,R3,E036,"KLE Technological University(Formerly KLE Dr.MS Sheshagiri Col.) Belgaum","Computer Science and Engineering",33801,,,,,,27430,,28325,,32152,
2024,R3,E037,"K.L.S. Gogte Institute of Technology Belgaum","Computer Science (AI and Machine Learning)",20348,,33483,,,,18858,,,,24908,
2024,R3,E037,"K.L.S. Gogte Institute of Technology Belgaum","Computer Science and Engineering",13552,,,,,,12020,,14127,,15449,
2024,R3,E037,"K.L.S. Gogte Institute of Technology Belgaum","Information Science and Engineering",26257,,,,,,20490,,21427,,24131,
2024,R3,E038,"B L D E As V.P. Dr. P. G. Hallakatti College of Engg. and Tech. vijayapur","Computer Science (AI and Machine Learning)",68587,,,,,,48115,,,,69241,
2024,R3,E038,"B L D E As V.P. Dr. P. G. Hallakatti College of Engg. and Tech. vijayapur","Computer Science and Engineering",58507,,,,,,39642,,41152,,46909,
2024,R3,E043,"Gurunanak Dev Engineering College Bidar","Computer Science and Engineering",,,,,,,45273,,,,72082,
2024,R3,E044,"Bheemanna Khandre Institute of Technology Bhalki","Computer Science and Engineering",90994,,,,,,59009,,,,82021,
2024,R3,E047,"Malnad College of Engineering Hassan","Computer Science (AI and Machine Learning)",35215,,,,,,33860,,39899,,35097,
2024,R3,E047,"Malnad College of Engineering Hassan","Computer Science and Engineering",36408,,,,,,27057,,34021,,38296,
2024,R3,E047,"Malnad College of Engineering Hassan","Information Science and Engineering",50767,,,,,,43034,,44896,,54231,
2024,R3,E048,"B M S College of Engineering Basavanagudi,Bangalore","Artificial Intelligence and Data Science",3713,,,,,,3306,,,,5437,
2024,R3,E048,"B M S College of Engineering Basavanagudi,Bangalore","Artificial Intelligence and Machine Learning",5007,,,,7552,,4835,,10014,,7272,
2024,R3,E048,"B M S College of Engineering Basavanagudi,Bangalore","Computer Science and Engineering",4673,,8969,,6296,,2995,,7414,,4941,
2024,R3,E048,"B M S College of Engineering Basavanagudi,Bangalore","Computer Science and Engineering - Data Science",3996,,,,,,3558,,7998,,5077,
2024,R3,E048,"B M S College of Engineering Basavanagudi,Bangalore","Computer Science - IoT and Cyber Security",,,,,9554,,4610,,,,6856,
2024,R3,E049,"Basaveshwara Engineering College Bagalkot","Artificial Intelligence and Machine Learning",41122,,,,,,36942,,,,40307,
2024,R3,E049,"Basaveshwara Engineering College Bagalkot","Computer Science and Engineering",39744,,,,,,30586,,31640,,32556,
2024,R3,E049,"Basaveshwara Engineering College Bagalkot","Information Science and Engineering",94399,,120895,,114321,,52358,,56509,,76188,
2024,R3,E057,"JSS Science and Technology University(Formerly SJCE) Mysore","Computer Science and Engineering",7382,,,,,,5248,,9338,,8828,
2024,R3,E057,"JSS Science and Technology University(Formerly SJCE) Mysore","Information Science and Engineering",10548,,,,,,7249,,,,8923,
2024,R3,E058,"P E S College of Engineering Mandya","Computer Science (AI and Machine Learning)",36810,,,,,,35904,,,,40516,
2024,R3,E058,"P E S College of Engineering Mandya","Computer Science and Engineering",30881,,,,34641,,29325,,53999,,34307,
2024,R3,E058,"P E S College of Engineering Mandya","Computer Science and Engineering - Data Science",42970,,,,,,42834,,56118,,42952,
2024,R3,E058,"P E S College of Engineering Mandya","Information Science and Engineering",35836,,,,,,35716,,,,39260,
2024,R3,E059,"P D A College of Engineering Gulbarga","Artificial Intelligence and Machine Learning",,,,,,,49221,,52492,,71731,
2024,R3,E059,"P D A College of Engineering Gulbarga","Computer Science and Engineering",60104,,,,,,36211,,45926,,47577,
2024,R3,E060,"Dr. Ambedkar Institute Of Technology Jnanabharathi Campus,Bangalore","Artificial Intelligence and Machine Learning",27606,,,,,,23478,,30114,,31675,
2024,R3,E060,"Dr. Ambedkar Institute Of Technology Jnanabharathi Campus,Bangalore","Computer Science and Engineering",22885,,,,,,19645,,26354,,21790,
2024,R3,E060,"Dr. Ambedkar Institute Of Technology Jnanabharathi Campus,Bangalore","Information Science and Engineering",28342,,,,,,28311,,38197,,37355,
2024,R3,E061,"University B.D.T. college of Engineering Davangere","Computer Science and Engineering",28259,,,,38604,,23339,,24258,,26370,
2024,R3,E062,"Bapuji Institute of Engineering and Technology Davangere","Artificial Intelligence and Machine Learning",95070,,,,190851,,47278,,58991,,65333,
2024,R3,E062,"Bapuji Institute of Engineering and Technology Davangere","Computer Science and Engineering",41141,,,,42586,,32000,,35567,,38957,
2024,R3,E062,"Bapuji Institute of Engineering and Technology Davangere","Computer Science and Engineering - Data Science",65964,,,,,,49187,,,,76178,
2024,R3,E062,"Bapuji Institute of Engineering and Technology Davangere","Information Science and Engineering",88081,,,,100301,,49365,,58815,,54039,
2024,R3,E064,"Adhichunchanagiri Institute of Technology Chickmagalur","Computer Science and Engineering",75168,,,,,,56062,,83531,,71485,
2024,R3,E065,"Jawaharlal Nehru National College of Engineering Shimoga","Artificial Intelligence and Machine Learning",42217,,56865,,,,34225,,,,40658,
2024,R3,E065,"Jawaharlal Nehru National College of Engineering Shimoga","Computer Science and Engineering",34469,,,,,,27679,,28416,,40939,
2024,R3,E065,"Jawaharlal Nehru National College of Engineering Shimoga","Computer Science and Engineering - Data Science",66778,,,,,,41111,,,,50554,
2024,R3,E065,"Jawaharlal Nehru National College of Engineering Shimoga","Information Science and Engineering",56174,,,,,,41046,,56652,,51221,
2024,R3,E066,"University B.D.T. college of Engineering, (H.GOV) Davangere","Computer Science and Engineering",59574,,,,62695,,47291,,52152,,52398,
2024,R3,E071,"Vidya Vardhaka College of Engineering Mysuru","Computer Science (AI and Machine Learning)",32622,,55320,,,,26143,,55191,,33186,
2024,R3,E071,"Vidya Vardhaka College of Engineering Mysuru","Computer Science and Engineering",20261,,,,25598,,18044,,24894,,22800,
2024,R3,E071,"Vidya Vardhaka College of Engineering Mysuru","Information Science and Engineering",30279,,,,,,26618,,47002,,42427,
2024,R3,E075,"Ballari Institute of Technology and Management Near Allipur Bellary","Artificial Intelligence and Machine Learning",86908,,,,,,57807,,,,62633,
2024,R3,E075,"Ballari Institute of Technology and Management Near Allipur Bellary","Computer Science (Artificial Intelligence)",,,,,182947,,48763,,107714,,62889,
2024,R3,E075,"Ballari Institute of Technology and Management Near Allipur Bellary","Computer Science and Engineering",37223,,,,,,31700,,,,40940,
2024,R3,E075,"Ballari Institute of Technology and Management Near Allipur Bellary","Computer Science and Engineering - Data Science",94321,,,,,,59533,,89987,,95271,
2024,R3,E077,"Vidya Vikas Institute of Engineering and Technology Mysuru","Computer Science and Engineering",51536,,,,59195,,49111,,93015,,51178,
2024,R3,E078,"The Oxford College of Engineering Bangalore","Artificial Intelligence and Machine Learning",42239,,,,,,41791,,,,53141,
2024,R3,E078,"The Oxford College of Engineering Bangalore","Computer Science and Engineering",44805,,,,,,40803,,42388,,49109,
2024,R3,E078,"The Oxford College of Engineering Bangalore","Information Science and Engineering",59761,,,,,,56294,,80272,,58011,
2024,R3,E079,"Acharya Institute of Technology Bangalore","Artificial Intelligence and Machine Learning",30067,,,,,,29601,,46549,,34096,
2024,R3,E079,"Acharya Institute of Technology Bangalore","Computer Science and Engineering",29152,,,,,,25707,,27771,,31435,
2024,R3,E079,"Acharya Institute of Technology Bangalore","Computer Science and Engineering - Data Science",31365,,,,,,31102,,,,35791,
2024,R3,E079,"Acharya Institute of Technology Bangalore","Information Science and Engineering",41768,,,,,,37573,,48649,,42943,
2024,R3,E082,"J S S Academy of Technical Education Bangalore","Computer Science (AI and Machine Learning)",24942,,,,,,24476,,31738,,30788,
2024,R3,E082,"J S S Academy of Technical Education Bangalore","Computer Science and Engineering",22284,,,,,,19589,,22881,,24243,
2024,R3,E082,"J S S Academy of Technical Education Bangalore","Information Science and Engineering",27712,,,,,,26042,,34508,,32902,
2024,R3,E082,"J S S Academy of Technical Education Bangalore","Robotics and Automation",,,,,,,56183,,71518,,78510,
2024,R3,E091,"K S Institute of Technology Bangalore","Artificial Intelligence and Machine Learning",47234,,,,,,46964,,57246,,93494,
2024,R3,E091,"K S Institute of Technology Bangalore","Computer Science and Engineering",45294,,,,,,43257,,72119,,58816,
2024,R3,E091,"K S Institute of Technology Bangalore","Computer Science - IoT and Cyber Security",80170,,,,,,57559,,,,113242,
2024,R3,E092,"Vemana Institute of Technology Bangalore","Artificial Intelligence and Machine Learning",66500,,,,70953,,55415,,66652,,64245,
2024,R3,E092,"Vemana Institute of Technology Bangalore","Computer Science and Engineering",58872,,,,,,53940,,60409,,66013,
2024,R3,E095,"AMC Engineering College Bangalore","Artificial Intelligence and Machine Learning",58282,,,,,,50377,,57885,,64119,
2024,R3,E095,"AMC Engineering College Bangalore","Computer Science (AI and Machine Learning)",50376,,,,79531,,49928,,67290,,75077,
2024,R3,E095,"AMC Engineering College Bangalore","Computer Science and Engineering",47195,,,,60184,,43913,,49436,,54916,
2024,R3,E095,"AMC Engineering College Bangalore","Computer Science and Engineering - Data Science",60769,,,,65999,,57031,,64438,,60751,
2024,R3,E096,"East Point College of Engineering and Technology Bangalore","Computer Science (AI and Machine Learning)",55748,,,,,,54181,,,,109308,
2024,R3,E096,"East Point College of Engineering and Technology Bangalore","Computer Science and Engineering",60193,,,,,,54035,,57211,,60900,
2024,R3,E097,"C M R Institute of Technology Bangalore","Artificial Intelligence and Data Science",29821,,,,,,27303,,28548,,33141,
2024,R3,E097,"C M R Institute of Technology Bangalore","Artificial Intelligence and Machine Learning",26725,,,,,,25740,,44831,,30284,
2024,R3,E097,"C M R Institute of Technology Bangalore","Computer Science (AI and Machine Learning)",22612,,,,,,20379,,30572,,24686,
2024,R3,E097,"C M R Institute of Technology Bangalore","Computer Science and Engineering",21961,,,,,,17905,,24437,,22087,
2024,R3,E097,"C M R Institute of Technology Bangalore","Computer Science and Engineering - Data Science",26872,,55845,,38135,,25279,,39473,,34080,
2024,R3,E097,"C M R Institute of Technology Bangalore","Information Science and Engineering",30445,,,,,,24796,,26239,,29559,
2024,R3,E098,"Atria Institute of Technology Bangalore","Artificial Intelligence and Machine Learning",59998,,,,,,46376,,49936,,65101,
2024,R3,E098,"Atria Institute of Technology Bangalore","Computer Science and Engineering",49467,,,,68163,,41137,,44983,,49556,
2024,R3,E098,"Atria Institute of Technology Bangalore","Computer Science and Engineering - Data Science",62434,,,,,,53001,,241206,,86566,
2024,R3,E099,"New Horizon College of Engineering Bangalore","Artificial Intelligence and Machine Learning",24585,,,,,,20238,,29808,,21622,
2024,R3,E099,"New Horizon College of Engineering Bangalore","Computer Science and Engineering",17073,,,,23678,,15962,,23592,,22884,
2024,R3,E099,"New Horizon College of Engineering Bangalore","Computer Science and Engineering - Data Science",26666,,,,32908,,22574,,31387,,31384,
2024,R3,E101,"Channabasaveshwara Institute of Technology Gubbi, Tumkur","Computer Science and Engineering",67382,,,,,,55190,,66761,,65372,
2024,R3,E102,"DONBOSCO Institute of Technology Bangalore","Artificial Intelligence and Data Science",57845,,,,,,51444,,,,72736,
2024,R3,E102,"DONBOSCO Institute of Technology Bangalore","Computer Science (AI and Machine Learning)",53265,,,,107612,,51778,,79375,,60938,
2024,R3,E102,"DONBOSCO Institute of Technology Bangalore","Computer Science and Engineering",46446,,,,59429,,43775,,45339,,55436,
2024,R3,E103,"Global Academy of Technology Bangalore","Artificial Intelligence and Data Science",40975,,,,,,37089,,45675,,49762,
2024,R3,E103,"Global Academy of Technology Bangalore","Artificial Intelligence and Machine Learning",,,,,39109,,34162,,,,38294,
2024,R3,E103,"Global Academy of Technology Bangalore","Computer Science (AI and Machine Learning)",38004,,,,45999,,36469,,43240,,43361,
2024,R3,E103,"Global Academy of Technology Bangalore","Computer Science and Engineering",34570,,,,36989,,30663,,39891,,34584,
2024,R3,E103,"Global Academy of Technology Bangalore","Information Science and Engineering",41668,,,,,,39515,,52525,,48230,
2024,R3,E105,"Nitte Meenakshi Institutute of Technology Bangalore","Artificial Intelligence and Data Science",19795,,,,24218,,16531,,,,17738,
2024,R3,E105,"Nitte Meenakshi Institutute of Technology Bangalore","Artificial Intelligence and Machine Learning",13636,,,,,,13535,,24683,,13646,
2024,R3,E105,"Nitte Meenakshi Institutute of Technology Bangalore","Computer Science and Engineering",14666,,,,17006,,13141,,16904,,15314,
2024,R3,E105,"Nitte Meenakshi Institutute of Technology Bangalore","Information Science and Engineering",19099,,,,22177,,17040,,21053,,19964,
2024,R3,E107,"B N M Institute of Technology Bangalore","Artificial Intelligence and Machine Learning",20183,,,,,,18160,,33527,,20340,
2024,R3,E107,"B N M Institute of Technology Bangalore","Computer Science and Engineering",17527,,,,,,14957,,21225,,20697,
2024,R3,E107,"B N M Institute of Technology Bangalore","Information Science and Engineering",18691,,,,,,15977,,30913,,22966,
2024,R3,E114,"G M Institute of Technology Davanagere","Artificial Intelligence and Machine Learning",153652,,,,,,57517,,,,67332,
2024,R3,E114,"G M Institute of Technology Davanagere","Computer Science and Engineering",46120,,,,56766,,36189,,43288,,50396,
2024,R3,E114,"G M Institute of Technology Davanagere","Information Science and Engineering",90552,,,,,,57154,,60779,,83279,
2024,R3,E115,"S J B Institute of Technology Kengeri,Bangalore (ATNMS)","Artificial Intelligence and Machine Learning",33869,,48629,,,,29471,,,,36518,
2024,R3,E115,"S J B Institute of Technology Kengeri,Bangalore (ATNMS)","Computer Science and Engineering",27088,,,,30477,,25204,,34830,,29242,
2024,R3,E115,"S J B Institute of Technology Kengeri,Bangalore (ATNMS)","Computer Science and Engineering - Data Science",36118,,,,41393,,33544,,33807,,37680,
2024,R3,E115,"S J B Institute of Technology Kengeri,Bangalore (ATNMS)","Information Science and Engineering",36550,,,,,,35098,,48832,,40408,
2024,R3,E118,"RNS Institute of Technology Bangalore","Artificial Intelligence and Data Science",20148,,,,,,18002,,26727,,21669,
2024,R3,E118,"RNS Institute of Technology Bangalore","Computer Science and Engineering",16229,,,,19823,,15492,,22516,,18696,
2024,R3,E118,"RNS Institute of Technology Bangalore","Computer Science - Cyber Security",23124,,,,,,21415,,29499,,26654,
2024,R3,E118,"RNS Institute of Technology Bangalore","Computer Science and Engineering - Data Science",19841,,,,,,19791,,25892,,25155,
2024,R3,E123,"Canara Engineering College Bantwal DK DIST","Computer Science and Engineering",55390,,,,,,45868,,47809,,48542,
2024,R3,E126,"B M S Institute of Technology and Management Yelahanka, Bangalore","Artificial Intelligence and Machine Learning",19702,,,,27985,,16017,,26176,,22335,
2024,R3,E126,"B M S Institute of Technology and Management Yelahanka, Bangalore","Computer Science and Engineering",15895,,21915,,19925,,12689,,21653,,17000,
2024,R3,E128,"Sharnbasva University(Formerly Appa Inst. of Tech.) Brahmpur, Kalaburagi","Computer Science and Design",101210,,,,,,39370,,51199,,53445,
2024,R3,E129,"St. Joseph Engineering College Mangalore","Artificial Intelligence and Machine Learning",,,,,,,23770,,27492,,26003,
2024,R3,E129,"St. Joseph Engineering College Mangalore","Computer Science and Engineering",28531,,,,,,18245,,30875,,23323,
2024,R3,E129,"St. Joseph Engineering College Mangalore","Computer Science and Engineering - Data Science",31165,,,,,,29313,,,,30847,
2024,R3,E133,"G S S S Institute of Engineering and Technology for Women Mysore","Artificial Intelligence and Data Science",40123,,,,,,31612,,43941,,53678,
2024,R3,E133,"G S S S Institute of Engineering and Technology for Women Mysore","Computer Science (AI and Machine Learning)",34522,,,,,,29549,,,,37877,
2024,R3,E133,"G S S S Institute of Engineering and Technology for Women Mysore","Computer Science and Engineering",30397,,,,,,24838,,26114,,28736,
2024,R3,E133,"G S S S Institute of Engineering and Technology for Women Mysore","Information Science and Engineering",33084,,,,,,30432,,,,35800,
2024,R3,E141,"P E S University (Electronic City Campus) Bangalore","Computer Science and Engineering",8888,,,,13695,,5770,,18330,,12142,
2024,R3,E145,"Rajarajeswari College of Engineering Kumbalagodu,Bangalore","Artificial Intelligence and Machine Learning",48065,,,,,,46697,,60939,,63612,
2024,R3,E145,"Rajarajeswari College of Engineering Kumbalagodu,Bangalore","Computer Science and Engineering",57249,,,,,,48971,,53928,,58799,
2024,R3,E149,"Cambridge Institutute of Technology Bangalore","Artificial Intelligence and Machine Learning",39557,,,,,,34525,,67224,,40401,
2024,R3,E149,"Cambridge Institutute of Technology Bangalore","Computer Science and Engineering",36037,,,,45495,,30262,,35284,,44155,
2024,R3,E149,"Cambridge Institutute of Technology Bangalore","Computer Science and Engineering - Data Science",50728,,,,57542,,37212,,56120,,47036,
2024,R3,E149,"Cambridge Institutute of Technology Bangalore","Computer Science - IoT and Cyber Security",54852,,,,,,49077,,146590,,54859,
2024,R3,E149,"Cambridge Institutute of Technology Bangalore","Information Science and Engineering",52271,,236236,,,,46001,,46321,,53264,
2024,R3,E150,"P E S Institute of Technology and Management Shivamogga","Computer Science and Engineering",94285,,,,,,57191,,62235,,84706,
2024,R3,E151,"Mangalore Institute of Technology and Engineering Mangalore Tq,D.K","Artificial Intelligence and Machine Learning",59802,,,,,,44481,,,,53348,
2024,R3,E151,"Mangalore Institute of Technology and Engineering Mangalore Tq,D.K","Computer Science (AI and Machine Learning)",,,,,,,36561,,42340,,37104,
2024,R3,E151,"Mangalore Institute of Technology and Engineering Mangalore Tq,D.K","Computer Science and Engineering",46886,,,,83061,,36064,,38395,,40782,
2024,R3,E155,"Government Engineering College Hassan","Artificial Intelligence and Machine Learning",65811,,162733,,,,46961,,35769,,54753,
2024,R3,E155,"Government Engineering College Hassan","Computer Science and Engineering",55895,,,,57351,,42464,,46630,,46141,
2024,R3,E158,"Maharaja Institute of Technology-Mysore Belawadi, Mandya Dist","Computer Science (AI and Machine Learning)",49115,,,,,,44003,,48142,,63824,
2024,R3,E158,"Maharaja Institute of Technology-Mysore Belawadi, Mandya Dist","Computer Science and Engineering",48076,,,,,,44761,,62808,,55791,
2024,R3,E158,"Maharaja Institute of Technology-Mysore Belawadi, Mandya Dist","Computer Science and Engineering - Data Science",70310,,,,,,58963,,,,88226,
2024,R3,E158,"Maharaja Institute of Technology-Mysore Belawadi, Mandya Dist","Information Science and Engineering",63842,,,,,,58234,,63376,,87200,
2024,R3,E160,"Sahyadri College of Engg. and Management Mangalore","Computer Science (AI and Machine Learning)",91513,,,,,,32473,,33523,,39845,
2024,R3,E160,"Sahyadri College of Engg. and Management Mangalore","Computer Science and Engineering",26327,,,,,,21553,,25257,,24781,
2024,R3,E160,"Sahyadri College of Engg. and Management Mangalore","Information Science and Engineering",69311,,,,135113,,34813,,36279,,42330,
2024,R3,E166,"K L E Institute of Technology Hubli","Computer Science and Engineering",32085,,,,,,29110,,30037,,40631,
2024,R3,E167,"K L E Ss K L E College of Engineering and Technology Chikkodi, Belgaum Dist.","Computer Science and Engineering",60117,,,,,,47228,,48092,,55773,
2024,R3,E173,"Sai Vidya Institute of Technology Bangalore","Computer Science and Engineering",55459,,,,68079,,53626,,75318,,65220,
2024,R3,E175,"S.G.Balekundri Institute of Technology Belgaum","Computer Science and Engineering",66781,,,,,,54960,,55091,,65885,
2024,R3,E178,"The National Institute of Engineering(NORTH CAMPUS) Mysore","Computer Science (AI and Machine Learning)",12089,,,,,,11312,,19000,,15084,
2024,R3,E178,"The National Institute of Engineering(NORTH CAMPUS) Mysore","Computer Science and Engineering",10692,,,,11479,,8726,,12414,,11354,
2024,R3,E178,"The National Institute of Engineering(NORTH CAMPUS) Mysore","Information Science and Engineering",14403,,,,16720,,11690,,21750,,15744,
2024,R3,E196,"Jain College of Engineering Machche,Belgaum","Computer Science (AI and Machine Learning)",83813,,,,193944,,44837,,50953,,56666,
2024,R3,E196,"Jain College of Engineering Machche,Belgaum","Computer Science and Engineering",82311,,,,,,44521,,48700,,59393,
2024,R3,E198,"Sharnbasva University College for Women(Formerly Godutai) Gulbarga","Computer Science and Engineering",81266,,,,,,53805,,57301,,80950,
2024,R3,E212,"Dayananda Sagar Academy of Technology Kanakapur Main Road Bangalore","Artificial Intelligence and Machine Learning",27370,,32870,,29623,,26119,,,,27510,
2024,R3,E212,"Dayananda Sagar Academy of Technology Kanakapur Main Road Bangalore","Computer Science and Design",43271,,,,,,38138,,55005,,59728,
2024,R3,E212,"Dayananda Sagar Academy of Technology Kanakapur Main Road Bangalore","Computer Science (Artificial Intelligence)",28556,,,,,,26414,,34134,,29842,
2024,R3,E212,"Dayananda Sagar Academy of Technology Kanakapur Main Road Bangalore","Computer Science and Engineering",26325,,,,29104,,22062,,26937,,26891,
2024,R3,E212,"Dayananda Sagar Academy of Technology Kanakapur Main Road Bangalore","Computer Science - Cyber Security",32437,,,,,,31862,,,,39483,
2024,R3,E212,"Dayananda Sagar Academy of Technology Kanakapur Main Road Bangalore","Computer Science and Engineering - Data Science",,,,,,,28017,,53151,,32886,
2024,R3,E212,"Dayananda Sagar Academy of Technology Kanakapur Main Road Bangalore","Computer Science - IoT and Cyber Security",47961,,,,,,34074,,109709,,46454,
2024,R3,E212,"Dayananda Sagar Academy of Technology Kanakapur Main Road Bangalore","Information Science and Engineering",32827,,,,,,31692,,33811,,39435,
2024,R3,E220,"Alliance University Bangalore","Computer Science and Engineering",59787,,,,71580,,49926,,86186,,68542,
2024,R3,E232,"Reva University Bangalore","Computer Science and Engineering",22679,,,,26267,,21017,,27115,,23999,
2024,R3,E235,"M.S. Ramaiah University of Applied Sciences Bangalore","Computer Science and Engineering",23959,,,,24593,,19249,,26473,,23080,
2024,R3,E237,"Presidency University Yelahanka, Bangalore","Computer Science and Engineering",55738,,74365,,66846,,48034,,65155,,58749,
2024,R3,E240,"Dayananda Sagar University Kanakapura road, Ramanagar","Computer Science and Engineering",41013,,,,47971,,31161,,61838,,39609,
2024,R3,E241,"KLE Technological University(Formerly BVBCET) Dharward Dist","Computer Science (Artificial Intelligence)",13565,,,,,,8786,,13692,,12778,
2024,R3,E241,"KLE Technological University(Formerly BVBCET) Dharward Dist","Computer Science and Engineering",13677,,,,15999,,7498,,9833,,11229,
2024,R3,E254,"A J Institute Of Engineering And Technology MANGALORE","Computer Science and Engineering",106428,,,,,,55475,,59696,,76529,
2024,R3,E258,"Maharaja Institute of Technology THANDAVAPURA, MYSORE","Computer Science and Engineering",60025,,,,,,56125,,63715,,66786,
2024,R3,E269,"Jain College of Engineering and Research Udyambhag, Belgaum","Computer Science and Engineering",83104,,103358,,,,53615,,54833,,58301,
2024,R3,E275,"R V Institute of Technology and Management JP Nagar, Bengaluru","Computer Science and Engineering",14728,,,,,,12063,,21083,,23724,
2024,R3,E275,"R V Institute of Technology and Management JP Nagar, Bengaluru","Information Science and Engineering",16964,,,,24210,,14959,,25001,,20709,
2024,R3,E279,"Visvesvaraya Technological University Belgaum","Computer Science and Business Systems",61808,,,,143221,,46626,,49910,,50182,
2024,R3,E284,"Sri Jayachamarajendra College of Engineering(Const. of JSS Univ.) Mysore","Computer Science and Engineering",9823,,,,,,4026,,8505,,8257,
2024,R3,E285,"R V University Bangalore","Computer Science and Engineering",13703,,36715,,23378,,8961,,22433,,17403,
2024,R3,E286,"BGS College of Engineering and Technology Mahalakshmipuram,Bangalore","Artificial Intelligence and Data Science",46893,,,,,,40116,,87322,,52826,
2024,R3,E286,"BGS College of Engineering and Technology Mahalakshmipuram,Bangalore","Artificial Intelligence and Machine Learning",45070,,,,,,42532,,54679,,44494,
2024,R3,E286,"BGS College of Engineering and Technology Mahalakshmipuram,Bangalore","Computer Science and Engineering",34956,,,,40875,,33392,,47404,,37696,
2024,R3,E286,"BGS College of Engineering and Technology Mahalakshmipuram,Bangalore","Information Science and Engineering",60859,,,,,,57609,,130199,,70889,
2024,R3,E289,"Visvesvaraya Technological University - Regional Center Rajapur,Kalburgi","Computer Science and Engineering",75197,,,,,,51484,,52872,,69078,
2024,R3,E290,"Visvesvaraya Technological University - Regional Center Mysore","Computer Science and Engineering",64581,,,,65380,,44222,,48910,,52054,
2024,R3,E292,"Government Engineering College Bidar","Computer Science and Engineering",,,,,,,50154,,58961,,68707,
2024,R3,E306,"THE CHANAKYA UNIVERSITY HARALUR ROAD DEVANHALLI","Computer Science and Engineering",,,,,,,35094,,,,51025,
2025,R1,,"Univesity of Visvesvaraya College of Engineering (A State Autonomous Public University on IIT Model) K R Circle, Bangalore","Artificial Intelligence and Data Science",5191,,,,,,4628,,9379,,5784,
2025,R1,,"Univesity of Visvesvaraya College of Engineering (A State Autonomous Public University on IIT Model) K R Circle, Bangalore","Computer Science and Engineering",4061,,,,5264,,3473,,4239,,5010,
2025,R1,,"Univesity of Visvesvaraya College of Engineering (A State Autonomous Public University on IIT Model) K R Circle, Bangalore","Information Science and Engineering",4832,,,,,,4625.5,,10867,,5867,
2025,R1,,"Govt.S K S J T Institute of Engineering, Bangalore AMBEDKAR VEEDHI, K.R. CIRCLE, BANGALORE-01","Computer Science and Engineering",15989,,,,19663,,14802.5,,16876,,16749,
2025,R1,,"Dr. Ambedkar Institute of Technology, Bangalore(AUTONOMOUS) OUTER RING ROAD,NEAR JNANA BHARATHI CAMPUS,MALLATHAHALLI,BANGALORE-560056","Computer Science and Engineering",9104,,14625,,9744,,8212,,9609,,8606,
2025,R1,,"R. V. College of Engineering, Bangalore(AUTONOMOUS) R.V. VIDYANIKETAN POST, MYSORE ROAD,BANGALORE","Computer Science and Engineering (AI and ML)",787,,,,,,429,,2043,,1123,
2025,R1,,"R. V. College of Engineering, Bangalore(AUTONOMOUS) R.V. VIDYANIKETAN POST, MYSORE ROAD,BANGALORE","Computer Science and Engineering",526.5,,,,738,,234,,1249,,705,
2025,R1,,"R. V. College of Engineering, Bangalore(AUTONOMOUS) R.V. VIDYANIKETAN POST, MYSORE ROAD,BANGALORE","Computer Science - Cyber Security",1073,,,,,,508,,2075,,1498,
2025,R1,,"R. V. College of Engineering, Bangalore(AUTONOMOUS) R.V. VIDYANIKETAN POST, MYSORE ROAD,BANGALORE","Computer Science and Engineering - Data Science",1031,,,,1796,,367,,,,1124,
2025,R1,,"M S Ramaiah Institute of Technology, Bangalore(AUTONOMOUS) VIDYA SOUDHA,MSR NAGAR,MSRIT POST,BANGALORE - 560054.","Artificial Intelligence and Data Science",3132,,,,4321,,2063,,,,3502,
2025,R1,,"M S Ramaiah Institute of Technology, Bangalore(AUTONOMOUS) VIDYA SOUDHA,MSR NAGAR,MSRIT POST,BANGALORE - 560054.","Artificial Intelligence and Machine Learning",3392,,,,,,1910.5,,,,3159,
2025,R1,,"M S Ramaiah Institute of Technology, Bangalore(AUTONOMOUS) VIDYA SOUDHA,MSR NAGAR,MSRIT POST,BANGALORE - 560054.","Computer Science and Engineering (AI and ML)",2094,,,,2896,,1694,,3255,,2852,
2025,R1,,"M S Ramaiah Institute of Technology, Bangalore(AUTONOMOUS) VIDYA SOUDHA,MSR NAGAR,MSRIT POST,BANGALORE - 560054.","Computer Science and Engineering",1713,,,,,,1100,,3115,,1941,
2025,R1,,"M S Ramaiah Institute of Technology, Bangalore(AUTONOMOUS) VIDYA SOUDHA,MSR NAGAR,MSRIT POST,BANGALORE - 560054.","Computer Science - Cyber Security",3091,,10170,,,,1915,,,,3631,
2025,R1,,"M S Ramaiah Institute of Technology, Bangalore(AUTONOMOUS) VIDYA SOUDHA,MSR NAGAR,MSRIT POST,BANGALORE - 560054.","Information Science and Engineering",3597,,,,,,2473,,5600,,3907,
2025,R1,,"Dayananda Sagar College of Engineering, Bangalore(AUTONOMOUS) SHAVIGE MALLESHWARA HILLS, KUMARASWAMY LAYOUT, BANGALORE-560078","Artificial Intelligence and Machine Learning",5224,,,,,,4768,,9228,,5757,
2025,R1,,"Dayananda Sagar College of Engineering, Bangalore(AUTONOMOUS) SHAVIGE MALLESHWARA HILLS, KUMARASWAMY LAYOUT, BANGALORE-560078","Computer Science and Design",8709,,,,,,6465.5,,15049,,10534.75,
2025,R1,,"Dayananda Sagar College of Engineering, Bangalore(AUTONOMOUS) SHAVIGE MALLESHWARA HILLS, KUMARASWAMY LAYOUT, BANGALORE-560078","Computer Science - IoT and Blockchain",7019,,,,8334,,6111,,12229,,8225,
2025,R1,,"Dayananda Sagar College of Engineering, Bangalore(AUTONOMOUS) SHAVIGE MALLESHWARA HILLS, KUMARASWAMY LAYOUT, BANGALORE-560078","Computer Science and Engineering",5201,,,,6143.5,,4080,,7761,,5815,
2025,R1,,"Dayananda Sagar College of Engineering, Bangalore(AUTONOMOUS) SHAVIGE MALLESHWARA HILLS, KUMARASWAMY LAYOUT, BANGALORE-560078","Computer Science - Cyber Security",,,,,,,5170.5,,,,7326,
2025,R1,,"Dayananda Sagar College of Engineering, Bangalore(AUTONOMOUS) SHAVIGE MALLESHWARA HILLS, KUMARASWAMY LAYOUT, BANGALORE-560078","Computer Science and Engineering - Data Science",5267,,,,,,4718,,10092,,6908,
2025,R1,,"Dayananda Sagar College of Engineering, Bangalore(AUTONOMOUS) SHAVIGE MALLESHWARA HILLS, KUMARASWAMY LAYOUT, BANGALORE-560078","Information Science and Engineering",6682,,,,7689,,5707,,11000,,6703,
2025,R1,,"Dayananda Sagar College of Engineering, Bangalore(AUTONOMOUS) SHAVIGE MALLESHWARA HILLS, KUMARASWAMY LAYOUT, BANGALORE-560078","Robotics and Artificial Intelligence",8941,,,,11910,,7362,,17357,,9713,
2025,R1,,"Bangalore Institute of Technology, K.R.Road, Bangalore (AUTONOMOUS) K.R.ROAD, V.V.PURA, BANGALORE-560004","Artificial Intelligence and Machine Learning",7594,,,,,,6577,,10675,,8919,
2025,R1,,"Bangalore Institute of Technology, K.R.Road, Bangalore (AUTONOMOUS) K.R.ROAD, V.V.PURA, BANGALORE-560004","Computer Science - IoT and Blockchain",7968,,,,,,7481.5,,15499,,9789,
2025,R1,,"Bangalore Institute of Technology, K.R.Road, Bangalore (AUTONOMOUS) K.R.ROAD, V.V.PURA, BANGALORE-560004","Computer Science and Engineering",5893,,,,7336,,5036,,8306,,7330,
2025,R1,,"Bangalore Institute of Technology, K.R.Road, Bangalore (AUTONOMOUS) K.R.ROAD, V.V.PURA, BANGALORE-560004","Computer Science and Engineering - Data Science",7989,,,,9343,,6051,,,,8596,
2025,R1,,"Bangalore Institute of Technology, K.R.Road, Bangalore (AUTONOMOUS) K.R.ROAD, V.V.PURA, BANGALORE-560004","Information Science and Engineering",8210,,,,,,7581,,13793,,9001,
2025,R1,,"Bangalore Institute of Technology, K.R.Road, Bangalore (AUTONOMOUS) K.R.ROAD, V.V.PURA, BANGALORE-560004","Robotics and Artificial Intelligence",9101,,,,,,9015,,,,12284,
2025,R1,,"PES University 100 Feet Ring Road, Banashankari, 3rd Stage, Hosakerehalli, Near DSERT, , Bangalore KARNATAKA, pin code -560085","Computer Science (AI and Machine Learning)",2482,,,,4204,,1494,,6153,,3265,
2025,R1,,"PES University 100 Feet Ring Road, Banashankari, 3rd Stage, Hosakerehalli, Near DSERT, , Bangalore KARNATAKA, pin code -560085","Computer Science and Engineering",1814,,,,2937,,934,,5196,,2126,
2025,R1,,"M V J College of Engineering, Bangalore(AUTONOMOUS) NEAR ITPB,CHANNASANDRA,KADUGODI POST,BANGALORE","Artificial Intelligence and Machine Learning",19927,,,,,,19218,,20484,,22443,
2025,R1,,"M V J College of Engineering, Bangalore(AUTONOMOUS) NEAR ITPB,CHANNASANDRA,KADUGODI POST,BANGALORE","Computer Science and Design",27816,,,,,,24794,,31730,,26414,
2025,R1,,"M V J College of Engineering, Bangalore(AUTONOMOUS) NEAR ITPB,CHANNASANDRA,KADUGODI POST,BANGALORE","Computer Science and Engineering",21138,,,,,,20402,,25768,,23243,
2025,R1,,"M V J College of Engineering, Bangalore(AUTONOMOUS) NEAR ITPB,CHANNASANDRA,KADUGODI POST,BANGALORE","Computer Science and Engineering - Data Science",22576,,,,,,21907,,,,24148,
2025,R1,,"M V J College of Engineering, Bangalore(AUTONOMOUS) NEAR ITPB,CHANNASANDRA,KADUGODI POST,BANGALORE","Information Science and Engineering",25623,,,,,,24957,,31594,,25929,
2025,R1,,"Sir M.Visvesvaraya Institute of Technology, Bangalore KRISHNADEVARAYANAGAR, HUNASAMARANAHALLI, VIA YELAHANKA,BANGALORE - 562 157","Artificial Intelligence and Machine Learning",10803,,22267,,,,10390,,,,11648,
2025,R1,,"Sir M.Visvesvaraya Institute of Technology, Bangalore KRISHNADEVARAYANAGAR, HUNASAMARANAHALLI, VIA YELAHANKA,BANGALORE - 562 157","Computer Science - IoT and Blockchain",15957,,,,,,15676,,,,17222,
2025,R1,,"Sir M.Visvesvaraya Institute of Technology, Bangalore KRISHNADEVARAYANAGAR, HUNASAMARANAHALLI, VIA YELAHANKA,BANGALORE - 562 157","Computer Science and Engineering",12376,,,,14302,,11715,,18354,,14200,
2025,R1,,"Sir M.Visvesvaraya Institute of Technology, Bangalore KRISHNADEVARAYANAGAR, HUNASAMARANAHALLI, VIA YELAHANKA,BANGALORE - 562 157","Computer Science and Engineering - Data Science",,,,,14560,,13525,,,,13539,
2025,R1,,"Sir M.Visvesvaraya Institute of Technology, Bangalore KRISHNADEVARAYANAGAR, HUNASAMARANAHALLI, VIA YELAHANKA,BANGALORE - 562 157","Electronics and Computer Engineering",27178,,,,,,20737.5,,42343,,25012,
2025,R1,,"Sir M.Visvesvaraya Institute of Technology, Bangalore KRISHNADEVARAYANAGAR, HUNASAMARANAHALLI, VIA YELAHANKA,BANGALORE - 562 157","Information Science and Engineering",16620,,,,,,16184,,22158,,16619,
2025,R1,,"Sir M.Visvesvaraya Institute of Technology, Bangalore KRISHNADEVARAYANAGAR, HUNASAMARANAHALLI, VIA YELAHANKA,BANGALORE - 562 157","Robotics and Artificial Intelligence",18325,,,,,,17170,,,,19195,
2025,R1,,"Ghousia Engineering College, Ramanagara BANGALORE - MYSORE ROAD,RAMANAGARA","Artificial Intelligence and Machine Learning",47811,,,,,,47721,,53873,,51613,
2025,R1,,"S J C Institute of Technology, Chickkaballapur(AUTONOMOUS) P B NO. 20, B B ROAD, CHICKBALLAPUR, CHICKBALLAPUR (DISTRICT)","Artificial Intelligence and Data Science",41666,,,,47086,,40378,,52268,,45162,
2025,R1,,"S J C Institute of Technology, Chickkaballapur(AUTONOMOUS) P B NO. 20, B B ROAD, CHICKBALLAPUR, CHICKBALLAPUR (DISTRICT)","Computer Science and Engineering (AI and ML)",43235,,,,,,36411,,37897,,37128,
2025,R1,,"S J C Institute of Technology, Chickkaballapur(AUTONOMOUS) P B NO. 20, B B ROAD, CHICKBALLAPUR, CHICKBALLAPUR (DISTRICT)","Computer Science and Engineering",43043,,,,,,38986,,45630,,42960,
2025,R1,,"S J C Institute of Technology, Chickkaballapur(AUTONOMOUS) P B NO. 20, B B ROAD, CHICKBALLAPUR, CHICKBALLAPUR (DISTRICT)","Information Science and Engineering",53495,,,,,,52331,,57384,,56030,
2025,R1,,"Siddaganga Institute of Technology,Tumkur","Computer Science and Engineering (AI and ML)",8704,,,,,,8638,,,,9583,
2025,R1,,"Siddaganga Institute of Technology,Tumkur","Computer Science and Engineering",8459,,,,9408,,7683,,12015,,9163,
2025,R1,,"Siddaganga Institute of Technology,Tumkur","Information Science and Engineering",9451,,,,,,9449,,12910,,9728,
2025,R1,,"Sri Siddhartha Institute of Technology MARALUR ,TUMKUR","Artificial Intelligence and Machine Learning",35435,,,,,,29565,,,,34189,
2025,R1,,"Sri Siddhartha Institute of Technology MARALUR ,TUMKUR","Computer Science and Engineering",37404.5,,,,,,27919,,35214,,35880,
2025,R1,,"Sri Siddhartha Institute of Technology MARALUR ,TUMKUR","Computer Science - Cyber Security",49804,,,,,,44963,,,,51168,
2025,R1,,"Sri Siddhartha Institute of Technology MARALUR ,TUMKUR","Computer Science and Engineering - Data Science",49049,,,,,,35557,,,,50840,
2025,R1,,"Sri Siddhartha Institute of Technology MARALUR ,TUMKUR","Information Science and Engineering",42102,,,,,,41276,,56185,,49670,
2025,R1,,"Sri Siddhartha Institute of Technology MARALUR ,TUMKUR","Robotics and Artificial Intelligence",56812,,127635,,,,53002,,,,74049,
2025,R1,,"Sri Jayachamarajendra College of Engineering(Constituent College of JSS Science & Technology University), Mysore JSS TECHNICAL INSTITUTIONS CAMPUS,MANASAGANGOTHRI PO,MYSORE","Computer Science and Engineering",3671,,,,,,2704,,4365,,4110,
2025,R1,,"B V V Sangha`s Basaveshwara Engineering College , Bagalkote (AUTONOMOUS) NIJALINGAPPA ROAD,BAGALKOT 587102","Computer Science and Engineering",21059,,,,,,19827.5,,20304,,20563,
2025,R1,,"SDM College of Engineering, Dharwad (AUTONOMOUS) DHAVALAGIRI,KALGHATGI ROAD,DHARWAD","Artificial Intelligence and Machine Learning",15408,,,,,,14657,,,,16251,
2025,R1,,"SDM College of Engineering, Dharwad (AUTONOMOUS) DHAVALAGIRI,KALGHATGI ROAD,DHARWAD","Computer Science and Engineering",14389,,,,,,13118,,15091,,15143.5,
2025,R1,,"SDM College of Engineering, Dharwad (AUTONOMOUS) DHAVALAGIRI,KALGHATGI ROAD,DHARWAD","Information Science and Engineering",18015,,,,,,15237,,16007.5,,18014,
2025,R1,,"K L E Technological Univeristy, Belgaum Campus (Formerly KLE Dr M.S.Sheshagiri College of Engineering and Technology) UDYAMBAGH,BELGAUM","Computer Science (Artificial Intelligence)",25004,,,,,,19959,,,,21574,
2025,R1,,"K L E Technological Univeristy, Belgaum Campus (Formerly KLE Dr M.S.Sheshagiri College of Engineering and Technology) UDYAMBAGH,BELGAUM","Computer Science and Engineering",20508,,,,,,18233,,18433,,19278,
2025,R1,,"K.L.S. Gogte Institute of Technology, Belgaum.(AUTONOMOUS) ""JNANA GANGA"", UDYAMBAG,BELGAUM","Computer Science and Engineering (AI and ML)",17694,,,,,,13810,,,,14811,
2025,R1,,"K.L.S. Gogte Institute of Technology, Belgaum.(AUTONOMOUS) ""JNANA GANGA"", UDYAMBAG,BELGAUM","Computer Science and Engineering",16633,,,,16855,,12936,,13678,,16431,
2025,R1,,"BLDEA's VP. Dr.P.G. Hallakatti College of Engineering & Technology, Bijapur ASHRAM ROAD,BIJAPUR - 586103","Computer Science and Engineering (AI and ML)",57322,,,,,,39460,,,,44911,
2025,R1,,"BLDEA's VP. Dr.P.G. Hallakatti College of Engineering & Technology, Bijapur ASHRAM ROAD,BIJAPUR - 586103","Computer Science and Engineering",53331,,,,61601,,34038,,36120,,42217,
2025,R1,,"BLDEA's VP. Dr.P.G. Hallakatti College of Engineering & Technology, Bijapur ASHRAM ROAD,BIJAPUR - 586103","Computer Science and Engineering - Data Science",67376,,,,73202,,54700,,55594,,58561,
2025,R1,,"BLDEA's VP. Dr.P.G. Hallakatti College of Engineering & Technology, Bijapur ASHRAM ROAD,BIJAPUR - 586103","Information Science and Engineering",56549,,,,,,50861,,,,57257,
2025,R1,,"Khaja Bandanawaz University KBN University Street, Khaja Colony, Kalaburagi, Karnataka 585104","Computer Science and Engineering",,,,,,,53162,,,,85047,
2025,R1,,"Gurunanak Dev Engineering College, Bidar MAILOOR ROAD,BIDAR 585403","Artificial Intelligence and Machine Learning",91072,,,,,,48798,,,,59397,
2025,R1,,"Gurunanak Dev Engineering College, Bidar MAILOOR ROAD,BIDAR 585403","Computer Science and Engineering",,,,,,,42143,,,,52438,
2025,R1,,"Bheemanna Khandre Institute of Technology, Bhalki BHALKI-HUMNABAD ROAD,BHALKI- 585328,DIST. BIDAR","Computer Science and Engineering (AI and ML)",,,,,,,51430,,,,54033,
2025,R1,,"H K E's Society's Sir M Visvesvaraya College of Engineering, Raichur YERAMARUS CAMP,RAICHUR-584 135,","Computer Science and Engineering",,,,,,,49073,,,,81840,
2025,R1,,"Malnad College of Engineering, Hassan(AUTONOMOUS) P.B. NO. 21, SALAGAME ROAD,HASSSAN","Computer Science and Business Systems",38586,,,,,,38168,,,,44862,
2025,R1,,"Malnad College of Engineering, Hassan(AUTONOMOUS) P.B. NO. 21, SALAGAME ROAD,HASSSAN","Computer Science and Engineering (AI and ML)",,,,,,,26306,,39771,,28344,
2025,R1,,"Malnad College of Engineering, Hassan(AUTONOMOUS) P.B. NO. 21, SALAGAME ROAD,HASSSAN","Computer Science and Engineering",32253,,,,32644,,30004,,38352,,32447,
2025,R1,,"Malnad College of Engineering, Hassan(AUTONOMOUS) P.B. NO. 21, SALAGAME ROAD,HASSSAN","Robotics and Artificial Intelligence",41945,,,,51851,,41398,,,,45536,
2025,R1,,"B M S College of Engineering, Basavanagudi, Bangalore (AUTONOMOUS) POST BOX NO 1908, BULL TEMPLE ROAD,BANGALORE","Artificial Intelligence and Data Science",3670,,,,5308,,2442,,7908,,4903,
2025,R1,,"B M S College of Engineering, Basavanagudi, Bangalore (AUTONOMOUS) POST BOX NO 1908, BULL TEMPLE ROAD,BANGALORE","Artificial Intelligence and Machine Learning",3957,,,,4913,,2786,,8328,,4859,
2025,R1,,"B M S College of Engineering, Basavanagudi, Bangalore (AUTONOMOUS) POST BOX NO 1908, BULL TEMPLE ROAD,BANGALORE","Computer Science and Business Systems",4198,,,,,,2868,,12282,,5620,
2025,R1,,"B M S College of Engineering, Basavanagudi, Bangalore (AUTONOMOUS) POST BOX NO 1908, BULL TEMPLE ROAD,BANGALORE","Computer Science - IoT and Blockchain",3961,,,,,,2639,,,,6242,
2025,R1,,"B M S College of Engineering, Basavanagudi, Bangalore (AUTONOMOUS) POST BOX NO 1908, BULL TEMPLE ROAD,BANGALORE","Computer Science and Engineering",3644,,7455,,4191,,2246,,7051,,4016,
2025,R1,,"B M S College of Engineering, Basavanagudi, Bangalore (AUTONOMOUS) POST BOX NO 1908, BULL TEMPLE ROAD,BANGALORE","Computer Science and Engineering - Data Science",3905,,,,,,2497,,,,4602,
2025,R1,,"B V V Sangha`s Basaveshwara Engineering College , Bagalkote (AUTONOMOUS) NIJALINGAPPA ROAD,BAGALKOT 587102","Artificial Intelligence and Machine Learning",30472,,,,,,27610,,30996,,30179,
2025,R1,,"B V V Sangha`s Basaveshwara Engineering College , Bagalkote (AUTONOMOUS) NIJALINGAPPA ROAD,BAGALKOT 587102","Electronics and Computer Engineering",58752,,,,,,49302,,,,49843,
2025,R1,,"B V V Sangha`s Basaveshwara Engineering College , Bagalkote (AUTONOMOUS) NIJALINGAPPA ROAD,BAGALKOT 587102","Information Science and Engineering",39893,,,,,,36219,,38759,,39837,
2025,R1,,"JSS Science and Technology University JSS TECHNICAL INSTITUTIONS CAMPUS, MANASAGANGOTHRI, MYSURU 570006","Computer Science and Business Systems",7945.75,,,,,,7367,,13087,,10445,
2025,R1,,"JSS Science and Technology University JSS TECHNICAL INSTITUTIONS CAMPUS, MANASAGANGOTHRI, MYSURU 570006","Computer Science and Engineering (AI and ML)",5884,,,,,,5312,,,,6452,
2025,R1,,"JSS Science and Technology University JSS TECHNICAL INSTITUTIONS CAMPUS, MANASAGANGOTHRI, MYSURU 570006","CS for Differently Abled",5621,,,,7602,,4707,,11165,,7262,
2025,R1,,"JSS Science and Technology University JSS TECHNICAL INSTITUTIONS CAMPUS, MANASAGANGOTHRI, MYSURU 570006","Information Science and Engineering",7744,,,,,,6265,,11436.5,,8142,
2025,R1,,"P E S College of Engineering, Mandya(AUTONOMOUS) MANDYA: 571 401","Computer Science and Business Systems",43282,,,,,,39405,,,,48281,
2025,R1,,"P E S College of Engineering, Mandya(AUTONOMOUS) MANDYA: 571 401","Computer Science and Engineering (AI and ML)",25401,,,,,,25305,,29882,,26495,
2025,R1,,"P E S College of Engineering, Mandya(AUTONOMOUS) MANDYA: 571 401","Computer Science and Engineering",26314,,,,,,25071,,29170,,27262,
2025,R1,,"P E S College of Engineering, Mandya(AUTONOMOUS) MANDYA: 571 401","Computer Science and Engineering - Data Science",30333,,,,,,29380,,38447,,31194,
2025,R1,,"P E S College of Engineering, Mandya(AUTONOMOUS) MANDYA: 571 401","Information Science and Engineering",30959,,,,34015,,29352,,,,29458,
2025,R1,,"P E S College of Engineering, Mandya(AUTONOMOUS) MANDYA: 571 401","Robotics and Artificial Intelligence",42418,,,,,,40558,,,,46012,
2025,R1,,"P D A College of Engineering, Gulbarga(AUTONOMOUS) AIWAN-E-SHAHI AREA,STATION ROAD,GULBARGA-585102","Artificial Intelligence and Machine Learning",,,,,,,32795.5,,,,41567,
2025,R1,,"P D A College of Engineering, Gulbarga(AUTONOMOUS) AIWAN-E-SHAHI AREA,STATION ROAD,GULBARGA-585102","Computer Science and Design",,,,,,,54450,,,,,
2025,R1,,"P D A College of Engineering, Gulbarga(AUTONOMOUS) AIWAN-E-SHAHI AREA,STATION ROAD,GULBARGA-585102","Computer Science and Engineering",48927,,,,,,30538,,,,41589,
2025,R1,,"P D A College of Engineering, Gulbarga(AUTONOMOUS) AIWAN-E-SHAHI AREA,STATION ROAD,GULBARGA-585102","Information Science and Engineering",,,,,,,57029,,,,66676,
2025,R1,,"Dr. Ambedkar Institute of Technology, Bangalore(AUTONOMOUS) OUTER RING ROAD,NEAR JNANA BHARATHI CAMPUS,MALLATHAHALLI,BANGALORE-560056","Artificial Intelligence and Machine Learning",15235,,,,,,15166,,20533,,17605,
2025,R1,,"Dr. Ambedkar Institute of Technology, Bangalore(AUTONOMOUS) OUTER RING ROAD,NEAR JNANA BHARATHI CAMPUS,MALLATHAHALLI,BANGALORE-560056","Computer Science and Business Systems",20054,,,,,,19822,,,,24229,
2025,R1,,"Dr. Ambedkar Institute of Technology, Bangalore(AUTONOMOUS) OUTER RING ROAD,NEAR JNANA BHARATHI CAMPUS,MALLATHAHALLI,BANGALORE-560056","Computer Science and Engineering - Data Science",16013,,28487,,,,15930,,,,18582,
2025,R1,,"Dr. Ambedkar Institute of Technology, Bangalore(AUTONOMOUS) OUTER RING ROAD,NEAR JNANA BHARATHI CAMPUS,MALLATHAHALLI,BANGALORE-560056","Information Science and Engineering",18002,,,,,,17980,,24537,,19899,
2025,R1,,"University B.D.T College of Engineering, Davanagere P J EXTENSION,HADADI ROAD,DAVENGERE","Computer Science and Engineering",27579,,,,,,22469,,22823,,25248,
2025,R1,,"University B.D.T College of Engineering, Davanagere P J EXTENSION,HADADI ROAD,DAVENGERE","Robotics and Artificial Intelligence",59387,,,,,,33648,,,,38852,
2025,R1,,"Bapuji Institute of Engineering & Technology, Davangere (AUTONOMOUS) BAPUJI INSTITUTE OF ENGINEERING & TECHNOLOGY,P.B. NO.325,SHAMANUR ROAD,DAVANGERE-577 004","Artificial Intelligence and Machine Learning",43227,,,,,,33311,,38262,,39970,
2025,R1,,"Bapuji Institute of Engineering & Technology, Davangere (AUTONOMOUS) BAPUJI INSTITUTE OF ENGINEERING & TECHNOLOGY,P.B. NO.325,SHAMANUR ROAD,DAVANGERE-577 004","Computer Science and Business Systems",67533,,159589,,,,51962,,54682,,59134,
2025,R1,,"Bapuji Institute of Engineering & Technology, Davangere (AUTONOMOUS) BAPUJI INSTITUTE OF ENGINEERING & TECHNOLOGY,P.B. NO.325,SHAMANUR ROAD,DAVANGERE-577 004","Computer Science and Design",64252,,,,,,50457,,65485,,61300,
2025,R1,,"Bapuji Institute of Engineering & Technology, Davangere (AUTONOMOUS) BAPUJI INSTITUTE OF ENGINEERING & TECHNOLOGY,P.B. NO.325,SHAMANUR ROAD,DAVANGERE-577 004","Computer Science and Engineering",40709,,,,40942,,29909,,32883,,35097,
2025,R1,,"Bapuji Institute of Engineering & Technology, Davangere (AUTONOMOUS) BAPUJI INSTITUTE OF ENGINEERING & TECHNOLOGY,P.B. NO.325,SHAMANUR ROAD,DAVANGERE-577 004","Computer Science and Engineering - Data Science",44582,,,,,,36719,,40967,,40357,
2025,R1,,"Bapuji Institute of Engineering & Technology, Davangere (AUTONOMOUS) BAPUJI INSTITUTE OF ENGINEERING & TECHNOLOGY,P.B. NO.325,SHAMANUR ROAD,DAVANGERE-577 004","Information Science and Engineering",43132,,,,,,41220,,44458,,43379,
2025,R1,,"Adhichunchanagiri Institute of Technology, Chickamagalur ADICHUNCHANAGIRI EXTENTION,JYOTHINAGAR,CHIKMAGALUR - 577102","Artificial Intelligence and Machine Learning",42481,,,,,,42330,,,,53659,
2025,R1,,"Adhichunchanagiri Institute of Technology, Chickamagalur ADICHUNCHANAGIRI EXTENTION,JYOTHINAGAR,CHIKMAGALUR - 577102","Computer Science and Engineering",49133,,,,,,48494,,48860,,53655,
2025,R1,,"Adhichunchanagiri Institute of Technology, Chickamagalur ADICHUNCHANAGIRI EXTENTION,JYOTHINAGAR,CHIKMAGALUR - 577102","Computer Science and Engineering - Data Science",64097,,,,,,56927,,,,59000,
2025,R1,,"Adhichunchanagiri Institute of Technology, Chickamagalur ADICHUNCHANAGIRI EXTENTION,JYOTHINAGAR,CHIKMAGALUR - 577102","Information Science and Engineering",57385,,,,,,55363,,,,55652,
2025,R1,,"Jawaharlal Nehru New College of Engineering, Shimoga P.B. NO. 128,NAVULE, SHIMOGA","Artificial Intelligence and Machine Learning",29484,,56322,,,,20240,,,,22497,
2025,R1,,"Jawaharlal Nehru New College of Engineering, Shimoga P.B. NO. 128,NAVULE, SHIMOGA","Computer Science and Engineering",30061.5,,,,,,25366,,27907.75,,32946,
2025,R1,,"Jawaharlal Nehru New College of Engineering, Shimoga P.B. NO. 128,NAVULE, SHIMOGA","Computer Science and Engineering - Data Science",45507,,,,,,35646,,35837,,38601,
2025,R1,,"Jawaharlal Nehru New College of Engineering, Shimoga P.B. NO. 128,NAVULE, SHIMOGA","Information Science and Engineering",43794,,,,,,39131,,55467,,45499,
2025,R1,,"Jawaharlal Nehru New College of Engineering, Shimoga P.B. NO. 128,NAVULE, SHIMOGA","Robotics and Artificial Intelligence",63033,,,,77793,,58069,,,,67994,
2025,R1,,"University B.D.T. college of Engineering, (H.GOV),Davangere","Computer Science and Engineering",40363,,,,,,39727,,41035,,45137,
2025,R1,,"Vidya Vardhaka College of Engineering, Mysore(AUTONOMOUS) P.B.NO.206,GOKULAM 3RD STAGE,MYSORE","Computer Science and Engineering (AI and ML)",18309,,,,,,18017,,22285,,21531,
2025,R1,,"Vidya Vardhaka College of Engineering, Mysore(AUTONOMOUS) P.B.NO.206,GOKULAM 3RD STAGE,MYSORE","Computer Science and Engineering",18216,,29797,,21597,,16624,,24712,,20218,
2025,R1,,"Ballari Institute of Technology & Management, Bellary(AUTONOMOUS) ""JNANA GANGOTRI"" CAMPUS, #873/2 OF KOLAGAL VILLAGE,BELLARY-HOSPET ROAD, ALLIPUR","Artificial Intelligence and Machine Learning",46462,,,,,,45062,,50869,,52744,
2025,R1,,"Ballari Institute of Technology & Management, Bellary(AUTONOMOUS) ""JNANA GANGOTRI"" CAMPUS, #873/2 OF KOLAGAL VILLAGE,BELLARY-HOSPET ROAD, ALLIPUR","Computer Science (Artificial Intelligence)",54501,,,,,,42801,,,,55580,
2025,R1,,"Ballari Institute of Technology & Management, Bellary(AUTONOMOUS) ""JNANA GANGOTRI"" CAMPUS, #873/2 OF KOLAGAL VILLAGE,BELLARY-HOSPET ROAD, ALLIPUR","Computer Science and Engineering",35926,,,,,,27660,,,,28853,
2025,R1,,"Ballari Institute of Technology & Management, Bellary(AUTONOMOUS) ""JNANA GANGOTRI"" CAMPUS, #873/2 OF KOLAGAL VILLAGE,BELLARY-HOSPET ROAD, ALLIPUR","Computer Science and Engineering - Data Science",,,,,,,48013,,,,58620,
2025,R1,,"Vidya Vikas Institute of Engineering & Technology, Mysore #127,ALANAHALLY,ALANAHALLY POST,MYSORE-BANNUR ROAD,MYSORE","Computer Science and Engineering",30121,,,,,,29517,,32271,,32631,
2025,R1,,"Vidya Vikas Institute of Engineering & Technology, Mysore #127,ALANAHALLY,ALANAHALLY POST,MYSORE-BANNUR ROAD,MYSORE","Information Science and Engineering",45173,,,,52260,,43505,,,,47427,
2025,R1,,"The Oxford College of Engineering, Bangalore HOSUR ROAD,BOMMANAHALLI,BANGALORE","Artificial Intelligence and Data Science",28418,,,,,,26859,,34509,,31407,
2025,R1,,"The Oxford College of Engineering, Bangalore HOSUR ROAD,BOMMANAHALLI,BANGALORE","Artificial Intelligence and Machine Learning",28963,,,,,,28684,,35965,,33124,
2025,R1,,"The Oxford College of Engineering, Bangalore HOSUR ROAD,BOMMANAHALLI,BANGALORE","Computer Science and Engineering",27772,,,,,,27286,,31016,,31241,
2025,R1,,"The Oxford College of Engineering, Bangalore HOSUR ROAD,BOMMANAHALLI,BANGALORE","Information Science and Engineering",35516,,,,,,33245.5,,40348,,34901,
2025,R1,,"Acharya Institute of Technology, Soldevanahalli,Chikkabanavara post, Bangalore SOLDEVANAHALLI, HESARAGHATTA MAIN ROAD, CHIKKABANAVARA POST,BANGALORE URBAN","Artificial Intelligence and Machine Learning",20424,,,,,,20271,,23836,,21443,
2025,R1,,"Acharya Institute of Technology, Soldevanahalli,Chikkabanavara post, Bangalore SOLDEVANAHALLI, HESARAGHATTA MAIN ROAD, CHIKKABANAVARA POST,BANGALORE URBAN","Computer Science and Engineering",20289,,,,23727.5,,19409,,25789,,23187,
2025,R1,,"Acharya Institute of Technology, Soldevanahalli,Chikkabanavara post, Bangalore SOLDEVANAHALLI, HESARAGHATTA MAIN ROAD, CHIKKABANAVARA POST,BANGALORE URBAN","Computer Science and Engineering - Data Science",23255,,,,,,21278,,,,22402,
2025,R1,,"Acharya Institute of Technology, Soldevanahalli,Chikkabanavara post, Bangalore SOLDEVANAHALLI, HESARAGHATTA MAIN ROAD, CHIKKABANAVARA POST,BANGALORE URBAN","Information Science and Engineering",24641,,,,26757,,24077,,29044,,25494,
2025,R1,,"Acharya Institute of Technology, Soldevanahalli,Chikkabanavara post, Bangalore SOLDEVANAHALLI, HESARAGHATTA MAIN ROAD, CHIKKABANAVARA POST,BANGALORE URBAN","Robotics and Artificial Intelligence",28514,,,,,,26913.5,,36870,,31017,
2025,R1,,"SRI SIDDHARTHA SCHOOL OF ENGINEERING, TUMKUR NH-4, KESARAMADU POST, KYATHASANDRA,TUMKUR","Artificial Intelligence and Machine Learning",59302,,,,,,54350,,,,60844,
2025,R1,,"J S S Academy of Technical Education, Bangalore JSSATE CAMPUS,UTTARAHALLI-KENGERI ROAD ,BANGALORE 560060","Computer Science and Engineering (AI and ML)",15822,,,,18106,,15171,,24893.5,,17370,
2025,R1,,"J S S Academy of Technical Education, Bangalore JSSATE CAMPUS,UTTARAHALLI-KENGERI ROAD ,BANGALORE 560060","Computer Science and Engineering",14617,,,,,,14048,,21197,,16172,
2025,R1,,"J S S Academy of Technical Education, Bangalore JSSATE CAMPUS,UTTARAHALLI-KENGERI ROAD ,BANGALORE 560060","Information Science and Engineering",17594,,,,,,17220,,25349,,19417,
2025,R1,,"J S S Academy of Technical Education, Bangalore JSSATE CAMPUS,UTTARAHALLI-KENGERI ROAD ,BANGALORE 560060","Robotics and Automation",,,,,,,20341,,,,20754,
2025,R1,,"H.K.B.K.College of Engineering, Bangalore # 22/1, NAGAWARA, BANGALORE-560045","Artificial Intelligence and Machine Learning",46795,,55928,,,,42983,,45878,,53547,
2025,R1,,"H.K.B.K.College of Engineering, Bangalore # 22/1, NAGAWARA, BANGALORE-560045","Computer Science and Engineering",53685,,,,64483,,50454,,60418,,57225,
2025,R1,,"APS College of Engineering, Somanahalli, Bangalore 26 KM KANAKAPURA ROAD BANGALORE 82,BANGALORE URBAN","Computer Science and Engineering (AI and ML)",,,,,58713,,47543,,64448,,56264,
2025,R1,,"APS College of Engineering, Somanahalli, Bangalore 26 KM KANAKAPURA ROAD BANGALORE 82,BANGALORE URBAN","Computer Science and Engineering",53955,,,,,,53473,,58032,,57765,
2025,R1,,"Sri Sairam College Of Engineering, Anekal, Bangalore SAI LEO NAGAR","Artificial Intelligence and Machine Learning",60000,,,,,,59813,,62066,,68068,
2025,R1,,"Sri Sairam College Of Engineering, Anekal, Bangalore SAI LEO NAGAR","Computer Science and Engineering",57928,,,,,,56744,,59038,,67798,
2025,R1,,"Vivekananada Institute of Technology, Kengeri, Bangalore GUDIMAVU VILLAGE ,KENGERI(HOBLI)NEAR KUMBALAGODU,BANGALORE","Artificial Intelligence and Machine Learning",49880,,,,,,48469,,53183,,55858,
2025,R1,,"Vivekananada Institute of Technology, Kengeri, Bangalore GUDIMAVU VILLAGE ,KENGERI(HOBLI)NEAR KUMBALAGODU,BANGALORE","Computer Science and Engineering",56677,,,,,,55601.5,,59320,,64949,
2025,R1,,"Sri Revana Siddeswara Institute of Technology, Bangalore CHOKKANAHALLI, CHIKKAJALA,BANGALORE NORTH - 562157","Computer Science and Engineering",62384.5,,,,,,58692,,74638,,60321,
2025,R1,,"K S Institute of Technology, Raghuvanahalli, Bangalore(AUTONOMOUS) #14,RAGUVANAHALLI, KANAKAPURA MAIN ROAD,BANGALORE - 560 062.","Artificial Intelligence and Machine Learning",30627,,,,,,30292,,37317,,37098,
2025,R1,,"K S Institute of Technology, Raghuvanahalli, Bangalore(AUTONOMOUS) #14,RAGUVANAHALLI, KANAKAPURA MAIN ROAD,BANGALORE - 560 062.","Computer Science and Design",38803,,,,,,38479,,62303,,53131,
2025,R1,,"K S Institute of Technology, Raghuvanahalli, Bangalore(AUTONOMOUS) #14,RAGUVANAHALLI, KANAKAPURA MAIN ROAD,BANGALORE - 560 062.","Computer Science - IoT and Blockchain",33794,,,,,,33059,,,,43241,
2025,R1,,"K S Institute of Technology, Raghuvanahalli, Bangalore(AUTONOMOUS) #14,RAGUVANAHALLI, KANAKAPURA MAIN ROAD,BANGALORE - 560 062.","Computer Science and Engineering",28243,,,,,,28022,,37571,,32977,
2025,R1,,"Vemana Institute of Technology, Bangalore #1, MAHAYOGI VEMANA ROAD, 3RD BLOCK, KORMANGALA, BANGALORE -560034.","Artificial Intelligence and Machine Learning",47438,,,,,,43234,,44353,,46322,
2025,R1,,"Vemana Institute of Technology, Bangalore #1, MAHAYOGI VEMANA ROAD, 3RD BLOCK, KORMANGALA, BANGALORE -560034.","Computer Science and Engineering",46678,,,,53325,,45244,,55245,,52939.5,
2025,R1,,"Vemana Institute of Technology, Bangalore #1, MAHAYOGI VEMANA ROAD, 3RD BLOCK, KORMANGALA, BANGALORE -560034.","Computer Science - Cyber Security",57180,,,,,,55465,,,,62234,
2025,R1,,"Vemana Institute of Technology, Bangalore #1, MAHAYOGI VEMANA ROAD, 3RD BLOCK, KORMANGALA, BANGALORE -560034.","Computer Science and Engineering - Data Science",53220,,,,,,50566,,,,59294,
2025,R1,,"Vemana Institute of Technology, Bangalore #1, MAHAYOGI VEMANA ROAD, 3RD BLOCK, KORMANGALA, BANGALORE -560034.","Information Science and Engineering",58197,,,,,,57317,,69955,,68180,
2025,R1,,"Basavakalyana Engineering College, Basavakalyana, Bidar District N.H.9 ,BASAVAKALYAN-585327,DIST. BIDAR","Artificial Intelligence and Data Science",84032,,,,,,21485,,94380,,,
2025,R1,,"AMC Engineering College, Bannerghatta Road, Bangalore(AUTONOMOUS) 18KM,BANNERAGHATTA ROAD,KALKERE,BANGALORE-560083,BANGALORE URBAN","Artificial Intelligence and Machine Learning",36095,,,,,,33463,,40387,,36466,
2025,R1,,"AMC Engineering College, Bannerghatta Road, Bangalore(AUTONOMOUS) 18KM,BANNERAGHATTA ROAD,KALKERE,BANGALORE-560083,BANGALORE URBAN","Computer Science and Engineering (AI and ML)",39885,,,,,,38936,,50013,,42941,
2025,R1,,"AMC Engineering College, Bannerghatta Road, Bangalore(AUTONOMOUS) 18KM,BANNERAGHATTA ROAD,KALKERE,BANGALORE-560083,BANGALORE URBAN","Computer Science and Engineering",40414,,,,43798,,37584,,40729,,42542,
2025,R1,,"AMC Engineering College, Bannerghatta Road, Bangalore(AUTONOMOUS) 18KM,BANNERAGHATTA ROAD,KALKERE,BANGALORE-560083,BANGALORE URBAN","Computer Science and Engineering - Data Science",43688,,,,,,42041,,45422,,45301,
2025,R1,,"East Point College of Engineering & Technology, Bangalore(AUTONOMOUS) JNANA PRABHA, BIDARAHALLI,VIRGONAGAR POST,BANGALORE.","Computer Science and Engineering (AI and ML)",44054,,,,47914,,40696,,44913,,43771,
2025,R1,,"East Point College of Engineering & Technology, Bangalore(AUTONOMOUS) JNANA PRABHA, BIDARAHALLI,VIRGONAGAR POST,BANGALORE.","Computer Science - IoT and Blockchain",51400,,85526,,,,48713,,,,50654,
2025,R1,,"East Point College of Engineering & Technology, Bangalore(AUTONOMOUS) JNANA PRABHA, BIDARAHALLI,VIRGONAGAR POST,BANGALORE.","Computer Science and Engineering",42837,,,,44276,,40335,,46625,,43829,
2025,R1,,"East Point College of Engineering & Technology, Bangalore(AUTONOMOUS) JNANA PRABHA, BIDARAHALLI,VIRGONAGAR POST,BANGALORE.","Computer Science and Engineering - Data Science",46780.5,,,,,,44352,,,,48425,
2025,R1,,"East Point College of Engineering & Technology, Bangalore(AUTONOMOUS) JNANA PRABHA, BIDARAHALLI,VIRGONAGAR POST,BANGALORE.","Information Science and Engineering",49152,,,,,,48769,,52421,,52577,
2025,R1,,"C M R Institute of Technology, Kundala Halli village, Bangalore # 132, KUNDALAHALLI VILLAGE,IT PARK ROAD,BANGALORE - 560 037","Artificial Intelligence and Data Science",16183,,,,,,15783.5,,22233,,17769,
2025,R1,,"C M R Institute of Technology, Kundala Halli village, Bangalore # 132, KUNDALAHALLI VILLAGE,IT PARK ROAD,BANGALORE - 560 037","Artificial Intelligence and Machine Learning",14656,,,,,,14650,,23574,,16278,
2025,R1,,"C M R Institute of Technology, Kundala Halli village, Bangalore # 132, KUNDALAHALLI VILLAGE,IT PARK ROAD,BANGALORE - 560 037","Computer Science and Engineering (AI and ML)",13597,,25034,,,,13197,,,,14567,
2025,R1,,"C M R Institute of Technology, Kundala Halli village, Bangalore # 132, KUNDALAHALLI VILLAGE,IT PARK ROAD,BANGALORE - 560 037","Computer Science and Engineering",12509,,,,,,12029,,22105,,14493,
2025,R1,,"C M R Institute of Technology, Kundala Halli village, Bangalore # 132, KUNDALAHALLI VILLAGE,IT PARK ROAD,BANGALORE - 560 037","Computer Science and Engineering - Data Science",15397,,,,18224,,14357,,24254,,18032,
2025,R1,,"C M R Institute of Technology, Kundala Halli village, Bangalore # 132, KUNDALAHALLI VILLAGE,IT PARK ROAD,BANGALORE - 560 037","Information Science and Engineering",16676,,,,,,16383,,25227,,17425,
2025,R1,,"Atria Institute of Technology, Anand Nagar, Hebbal PO, Bangalore (AUTONOMOUS) ASKB CAMPUS, AG'S COLONY, 1ST MAIN, ANANDNAGAR,BANGALORE","Artificial Intelligence and Machine Learning",34810,,45790,,,,31249,,34891,,38199,
2025,R1,,"Atria Institute of Technology, Anand Nagar, Hebbal PO, Bangalore (AUTONOMOUS) ASKB CAMPUS, AG'S COLONY, 1ST MAIN, ANANDNAGAR,BANGALORE","Computer Science and Engineering",33256,,,,39303,,31751,,37775,,38581,
2025,R1,,"Atria Institute of Technology, Anand Nagar, Hebbal PO, Bangalore (AUTONOMOUS) ASKB CAMPUS, AG'S COLONY, 1ST MAIN, ANANDNAGAR,BANGALORE","Computer Science and Engineering - Data Science",35578,,,,,,35384,,40831,,38582,
2025,R1,,"Atria Institute of Technology, Anand Nagar, Hebbal PO, Bangalore (AUTONOMOUS) ASKB CAMPUS, AG'S COLONY, 1ST MAIN, ANANDNAGAR,BANGALORE","Information Science and Engineering",39318,,,,,,38677,,43820,,42717,
2025,R1,,"Atria Institute of Technology, Anand Nagar, Hebbal PO, Bangalore (AUTONOMOUS) ASKB CAMPUS, AG'S COLONY, 1ST MAIN, ANANDNAGAR,BANGALORE","Robotics and Automation",52941,,,,,,50848,,,,64406,
2025,R1,,"New Horizon College of Engineering, Varthur, Bangalore(AUTONOMOUS) RING ROAD, NEAR MARATHALLI, BELLANDUR POST,KADUBHISANAHALLI,BANGALORE","Artificial Intelligence and Machine Learning",13532,,,,,,13050,,22518,,14878,
2025,R1,,"New Horizon College of Engineering, Varthur, Bangalore(AUTONOMOUS) RING ROAD, NEAR MARATHALLI, BELLANDUR POST,KADUBHISANAHALLI,BANGALORE","Computer Science and Engineering",13040,,,,15533,,12192,,18034,,15023,
2025,R1,,"K N S Institute of Technology, Bangalore THIRUMENAHALLI, HEGGADENAGAR-KOGILU ROAD, YELAHANKA, BANGALORE-560064","Artificial Intelligence and Machine Learning",49339,,,,60620,,47354,,57976,,58498,
2025,R1,,"Channabasaveshwara Institute of Technology, Gubbi Herur, Tumkur NH 206 (BH ROAD), GUBBI, TUMKUR. KARNATAKA","Computer Science and Engineering",52928,,,,,,49022,,54803,,55328,
2025,R1,,"DONBOSCO Institute of Technology, Bangalore(AUTONOMOUS) KUMBALAGODU, MYSORE ROAD, KENGERI HOBLI,BANGALORE-560074","Artificial Intelligence and Data Science",37254,,,,41162,,35811,,42544,,39430,
2025,R1,,"DONBOSCO Institute of Technology, Bangalore(AUTONOMOUS) KUMBALAGODU, MYSORE ROAD, KENGERI HOBLI,BANGALORE-560074","Computer Science and Engineering (AI and ML)",35047,,,,,,34608,,47314,,37658,
2025,R1,,"DONBOSCO Institute of Technology, Bangalore(AUTONOMOUS) KUMBALAGODU, MYSORE ROAD, KENGERI HOBLI,BANGALORE-560074","Computer Science - IoT and Blockchain",42974,,,,,,40948,,,,47467,
2025,R1,,"DONBOSCO Institute of Technology, Bangalore(AUTONOMOUS) KUMBALAGODU, MYSORE ROAD, KENGERI HOBLI,BANGALORE-560074","Computer Science and Engineering",33824,,,,36297,,32557,,37917,,36172,
2025,R1,,"DONBOSCO Institute of Technology, Bangalore(AUTONOMOUS) KUMBALAGODU, MYSORE ROAD, KENGERI HOBLI,BANGALORE-560074","Information Science and Engineering",42531,,,,45590,,41121,,45881,,44757,
2025,R1,,"Global Academy of Technology, Bangalore(AUTONOMOUS) IDEAL HOMES TOWNSHIP,RAJARAJESHWARINAGAR,BANGALORE-560098","Artificial Intelligence and Data Science",25317,,,,30425,,24955,,28982,,27020,
2025,R1,,"Global Academy of Technology, Bangalore(AUTONOMOUS) IDEAL HOMES TOWNSHIP,RAJARAJESHWARINAGAR,BANGALORE-560098","Artificial Intelligence and Machine Learning",23442,,,,,,23058.5,,,,25521,
2025,R1,,"Global Academy of Technology, Bangalore(AUTONOMOUS) IDEAL HOMES TOWNSHIP,RAJARAJESHWARINAGAR,BANGALORE-560098","Computer Science and Engineering (AI and ML)",24046,,,,,,23969,,27265,,25617,
2025,R1,,"Global Academy of Technology, Bangalore(AUTONOMOUS) IDEAL HOMES TOWNSHIP,RAJARAJESHWARINAGAR,BANGALORE-560098","Computer Science and Engineering",22780,,,,24511,,21724,,27552,,24457,
2025,R1,,"Global Academy of Technology, Bangalore(AUTONOMOUS) IDEAL HOMES TOWNSHIP,RAJARAJESHWARINAGAR,BANGALORE-560098","Information Science and Engineering",26827,,,,,,26687,,33882,,28422,
2025,R1,,"Nagarjuna College of Engineering & Technology,venkatagiri Kote, Devanahalli, Bangalore Rural.(AUTONOMOUS) MUDUGURKIVENKATAGIRI KOTE DEVANAHALLI,BANGALORE","Computer Science and Engineering (AI and ML)",61047,,,,,,56566,,57846,,64777,
2025,R1,,"Nagarjuna College of Engineering & Technology,venkatagiri Kote, Devanahalli, Bangalore Rural.(AUTONOMOUS) MUDUGURKIVENKATAGIRI KOTE DEVANAHALLI,BANGALORE","Computer Science and Engineering",57345,,,,63929,,56132,,64117,,62698,
2025,R1,,"Nagarjuna College of Engineering & Technology,venkatagiri Kote, Devanahalli, Bangalore Rural.(AUTONOMOUS) MUDUGURKIVENKATAGIRI KOTE DEVANAHALLI,BANGALORE","Computer Science and Engineering - Data Science",63371,,,,,,59327,,78563,,68908,
2025,R1,,"East West Institute Of Technology,Bangalore(AUTONOMOUS) SY. NO.63, OFF MAGADI MAIN ROAD, VISHWANEEDAM POST,BANGALORE","Artificial Intelligence and Data Science",45173.5,,,,,,38488,,45775,,43143,
2025,R1,,"East West Institute Of Technology,Bangalore(AUTONOMOUS) SY. NO.63, OFF MAGADI MAIN ROAD, VISHWANEEDAM POST,BANGALORE","Artificial Intelligence and Machine Learning",,,,,,,40759,,,,42476,
2025,R1,,"East West Institute Of Technology,Bangalore(AUTONOMOUS) SY. NO.63, OFF MAGADI MAIN ROAD, VISHWANEEDAM POST,BANGALORE","Computer Science and Engineering (AI and ML)",46673,,,,,,45532,,61913,,52304,
2025,R1,,"East West Institute Of Technology,Bangalore(AUTONOMOUS) SY. NO.63, OFF MAGADI MAIN ROAD, VISHWANEEDAM POST,BANGALORE","Computer Science - IoT and Blockchain",60810,,,,,,55011,,,,60218,
2025,R1,,"East West Institute Of Technology,Bangalore(AUTONOMOUS) SY. NO.63, OFF MAGADI MAIN ROAD, VISHWANEEDAM POST,BANGALORE","Computer Science and Engineering",46460,,,,49279,,42935,,48204,,49025,
2025,R1,,"East West Institute Of Technology,Bangalore(AUTONOMOUS) SY. NO.63, OFF MAGADI MAIN ROAD, VISHWANEEDAM POST,BANGALORE","Information Science and Engineering",54746,,,,,,53829,,61180,,55977,
2025,R1,,"B N M Institute of Technology, Bangalore (AUTONOMOUS) 12TH MAIN, 27TH CROSS, BSK SECOND STAGE","Artificial Intelligence and Machine Learning",11962,,,,,,11138,,20238,,13774,
2025,R1,,"B N M Institute of Technology, Bangalore (AUTONOMOUS) 12TH MAIN, 27TH CROSS, BSK SECOND STAGE","Computer Science and Engineering",10260,,,,,,9231,,19090,,12441,
2025,R1,,"B N M Institute of Technology, Bangalore (AUTONOMOUS) 12TH MAIN, 27TH CROSS, BSK SECOND STAGE","Information Science and Engineering",11233,,,,14076,,11037,,19669,,13424,
2025,R1,,"SAPTHAGIRI NPS UNIVERISTY #14/5, CHIKKASANDRA,HESARAGHATTA MAIN ROAD,BANGALURU","Computer Science and Engineering (AI and ML)",50057,,,,59430,,48599,,60735,,56826,
2025,R1,,"SAPTHAGIRI NPS UNIVERISTY #14/5, CHIKKASANDRA,HESARAGHATTA MAIN ROAD,BANGALURU","Computer Science and Engineering",55963,,73304,,67663,,52779,,68419,,65597,
2025,R1,,"SAPTHAGIRI NPS UNIVERISTY #14/5, CHIKKASANDRA,HESARAGHATTA MAIN ROAD,BANGALURU","Computer Science and Engineering (AI and Data Science)",45357,,,,,,42558,,60151,,51731,
2025,R1,,"SAPTHAGIRI NPS UNIVERISTY #14/5, CHIKKASANDRA,HESARAGHATTA MAIN ROAD,BANGALURU","Computer Science and Engineering - Data Science",58526,,,,68708,,56949,,73321,,68319,
2025,R1,,"Sri Venkateshwara College of Engineering, Bangalore VIDYANAGAR, BENGALURU INTERNATIONAL AIRPORT ROAD,BETTAHALASUR POST,BENGALURU NORTH,BENGALURU - 562 157","Computer Science (Artificial Intelligence)",43297,,,,,,43037,,,,44961,
2025,R1,,"Sri Venkateshwara College of Engineering, Bangalore VIDYANAGAR, BENGALURU INTERNATIONAL AIRPORT ROAD,BETTAHALASUR POST,BENGALURU NORTH,BENGALURU - 562 157","Computer Science and Engineering",54637,,,,63953,,53292,,57277,,61948,
2025,R1,,"Sri Venkateshwara College of Engineering, Bangalore VIDYANAGAR, BENGALURU INTERNATIONAL AIRPORT ROAD,BETTAHALASUR POST,BENGALURU NORTH,BENGALURU - 562 157","Computer Science and Engineering - Data Science",59201,,,,,,57425,,75939,,64764,
2025,R1,,"G M Institute of Technology, Davanagere POST BOX. NO. 4, P.B.ROAD.DAVANGERE.","Artificial Intelligence and Machine Learning",57088,,,,,,42715,,45732,,50733,
2025,R1,,"G M Institute of Technology, Davanagere POST BOX. NO. 4, P.B.ROAD.DAVANGERE.","Computer Science and Engineering",42361,,,,47219,,37222.5,,39443,,41093,
2025,R1,,"S.J B. Institute of Technology, Bangalore (AUTONOMOUS) BGS HEALTH & EDUCATION CITY,NO 67, UTTARAHALLI ROAD.KENGERI, BANGALORE -60","Artificial Intelligence and Machine Learning",,,,,,,18116,,27381,,21030,
2025,R1,,"S.J B. Institute of Technology, Bangalore (AUTONOMOUS) BGS HEALTH & EDUCATION CITY,NO 67, UTTARAHALLI ROAD.KENGERI, BANGALORE -60","Computer Science and Engineering",18022,,,,,,17839,,24072,,19996,
2025,R1,,"S.J B. Institute of Technology, Bangalore (AUTONOMOUS) BGS HEALTH & EDUCATION CITY,NO 67, UTTARAHALLI ROAD.KENGERI, BANGALORE -60","Computer Science and Engineering - Data Science",20105,,24923,,,,19604,,,,23254,
2025,R1,,"S.J B. Institute of Technology, Bangalore (AUTONOMOUS) BGS HEALTH & EDUCATION CITY,NO 67, UTTARAHALLI ROAD.KENGERI, BANGALORE -60","Information Science and Engineering",22059,,,,,,21540.5,,32792,,23880,
2025,R1,,"RNS Institute of Technology, Bangalore (AUTONOMOUS) CHANNASANDRA,UTTARAHALLI -KENGERI MAIN ROAD,SUBRAMANYAPURA POST,BANGALORE","Computer Science and Engineering (AI and ML)",13166,,,,15519,,12586,,20478,,15484,
2025,R1,,"RNS Institute of Technology, Bangalore (AUTONOMOUS) CHANNASANDRA,UTTARAHALLI -KENGERI MAIN ROAD,SUBRAMANYAPURA POST,BANGALORE","Computer Science and Engineering",11978,,22684.5,,14855,,11545,,17325,,14645,
2025,R1,,"RNS Institute of Technology, Bangalore (AUTONOMOUS) CHANNASANDRA,UTTARAHALLI -KENGERI MAIN ROAD,SUBRAMANYAPURA POST,BANGALORE","Computer Science - Cyber Security",14242,,,,,,13859,,22846,,15978,
2025,R1,,"RNS Institute of Technology, Bangalore (AUTONOMOUS) CHANNASANDRA,UTTARAHALLI -KENGERI MAIN ROAD,SUBRAMANYAPURA POST,BANGALORE","Computer Science and Engineering - Data Science",13996,,,,,,13677,,21840,,15738,
2025,R1,,"Vivekananada College of Engineering Technology, Puttur NEHARU NAGARA,PUTTUR TALUK,DAKSHINA KANNADA","Artificial Intelligence and Machine Learning",76580,,,,,,52841,,,,71259,
2025,R1,,"Vivekananada College of Engineering Technology, Puttur NEHARU NAGARA,PUTTUR TALUK,DAKSHINA KANNADA","Computer Science and Engineering",68208,,,,,,45327,,52634,,63735,
2025,R1,,"Canara Engineering College Bantwal, BENJANAPADAVU,BANTWAL,PIN 574219,DAKSHINA KANNADA DIST,","Artificial Intelligence and Machine Learning",54523,,,,,,51253,,53942,,53813,
2025,R1,,"Canara Engineering College Bantwal, BENJANAPADAVU,BANTWAL,PIN 574219,DAKSHINA KANNADA DIST,","Computer Science and Engineering",53603,,,,,,41641,,47177,,47180,
2025,R1,,"Canara Engineering College Bantwal, BENJANAPADAVU,BANTWAL,PIN 574219,DAKSHINA KANNADA DIST,","Information Science and Engineering",70466,,,,,,59794.25,,60214,,63339,
2025,R1,,"Rajiv Gandhi Institute of Technology, Bangalore CHOLANGAR,R.T.NAGAR POST, HEBBAL,BANGALORE-560032","Artificial Intelligence and Machine Learning",,,,,,,29814,,,,41201,
2025,R1,,"Rajiv Gandhi Institute of Technology, Bangalore CHOLANGAR,R.T.NAGAR POST, HEBBAL,BANGALORE-560032","Computer Science (Artificial Intelligence)",,,,,,,56782,,,,78443,
2025,R1,,"Rajiv Gandhi Institute of Technology, Bangalore CHOLANGAR,R.T.NAGAR POST, HEBBAL,BANGALORE-560032","Computer Science and Engineering",60676,,,,,,59881,,68269,,69929,
2025,R1,,"B M S Institute of Technology & Management, Yelahanka, Bangalore(AUTONOMOUS) POST BOX NO.6443, AVALAHALLI,DODDABALLAPURA MAIN ROAD,YELAHANKA, BANGALORE - 560064.","Artificial Intelligence and Machine Learning",10553,,,,12953,,10323,,15350,,12150,
2025,R1,,"B M S Institute of Technology & Management, Yelahanka, Bangalore(AUTONOMOUS) POST BOX NO.6443, AVALAHALLI,DODDABALLAPURA MAIN ROAD,YELAHANKA, BANGALORE - 560064.","Computer Science and Business Systems",11922,,,,13752,,10862,,24790,,13452,
2025,R1,,"B M S Institute of Technology & Management, Yelahanka, Bangalore(AUTONOMOUS) POST BOX NO.6443, AVALAHALLI,DODDABALLAPURA MAIN ROAD,YELAHANKA, BANGALORE - 560064.","Computer Science and Engineering",9873,,19365,,12895,,9233,,17416,,12630.5,
2025,R1,,"Sharanbasava University (Formerly Appa Institute of Engineering and Tech) SHARNBASVESHWARA INSTITUTIONS CAMPUS , KALABURAGI ( GULBARGA) -585103 , KARNATAKA","Artificial Intelligence and Data Science",,,,,,,45054,,78724,,69881,
2025,R1,,"Sharanbasava University (Formerly Appa Institute of Engineering and Tech) SHARNBASVESHWARA INSTITUTIONS CAMPUS , KALABURAGI ( GULBARGA) -585103 , KARNATAKA","Computer Science and Engineering",65687,,,,,,34240,,57690,,64030,
2025,R1,,"Sharanbasava University (Formerly Appa Institute of Engineering and Tech) SHARNBASVESHWARA INSTITUTIONS CAMPUS , KALABURAGI ( GULBARGA) -585103 , KARNATAKA","Computer Science and Design",,,,,,,59608,,,,,
2025,R1,,"St.Joseph Engineering College, Mangalore(AUTONOMOUS) MANGALORE","Artificial Intelligence and Machine Learning",,,,,28850,,20301,,,,25809,
2025,R1,,"St.Joseph Engineering College, Mangalore(AUTONOMOUS) MANGALORE","Computer Science and Business Systems",44028,,,,48100,,29865,,40025,,30782,
2025,R1,,"St.Joseph Engineering College, Mangalore(AUTONOMOUS) MANGALORE","Computer Science and Engineering",28020,,,,,,22379,,27241,,28040,
2025,R1,,"St.Joseph Engineering College, Mangalore(AUTONOMOUS) MANGALORE","Computer Science and Engineering - Data Science",27394,,33586,,,,23225,,,,27415,
2025,R1,,"G S S S Institute of Engineering & Technology for Women, Mysore K.R.S. ROAD, METAGALLI INDUSTRIAL AREA, MYSORE-16","Artificial Intelligence and Data Science",23823,,,,,,23245,,,,25181,
2025,R1,,"G S S S Institute of Engineering & Technology for Women, Mysore K.R.S. ROAD, METAGALLI INDUSTRIAL AREA, MYSORE-16","Computer Science and Engineering (AI and ML)",21752,,,,,,20074,,29114,,22779,
2025,R1,,"G S S S Institute of Engineering & Technology for Women, Mysore K.R.S. ROAD, METAGALLI INDUSTRIAL AREA, MYSORE-16","Computer Science and Engineering",18278,,,,,,18021,,25732,,20181,
2025,R1,,"G S S S Institute of Engineering & Technology for Women, Mysore K.R.S. ROAD, METAGALLI INDUSTRIAL AREA, MYSORE-16","Information Science and Engineering",22502,,,,22850,,21894,,,,22817,
2025,R1,,"K L S Viswanathrao Deshpande Institute of Technology, Haliyal UDYOG VIDYA NAGAR,DANDELI ROAD, HALIYAL-581329","Computer Science and Engineering (AI and ML)",,,134034,,,,54555,,,,73824,
2025,R1,,"K L S Viswanathrao Deshpande Institute of Technology, Haliyal UDYOG VIDYA NAGAR,DANDELI ROAD, HALIYAL-581329","Computer Science and Engineering",73272,,,,,,47876,,50758,,62168,
2025,R1,,"PES UNIVERSITY(Electronic City Campus) Hosur Rd, Konappana Agrahara, Electronic City, Bengaluru, Karnataka 560100","Computer Science (AI and Machine Learning)",5481,,16141,,9091,,4217,,14355,,8534,
2025,R1,,"PES UNIVERSITY(Electronic City Campus) Hosur Rd, Konappana Agrahara, Electronic City, Bengaluru, Karnataka 560100","Computer Science and Engineering",4912,,,,8491,,3588,,14064,,7957,
2025,R1,,"Adhichunchanagiri University (Formerly B G S Institute of Technology) B.G.NAGARA ,NAGAMANGALA TALUK,MANDYA DISTRICT -571448","Artificial Intelligence and Machine Learning",53345,,61650.5,,,,48897,,,,53767,
2025,R1,,"Adhichunchanagiri University (Formerly B G S Institute of Technology) B.G.NAGARA ,NAGAMANGALA TALUK,MANDYA DISTRICT -571448","Computer Science and Engineering",63508,,,,65613.5,,58085.75,,75971,,63676,
2025,R1,,"Rajarajeswari College of Engineering, Bangalore (AUTONOMOUS) #14, RAMOHOLLI CROSS,KUMBALGODU, MYSORE ROAD,BANGALORE - 560074","Artificial Intelligence and Machine Learning",38858,,,,46450,,38844,,46668,,44769,
2025,R1,,"Rajarajeswari College of Engineering, Bangalore (AUTONOMOUS) #14, RAMOHOLLI CROSS,KUMBALGODU, MYSORE ROAD,BANGALORE - 560074","Computer Science and Design",55457,,106469,,,,53785,,63935,,63541,
2025,R1,,"Rajarajeswari College of Engineering, Bangalore (AUTONOMOUS) #14, RAMOHOLLI CROSS,KUMBALGODU, MYSORE ROAD,BANGALORE - 560074","Computer Science - IoT and Blockchain",,,,,72783,,47415,,,,47739,
2025,R1,,"Rajarajeswari College of Engineering, Bangalore (AUTONOMOUS) #14, RAMOHOLLI CROSS,KUMBALGODU, MYSORE ROAD,BANGALORE - 560074","Computer Science and Engineering",36388.75,,,,,,35594,,39226,,41431,
2025,R1,,"Rajarajeswari College of Engineering, Bangalore (AUTONOMOUS) #14, RAMOHOLLI CROSS,KUMBALGODU, MYSORE ROAD,BANGALORE - 560074","Information Science and Engineering",45727,,,,,,45377,,48784,,48820,
2025,R1,,"Rajarajeswari College of Engineering, Bangalore (AUTONOMOUS) #14, RAMOHOLLI CROSS,KUMBALGODU, MYSORE ROAD,BANGALORE - 560074","Robotics and Automation",60044,,,,,,58917,,,,72243,
2025,R1,,"T.John Institute of technology, Bangalore #86/1, KAMMANAHALLI,GOTTIGERE,BANNERUGATTA ROAD,BANGALORE","Artificial Intelligence and Machine Learning",56230,,,,,,54054,,,,65868,
2025,R1,,"Cambridge Institutute of Technology, K.R.Puram, Bangalore(AUTONOMOUS) K R PURAM,BANGALORE","Artificial Intelligence and Machine Learning",26007,,,,,,24142,,25359,,25544,
2025,R1,,"Cambridge Institutute of Technology, K.R.Puram, Bangalore(AUTONOMOUS) K R PURAM,BANGALORE","Computer Science - IoT and Blockchain",28428,,,,,,28174,,34963,,32297,
2025,R1,,"Cambridge Institutute of Technology, K.R.Puram, Bangalore(AUTONOMOUS) K R PURAM,BANGALORE","Computer Science and Engineering",26224,,,,30058,,25169,,32687,,29284,
2025,R1,,"Cambridge Institutute of Technology, K.R.Puram, Bangalore(AUTONOMOUS) K R PURAM,BANGALORE","Computer Science and Engineering - Data Science",26229,,,,30167,,26164,,36809,,26477,
2025,R1,,"P E S Institute of Technology & Management, Shimoga GUDDADAARAKERE, KOTEGANGOORSAGAR ROAD,SHIMOGA","Artificial Intelligence and Machine Learning",45464,,,,59363,,43604,,48401,,52816,
2025,R1,,"P E S Institute of Technology & Management, Shimoga GUDDADAARAKERE, KOTEGANGOORSAGAR ROAD,SHIMOGA","Computer Science and Engineering",53713,,,,,,46595.5,,50904,,51693,
2025,R1,,"P E S Institute of Technology & Management, Shimoga GUDDADAARAKERE, KOTEGANGOORSAGAR ROAD,SHIMOGA","Computer Science and Engineering - Data Science",56843,,,,,,56441,,,,56899,
2025,R1,,"P E S Institute of Technology & Management, Shimoga GUDDADAARAKERE, KOTEGANGOORSAGAR ROAD,SHIMOGA","Information Science and Engineering",60646,,,,,,59946,,77517,,63417,
2025,R1,,"Mangalore Institute of Technology & Engineering, Moodabidri, Mangalore(AUTONOMOUS) BADAGA MIJAR,","Artificial Intelligence and Machine Learning",34408,,,,,,33355,,41527,,38512,
2025,R1,,"Mangalore Institute of Technology & Engineering, Moodabidri, Mangalore(AUTONOMOUS) BADAGA MIJAR,","Computer Science and Engineering (AI and ML)",39154,,,,,,24205,,,,38811,
2025,R1,,"Mangalore Institute of Technology & Engineering, Moodabidri, Mangalore(AUTONOMOUS) BADAGA MIJAR,","Computer Science - IoT and Blockchain",45801,,,,,,42312,,49300,,43602,
2025,R1,,"Mangalore Institute of Technology & Engineering, Moodabidri, Mangalore(AUTONOMOUS) BADAGA MIJAR,","Computer Science and Engineering",36163,,,,39855,,30970,,33052,,35885,
2025,R1,,"Mangalore Institute of Technology & Engineering, Moodabidri, Mangalore(AUTONOMOUS) BADAGA MIJAR,","Information Science and Engineering",44745,,,,,,43222,,49823,,46920,
2025,R1,,"Mangalore Institute of Technology & Engineering, Moodabidri, Mangalore(AUTONOMOUS) BADAGA MIJAR,","Robotics and Artificial Intelligence",54059,,,,,,46160,,63299,,53466,
2025,R1,,"S D M Institute of Tech., Ujire, Dakshina Kannada UJIRE-574240 DAKSHINA KANNADA KARNATAKA","Artificial Intelligence and Data Science",69479,,,,82594,,56304,,57014,,59906,
2025,R1,,"S D M Institute of Tech., Ujire, Dakshina Kannada UJIRE-574240 DAKSHINA KANNADA KARNATAKA","Computer Science and Engineering",67471,,,,,,50718,,51452,,55225,
2025,R1,,"Government Engineering College, Chamarajanagara GOVERNMENT POLYTECHNIC CAMPUS,NANJANGUD ROAD,CHAMARAJANAGARA","Computer Science and Engineering",58034,,,,,,52184,,54298,,56522,
2025,R1,,"Government Engineering College, Hassan DAIRY CIRCLE, B M ROAD, HASSAN","Artificial Intelligence and Machine Learning",32100,,,,,,31297,,31772,,37518,
2025,R1,,"Government Engineering College, Hassan DAIRY CIRCLE, B M ROAD, HASSAN","Computer Science and Engineering",41729,,,,43846,,37533,,41560,,41948,
2025,R1,,"K R PET KRISHNA, GOVERNMENT ENGINEERING COLLEGES, K R PET, MANDYA KRISHNARAJPET, MANDYA DIST. - 571 426,","Computer Science and Engineering",64619,,,,67372,,59572,,65240,,65105,
2025,R1,,"Government Engineering College, Ramanagaram DODDAMANNUGUDDE, RAMANAGAR, RAMANAGAR DISTRICT - 571 511","Computer Science and Engineering",53995,,,,,,53848.5,,65634,,59146,
2025,R1,,"Maharaja Institute of Technology Mysore,Belawadi,Srirangapatna,Mandya(AUTONOMOUS) BEHIND K R MILLS,BELAWADI VILLAGE,NAGUVANAHALLI PANCHAYAT,SRIRANGAPATNA TALUK,MANDYA DISTRICT","Computer Engineering",56271,,,,,,55694,,,,69569,
2025,R1,,"Maharaja Institute of Technology Mysore,Belawadi,Srirangapatna,Mandya(AUTONOMOUS) BEHIND K R MILLS,BELAWADI VILLAGE,NAGUVANAHALLI PANCHAYAT,SRIRANGAPATNA TALUK,MANDYA DISTRICT","Computer Science and Business Systems",58460,,,,,,57635,,95775,,68126,
2025,R1,,"Maharaja Institute of Technology Mysore,Belawadi,Srirangapatna,Mandya(AUTONOMOUS) BEHIND K R MILLS,BELAWADI VILLAGE,NAGUVANAHALLI PANCHAYAT,SRIRANGAPATNA TALUK,MANDYA DISTRICT","Computer Science (Artificial Intelligence)",41396,,,,,,41193,,,,48596,
2025,R1,,"Maharaja Institute of Technology Mysore,Belawadi,Srirangapatna,Mandya(AUTONOMOUS) BEHIND K R MILLS,BELAWADI VILLAGE,NAGUVANAHALLI PANCHAYAT,SRIRANGAPATNA TALUK,MANDYA DISTRICT","Computer Science and Engineering (AI and ML)",,,,,38424,,34949,,,,35283,
2025,R1,,"Maharaja Institute of Technology Mysore,Belawadi,Srirangapatna,Mandya(AUTONOMOUS) BEHIND K R MILLS,BELAWADI VILLAGE,NAGUVANAHALLI PANCHAYAT,SRIRANGAPATNA TALUK,MANDYA DISTRICT","Computer Science - IoT and Blockchain",53960,,,,,,52780,,85510,,56584,
2025,R1,,"Maharaja Institute of Technology Mysore,Belawadi,Srirangapatna,Mandya(AUTONOMOUS) BEHIND K R MILLS,BELAWADI VILLAGE,NAGUVANAHALLI PANCHAYAT,SRIRANGAPATNA TALUK,MANDYA DISTRICT","Computer Science and Engineering",35561,,,,,,35223,,43781,,36349,
2025,R1,,"Maharaja Institute of Technology Mysore,Belawadi,Srirangapatna,Mandya(AUTONOMOUS) BEHIND K R MILLS,BELAWADI VILLAGE,NAGUVANAHALLI PANCHAYAT,SRIRANGAPATNA TALUK,MANDYA DISTRICT","Computer Science and Engineering - Data Science",46742,,,,,,46501,,59729,,54097,
2025,R1,,"Maharaja Institute of Technology Mysore,Belawadi,Srirangapatna,Mandya(AUTONOMOUS) BEHIND K R MILLS,BELAWADI VILLAGE,NAGUVANAHALLI PANCHAYAT,SRIRANGAPATNA TALUK,MANDYA DISTRICT","Information Science and Engineering",48750,,,,,,48421,,62311,,54062,
2025,R1,,"Sahyadri College Of Engineering & Management, Adyar, Mangalore(AUTONOMOUS) 'SAHYADRI CAMPUS'N.H-48, ADYAR,MANGALORE","Computer Science and Engineering (AI and ML)",27669,,,,,,22695,,28504,,25080,
2025,R1,,"Sahyadri College Of Engineering & Management, Adyar, Mangalore(AUTONOMOUS) 'SAHYADRI CAMPUS'N.H-48, ADYAR,MANGALORE","Computer Science and Engineering",23853,,,,26871,,16167,,22630,,21593,
2025,R1,,"Sahyadri College Of Engineering & Management, Adyar, Mangalore(AUTONOMOUS) 'SAHYADRI CAMPUS'N.H-48, ADYAR,MANGALORE","Information Science and Engineering",28910,,,,,,25745,,27334,,27748,
2025,R1,,"Sahyadri College Of Engineering & Management, Adyar, Mangalore(AUTONOMOUS) 'SAHYADRI CAMPUS'N.H-48, ADYAR,MANGALORE","Robotics and Automation",41708,,,,,,30404,,,,36280,
2025,R1,,"Government Engineering College, Raichur RAICHUR-HYDERABAD ROAD YERAMARUS,RAICHUR","Computer Science and Engineering",65807,,,,86355,,43572,,,,59957,
2025,R1,,"Government Engineering College, Haveri DEVAGIRI,HAVERI","Computer Science and Engineering",77439,,,,78062,,55650,,62528,,59689,
2025,R1,,"Government Engineering College, Hoovina Hadagali HUVINAHADAGALI 583219,DIST: VIJAYANAGARA","Computer Science and Engineering",,,109480,,,,58170,,,,76795,
2025,R1,,"K L E S's K L E College of Engineering & Technology, Chikkodi, Belgaum Dist. BANANTIKODI ROAD CHIKODI,BELGAUM -591 201,","Artificial Intelligence and Data Science",,,,,60005,,46658,,46868,,52106,
2025,R1,,"K L E S's K L E College of Engineering & Technology, Chikkodi, Belgaum Dist. BANANTIKODI ROAD CHIKODI,BELGAUM -591 201,","Computer Science and Engineering",51402,,,,,,40324.5,,42809,,44696,
2025,R1,,"Alva's Institute of Engineering & Technology, Moodabidre, D.K (AUTONOMOUS) SHOBHAVANA CAMPUS,MIJAR,MOODBIDRI - 574225,MANGALORE TALUK,DHAKSHINA KANNADA","Artificial Intelligence and Machine Learning",60512,,,,,,56505,,57992,,61066,
2025,R1,,"Alva's Institute of Engineering & Technology, Moodabidre, D.K (AUTONOMOUS) SHOBHAVANA CAMPUS,MIJAR,MOODBIDRI - 574225,MANGALORE TALUK,DHAKSHINA KANNADA","Computer Science and Engineering",66435.5,,,,,,55989,,57386,,62885,
2025,R1,,"R.R. Institute of Technology, Chikkabanavara, Bangalore(AUTONOMOUS) NO. 67, RAJA REDDY LAYOUT,NEAR CHIKKABANAVARA RAILWAY STATION,CHIKKABANAVARA,BANGALORE - 560090","Artificial Intelligence and Machine Learning",52699,,,,,,52101,,61769,,57697,
2025,R1,,"R.R. Institute of Technology, Chikkabanavara, Bangalore(AUTONOMOUS) NO. 67, RAJA REDDY LAYOUT,NEAR CHIKKABANAVARA RAILWAY STATION,CHIKKABANAVARA,BANGALORE - 560090","Computer Science and Engineering",63382.5,,,,,,59832,,67638,,67619,
2025,R1,,"Sai Vidya Institute of Technology, Rajanakunte, Bangalore RAJANUKUNTE,DODDBALLAPURA ROAD ,VIA: YELAHANKA,BANGALORE","Computer Science and Engineering (AI and ML)",48514,,,,59811.5,,47166,,63734,,58522,
2025,R1,,"Sai Vidya Institute of Technology, Rajanakunte, Bangalore RAJANUKUNTE,DODDBALLAPURA ROAD ,VIA: YELAHANKA,BANGALORE","Computer Science and Engineering",43435,,,,,,41348,,49351.5,,45867,
2025,R1,,"Sai Vidya Institute of Technology, Rajanakunte, Bangalore RAJANUKUNTE,DODDBALLAPURA ROAD ,VIA: YELAHANKA,BANGALORE","Computer Science and Engineering - Data Science",56674,,,,,,53780,,74935,,66009,
2025,R1,,"Sai Vidya Institute of Technology, Rajanakunte, Bangalore RAJANUKUNTE,DODDBALLAPURA ROAD ,VIA: YELAHANKA,BANGALORE","Information Science and Engineering",56437,,,,69555,,56226.5,,59005,,60637.5,
2025,R1,,"S.S.E.T.S.S.G.Balekundri Institute of Technology, Shivabasavanagar, Belgaum SHIVABASAVA NAGAR, BELGAUM - 590010","Artificial Intelligence and Data Science",72176,,,,,,56484,,59445,,61194,
2025,R1,,"S.S.E.T.S.S.G.Balekundri Institute of Technology, Shivabasavanagar, Belgaum SHIVABASAVA NAGAR, BELGAUM - 590010","Computer Science and Engineering",74346,,,,,,48359,,48974,,51952,
2025,R1,,"The National Institute of Engineering(NORTH CAMPUS), No.50(Part) Koorgalli,Hootgalli Industrial Area ,Mysuru-570018","Computer Science and Engineering (AI and ML)",8837,,,,10403,,8495,,12989,,9914,
2025,R1,,"The National Institute of Engineering(NORTH CAMPUS), No.50(Part) Koorgalli,Hootgalli Industrial Area ,Mysuru-570018","Computer Science and Engineering",8679,,,,9607,,8002,,11420,,9254,
2025,R1,,"ACS College of Engineering, Mysore Road, Bangalore 207,KAMBIPURA, MYSORE ROAD, KENGERI HOBLI,BANGALORE - 560074.","Artificial Intelligence and Machine Learning",,,68065,,,,52379,,,,58347,
2025,R1,,"ACS College of Engineering, Mysore Road, Bangalore 207,KAMBIPURA, MYSORE ROAD, KENGERI HOBLI,BANGALORE - 560074.","Computer Science and Engineering",56776,,,,66576,,53574,,59019.5,,60297,
2025,R1,,"Jain College of Engineering,Machche, Belgaum T.S. NAGAR,HUNCHANHATTI ROAD,MACCHE, BELGAUM- 590014.","Computer Science and Engineering (AI and ML)",45763,,48241,,,,31131,,,,36287,
2025,R1,,"Jain College of Engineering,Machche, Belgaum T.S. NAGAR,HUNCHANHATTI ROAD,MACCHE, BELGAUM- 590014.","Computer Science and Engineering",36635,,,,,,30586,,34338,,36716,
2025,R1,,"Sharanbasava University (Exclusively for Women) (Formerly Goduati Engineering College For Women) SHARNBASVESHWARA INSTITUTIONS CAMPUS , KALABURAGI ( GULBARGA) -585103 , KARNATAKA","Artificial Intelligence and Machine Learning",112184,,,,,,39136,,,,,
2025,R1,,"Sharanbasava University (Exclusively for Women) (Formerly Goduati Engineering College For Women) SHARNBASVESHWARA INSTITUTIONS CAMPUS , KALABURAGI ( GULBARGA) -585103 , KARNATAKA","Computer Science and Engineering",86181,,109519,,,,40389,,,,67768,
2025,R1,,"Gopalan College of Engineering & Management, K.R. Puram, Bangalore SONNENAHALLI, HOODI VILLAGE, ITPL ROAD,BANGALORE","Computer Science and Engineering (AI and ML)",60559,,,,,,59227,,67935,,70166,
2025,R1,,"K S School of Engineering & Management, Mallasandra, Bangalore #15/1, MALLASANDRA, OFF KANAKAPURA ROAD, BANGALORE - 560062","Artificial Intelligence and Data Science",61860,,,,73930,,57108,,74244,,72769,
2025,R1,,"K S School of Engineering & Management, Mallasandra, Bangalore #15/1, MALLASANDRA, OFF KANAKAPURA ROAD, BANGALORE - 560062","Computer Science and Engineering",50316,,,,,,49743,,62252,,57313,
2025,R1,,"ATME College of Engineering, Mysore SY.NO.1002, HAROHALLI (MELLAHALLI),MYSORE","Computer Science and Engineering (AI and ML)",45934,,,,52008,,45348,,62069,,46743,
2025,R1,,"ATME College of Engineering, Mysore SY.NO.1002, HAROHALLI (MELLAHALLI),MYSORE","Computer Science and Engineering",49254,,,,,,48615,,57390,,54850,
2025,R1,,"ATME College of Engineering, Mysore SY.NO.1002, HAROHALLI (MELLAHALLI),MYSORE","Computer Science and Engineering - Data Science",58440,,,,,,57695,,,,60813,
2025,R1,,"Shri Madhwa Vadiraja Institute of Technology and Management, Udupi VISHWOTHAMA NAGAR,","Artificial Intelligence and Data Science",98844,,,,98905,,52014,,80119,,55565,
2025,R1,,"Shri Madhwa Vadiraja Institute of Technology and Management, Udupi VISHWOTHAMA NAGAR,","Artificial Intelligence and Machine Learning",82500,,,,,,56650,,69857,,63561,
2025,R1,,"Shri Madhwa Vadiraja Institute of Technology and Management, Udupi VISHWOTHAMA NAGAR,","Computer Science and Engineering",73558,,,,,,51700.5,,66106,,56789,
2025,R1,,"Jyothi Institute of Technology, Kanakapura Road,Bangalore ,BANGALORE","Artificial Intelligence and Machine Learning",42707.5,,,,,,42351,,,,48131,
2025,R1,,"Jyothi Institute of Technology, Kanakapura Road,Bangalore ,BANGALORE","Computer Science and Engineering",43916,,,,,,42519.5,,55926,,52072,
2025,R1,,"Jyothi Institute of Technology, Kanakapura Road,Bangalore ,BANGALORE","Information Science and Engineering",52255,,,,,,45378,,,,58837,
2025,R1,,"Jain Institute of Technology, Davanagere 323, BADA CROSS NEAR BLIND SCHOOL AVARAGERE DAVANGERE","Artificial Intelligence and Machine Learning",67498,,,,,,58929,,,,61351,
2025,R1,,"Dayananda Sagar Academy of Technology & Management Technical Campus, Bangalore(AUTONOMOUS) UDAYAPURA,KANAKAPURA ROAD,BANGALORE URBAN","Computer Science and Engineering (AI and ML)",17623.5,,,,18272,,16174,,23203,,17282,
2025,R1,,"Dayananda Sagar Academy of Technology & Management Technical Campus, Bangalore(AUTONOMOUS) UDAYAPURA,KANAKAPURA ROAD,BANGALORE URBAN","Computer Science - IoT and Blockchain",20051,,,,,,19770,,28901,,20614,
2025,R1,,"Dayananda Sagar Academy of Technology & Management Technical Campus, Bangalore(AUTONOMOUS) UDAYAPURA,KANAKAPURA ROAD,BANGALORE URBAN","Computer Science and Engineering",16735,,,,19281,,15728,,23129,,19204,
2025,R1,,"Dayananda Sagar Academy of Technology & Management Technical Campus, Bangalore(AUTONOMOUS) UDAYAPURA,KANAKAPURA ROAD,BANGALORE URBAN","Computer Science - Cyber Security",19257.87,,38544,,,,18693,,,,21461,
2025,R1,,"Dayananda Sagar Academy of Technology & Management Technical Campus, Bangalore(AUTONOMOUS) UDAYAPURA,KANAKAPURA ROAD,BANGALORE URBAN","Computer Science and Engineering - Data Science",18799,,,,,,17984,,25781,,19858,
2025,R1,,"Dayananda Sagar Academy of Technology & Management Technical Campus, Bangalore(AUTONOMOUS) UDAYAPURA,KANAKAPURA ROAD,BANGALORE URBAN","Information Science and Engineering",19485,,,,,,19364,,27355,,22340,
2025,R1,,"ALLIANCE University Central Campus, Chikkahadage Cross Chandapura-Anekal, Main Road, Bengaluru, Karnataka 562106","Artificial Intelligence and Machine Learning",26372,,,,,,21643,,,,38301,
2025,R1,,"ALLIANCE University Central Campus, Chikkahadage Cross Chandapura-Anekal, Main Road, Bengaluru, Karnataka 562106","Computer Science (AI and Machine Learning)",33491,,,,,,29488,,38782,,45999.75,
2025,R1,,"ALLIANCE University Central Campus, Chikkahadage Cross Chandapura-Anekal, Main Road, Bengaluru, Karnataka 562106","Computer Science and Engineering",37847,,55047,,48580,,36131,,49980,,47495,
2025,R1,,"ALLIANCE University Central Campus, Chikkahadage Cross Chandapura-Anekal, Main Road, Bengaluru, Karnataka 562106","Computer Science - Cyber Security",35286,,,,,,28808,,,,39463,
2025,R1,,"ALLIANCE University Central Campus, Chikkahadage Cross Chandapura-Anekal, Main Road, Bengaluru, Karnataka 562106","Computer Science - Internet of Things",41816,,,,,,40526,,60860,,42496,
2025,R1,,"ALLIANCE University Central Campus, Chikkahadage Cross Chandapura-Anekal, Main Road, Bengaluru, Karnataka 562106","Information Technology",42834,,,,,,42434,,,,50585,
2025,R1,,"ALLIANCE University Central Campus, Chikkahadage Cross Chandapura-Anekal, Main Road, Bengaluru, Karnataka 562106","Computer Engineering (Software Product Development)",50414,,,,,,47435,,72972,,67452,
2025,R1,,"ALLIANCE University Central Campus, Chikkahadage Cross Chandapura-Anekal, Main Road, Bengaluru, Karnataka 562106","Information Technology (AR/VR)",,,,,,,51193,,139481,,95800.5,
2025,R1,,"ALLIANCE University Central Campus, Chikkahadage Cross Chandapura-Anekal, Main Road, Bengaluru, Karnataka 562106","Information Technology (Data Analytics)",53269,,,,,,48699,,67242,,74874,
2025,R1,,"Cambridge Institute Of Technology, North Campus, Devanahalli, Bangalore SURVEY NO. 73, LINGADHEERA GOLLAHALLI, KUNDANA POST, DEVANAHALLI TALUK","Computer Science and Engineering (AI and ML)",44847,,,,,,43093,,49533,,51517,
2025,R1,,"Cambridge Institute Of Technology, North Campus, Devanahalli, Bangalore SURVEY NO. 73, LINGADHEERA GOLLAHALLI, KUNDANA POST, DEVANAHALLI TALUK","Computer Science and Engineering",44248,,,,,,42292,,48393,,45491,
2025,R1,,"Cambridge Institute Of Technology, North Campus, Devanahalli, Bangalore SURVEY NO. 73, LINGADHEERA GOLLAHALLI, KUNDANA POST, DEVANAHALLI TALUK","Computer Science - Cyber Security",53825,,,,65815,,51124,,55441,,55086,
2025,R1,,"Cambridge Institute Of Technology, North Campus, Devanahalli, Bangalore SURVEY NO. 73, LINGADHEERA GOLLAHALLI, KUNDANA POST, DEVANAHALLI TALUK","Computer Science and Engineering - Data Science",47662,,,,,,46054,,,,51532,
2025,R1,,"REVA University RUKMINI KNOWLEDGE PARK, KATTIGENAHALLI, YELAHANKA,BANGALORE - 560064,","Computer Science and Information Technology",21142,,,,,,20667,,30456,,23950,
2025,R1,,"REVA University RUKMINI KNOWLEDGE PARK, KATTIGENAHALLI, YELAHANKA,BANGALORE - 560064,","Artificial Intelligence and Data Science",18790,,,,,,18329,,20582,,21732,
2025,R1,,"REVA University RUKMINI KNOWLEDGE PARK, KATTIGENAHALLI, YELAHANKA,BANGALORE - 560064,","Computer Science (AI and Machine Learning)",17169,,,,20045,,16526,,25153,,19625,
2025,R1,,"REVA University RUKMINI KNOWLEDGE PARK, KATTIGENAHALLI, YELAHANKA,BANGALORE - 560064,","Computer Science and Engineering",16685,,,,18137,,15125,,22743,,17565,
2025,R1,,"REVA University RUKMINI KNOWLEDGE PARK, KATTIGENAHALLI, YELAHANKA,BANGALORE - 560064,","Computer Science - IoT and Blockchain",20379,,37210,,23884,,20229,,,,22196,
2025,R1,,"REVA University RUKMINI KNOWLEDGE PARK, KATTIGENAHALLI, YELAHANKA,BANGALORE - 560064,","Electronics and Computer Engineering",25555,,,,,,24405,,29653,,31923,
2025,R1,,"REVA University RUKMINI KNOWLEDGE PARK, KATTIGENAHALLI, YELAHANKA,BANGALORE - 560064,","Robotics and Artificial Intelligence",,,,,29440,,20399,,,,24154.5,
2025,R1,,"M . S . Ramaiah University of Applied Sciences UNIVERSITY HOUSE, GNANAGANGOTHRI CAMPUS, NEW BEL ROAD, MSR ROAD, BANGALORE - 560054","Artificial Intelligence and Machine Learning",14602,,,,,,13119,,26595,,18001,
2025,R1,,"M . S . Ramaiah University of Applied Sciences UNIVERSITY HOUSE, GNANAGANGOTHRI CAMPUS, NEW BEL ROAD, MSR ROAD, BANGALORE - 560054","Computer Science and Engineering",14342,,,,17201,,12530,,23358,,16924,
2025,R1,,"M . S . Ramaiah University of Applied Sciences UNIVERSITY HOUSE, GNANAGANGOTHRI CAMPUS, NEW BEL ROAD, MSR ROAD, BANGALORE - 560054","Information Science and Engineering",16859,,,,,,16673,,25758,,21823,
2025,R1,,"M . S . Ramaiah University of Applied Sciences UNIVERSITY HOUSE, GNANAGANGOTHRI CAMPUS, NEW BEL ROAD, MSR ROAD, BANGALORE - 560054","Mathematics and Computing",,,,,33528,,8400,,,,18734,
2025,R1,,"M . S . Ramaiah University of Applied Sciences UNIVERSITY HOUSE, GNANAGANGOTHRI CAMPUS, NEW BEL ROAD, MSR ROAD, BANGALORE - 560054","Robotics",18915,,76818,,,,17979,,,,23290,
2025,R1,,"PRESIDENCY University ITGALPURA, RAJANUKUNTE, YELAHANKA, BENGALURU - 560 064","Artificial Intelligence and Data Science",31803,,,,,,31425,,33681,,32146,
2025,R1,,"PRESIDENCY University ITGALPURA, RAJANUKUNTE, YELAHANKA, BENGALURU - 560 064","Computer Science (AI and Machine Learning)",32822,,,,38091,,31148,,52049,,35485,
2025,R1,,"PRESIDENCY University ITGALPURA, RAJANUKUNTE, YELAHANKA, BENGALURU - 560 064","Computer Science and Engineering",40347,,55915,,46398,,37308,,53633.75,,44273,
2025,R1,,"PRESIDENCY University ITGALPURA, RAJANUKUNTE, YELAHANKA, BENGALURU - 560 064","Computer Science - Blockchain",43640,,,,,,41888,,,,49218,
2025,R1,,"PRESIDENCY University ITGALPURA, RAJANUKUNTE, YELAHANKA, BENGALURU - 560 064","Computer Science - Cyber Security",42913,,,,,,41805,,59688,,50769,
2025,R1,,"PRESIDENCY University ITGALPURA, RAJANUKUNTE, YELAHANKA, BENGALURU - 560 064","Computer Science and Engineering - Data Science",42305,,,,50392,,41257,,54388,,49124,
2025,R1,,"PRESIDENCY University ITGALPURA, RAJANUKUNTE, YELAHANKA, BENGALURU - 560 064","Computer Science - Internet of Things",49271,,,,,,48664,,64473,,57830,
2025,R1,,"PRESIDENCY University ITGALPURA, RAJANUKUNTE, YELAHANKA, BENGALURU - 560 064","Computer Science - Big Data",47916,,,,60538,,47079,,,,55794,
2025,R1,,"PRESIDENCY University ITGALPURA, RAJANUKUNTE, YELAHANKA, BENGALURU - 560 064","Computer Science and Technology (DevOps)",,,,,,,44945.5,,64545,,52464,
2025,R1,,"PRESIDENCY University ITGALPURA, RAJANUKUNTE, YELAHANKA, BENGALURU - 560 064","Information Science and Technology",47847,,,,,,47727,,57338,,56710,
2025,R1,,"PRESIDENCY University ITGALPURA, RAJANUKUNTE, YELAHANKA, BENGALURU - 560 064","Information Science and Engineering",43503,,,,,,42721,,57066,,48253,
2025,R1,,"PRESIDENCY University ITGALPURA, RAJANUKUNTE, YELAHANKA, BENGALURU - 560 064","Robotics and Artificial Intelligence",42033,,96935,,,,39664,,,,41412,
2025,R1,,"East West College Of Engineering, Yelahanka,Bangalore NO.13 SECTOR ""A"", YELAHANKA NEW TOWN,YELAHANKA, BANGALORE-560064","Computer Science and Engineering",51702,,64197,,,,47175,,52782,,55212,
2025,R1,,"Dayananda Sagar University DEVARAKAGGALAHALLI VILLAGE, HAROHALLI, KANAKAPURA MAIN ROAD, RAMANAGAR DIST","Computer Science (AI and Machine Learning)",23410,,,,30237,,22432,,31716,,30163,
2025,R1,,"Dayananda Sagar University DEVARAKAGGALAHALLI VILLAGE, HAROHALLI, KANAKAPURA MAIN ROAD, RAMANAGAR DIST","Computer Science and Engineering",24183,,43633,,27416,,22629,,42294,,27177,
2025,R1,,"Dayananda Sagar University DEVARAKAGGALAHALLI VILLAGE, HAROHALLI, KANAKAPURA MAIN ROAD, RAMANAGAR DIST","Computer Science and Engineering (AI and Data Science)",26543,,,,,,26181,,26559,,31049,
2025,R1,,"Dayananda Sagar University DEVARAKAGGALAHALLI VILLAGE, HAROHALLI, KANAKAPURA MAIN ROAD, RAMANAGAR DIST","Computer Science - Cyber Security",27296,,,,,,27027,,52347,,33443.5,
2025,R1,,"Dayananda Sagar University DEVARAKAGGALAHALLI VILLAGE, HAROHALLI, KANAKAPURA MAIN ROAD, RAMANAGAR DIST","Computer Science and Engineering - Data Science",26113,,,,,,25087.5,,42455,,34137,
2025,R1,,"Dayananda Sagar University DEVARAKAGGALAHALLI VILLAGE, HAROHALLI, KANAKAPURA MAIN ROAD, RAMANAGAR DIST","Computer Science and Technology",29345,,,,35907,,27280,,49029,,34164,
2025,R1,,"Dayananda Sagar University DEVARAKAGGALAHALLI VILLAGE, HAROHALLI, KANAKAPURA MAIN ROAD, RAMANAGAR DIST","Robotics and Artificial Intelligence",28571.5,,,,,,28532,,50118,,36301,
2025,R1,,"Dayananda Sagar University DEVARAKAGGALAHALLI VILLAGE, HAROHALLI, KANAKAPURA MAIN ROAD, RAMANAGAR DIST","Computer Science and Medical Engineering",34461,,,,,,32432,,107095,,57705,
2025,R1,,"KLE Technological University(Formerly (BVBCET) BVBHOOMARADDI COLLEGE CAMPUS, VIDYANAGAR, HUBBALLI","Robotics and Automation",,,,,49516,,17531,,,,22525,
2025,R1,,"KLE Technological University(Formerly (BVBCET) BVBHOOMARADDI COLLEGE CAMPUS, VIDYANAGAR, HUBBALLI","Computer Science (Artificial Intelligence)",10980.5,,41837,,,,8728,,12130,,12278,
2025,R1,,"KLE Technological University(Formerly (BVBCET) BVBHOOMARADDI COLLEGE CAMPUS, VIDYANAGAR, HUBBALLI","Computer Science and Engineering",10759,,,,12962,,8036.5,,10932,,11303,
2025,R1,,"Mysore College Of Engineering and Management,Mysore CHIKAHALLI, VARUNA HOBALI, NEAR BIG BANYAN TREE, TN ROAD,MYSORE","Computer Science and Engineering (AI and ML)",,,,,,,59692,,,,66997,
2025,R1,,"GANDHI INSTITUTE OF TECHNOLOGY AND MANAGEMENT GITAM OFF CAMPUS BENGALURU NH 207, Nagadenehalli Doddaballapur taluk. Bengaluru-561203","Computer Science and Engineering (AI and ML)",51828,,,,,,48879,,73234,,67429,
2025,R1,,"GANDHI INSTITUTE OF TECHNOLOGY AND MANAGEMENT GITAM OFF CAMPUS BENGALURU NH 207, Nagadenehalli Doddaballapur taluk. Bengaluru-561203","Computer Science and Engineering",54717,,,,67896,,46735,,73189,,60908,
2025,R1,,"GANDHI INSTITUTE OF TECHNOLOGY AND MANAGEMENT GITAM OFF CAMPUS BENGALURU NH 207, Nagadenehalli Doddaballapur taluk. Bengaluru-561203","Computer Science - Cyber Security",,,,,,,51432.5,,,,62844,
2025,R1,,"GANDHI INSTITUTE OF TECHNOLOGY AND MANAGEMENT GITAM OFF CAMPUS BENGALURU NH 207, Nagadenehalli Doddaballapur taluk. Bengaluru-561203","Computer Science and Engineering - Data Science",57640,,,,,,56295,,82388,,69896.5,
2025,R1,,"GANDHI INSTITUTE OF TECHNOLOGY AND MANAGEMENT GITAM OFF CAMPUS BENGALURU NH 207, Nagadenehalli Doddaballapur taluk. Bengaluru-561203","Robotics and Artificial Intelligence",,,,,,,41673,,,,,
2025,R1,,"CMR University Main Campus, Off Hennur Bagalur Main Road, Chagalatti, Bangalore","Computer Engineering",30161,,,,,,28709,,41576,,40280,
2025,R1,,"CMR University Main Campus, Off Hennur Bagalur Main Road, Chagalatti, Bangalore","Computer Science (AI and Machine Learning)",29859,,,,,,24900,,30096,,31927,
2025,R1,,"CMR University Main Campus, Off Hennur Bagalur Main Road, Chagalatti, Bangalore","Computer Science and Engineering",28742,,,,34115.75,,27495,,41294,,33570,
2025,R1,,"CMR University Main Campus, Off Hennur Bagalur Main Road, Chagalatti, Bangalore","Computer Science and Engineering - Data Science",30445,,,,,,29439,,42728,,34462,
2025,R1,,"CMR University Main Campus, Off Hennur Bagalur Main Road, Chagalatti, Bangalore","Computer Science and Technology",,,,,,,29747,,,,39578,
2025,R1,,"CMR University Main Campus, Off Hennur Bagalur Main Road, Chagalatti, Bangalore","Information Technology",32784,,,,,,31503,,46720,,41259,
2025,R1,,"Maharaja Institute of Technology,Tandavapura,Mysore THANDAVAPURA VILLAGA,ON NATIONAL HIGHWWAYNANJANAGUD TALUK,MYSORE DISTRICT","Artificial Intelligence and Data Science",47298,,,,,,43672,,64660.5,,59562,
2025,R1,,"Maharaja Institute of Technology,Tandavapura,Mysore THANDAVAPURA VILLAGA,ON NATIONAL HIGHWWAYNANJANAGUD TALUK,MYSORE DISTRICT","Computer Science and Engineering (AI and ML)",43787,,,,,,40110,,61818,,55570,
2025,R1,,"Maharaja Institute of Technology,Tandavapura,Mysore THANDAVAPURA VILLAGA,ON NATIONAL HIGHWWAYNANJANAGUD TALUK,MYSORE DISTRICT","Computer Science and Engineering",42987,,,,,,42208,,44754,,49559,
2025,R1,,"Jain College of Engineering and Technology,Hubballi 404/4, 404/5, SAI NAGAR, UNKAL, HUBLI","Artificial Intelligence and Machine Learning",50131,,,,53751,,39306,,,,47151,
2025,R1,,"Jain College of Engineering and Technology,Hubballi 404/4, 404/5, SAI NAGAR, UNKAL, HUBLI","Computer Science and Engineering",61658,,,,,,45688,,46193,,50210,
2025,R1,,"Jain College Of Engineering and Research, Belgaum SHREYAS CTS 1598 ADAJCENT TO TO FOUNDRY CLUSTER NEAR DUTCH INDUSTRIAL ESTATE CHANNAMMA NAGAR ANAGOL BELGAVI","Computer Science and Engineering (AI and ML)",70238,,,,,,51372,,51479,,56866,
2025,R1,,"Jain College Of Engineering and Research, Belgaum SHREYAS CTS 1598 ADAJCENT TO TO FOUNDRY CLUSTER NEAR DUTCH INDUSTRIAL ESTATE CHANNAMMA NAGAR ANAGOL BELGAVI","Computer Science and Engineering",47881,,,,,,45258,,47879,,48871,
2025,R1,,"Government Engineering College, Talakal, Koppal TALAKAL,TALUKA: YALABURGA, DIST: KOPPAL, KARNATAKA, PIN 583238","Computer Science and Engineering",86146,,,,,,49563,,,,49784,
2025,R1,,"Government Engineering College, Mosale Hosahalli, Hassan MOSALEHOSAHALLI, HASSAN","Computer Science and Engineering",59731,,,,,,56519,,66505,,62975,
2025,R1,,"R V Institute Of Technology and Management, Bengaluru KOTHANUR, 8TH PHASE J.P.NAGAR, BENGALURU-560 078.","Computer Science and Engineering (AI and ML)",9768,,,,,,8213,,16165,,11359,
2025,R1,,"R V Institute Of Technology and Management, Bengaluru KOTHANUR, 8TH PHASE J.P.NAGAR, BENGALURU-560 078.","Computer Science and Engineering",9002,,,,11252,,7208,,13437,,11223,
2025,R1,,"VISVESVARAYA TECHNOLOGICAL UNIVERSITY, BELAGAVI CAMPUS, BELAGAVI JNANA SANGAMA, MACHHE, BELAGAVI","Computer Science and Engineering",54201,,,,,,36078,,42450,,44258,
2025,R1,,"VISVESVARAYA TECHNOLOGICAL UNIVERSITY, BELAGAVI CAMPUS, BELAGAVI JNANA SANGAMA, MACHHE, BELAGAVI","Computer Science and Engineering (AI and Data Science)",64689,,105315,,84305,,47957,,48701,,54372,
2025,R1,,"Government Engineering College, Challakere, Chitradurga BALLARI ROAD CHALLAKERE,CHITRADURGA","Artificial Intelligence and Machine Learning",66406,,78702,,,,58919,,60413,,64232,
2025,R1,,"University of Mysuru B.N.BAHADUR INSTITUTE OF MANAGEMENT SCIENCES, (DOS IN BUSSINESS ADMINISTRATION)UNIVERSITY OF MYSORE, MANASAGANGOTRI,HUNSUR ROAD,MYSORE.","Artificial Intelligence and Data Science",50082,,,,,,47450,,,,67329,
2025,R1,,"University of Mysuru B.N.BAHADUR INSTITUTE OF MANAGEMENT SCIENCES, (DOS IN BUSSINESS ADMINISTRATION)UNIVERSITY OF MYSORE, MANASAGANGOTRI,HUNSUR ROAD,MYSORE.","Artificial Intelligence and Machine Learning",52079,,,,,,51789,,53462,,63113,
2025,R1,,"University of Mysuru B.N.BAHADUR INSTITUTE OF MANAGEMENT SCIENCES, (DOS IN BUSSINESS ADMINISTRATION)UNIVERSITY OF MYSORE, MANASAGANGOTRI,HUNSUR ROAD,MYSORE.","Computer Science and Engineering",45578,,,,,,40640,,,,54203,
2025,R1,,"RV University R.V. VIDYANIKETAN POST, MYSORE ROAD,BANGALORE","Computer Science and Engineering",7287,,26203,,13288,,6109,,18591,,13262,
2025,R1,,"BGS College of Engineering & Technology,Bangalore","Artificial Intelligence and Data Science",,,,,,,26652,,40338,,30042,
2025,R1,,"BGS College of Engineering & Technology,Bangalore","Artificial Intelligence and Machine Learning",27087,,,,30758,,26331,,,,30282,
2025,R1,,"BGS College of Engineering & Technology,Bangalore","Computer Science and Design",36764,,,,,,35016,,,,43759,
2025,R1,,"BGS College of Engineering & Technology,Bangalore","Computer Science and Engineering",25536,,,,,,24023,,29386,,28728,
2025,R1,,"BGS College of Engineering & Technology,Bangalore","Information Science and Engineering",29895,,,,,,29412,,39680,,32601,
2025,R1,,"Vidyashilp University #125, Bettenahalli, Kundana Hobli, Chapparkallu Rd, Bengaluru, Karnataka 562110","Computer Science and Engineering - Data Science",61821,,,,,,48907,,49860,,74271,
2025,R1,,"Visvesvaraya Technological University,VTU,CPGS,Kalburgi.","Artificial Intelligence and Data Science",82445,,,,,,50859,,51808,,74822,
2025,R1,,"Visvesvaraya Technological University,VTU,CPGS,Kalburgi.","Computer Science and Engineering",64342,,,,,,41882,,,,57090,
2025,R1,,"Visvesvaraya Technological University,VTU,CPGS,Mysuru.","Artificial Intelligence and Data Science",50157,,,,,,43456,,47088,,50572,
2025,R1,,"Visvesvaraya Technological University,VTU,CPGS,Mysuru.","Computer Science and Engineering",38328,,,,39871,,31875,,38926,,38396,
2025,R1,,"Government Engineering College,Mailur,Bidar","Artificial Intelligence and Data Science",56984,,,,,,47241,,60406,,71701,
2025,R1,,"Government Engineering College,Mailur,Bidar","Computer Science and Engineering",,,,,,,42767,,53629,,59622,
2025,R1,,"KISHKINDA UNIVERSITY BALLARI INSTITUTE OF TECHNOLOGY & MANAGEMENT (BITM) CAMPUS, BALLARI-HOSPET ROAD, NEAR ALLIPUR, BALLARI-583104","Computer Science (AI and Machine Learning)",,,,,,,57878,,,,75272,
2025,R1,,"AMITY UNIVERSITY National Highway 648 (old 207), Devanahalli - Doddaballapur Road","Computer Science and Engineering",57412,,,,68438,,51887,,75307,,68026,
2025,R1,,"AMITY UNIVERSITY National Highway 648 (old 207), Devanahalli - Doddaballapur Road","Computer Science (AI and Machine Learning)",50909,,,,55121,,48048,,71464,,54759,
2025,R1,,"AMITY UNIVERSITY National Highway 648 (old 207), Devanahalli - Doddaballapur Road","Computer Science - Internet of Things",60999,,,,,,57516,,98117,,73905,
2025,R1,,"AMITY UNIVERSITY National Highway 648 (old 207), Devanahalli - Doddaballapur Road","Computer Science and Engineering (Robotics)",,,,,,,56001,,66969,,74759,
2025,R1,,"GM University KARUR VILLAGE, KASABA HOBLI, DAVANGERE TALUK AND DISTRICT","Computer Science and Engineering",83036,,,,,,54816,,57357,,68486,
2025,R1,,"GM University KARUR VILLAGE, KASABA HOBLI, DAVANGERE TALUK AND DISTRICT","Computer Science (AI and Machine Learning)",60526,,,,,,59566,,61524,,75142,
2025,R1,,"DR H N NATIONAL COLLEGE OF ENGINEERING BENGALURU","Artificial Intelligence and Data Science",56121,,,,,,53208.5,,,,71243,
2025,R1,,"DR H N NATIONAL COLLEGE OF ENGINEERING BENGALURU","Computer Science and Engineering",61191,,,,,,58234,,67185,,72393,
2025,R1,,"THE CHANAKYA UNIVERSITY NO 29 HARALURU, DEVANAHALLI TALUK (NEAR BENGALURU INTERNATIONLA AIRPORT)","Computer Science and Engineering",36634,,,,,,31262,,71726,,37837,
2025,R1,,"THE CHANAKYA UNIVERSITY NO 29 HARALURU, DEVANAHALLI TALUK (NEAR BENGALURU INTERNATIONLA AIRPORT)","Biotechnology and Bio-Engineering",42598,,,,,,31994,,,,53594,
2025,R1,,"THE CHANAKYA UNIVERSITY NO 29 HARALURU, DEVANAHALLI TALUK (NEAR BENGALURU INTERNATIONLA AIRPORT)","Computer Science and Artificial Intelligence",36827,,,,,,36079,,87906,,50281,
2025,R1,,"THE CHANAKYA UNIVERSITY NO 29 HARALURU, DEVANAHALLI TALUK (NEAR BENGALURU INTERNATIONLA AIRPORT)","Electrical Engineering and Computer Science",,,,,,,54519,,,,67286,
2025,R1,,"SESHADRIPURAM INSTITUTE OF TECHNOLOGY MYSURU MYSURU","Computer Science and Engineering",61635,,,,,,59533,,,,66882,
2025,R1,,"CONSTITUENT COLLEGE OF VTU, CHINTAMANI CHIKABALLAPURA DIST CHIKBALLAPURA","Computer Science and Engineering",61258,,,,,,58428,,64983,,71224.5,
2025,R2,E001,"Univesity of Visvesvaraya College of Engineering (A State Autonomous Public University on IIT Model) K R Circle, Bangalore","Artificial Intelligence and Data Science",6904,,,,,,6389,,9379,,7574,
2025,R2,E001,"Univesity of Visvesvaraya College of Engineering (A State Autonomous Public University on IIT Model) K R Circle, Bangalore","Computer Science and Engineering",5200,,,,6143.5,,4732,,7871,,5713,
2025,R2,E001,"Univesity of Visvesvaraya College of Engineering (A State Autonomous Public University on IIT Model) K R Circle, Bangalore","Information Science and Engineering",6767,,,,,,6502,,10867,,7653,
2025,R2,E002,"Govt.S K S J T Institute of Engineering, Bangalore AMBEDKAR VEEDHI, K.R. CIRCLE, BANGALORE-01","Computer Science and Engineering",21488,,,,26783,,20897,,22440,,23243,
2025,R2,E004,"Dr. Ambedkar Institute of Technology, Bangalore(AUTONOMOUS) OUTER RING ROAD,NEAR JNANA BHARATHI CAMPUS,MALLATHAHALLI,BANGALORE-560056","Computer Science and Engineering",11963,,14625,,14560,,11706,,13215,,12618,
2025,R2,E005,"R. V. College of Engineering, Bangalore(AUTONOMOUS) R.V. VIDYANIKETAN POST, MYSORE ROAD,BANGALORE","Computer Science and Engineering (AI and ML)",1031,,,,,,676,,2043,,1195,
2025,R2,E005,"R. V. College of Engineering, Bangalore(AUTONOMOUS) R.V. VIDYANIKETAN POST, MYSORE ROAD,BANGALORE","Computer Science and Engineering",769,,,,1393,,446,,1249,,813,
2025,R2,E005,"R. V. College of Engineering, Bangalore(AUTONOMOUS) R.V. VIDYANIKETAN POST, MYSORE ROAD,BANGALORE","Computer Science - Cyber Security",1922,,,,,,833,,2075,,1785,
2025,R2,E005,"R. V. College of Engineering, Bangalore(AUTONOMOUS) R.V. VIDYANIKETAN POST, MYSORE ROAD,BANGALORE","Computer Science and Engineering - Data Science",1464,,,,1796,,724,,,,1272,
2025,R2,E006,"M S Ramaiah Institute of Technology, Bangalore(AUTONOMOUS) VIDYA SOUDHA,MSR NAGAR,MSRIT POST,BANGALORE - 560054.","Artificial Intelligence and Data Science",4121,,,,5733,,3416,,,,3502,
2025,R2,E006,"M S Ramaiah Institute of Technology, Bangalore(AUTONOMOUS) VIDYA SOUDHA,MSR NAGAR,MSRIT POST,BANGALORE - 560054.","Artificial Intelligence and Machine Learning",3392,,,,,,2756,,,,3985,
2025,R2,E006,"M S Ramaiah Institute of Technology, Bangalore(AUTONOMOUS) VIDYA SOUDHA,MSR NAGAR,MSRIT POST,BANGALORE - 560054.","Computer Science and Engineering (AI and ML)",3091,,,,3631,,2434,,3255,,2896,
2025,R2,E006,"M S Ramaiah Institute of Technology, Bangalore(AUTONOMOUS) VIDYA SOUDHA,MSR NAGAR,MSRIT POST,BANGALORE - 560054.","Computer Science and Engineering",2109,,,,,,1687,,3115,,2505,
2025,R2,E006,"M S Ramaiah Institute of Technology, Bangalore(AUTONOMOUS) VIDYA SOUDHA,MSR NAGAR,MSRIT POST,BANGALORE - 560054.","Computer Science - Cyber Security",4422,,10170,,,,3380,,,,5423,
2025,R2,E006,"M S Ramaiah Institute of Technology, Bangalore(AUTONOMOUS) VIDYA SOUDHA,MSR NAGAR,MSRIT POST,BANGALORE - 560054.","Information Science and Engineering",3647,,,,,,3083,,5600,,4184,
2025,R2,E007,"Dayananda Sagar College of Engineering, Bangalore(AUTONOMOUS) SHAVIGE MALLESHWARA HILLS, KUMARASWAMY LAYOUT, BANGALORE-560078","Artificial Intelligence and Machine Learning",6831,,,,,,6700,,11000,,8334,
2025,R2,E007,"Dayananda Sagar College of Engineering, Bangalore(AUTONOMOUS) SHAVIGE MALLESHWARA HILLS, KUMARASWAMY LAYOUT, BANGALORE-560078","Computer Science and Design",10581,,,,,,9191.5,,15049,,12941,
2025,R2,E007,"Dayananda Sagar College of Engineering, Bangalore(AUTONOMOUS) SHAVIGE MALLESHWARA HILLS, KUMARASWAMY LAYOUT, BANGALORE-560078","Computer Science - IoT and Blockchain",8709,,,,13424,,8284,,12229,,9323,
2025,R2,E007,"Dayananda Sagar College of Engineering, Bangalore(AUTONOMOUS) SHAVIGE MALLESHWARA HILLS, KUMARASWAMY LAYOUT, BANGALORE-560078","Computer Science and Engineering",6341,,,,7689,,5630,,8306,,6908,
2025,R2,E007,"Dayananda Sagar College of Engineering, Bangalore(AUTONOMOUS) SHAVIGE MALLESHWARA HILLS, KUMARASWAMY LAYOUT, BANGALORE-560078","Computer Science - Cyber Security",,,,,,,7486,,,,8737,
2025,R2,E007,"Dayananda Sagar College of Engineering, Bangalore(AUTONOMOUS) SHAVIGE MALLESHWARA HILLS, KUMARASWAMY LAYOUT, BANGALORE-560078","Computer Science and Engineering - Data Science",6918,,,,,,6913,,10092,,8340,
2025,R2,E007,"Dayananda Sagar College of Engineering, Bangalore(AUTONOMOUS) SHAVIGE MALLESHWARA HILLS, KUMARASWAMY LAYOUT, BANGALORE-560078","Information Science and Engineering",8352,,,,9244,,7704,,11719,,9005,
2025,R2,E007,"Dayananda Sagar College of Engineering, Bangalore(AUTONOMOUS) SHAVIGE MALLESHWARA HILLS, KUMARASWAMY LAYOUT, BANGALORE-560078","Robotics and Artificial Intelligence",11734.5,,,,12284,,10390,,17357,,11910,
2025,R2,E008,"Bangalore Institute of Technology, K.R.Road, Bangalore (AUTONOMOUS) K.R.ROAD, V.V.PURA, BANGALORE-560004","Artificial Intelligence and Machine Learning",9043,,,,,,8962,,11550,,9981,
2025,R2,E008,"Bangalore Institute of Technology, K.R.Road, Bangalore (AUTONOMOUS) K.R.ROAD, V.V.PURA, BANGALORE-560004","Computer Science - IoT and Blockchain",10841,,,,,,10803,,25337,,12460,
2025,R2,E008,"Bangalore Institute of Technology, K.R.Road, Bangalore (AUTONOMOUS) K.R.ROAD, V.V.PURA, BANGALORE-560004","Computer Science and Engineering",8157,,,,9343,,7450,,11519,,8866,
2025,R2,E008,"Bangalore Institute of Technology, K.R.Road, Bangalore (AUTONOMOUS) K.R.ROAD, V.V.PURA, BANGALORE-560004","Computer Science and Engineering - Data Science",9220,,,,10308,,9126,,,,9713,
2025,R2,E008,"Bangalore Institute of Technology, K.R.Road, Bangalore (AUTONOMOUS) K.R.ROAD, V.V.PURA, BANGALORE-560004","Information Science and Engineering",10057,,,,,,9985,,14659,,11522,
2025,R2,E008,"Bangalore Institute of Technology, K.R.Road, Bangalore (AUTONOMOUS) K.R.ROAD, V.V.PURA, BANGALORE-560004","Robotics and Artificial Intelligence",14242,,,,,,13829,,,,16812,
2025,R2,E009,"PES University 100 Feet Ring Road, Banashankari, 3rd Stage, Hosakerehalli, Near DSERT, , Bangalore KARNATAKA, pin code -560085","Computer Science (AI and Machine Learning)",2562,,,,4204,,2168,,7761,,4064,
2025,R2,E009,"PES University 100 Feet Ring Road, Banashankari, 3rd Stage, Hosakerehalli, Near DSERT, , Bangalore KARNATAKA, pin code -560085","Computer Science and Engineering",2475,,,,3265,,1375.5,,5196,,2737,
2025,R2,E011,"M V J College of Engineering, Bangalore(AUTONOMOUS) NEAR ITPB,CHANNASANDRA,KADUGODI POST,BANGALORE","Artificial Intelligence and Machine Learning",26347,,,,,,22761,,29898,,24007,
2025,R2,E011,"M V J College of Engineering, Bangalore(AUTONOMOUS) NEAR ITPB,CHANNASANDRA,KADUGODI POST,BANGALORE","Computer Science and Design",37131,,,,,,36435,,41576,,36993,
2025,R2,E011,"M V J College of Engineering, Bangalore(AUTONOMOUS) NEAR ITPB,CHANNASANDRA,KADUGODI POST,BANGALORE","Computer Science and Engineering",27772,,,,,,25741,,31016,,27801,
2025,R2,E011,"M V J College of Engineering, Bangalore(AUTONOMOUS) NEAR ITPB,CHANNASANDRA,KADUGODI POST,BANGALORE","Computer Science and Engineering - Data Science",29165,,,,,,28724,,,,29751,
2025,R2,E011,"M V J College of Engineering, Bangalore(AUTONOMOUS) NEAR ITPB,CHANNASANDRA,KADUGODI POST,BANGALORE","Information Science and Engineering",31327,,,,,,31271,,34963,,32831,
2025,R2,E012,"Sir M.Visvesvaraya Institute of Technology, Bangalore KRISHNADEVARAYANAGAR, HUNASAMARANAHALLI, VIA YELAHANKA,BANGALORE - 562 157","Artificial Intelligence and Machine Learning",15690,,25768,,,,14449,,,,16165,
2025,R2,E012,"Sir M.Visvesvaraya Institute of Technology, Bangalore KRISHNADEVARAYANAGAR, HUNASAMARANAHALLI, VIA YELAHANKA,BANGALORE - 562 157","Computer Science - IoT and Blockchain",20379,,,,,,18881,,,,23008,
2025,R2,E012,"Sir M.Visvesvaraya Institute of Technology, Bangalore KRISHNADEVARAYANAGAR, HUNASAMARANAHALLI, VIA YELAHANKA,BANGALORE - 562 157","Computer Science and Engineering",16620,,,,19858,,16331,,20982,,18484,
2025,R2,E012,"Sir M.Visvesvaraya Institute of Technology, Bangalore KRISHNADEVARAYANAGAR, HUNASAMARANAHALLI, VIA YELAHANKA,BANGALORE - 562 157","Computer Science and Engineering - Data Science",,,,,19477,,17800,,,,18907,
2025,R2,E012,"Sir M.Visvesvaraya Institute of Technology, Bangalore KRISHNADEVARAYANAGAR, HUNASAMARANAHALLI, VIA YELAHANKA,BANGALORE - 562 157","Information Science and Engineering",20105,,,,,,20037,,22158,,21434,
2025,R2,E012,"Sir M.Visvesvaraya Institute of Technology, Bangalore KRISHNADEVARAYANAGAR, HUNASAMARANAHALLI, VIA YELAHANKA,BANGALORE - 562 157","Robotics and Artificial Intelligence",23410,,,,,,21705,,,,28970,
2025,R2,E013,"Ghousia Engineering College, Ramanagara BANGALORE - MYSORE ROAD,RAMANAGARA","Artificial Intelligence and Machine Learning",75144,,,,,,56503,,114357,,59054,
2025,R2,E014,"S J C Institute of Technology, Chickkaballapur(AUTONOMOUS) P B NO. 20, B B ROAD, CHICKBALLAPUR, CHICKBALLAPUR (DISTRICT)","Artificial Intelligence and Data Science",46122,,,,56132,,43286,,52268,,49655,
2025,R2,E014,"S J C Institute of Technology, Chickkaballapur(AUTONOMOUS) P B NO. 20, B B ROAD, CHICKBALLAPUR, CHICKBALLAPUR (DISTRICT)","Computer Science and Engineering (AI and ML)",46662,,,,,,44414,,57384,,55590,
2025,R2,E014,"S J C Institute of Technology, Chickkaballapur(AUTONOMOUS) P B NO. 20, B B ROAD, CHICKBALLAPUR, CHICKBALLAPUR (DISTRICT)","Computer Science and Engineering",52094,,,,,,48097,,52004,,56030,
2025,R2,E016,"Siddaganga Institute of Technology,Tumkur","Computer Science and Engineering (AI and ML)",10338,,,,,,9185,,,,9984,
2025,R2,E016,"Siddaganga Institute of Technology,Tumkur","Computer Science and Engineering",9635,,,,10891,,9367,,12910,,10559.2,
2025,R2,E016,"Siddaganga Institute of Technology,Tumkur","Information Science and Engineering",11459,,,,,,11214.7,,14716,,12065,
2025,R2,E017,"Sri Siddhartha Institute of Technology MARALUR ,TUMKUR","Artificial Intelligence and Machine Learning",43447,,,,,,34789,,,,37311,
2025,R2,E017,"Sri Siddhartha Institute of Technology MARALUR ,TUMKUR","Computer Science and Engineering",49769,,,,,,44044,,48942,,52867,
2025,R2,E017,"Sri Siddhartha Institute of Technology MARALUR ,TUMKUR","Computer Science - Cyber Security",57513,,,,,,55465,,,,56944,
2025,R2,E017,"Sri Siddhartha Institute of Technology MARALUR ,TUMKUR","Computer Science and Engineering - Data Science",49049,,,,,,47811,,,,51168,
2025,R2,E017,"Sri Siddhartha Institute of Technology MARALUR ,TUMKUR","Information Science and Engineering",66103,,,,,,59442,,66605,,61360,
2025,R2,E021,"Sri Jayachamarajendra College of Engineering(Constituent College of JSS Science & Technology University), Mysore JSS TECHNICAL INSTITUTIONS CAMPUS,MANASAGANGOTHRI PO,MYSORE","Computer Science and Engineering",3671,,,,,,3057,,4365,,4729,
2025,R2,E031,"B V V Sangha`s Basaveshwara Engineering College , Bagalkote (AUTONOMOUS) NIJALINGAPPA ROAD,BAGALKOT 587102","Computer Science and Engineering",27473,,,,,,22902,,24626,,24391,
2025,R2,E034,"SDM College of Engineering, Dharwad (AUTONOMOUS) DHAVALAGIRI,KALGHATGI ROAD,DHARWAD","Artificial Intelligence and Machine Learning",24395,,,,,,17855,,,,19489,
2025,R2,E034,"SDM College of Engineering, Dharwad (AUTONOMOUS) DHAVALAGIRI,KALGHATGI ROAD,DHARWAD","Computer Science and Engineering",20834,,,,,,15763,,16159,,17044,
2025,R2,E034,"SDM College of Engineering, Dharwad (AUTONOMOUS) DHAVALAGIRI,KALGHATGI ROAD,DHARWAD","Information Science and Engineering",25427,,,,,,19287,,23011,,21771,
2025,R2,E036,"K L E Technological Univeristy, Belgaum Campus (Formerly KLE Dr M.S.Sheshagiri College of Engineering and Technology) UDYAMBAGH,BELGAUM","Computer Science (Artificial Intelligence)",28653,,,,,,22481,,,,27932,
2025,R2,E036,"K L E Technological Univeristy, Belgaum Campus (Formerly KLE Dr M.S.Sheshagiri College of Engineering and Technology) UDYAMBAGH,BELGAUM","Computer Science and Engineering",27570,,,,,,22181,,23445,,26017,
2025,R2,E037,"K.L.S. Gogte Institute of Technology, Belgaum.(AUTONOMOUS) ""JNANA GANGA"", UDYAMBAG,BELGAUM","Computer Science and Engineering (AI and ML)",18147,,,,,,15496,,,,19057,
2025,R2,E037,"K.L.S. Gogte Institute of Technology, Belgaum.(AUTONOMOUS) ""JNANA GANGA"", UDYAMBAG,BELGAUM","Computer Science and Engineering",19552,,,,20667,,16033,,16594,,18129.5,
2025,R2,E038,"BLDEA's VP. Dr.P.G. Hallakatti College of Engineering & Technology, Bijapur ASHRAM ROAD,BIJAPUR - 586103","Computer Science and Engineering (AI and ML)",57322,,,,,,44110,,,,58561,
2025,R2,E038,"BLDEA's VP. Dr.P.G. Hallakatti College of Engineering & Technology, Bijapur ASHRAM ROAD,BIJAPUR - 586103","Computer Science and Engineering",65510,,,,66476,,43730,,46353,,55824,
2025,R2,E043,"Gurunanak Dev Engineering College, Bidar MAILOOR ROAD,BIDAR 585403","Artificial Intelligence and Machine Learning",92010,,,,,,49131,,,,59397,
2025,R2,E043,"Gurunanak Dev Engineering College, Bidar MAILOOR ROAD,BIDAR 585403","Computer Science and Engineering",232405,,,,,,53354,,,,74869,
2025,R2,E044,"Bheemanna Khandre Institute of Technology, Bhalki BHALKI-HUMNABAD ROAD,BHALKI- 585328,DIST. BIDAR","Computer Science and Engineering (AI and ML)",,,,,,,59474,,,,86091,
2025,R2,E047,"Malnad College of Engineering, Hassan(AUTONOMOUS) P.B. NO. 21, SALAGAME ROAD,HASSSAN","Computer Science and Business Systems",54597,,,,,,52007,,,,63387,
2025,R2,E047,"Malnad College of Engineering, Hassan(AUTONOMOUS) P.B. NO. 21, SALAGAME ROAD,HASSSAN","Computer Science and Engineering (AI and ML)",,,,,,,33073,,48241,,34911,
2025,R2,E047,"Malnad College of Engineering, Hassan(AUTONOMOUS) P.B. NO. 21, SALAGAME ROAD,HASSSAN","Computer Science and Engineering",38586,,,,42970,,36496,,45567,,42303,
2025,R2,E047,"Malnad College of Engineering, Hassan(AUTONOMOUS) P.B. NO. 21, SALAGAME ROAD,HASSSAN","Robotics and Artificial Intelligence",56488,,,,79530,,54862.5,,,,66200,
2025,R2,E048,"B M S College of Engineering, Basavanagudi, Bangalore (AUTONOMOUS) POST BOX NO 1908, BULL TEMPLE ROAD,BANGALORE","Artificial Intelligence and Data Science",4608,,,,5931,,3988,,7908,,5308,
2025,R2,E048,"B M S College of Engineering, Basavanagudi, Bangalore (AUTONOMOUS) POST BOX NO 1908, BULL TEMPLE ROAD,BANGALORE","Artificial Intelligence and Machine Learning",4539.5,,,,5681,,4398,,8328,,5190,
2025,R2,E048,"B M S College of Engineering, Basavanagudi, Bangalore (AUTONOMOUS) POST BOX NO 1908, BULL TEMPLE ROAD,BANGALORE","Computer Science and Business Systems",5087,,,,,,4816,,12282,,7754,
2025,R2,E048,"B M S College of Engineering, Basavanagudi, Bangalore (AUTONOMOUS) POST BOX NO 1908, BULL TEMPLE ROAD,BANGALORE","Computer Science - IoT and Blockchain",4819,,,,,,4337,,,,6858,
2025,R2,E048,"B M S College of Engineering, Basavanagudi, Bangalore (AUTONOMOUS) POST BOX NO 1908, BULL TEMPLE ROAD,BANGALORE","Computer Science and Engineering",3998,,7455,,5543,,3465,,7051,,4843,
2025,R2,E048,"B M S College of Engineering, Basavanagudi, Bangalore (AUTONOMOUS) POST BOX NO 1908, BULL TEMPLE ROAD,BANGALORE","Computer Science and Engineering - Data Science",4228,,,,,,3899,,8682,,6418,
2025,R2,E049,"B V V Sangha`s Basaveshwara Engineering College , Bagalkote (AUTONOMOUS) NIJALINGAPPA ROAD,BAGALKOT 587102","Artificial Intelligence and Machine Learning",34017,,,,,,32663,,32816,,34095,
2025,R2,E049,"B V V Sangha`s Basaveshwara Engineering College , Bagalkote (AUTONOMOUS) NIJALINGAPPA ROAD,BAGALKOT 587102","Computer Science and Engineering",35415,,,,,,29797,,33603,,33481,
2025,R2,E049,"B V V Sangha`s Basaveshwara Engineering College , Bagalkote (AUTONOMOUS) NIJALINGAPPA ROAD,BAGALKOT 587102","Electronics and Computer Engineering",60526,,,,,,57761,,,,64221,
2025,R2,E049,"B V V Sangha`s Basaveshwara Engineering College , Bagalkote (AUTONOMOUS) NIJALINGAPPA ROAD,BAGALKOT 587102","Information Science and Engineering",48672,,,,,,44625,,46317,,48172,
2025,R2,E057,"JSS Science and Technology University JSS TECHNICAL INSTITUTIONS CAMPUS, MANASAGANGOTHRI, MYSURU 570006","Computer Science and Business Systems",11093,,,,,,10941,,13087,,12595,
2025,R2,E057,"JSS Science and Technology University JSS TECHNICAL INSTITUTIONS CAMPUS, MANASAGANGOTHRI, MYSURU 570006","Computer Science and Engineering (AI and ML)",7827,,,,,,7022,,,,9001,
2025,R2,E057,"JSS Science and Technology University JSS TECHNICAL INSTITUTIONS CAMPUS, MANASAGANGOTHRI, MYSURU 570006","CS for Differently Abled",7589,,,,8741,,6167,,11165,,8007.5,
2025,R2,E057,"JSS Science and Technology University JSS TECHNICAL INSTITUTIONS CAMPUS, MANASAGANGOTHRI, MYSURU 570006","Information Science and Engineering",8727,,,,,,8356,,11436.5,,8916,
2025,R2,E058,"P E S College of Engineering, Mandya(AUTONOMOUS) MANDYA: 571 401","Computer Science and Engineering (AI and ML)",31709,,,,,,30601,,38447,,32367.5,
2025,R2,E058,"P E S College of Engineering, Mandya(AUTONOMOUS) MANDYA: 571 401","Computer Science and Engineering",32253,,,,,,30666,,35615,,36016,
2025,R2,E058,"P E S College of Engineering, Mandya(AUTONOMOUS) MANDYA: 571 401","Computer Science and Engineering - Data Science",39342,,,,,,38931,,45173,,42189,
2025,R2,E058,"P E S College of Engineering, Mandya(AUTONOMOUS) MANDYA: 571 401","Information Science and Engineering",39259,,,,42542,,39146,,,,40152,
2025,R2,E058,"P E S College of Engineering, Mandya(AUTONOMOUS) MANDYA: 571 401","Robotics and Artificial Intelligence",58440,,,,,,55570,,,,60218,
2025,R2,E059,"P D A College of Engineering, Gulbarga(AUTONOMOUS) AIWAN-E-SHAHI AREA,STATION ROAD,GULBARGA-585102","Artificial Intelligence and Machine Learning",54528,,,,,,44243,,,,66676,
2025,R2,E059,"P D A College of Engineering, Gulbarga(AUTONOMOUS) AIWAN-E-SHAHI AREA,STATION ROAD,GULBARGA-585102","Computer Science and Engineering",62631,,,,,,40311,,,,58547,
2025,R2,E060,"Dr. Ambedkar Institute of Technology, Bangalore(AUTONOMOUS) OUTER RING ROAD,NEAR JNANA BHARATHI CAMPUS,MALLATHAHALLI,BANGALORE-560056","Artificial Intelligence and Machine Learning",17581,,,,,,17180,,20533,,17842.5,
2025,R2,E060,"Dr. Ambedkar Institute of Technology, Bangalore(AUTONOMOUS) OUTER RING ROAD,NEAR JNANA BHARATHI CAMPUS,MALLATHAHALLI,BANGALORE-560056","Computer Science and Business Systems",28531,,,,,,26568,,,,27761,
2025,R2,E060,"Dr. Ambedkar Institute of Technology, Bangalore(AUTONOMOUS) OUTER RING ROAD,NEAR JNANA BHARATHI CAMPUS,MALLATHAHALLI,BANGALORE-560056","Computer Science and Engineering",18531.5,,,,,,18262,,22189,,19394,
2025,R2,E060,"Dr. Ambedkar Institute of Technology, Bangalore(AUTONOMOUS) OUTER RING ROAD,NEAR JNANA BHARATHI CAMPUS,MALLATHAHALLI,BANGALORE-560056","Computer Science and Engineering - Data Science",22162,,28487,,,,21442,,,,23569,
2025,R2,E060,"Dr. Ambedkar Institute of Technology, Bangalore(AUTONOMOUS) OUTER RING ROAD,NEAR JNANA BHARATHI CAMPUS,MALLATHAHALLI,BANGALORE-560056","Information Science and Engineering",23255,,,,,,22958,,27334,,24229,
2025,R2,E061,"University B.D.T College of Engineering, Davanagere P J EXTENSION,HADADI ROAD,DAVENGERE","Computer Science and Engineering",28146,,,,,,26549,,26588,,31988,
2025,R2,E061,"University B.D.T College of Engineering, Davanagere P J EXTENSION,HADADI ROAD,DAVENGERE","Robotics and Artificial Intelligence",59387,,,,,,43335,,,,53661,
2025,R2,E062,"Bapuji Institute of Engineering & Technology, Davangere (AUTONOMOUS) BAPUJI INSTITUTE OF ENGINEERING & TECHNOLOGY,P.B. NO.325,SHAMANUR ROAD,DAVANGERE-577 004","Artificial Intelligence and Machine Learning",46462,,,,,,37777,,41846,,40357,
2025,R2,E062,"Bapuji Institute of Engineering & Technology, Davangere (AUTONOMOUS) BAPUJI INSTITUTE OF ENGINEERING & TECHNOLOGY,P.B. NO.325,SHAMANUR ROAD,DAVANGERE-577 004","Computer Science and Engineering",42718,,,,46319,,33885,,35484,,38298,
2025,R2,E062,"Bapuji Institute of Engineering & Technology, Davangere (AUTONOMOUS) BAPUJI INSTITUTE OF ENGINEERING & TECHNOLOGY,P.B. NO.325,SHAMANUR ROAD,DAVANGERE-577 004","Computer Science and Engineering - Data Science",49458,,,,,,42624,,49827,,54722,
2025,R2,E062,"Bapuji Institute of Engineering & Technology, Davangere (AUTONOMOUS) BAPUJI INSTITUTE OF ENGINEERING & TECHNOLOGY,P.B. NO.325,SHAMANUR ROAD,DAVANGERE-577 004","Information Science and Engineering",57118,,,,,,48108,,57669,,58772,
2025,R2,E064,"Adhichunchanagiri Institute of Technology, Chickamagalur ADICHUNCHANAGIRI EXTENTION,JYOTHINAGAR,CHIKMAGALUR - 577102","Artificial Intelligence and Machine Learning",44416,,,,,,44050,,,,71153,
2025,R2,E064,"Adhichunchanagiri Institute of Technology, Chickamagalur ADICHUNCHANAGIRI EXTENTION,JYOTHINAGAR,CHIKMAGALUR - 577102","Computer Science and Engineering",63929,,,,,,56927,,77938,,63396,
2025,R2,E065,"Jawaharlal Nehru New College of Engineering, Shimoga P.B. NO. 128,NAVULE, SHIMOGA","Artificial Intelligence and Machine Learning",29484,,60621,,,,23437,,,,34003,
2025,R2,E065,"Jawaharlal Nehru New College of Engineering, Shimoga P.B. NO. 128,NAVULE, SHIMOGA","Computer Science and Engineering",34152,,,,,,29095,,33733,,38493,
2025,R2,E065,"Jawaharlal Nehru New College of Engineering, Shimoga P.B. NO. 128,NAVULE, SHIMOGA","Computer Science and Engineering - Data Science",54028,,,,66505,,46919,,61048,,53659,
2025,R2,E065,"Jawaharlal Nehru New College of Engineering, Shimoga P.B. NO. 128,NAVULE, SHIMOGA","Information Science and Engineering",60646,,,,,,52674,,58985,,55898,
2025,R2,E066,"University B.D.T. college of Engineering, (H.GOV),Davangere","Computer Science and Engineering",64619,,,,,,46754,,48419,,54376,
2025,R2,E071,"Vidya Vardhaka College of Engineering, Mysore(AUTONOMOUS) P.B.NO.206,GOKULAM 3RD STAGE,MYSORE","Computer Science and Engineering (AI and ML)",21995,,,,,,21239,,22285,,25993,
2025,R2,E071,"Vidya Vardhaka College of Engineering, Mysore(AUTONOMOUS) P.B.NO.206,GOKULAM 3RD STAGE,MYSORE","Computer Science and Engineering",22502,,35822,,26302,,19803,,27237,,24681,
2025,R2,E075,"Ballari Institute of Technology & Management, Bellary(AUTONOMOUS) ""JNANA GANGOTRI"" CAMPUS, #873/2 OF KOLAGAL VILLAGE,BELLARY-HOSPET ROAD, ALLIPUR","Artificial Intelligence and Machine Learning",54972,,,,,,49074,,60505,,64111,
2025,R2,E075,"Ballari Institute of Technology & Management, Bellary(AUTONOMOUS) ""JNANA GANGOTRI"" CAMPUS, #873/2 OF KOLAGAL VILLAGE,BELLARY-HOSPET ROAD, ALLIPUR","Computer Science (Artificial Intelligence)",59209,,,,,,48542,,,,67300,
2025,R2,E075,"Ballari Institute of Technology & Management, Bellary(AUTONOMOUS) ""JNANA GANGOTRI"" CAMPUS, #873/2 OF KOLAGAL VILLAGE,BELLARY-HOSPET ROAD, ALLIPUR","Computer Science and Engineering",54796,,,,,,30192,,,,38689,
2025,R2,E075,"Ballari Institute of Technology & Management, Bellary(AUTONOMOUS) ""JNANA GANGOTRI"" CAMPUS, #873/2 OF KOLAGAL VILLAGE,BELLARY-HOSPET ROAD, ALLIPUR","Computer Science and Engineering - Data Science",,,,,,,54108,,,,70732,
2025,R2,E077,"Vidya Vikas Institute of Engineering & Technology, Mysore #127,ALANAHALLY,ALANAHALLY POST,MYSORE-BANNUR ROAD,MYSORE","Computer Science and Engineering",42509,,,,,,39661,,48873.7,,40647,
2025,R2,E077,"Vidya Vikas Institute of Engineering & Technology, Mysore #127,ALANAHALLY,ALANAHALLY POST,MYSORE-BANNUR ROAD,MYSORE","Information Science and Engineering",60703,,,,76239,,58838,,,,73233,
2025,R2,E078,"The Oxford College of Engineering, Bangalore HOSUR ROAD,BOMMANAHALLI,BANGALORE","Artificial Intelligence and Data Science",41247,,,,,,38832,,40975,,39972,
2025,R2,E078,"The Oxford College of Engineering, Bangalore HOSUR ROAD,BOMMANAHALLI,BANGALORE","Artificial Intelligence and Machine Learning",37525,,,,,,36721,,43141,,38204,
2025,R2,E078,"The Oxford College of Engineering, Bangalore HOSUR ROAD,BOMMANAHALLI,BANGALORE","Computer Science and Engineering",35517,,,,,,35270,,36262,,36942,
2025,R2,E078,"The Oxford College of Engineering, Bangalore HOSUR ROAD,BOMMANAHALLI,BANGALORE","Information Science and Engineering",44605,,,,,,43894,,50513,,46845,
2025,R2,E079,"Acharya Institute of Technology, Soldevanahalli,Chikkabanavara post, Bangalore SOLDEVANAHALLI, HESARAGHATTA MAIN ROAD, CHIKKABANAVARA POST,BANGALORE URBAN","Artificial Intelligence and Machine Learning",25142,,,,,,24882,,29044,,26408,
2025,R2,E079,"Acharya Institute of Technology, Soldevanahalli,Chikkabanavara post, Bangalore SOLDEVANAHALLI, HESARAGHATTA MAIN ROAD, CHIKKABANAVARA POST,BANGALORE URBAN","Computer Science and Engineering",26484,,,,28596,,25636,,27672,,27508,
2025,R2,E079,"Acharya Institute of Technology, Soldevanahalli,Chikkabanavara post, Bangalore SOLDEVANAHALLI, HESARAGHATTA MAIN ROAD, CHIKKABANAVARA POST,BANGALORE URBAN","Computer Science and Engineering - Data Science",28428,,,,,,27409,,,,29440,
2025,R2,E079,"Acharya Institute of Technology, Soldevanahalli,Chikkabanavara post, Bangalore SOLDEVANAHALLI, HESARAGHATTA MAIN ROAD, CHIKKABANAVARA POST,BANGALORE URBAN","Information Science and Engineering",30472,,,,33125,,30105,,33921,,32269,
2025,R2,E079,"Acharya Institute of Technology, Soldevanahalli,Chikkabanavara post, Bangalore SOLDEVANAHALLI, HESARAGHATTA MAIN ROAD, CHIKKABANAVARA POST,BANGALORE URBAN","Robotics and Artificial Intelligence",34810,,,,,,33206,,36870,,36301,
2025,R2,E082,"J S S Academy of Technical Education, Bangalore JSSATE CAMPUS,UTTARAHALLI-KENGERI ROAD ,BANGALORE 560060","Computer Science and Engineering (AI and ML)",19339,,,,21895,,19062,,26546,,21699,
2025,R2,E082,"J S S Academy of Technical Education, Bangalore JSSATE CAMPUS,UTTARAHALLI-KENGERI ROAD ,BANGALORE 560060","Computer Science and Engineering",18266,,,,,,17798,,25349,,20220.5,
2025,R2,E082,"J S S Academy of Technical Education, Bangalore JSSATE CAMPUS,UTTARAHALLI-KENGERI ROAD ,BANGALORE 560060","Information Science and Engineering",22646,,,,,,21756,,29159,,22838,
2025,R2,E082,"J S S Academy of Technical Education, Bangalore JSSATE CAMPUS,UTTARAHALLI-KENGERI ROAD ,BANGALORE 560060","Robotics and Automation",,,,,,,24955,,,,28668,
2025,R2,E083,"H.K.B.K.College of Engineering, Bangalore # 22/1, NAGAWARA, BANGALORE-560045","Artificial Intelligence and Machine Learning",59752,,91288,,,,55928,,57976,,66999,
2025,R2,E091,"K S Institute of Technology, Raghuvanahalli, Bangalore(AUTONOMOUS) #14,RAGUVANAHALLI, KANAKAPURA MAIN ROAD,BANGALORE - 560 062.","Artificial Intelligence and Machine Learning",40541,,,,,,39650,,45790,,41362,
2025,R2,E091,"K S Institute of Technology, Raghuvanahalli, Bangalore(AUTONOMOUS) #14,RAGUVANAHALLI, KANAKAPURA MAIN ROAD,BANGALORE - 560 062.","Computer Science and Design",54325,,,,,,50171,,62303,,66786,
2025,R2,E091,"K S Institute of Technology, Raghuvanahalli, Bangalore(AUTONOMOUS) #14,RAGUVANAHALLI, KANAKAPURA MAIN ROAD,BANGALORE - 560 062.","Computer Science - IoT and Blockchain",43745,,,,,,42845,,,,46450,
2025,R2,E091,"K S Institute of Technology, Raghuvanahalli, Bangalore(AUTONOMOUS) #14,RAGUVANAHALLI, KANAKAPURA MAIN ROAD,BANGALORE - 560 062.","Computer Science and Engineering",37496,,,,,,35543.5,,39038,,40942,
2025,R2,E092,"Vemana Institute of Technology, Bangalore #1, MAHAYOGI VEMANA ROAD, 3RD BLOCK, KORMANGALA, BANGALORE -560034.","Artificial Intelligence and Machine Learning",54550,,,,,,50033,,60418,,52769,
2025,R2,E092,"Vemana Institute of Technology, Bangalore #1, MAHAYOGI VEMANA ROAD, 3RD BLOCK, KORMANGALA, BANGALORE -560034.","Computer Science and Engineering",58197,,,,70126,,56439,,67321,,69037,
2025,R2,E095,"AMC Engineering College, Bannerghatta Road, Bangalore(AUTONOMOUS) 18KM,BANNERAGHATTA ROAD,KALKERE,BANGALORE-560083,BANGALORE URBAN","Artificial Intelligence and Machine Learning",41562,,,,,,39341,,45422,,42785,
2025,R2,E095,"AMC Engineering College, Bannerghatta Road, Bangalore(AUTONOMOUS) 18KM,BANNERAGHATTA ROAD,KALKERE,BANGALORE-560083,BANGALORE URBAN","Computer Science and Engineering (AI and ML)",49808,,,,,,45090,,50937,,54137,
2025,R2,E095,"AMC Engineering College, Bannerghatta Road, Bangalore(AUTONOMOUS) 18KM,BANNERAGHATTA ROAD,KALKERE,BANGALORE-560083,BANGALORE URBAN","Computer Science and Engineering",48371,,,,49670,,44609,,52015,,48901,
2025,R2,E095,"AMC Engineering College, Bannerghatta Road, Bangalore(AUTONOMOUS) 18KM,BANNERAGHATTA ROAD,KALKERE,BANGALORE-560083,BANGALORE URBAN","Computer Science and Engineering - Data Science",51362.5,,,,,,50578,,59189,,55278,
2025,R2,E096,"East Point College of Engineering & Technology, Bangalore(AUTONOMOUS) JNANA PRABHA, BIDARAHALLI,VIRGONAGAR POST,BANGALORE.","Computer Science and Engineering (AI and ML)",48433,,,,59430,,46672,,55690,,57438,
2025,R2,E096,"East Point College of Engineering & Technology, Bangalore(AUTONOMOUS) JNANA PRABHA, BIDARAHALLI,VIRGONAGAR POST,BANGALORE.","Computer Science and Engineering",56482,,,,62201,,52026,,59756,,58216,
2025,R2,E096,"East Point College of Engineering & Technology, Bangalore(AUTONOMOUS) JNANA PRABHA, BIDARAHALLI,VIRGONAGAR POST,BANGALORE.","Computer Science and Engineering - Data Science",59130,,,,,,57774,,,,61383,
2025,R2,E097,"C M R Institute of Technology, Kundala Halli village, Bangalore # 132, KUNDALAHALLI VILLAGE,IT PARK ROAD,BANGALORE - 560 037","Artificial Intelligence and Data Science",20559,,,,,,19225,,24712,,21300,
2025,R2,E097,"C M R Institute of Technology, Kundala Halli village, Bangalore # 132, KUNDALAHALLI VILLAGE,IT PARK ROAD,BANGALORE - 560 037","Artificial Intelligence and Machine Learning",18396,,,,,,17728,,23574,,19561,
2025,R2,E097,"C M R Institute of Technology, Kundala Halli village, Bangalore # 132, KUNDALAHALLI VILLAGE,IT PARK ROAD,BANGALORE - 560 037","Computer Science and Engineering (AI and ML)",16676,,25034,,,,16467,,,,19702,
2025,R2,E097,"C M R Institute of Technology, Kundala Halli village, Bangalore # 132, KUNDALAHALLI VILLAGE,IT PARK ROAD,BANGALORE - 560 037","Computer Science and Engineering",16590,,,,,,14058,,22105,,16601,
2025,R2,E097,"C M R Institute of Technology, Kundala Halli village, Bangalore # 132, KUNDALAHALLI VILLAGE,IT PARK ROAD,BANGALORE - 560 037","Computer Science and Engineering - Data Science",18966,,,,22196,,17691,,30456,,20043,
2025,R2,E097,"C M R Institute of Technology, Kundala Halli village, Bangalore # 132, KUNDALAHALLI VILLAGE,IT PARK ROAD,BANGALORE - 560 037","Information Science and Engineering",20829.5,,,,,,20064.5,,26203,,21601,
2025,R2,E098,"Atria Institute of Technology, Anand Nagar, Hebbal PO, Bangalore (AUTONOMOUS) ASKB CAMPUS, AG'S COLONY, 1ST MAIN, ANANDNAGAR,BANGALORE","Artificial Intelligence and Machine Learning",38182,,64197,,,,33937,,38199,,38363,
2025,R2,E098,"Atria Institute of Technology, Anand Nagar, Hebbal PO, Bangalore (AUTONOMOUS) ASKB CAMPUS, AG'S COLONY, 1ST MAIN, ANANDNAGAR,BANGALORE","Computer Science and Engineering",43129,,,,48653,,40115.5,,44754,,48464,
2025,R2,E098,"Atria Institute of Technology, Anand Nagar, Hebbal PO, Bangalore (AUTONOMOUS) ASKB CAMPUS, AG'S COLONY, 1ST MAIN, ANANDNAGAR,BANGALORE","Computer Science and Engineering - Data Science",44146,,,,,,44041,,56241,,49986,
2025,R2,E098,"Atria Institute of Technology, Anand Nagar, Hebbal PO, Bangalore (AUTONOMOUS) ASKB CAMPUS, AG'S COLONY, 1ST MAIN, ANANDNAGAR,BANGALORE","Information Science and Engineering",53851,,,,,,51354,,56099,,62046,
2025,R2,E099,"New Horizon College of Engineering, Varthur, Bangalore(AUTONOMOUS) RING ROAD, NEAR MARATHALLI, BELLANDUR POST,KADUBHISANAHALLI,BANGALORE","Artificial Intelligence and Machine Learning",17623,,,,,,16815,,24449,,19166,
2025,R2,E099,"New Horizon College of Engineering, Varthur, Bangalore(AUTONOMOUS) RING ROAD, NEAR MARATHALLI, BELLANDUR POST,KADUBHISANAHALLI,BANGALORE","Computer Science and Engineering",17324,,,,18137,,16182,,23334,,17868,
2025,R2,E101,"Channabasaveshwara Institute of Technology, Gubbi Herur, Tumkur NH 206 (BH ROAD), GUBBI, TUMKUR. KARNATAKA","Computer Science and Engineering",60293,,,,,,57884,,71403,,73287,
2025,R2,E102,"DONBOSCO Institute of Technology, Bangalore(AUTONOMOUS) KUMBALAGODU, MYSORE ROAD, KENGERI HOBLI,BANGALORE-560074","Artificial Intelligence and Data Science",44744,,,,47467,,41973,,42544,,44419,
2025,R2,E102,"DONBOSCO Institute of Technology, Bangalore(AUTONOMOUS) KUMBALAGODU, MYSORE ROAD, KENGERI HOBLI,BANGALORE-560074","Computer Science and Engineering (AI and ML)",42292,,,,,,41836,,50013,,51128,
2025,R2,E102,"DONBOSCO Institute of Technology, Bangalore(AUTONOMOUS) KUMBALAGODU, MYSORE ROAD, KENGERI HOBLI,BANGALORE-560074","Computer Science - IoT and Blockchain",49927,,,,,,48915,,,,61142,
2025,R2,E102,"DONBOSCO Institute of Technology, Bangalore(AUTONOMOUS) KUMBALAGODU, MYSORE ROAD, KENGERI HOBLI,BANGALORE-560074","Computer Science and Engineering",42518,,,,46854,,39699,,49264,,44276,
2025,R2,E102,"DONBOSCO Institute of Technology, Bangalore(AUTONOMOUS) KUMBALAGODU, MYSORE ROAD, KENGERI HOBLI,BANGALORE-560074","Information Science and Engineering",56812,,,,65868,,55034,,59495,,65259,
2025,R2,E103,"Global Academy of Technology, Bangalore(AUTONOMOUS) IDEAL HOMES TOWNSHIP,RAJARAJESHWARINAGAR,BANGALORE-560098","Artificial Intelligence and Data Science",30627,,,,34137,,29920,,37317,,33351,
2025,R2,E103,"Global Academy of Technology, Bangalore(AUTONOMOUS) IDEAL HOMES TOWNSHIP,RAJARAJESHWARINAGAR,BANGALORE-560098","Artificial Intelligence and Machine Learning",28050,,,,,,27284,,,,29541,
2025,R2,E103,"Global Academy of Technology, Bangalore(AUTONOMOUS) IDEAL HOMES TOWNSHIP,RAJARAJESHWARINAGAR,BANGALORE-560098","Computer Science and Engineering (AI and ML)",28614,,,,,,28255,,31730,,33116,
2025,R2,E103,"Global Academy of Technology, Bangalore(AUTONOMOUS) IDEAL HOMES TOWNSHIP,RAJARAJESHWARINAGAR,BANGALORE-560098","Computer Science and Engineering",28187,,,,30758,,26895,,32174,,30619,
2025,R2,E103,"Global Academy of Technology, Bangalore(AUTONOMOUS) IDEAL HOMES TOWNSHIP,RAJARAJESHWARINAGAR,BANGALORE-560098","Information Science and Engineering",33472,,,,,,32517,,39890,,34622,
2025,R2,E106,"East West Institute Of Technology,Bangalore(AUTONOMOUS) SY. NO.63, OFF MAGADI MAIN ROAD, VISHWANEEDAM POST,BANGALORE","Artificial Intelligence and Data Science",56117,,,,,,56023,,65535,,60699,
2025,R2,E106,"East West Institute Of Technology,Bangalore(AUTONOMOUS) SY. NO.63, OFF MAGADI MAIN ROAD, VISHWANEEDAM POST,BANGALORE","Artificial Intelligence and Machine Learning",,,,,,,47088.5,,,,48301,
2025,R2,E106,"East West Institute Of Technology,Bangalore(AUTONOMOUS) SY. NO.63, OFF MAGADI MAIN ROAD, VISHWANEEDAM POST,BANGALORE","Computer Science and Engineering (AI and ML)",59527,,,,,,56165.5,,67335,,65825,
2025,R2,E106,"East West Institute Of Technology,Bangalore(AUTONOMOUS) SY. NO.63, OFF MAGADI MAIN ROAD, VISHWANEEDAM POST,BANGALORE","Computer Science and Engineering",60085,,,,67638,,55513,,61807,,60784,
2025,R2,E107,"B N M Institute of Technology, Bangalore (AUTONOMOUS) 12TH MAIN, 27TH CROSS, BSK SECOND STAGE","Artificial Intelligence and Machine Learning",14936,,,,,,14480,,20238,,16677,
2025,R2,E107,"B N M Institute of Technology, Bangalore (AUTONOMOUS) 12TH MAIN, 27TH CROSS, BSK SECOND STAGE","Computer Science and Engineering",12872,,,,,,12288,,20182,,15223.8,
2025,R2,E107,"B N M Institute of Technology, Bangalore (AUTONOMOUS) 12TH MAIN, 27TH CROSS, BSK SECOND STAGE","Information Science and Engineering",15174,,,,18487,,14305.5,,20190,,16898,
2025,R2,E108,"SAPTHAGIRI NPS UNIVERISTY #14/5, CHIKKASANDRA,HESARAGHATTA MAIN ROAD,BANGALURU","Computer Science and Engineering (AI and ML)",59240,,,,67637,,54765,,70487,,64594,
2025,R2,E108,"SAPTHAGIRI NPS UNIVERISTY #14/5, CHIKKASANDRA,HESARAGHATTA MAIN ROAD,BANGALURU","Computer Science and Engineering (AI and Data Science)",49509,,,,,,48251,,60151,,55086,
2025,R2,E111,"Sri Venkateshwara College of Engineering, Bangalore VIDYANAGAR, BENGALURU INTERNATIONAL AIRPORT ROAD,BETTAHALASUR POST,BENGALURU NORTH,BENGALURU - 562 157","Computer Science (Artificial Intelligence)",49644,,,,,,45968,,,,60042,
2025,R2,E114,"G M Institute of Technology, Davanagere POST BOX. NO. 4, P.B.ROAD.DAVANGERE.","Artificial Intelligence and Machine Learning",66625,,,,,,51255,,52902,,55860,
2025,R2,E114,"G M Institute of Technology, Davanagere POST BOX. NO. 4, P.B.ROAD.DAVANGERE.","Computer Science and Engineering",64342,,,,66909,,44818,,45732,,49776,
2025,R2,E115,"S.J B. Institute of Technology, Bangalore (AUTONOMOUS) BGS HEALTH & EDUCATION CITY,NO 67, UTTARAHALLI ROAD.KENGERI, BANGALORE -60","Artificial Intelligence and Machine Learning",,,,,,,21998,,29695.8,,23374,
2025,R2,E115,"S.J B. Institute of Technology, Bangalore (AUTONOMOUS) BGS HEALTH & EDUCATION CITY,NO 67, UTTARAHALLI ROAD.KENGERI, BANGALORE -60","Computer Science and Engineering",22968.5,,,,,,22669,,27000,,23880,
2025,R2,E115,"S.J B. Institute of Technology, Bangalore (AUTONOMOUS) BGS HEALTH & EDUCATION CITY,NO 67, UTTARAHALLI ROAD.KENGERI, BANGALORE -60","Computer Science and Engineering - Data Science",24358,,43633,,,,24326,,,,25344,
2025,R2,E115,"S.J B. Institute of Technology, Bangalore (AUTONOMOUS) BGS HEALTH & EDUCATION CITY,NO 67, UTTARAHALLI ROAD.KENGERI, BANGALORE -60","Information Science and Engineering",26737,,,,,,26441,,32792,,29458,
2025,R2,E118,"RNS Institute of Technology, Bangalore (AUTONOMOUS) CHANNASANDRA,UTTARAHALLI -KENGERI MAIN ROAD,SUBRAMANYAPURA POST,BANGALORE","Computer Science and Engineering (AI and ML)",15573.5,,,,17769,,15163,,20478,,17342,
2025,R2,E118,"RNS Institute of Technology, Bangalore (AUTONOMOUS) CHANNASANDRA,UTTARAHALLI -KENGERI MAIN ROAD,SUBRAMANYAPURA POST,BANGALORE","Computer Science and Engineering",15051,,22684.5,,16621,,13941,,19669,,16188,
2025,R2,E118,"RNS Institute of Technology, Bangalore (AUTONOMOUS) CHANNASANDRA,UTTARAHALLI -KENGERI MAIN ROAD,SUBRAMANYAPURA POST,BANGALORE","Computer Science - Cyber Security",17442,,,,,,16983,,22846,,19087,
2025,R2,E118,"RNS Institute of Technology, Bangalore (AUTONOMOUS) CHANNASANDRA,UTTARAHALLI -KENGERI MAIN ROAD,SUBRAMANYAPURA POST,BANGALORE","Computer Science and Engineering - Data Science",16890,,,,,,16389,,24254,,18818,
2025,R2,E123,"Canara Engineering College Bantwal, BENJANAPADAVU,BANTWAL,PIN 574219,DAKSHINA KANNADA DIST,","Artificial Intelligence and Machine Learning",85207,,,,85497,,59683,,76387,,74677,
2025,R2,E124,"Rajiv Gandhi Institute of Technology, Bangalore CHOLANGAR,R.T.NAGAR POST, HEBBAL,BANGALORE-560032","Artificial Intelligence and Machine Learning",,,,,,,50914.5,,,,51205,
2025,R2,E126,"B M S Institute of Technology & Management, Yelahanka, Bangalore(AUTONOMOUS) POST BOX NO.6443, AVALAHALLI,DODDABALLAPURA MAIN ROAD,YELAHANKA, BANGALORE - 560064.","Artificial Intelligence and Machine Learning",12813,,,,14922,,12577,,15350,,14878,
2025,R2,E126,"B M S Institute of Technology & Management, Yelahanka, Bangalore(AUTONOMOUS) POST BOX NO.6443, AVALAHALLI,DODDABALLAPURA MAIN ROAD,YELAHANKA, BANGALORE - 560064.","Computer Science and Business Systems",16018,,,,17222,,13308,,24790,,16924,
2025,R2,E126,"B M S Institute of Technology & Management, Yelahanka, Bangalore(AUTONOMOUS) POST BOX NO.6443, AVALAHALLI,DODDABALLAPURA MAIN ROAD,YELAHANKA, BANGALORE - 560064.","Computer Science and Engineering",12711,,19365,,14470,,11285,,18354,,14080,
2025,R2,E128,"Sharanbasava University (Formerly Appa Institute of Engineering and Tech) SHARNBASVESHWARA INSTITUTIONS CAMPUS , KALABURAGI ( GULBARGA) -585103 , KARNATAKA","Artificial Intelligence and Data Science",,,,,,,46230,,87920,,69881,
2025,R2,E128,"Sharanbasava University (Formerly Appa Institute of Engineering and Tech) SHARNBASVESHWARA INSTITUTIONS CAMPUS , KALABURAGI ( GULBARGA) -585103 , KARNATAKA","Computer Science and Engineering",81381.5,,,,,,45168,,64030,,81612,
2025,R2,E129,"St.Joseph Engineering College, Mangalore(AUTONOMOUS) MANGALORE","Artificial Intelligence and Machine Learning",,,,,45660,,23830,,,,29102,
2025,R2,E129,"St.Joseph Engineering College, Mangalore(AUTONOMOUS) MANGALORE","Computer Science and Business Systems",74076,,,,97341,,39743,,40025,,48100,
2025,R2,E129,"St.Joseph Engineering College, Mangalore(AUTONOMOUS) MANGALORE","Computer Science and Engineering",35885,,,,,,28113,,37067,,30458,
2025,R2,E129,"St.Joseph Engineering College, Mangalore(AUTONOMOUS) MANGALORE","Computer Science and Engineering - Data Science",27394,,85382,,,,23225,,,,27415,
2025,R2,E133,"G S S S Institute of Engineering & Technology for Women, Mysore K.R.S. ROAD, METAGALLI INDUSTRIAL AREA, MYSORE-16","Artificial Intelligence and Data Science",28041,,,,,,27547,,,,31397,
2025,R2,E133,"G S S S Institute of Engineering & Technology for Women, Mysore K.R.S. ROAD, METAGALLI INDUSTRIAL AREA, MYSORE-16","Computer Science and Engineering (AI and ML)",24253,,,,,,23245,,29114,,29879,
2025,R2,E133,"G S S S Institute of Engineering & Technology for Women, Mysore K.R.S. ROAD, METAGALLI INDUSTRIAL AREA, MYSORE-16","Computer Science and Engineering",21752,,,,,,20244,,25732,,25041,
2025,R2,E133,"G S S S Institute of Engineering & Technology for Women, Mysore K.R.S. ROAD, METAGALLI INDUSTRIAL AREA, MYSORE-16","Information Science and Engineering",27134,,,,33271,,26879,,,,30845,
2025,R2,E135,"K L S Viswanathrao Deshpande Institute of Technology, Haliyal UDYOG VIDYA NAGAR,DANDELI ROAD, HALIYAL-581329","Computer Science and Engineering",87225,,,,,,59721,,63166,,77583,
2025,R2,E141,"PES UNIVERSITY(Electronic City Campus) Hosur Rd, Konappana Agrahara, Electronic City, Bengaluru, Karnataka 560100","Computer Science (AI and Machine Learning)",8583,,16141,,9370,,6043,,14355,,9186,
2025,R2,E141,"PES UNIVERSITY(Electronic City Campus) Hosur Rd, Konappana Agrahara, Electronic City, Bengaluru, Karnataka 560100","Computer Science and Engineering",7782,,,,9697,,5084,,14942,,8839,
2025,R2,E142,"Adhichunchanagiri University (Formerly B G S Institute of Technology) B.G.NAGARA ,NAGAMANGALA TALUK,MANDYA DISTRICT -571448","Artificial Intelligence and Machine Learning",61650.5,,64340,,,,58713,,,,61032,
2025,R2,E145,"Rajarajeswari College of Engineering, Bangalore (AUTONOMOUS) #14, RAMOHOLLI CROSS,KUMBALGODU, MYSORE ROAD,BANGALORE - 560074","Artificial Intelligence and Machine Learning",42707.5,,,,63607,,41948.5,,47151,,51650,
2025,R2,E145,"Rajarajeswari College of Engineering, Bangalore (AUTONOMOUS) #14, RAMOHOLLI CROSS,KUMBALGODU, MYSORE ROAD,BANGALORE - 560074","Computer Science - IoT and Blockchain",,,,,78223,,55836.5,,,,76509,
2025,R2,E145,"Rajarajeswari College of Engineering, Bangalore (AUTONOMOUS) #14, RAMOHOLLI CROSS,KUMBALGODU, MYSORE ROAD,BANGALORE - 560074","Computer Science and Engineering",44690,,,,,,44013.5,,47707,,51597,
2025,R2,E149,"Cambridge Institutute of Technology, K.R.Puram, Bangalore(AUTONOMOUS) K R PURAM,BANGALORE","Artificial Intelligence and Machine Learning",30956,,,,,,26168,,32989,,31413,
2025,R2,E149,"Cambridge Institutute of Technology, K.R.Puram, Bangalore(AUTONOMOUS) K R PURAM,BANGALORE","Computer Science - IoT and Blockchain",33413,,,,,,32863,,42885,,39822,
2025,R2,E149,"Cambridge Institutute of Technology, K.R.Puram, Bangalore(AUTONOMOUS) K R PURAM,BANGALORE","Computer Science and Engineering",31250,,,,33572,,29679,,34339,,32259,
2025,R2,E149,"Cambridge Institutute of Technology, K.R.Puram, Bangalore(AUTONOMOUS) K R PURAM,BANGALORE","Computer Science and Engineering - Data Science",32023,,,,36321,,30709,,35506,,32819,
2025,R2,E150,"P E S Institute of Technology & Management, Shimoga GUDDADAARAKERE, KOTEGANGOORSAGAR ROAD,SHIMOGA","Artificial Intelligence and Machine Learning",60232,,,,85798,,59262,,71474,,72769,
2025,R2,E150,"P E S Institute of Technology & Management, Shimoga GUDDADAARAKERE, KOTEGANGOORSAGAR ROAD,SHIMOGA","Computer Science and Engineering",65519,,,,,,59956,,66277,,70158,
2025,R2,E151,"Mangalore Institute of Technology & Engineering, Moodabidri, Mangalore(AUTONOMOUS) BADAGA MIJAR,","Artificial Intelligence and Machine Learning",46236,,,,,,40059,,50323,,50021,
2025,R2,E151,"Mangalore Institute of Technology & Engineering, Moodabidri, Mangalore(AUTONOMOUS) BADAGA MIJAR,","Computer Science and Engineering (AI and ML)",44913,,,,,,30362,,,,44064,
2025,R2,E151,"Mangalore Institute of Technology & Engineering, Moodabidri, Mangalore(AUTONOMOUS) BADAGA MIJAR,","Computer Science - IoT and Blockchain",64876,,,,,,49300,,61919,,63299,
2025,R2,E151,"Mangalore Institute of Technology & Engineering, Moodabidri, Mangalore(AUTONOMOUS) BADAGA MIJAR,","Computer Science and Engineering",49957,,,,52260,,37754,,40561,,43527,
2025,R2,E151,"Mangalore Institute of Technology & Engineering, Moodabidri, Mangalore(AUTONOMOUS) BADAGA MIJAR,","Information Science and Engineering",62192,,,,,,54772,,59794.2,,58740,
2025,R2,E155,"Government Engineering College, Hassan DAIRY CIRCLE, B M ROAD, HASSAN","Artificial Intelligence and Machine Learning",44932,,,,,,44404,,48519,,49818,
2025,R2,E155,"Government Engineering College, Hassan DAIRY CIRCLE, B M ROAD, HASSAN","Computer Science and Engineering",46587,,,,55725,,44639,,45743,,51073,
2025,R2,E158,"Maharaja Institute of Technology Mysore,Belawadi,Srirangapatna,Mandya(AUTONOMOUS) BEHIND K R MILLS,BELAWADI VILLAGE,NAGUVANAHALLI PANCHAYAT,SRIRANGAPATNA TALUK,MANDYA DISTRICT","Computer Science (Artificial Intelligence)",50164,,,,,,50123,,,,50996,
2025,R2,E158,"Maharaja Institute of Technology Mysore,Belawadi,Srirangapatna,Mandya(AUTONOMOUS) BEHIND K R MILLS,BELAWADI VILLAGE,NAGUVANAHALLI PANCHAYAT,SRIRANGAPATNA TALUK,MANDYA DISTRICT","Computer Science and Engineering (AI and ML)",,,,,46743,,40174,,,,46421,
2025,R2,E158,"Maharaja Institute of Technology Mysore,Belawadi,Srirangapatna,Mandya(AUTONOMOUS) BEHIND K R MILLS,BELAWADI VILLAGE,NAGUVANAHALLI PANCHAYAT,SRIRANGAPATNA TALUK,MANDYA DISTRICT","Computer Science - IoT and Blockchain",66160,,,,,,58885,,85510,,69569,
2025,R2,E158,"Maharaja Institute of Technology Mysore,Belawadi,Srirangapatna,Mandya(AUTONOMOUS) BEHIND K R MILLS,BELAWADI VILLAGE,NAGUVANAHALLI PANCHAYAT,SRIRANGAPATNA TALUK,MANDYA DISTRICT","Computer Science and Engineering",46757,,,,,,46095,,59816,,49101,
2025,R2,E158,"Maharaja Institute of Technology Mysore,Belawadi,Srirangapatna,Mandya(AUTONOMOUS) BEHIND K R MILLS,BELAWADI VILLAGE,NAGUVANAHALLI PANCHAYAT,SRIRANGAPATNA TALUK,MANDYA DISTRICT","Computer Science and Engineering - Data Science",59012,,,,,,54097,,59729,,59403,
2025,R2,E160,"Sahyadri College Of Engineering & Management, Adyar, Mangalore(AUTONOMOUS) 'SAHYADRI CAMPUS'N.H-48, ADYAR,MANGALORE","Computer Science and Engineering (AI and ML)",34408,,,,,,25589,,33052,,29790,
2025,R2,E160,"Sahyadri College Of Engineering & Management, Adyar, Mangalore(AUTONOMOUS) 'SAHYADRI CAMPUS'N.H-48, ADYAR,MANGALORE","Computer Science and Engineering",22784,,,,26871,,18656,,24444,,25761,
2025,R2,E160,"Sahyadri College Of Engineering & Management, Adyar, Mangalore(AUTONOMOUS) 'SAHYADRI CAMPUS'N.H-48, ADYAR,MANGALORE","Information Science and Engineering",41120,,,,,,31253,,31357,,34088,
2025,R2,E160,"Sahyadri College Of Engineering & Management, Adyar, Mangalore(AUTONOMOUS) 'SAHYADRI CAMPUS'N.H-48, ADYAR,MANGALORE","Robotics and Automation",50438,,,,,,37431,,,,42993.5,
2025,R2,E162,"Government Engineering College, Raichur RAICHUR-HYDERABAD ROAD YERAMARUS,RAICHUR","Computer Science and Engineering",77439,,,,130493,,59957,,,,75740,
2025,R2,E167,"K L E S's K L E College of Engineering & Technology, Chikkodi, Belgaum Dist. BANANTIKODI ROAD CHIKODI,BELGAUM -591 201,","Artificial Intelligence and Data Science",,,,,195000,,51585,,54372,,57104,
2025,R2,E167,"K L E S's K L E College of Engineering & Technology, Chikkodi, Belgaum Dist. BANANTIKODI ROAD CHIKODI,BELGAUM -591 201,","Computer Science and Engineering",64826,,,,,,56281,,58497,,61443,
2025,R2,E172,"R.R. Institute of Technology, Chikkabanavara, Bangalore(AUTONOMOUS) NO. 67, RAJA REDDY LAYOUT,NEAR CHIKKABANAVARA RAILWAY STATION,CHIKKABANAVARA,BANGALORE - 560090","Artificial Intelligence and Machine Learning",59473,,,,,,58096,,73464,,63427,
2025,R2,E173,"Sai Vidya Institute of Technology, Rajanakunte, Bangalore RAJANUKUNTE,DODDBALLAPURA ROAD ,VIA: YELAHANKA,BANGALORE","Computer Science and Engineering (AI and ML)",60289,,,,79270,,58313,,102579,,71449,
2025,R2,E173,"Sai Vidya Institute of Technology, Rajanakunte, Bangalore RAJANUKUNTE,DODDBALLAPURA ROAD ,VIA: YELAHANKA,BANGALORE","Computer Science and Engineering",57073,,,,,,52195,,59594,,55624,
2025,R2,E175,"S.S.E.T.S.S.G.Balekundri Institute of Technology, Shivabasavanagar, Belgaum SHIVABASAVA NAGAR, BELGAUM - 590010","Computer Science and Engineering",92648,,,,,,55493,,60815,,70367,
2025,R2,E178,"The National Institute of Engineering(NORTH CAMPUS), No.50(Part) Koorgalli,Hootgalli Industrial Area ,Mysuru-570018","Computer Science and Engineering (AI and ML)",11431,,,,12095,,10403,,12989,,11949,
2025,R2,E178,"The National Institute of Engineering(NORTH CAMPUS), No.50(Part) Koorgalli,Hootgalli Industrial Area ,Mysuru-570018","Computer Science and Engineering",10980.5,,,,12077,,9994,,13108,,12058,
2025,R2,E196,"Jain College of Engineering,Machche, Belgaum T.S. NAGAR,HUNCHANHATTI ROAD,MACCHE, BELGAUM- 590014.","Computer Science and Engineering (AI and ML)",52010,,52467,,,,31762,,,,41012,
2025,R2,E196,"Jain College of Engineering,Machche, Belgaum T.S. NAGAR,HUNCHANHATTI ROAD,MACCHE, BELGAUM- 590014.","Computer Science and Engineering",51490,,,,,,38978,,40493,,41090,
2025,R2,E209,"Jyothi Institute of Technology, Kanakapura Road,Bangalore ,BANGALORE","Artificial Intelligence and Machine Learning",49880,,,,,,48937,,,,67329,
2025,R2,E209,"Jyothi Institute of Technology, Kanakapura Road,Bangalore ,BANGALORE","Computer Science and Engineering",61559,,,,,,55893,,76595,,68222,
2025,R2,E212,"Dayananda Sagar Academy of Technology & Management Technical Campus, Bangalore(AUTONOMOUS) UDAYAPURA,KANAKAPURA ROAD,BANGALORE URBAN","Computer Science and Engineering (AI and ML)",19884,,,,24330,,18425,,27381,,23777.5,
2025,R2,E212,"Dayananda Sagar Academy of Technology & Management Technical Campus, Bangalore(AUTONOMOUS) UDAYAPURA,KANAKAPURA ROAD,BANGALORE URBAN","Computer Science - IoT and Blockchain",25256,,,,,,24826,,31797,,30816.5,
2025,R2,E212,"Dayananda Sagar Academy of Technology & Management Technical Campus, Bangalore(AUTONOMOUS) UDAYAPURA,KANAKAPURA ROAD,BANGALORE URBAN","Computer Science and Engineering",20160.5,,,,23624,,19226,,23203,,22600,
2025,R2,E212,"Dayananda Sagar Academy of Technology & Management Technical Campus, Bangalore(AUTONOMOUS) UDAYAPURA,KANAKAPURA ROAD,BANGALORE URBAN","Computer Science - Cyber Security",23185,,38544,,,,23111.5,,,,25893,
2025,R2,E212,"Dayananda Sagar Academy of Technology & Management Technical Campus, Bangalore(AUTONOMOUS) UDAYAPURA,KANAKAPURA ROAD,BANGALORE URBAN","Computer Science and Engineering - Data Science",23491,,,,,,21408,,27722,,24891.5,
2025,R2,E212,"Dayananda Sagar Academy of Technology & Management Technical Campus, Bangalore(AUTONOMOUS) UDAYAPURA,KANAKAPURA ROAD,BANGALORE URBAN","Information Science and Engineering",24622,,,,,,24178,,29962,,24957,
2025,R2,E220,"ALLIANCE University Central Campus, Chikkahadage Cross Chandapura-Anekal, Main Road, Bengaluru, Karnataka 562106","Artificial Intelligence and Machine Learning",28828,,,,,,26742,,,,38301,
2025,R2,E220,"ALLIANCE University Central Campus, Chikkahadage Cross Chandapura-Anekal, Main Road, Bengaluru, Karnataka 562106","Computer Science (AI and Machine Learning)",36310,,,,,,34866,,38782,,47725,
2025,R2,E220,"ALLIANCE University Central Campus, Chikkahadage Cross Chandapura-Anekal, Main Road, Bengaluru, Karnataka 562106","Computer Science and Engineering",46375,,67910,,54850,,44112,,65119,,54145,
2025,R2,E220,"ALLIANCE University Central Campus, Chikkahadage Cross Chandapura-Anekal, Main Road, Bengaluru, Karnataka 562106","Computer Science - Cyber Security",39289,,,,,,36692,,,,39463,
2025,R2,E220,"ALLIANCE University Central Campus, Chikkahadage Cross Chandapura-Anekal, Main Road, Bengaluru, Karnataka 562106","Computer Science - Internet of Things",52532,,,,,,50574,,81564,,62873,
2025,R2,E220,"ALLIANCE University Central Campus, Chikkahadage Cross Chandapura-Anekal, Main Road, Bengaluru, Karnataka 562106","Information Technology",53861,,,,,,52218,,,,57830,
2025,R2,E222,"Cambridge Institute Of Technology, North Campus, Devanahalli, Bangalore SURVEY NO. 73, LINGADHEERA GOLLAHALLI, KUNDANA POST, DEVANAHALLI TALUK","Computer Science and Engineering (AI and ML)",63853,,,,,,51980.5,,56881,,57600,
2025,R2,E222,"Cambridge Institute Of Technology, North Campus, Devanahalli, Bangalore SURVEY NO. 73, LINGADHEERA GOLLAHALLI, KUNDANA POST, DEVANAHALLI TALUK","Computer Science and Engineering",63129,,,,,,59311,,73189,,64164,
2025,R2,E232,"REVA University RUKMINI KNOWLEDGE PARK, KATTIGENAHALLI, YELAHANKA,BANGALORE - 560064,","Computer Science and Information Technology",28737,,,,,,27016,,33068,,32209,
2025,R2,E232,"REVA University RUKMINI KNOWLEDGE PARK, KATTIGENAHALLI, YELAHANKA,BANGALORE - 560064,","Artificial Intelligence and Data Science",23718,,,,,,22233,,28392,,25609,
2025,R2,E232,"REVA University RUKMINI KNOWLEDGE PARK, KATTIGENAHALLI, YELAHANKA,BANGALORE - 560064,","Computer Science (AI and Machine Learning)",22137,,,,23727.5,,20200,,26140,,23507,
2025,R2,E232,"REVA University RUKMINI KNOWLEDGE PARK, KATTIGENAHALLI, YELAHANKA,BANGALORE - 560064,","Computer Science and Engineering",19871,,,,23344,,18732,,24131,,22848,
2025,R2,E232,"REVA University RUKMINI KNOWLEDGE PARK, KATTIGENAHALLI, YELAHANKA,BANGALORE - 560064,","Computer Science - IoT and Blockchain",26229,,50095,,32447,,25803,,34277,,30963,
2025,R2,E232,"REVA University RUKMINI KNOWLEDGE PARK, KATTIGENAHALLI, YELAHANKA,BANGALORE - 560064,","Electronics and Computer Engineering",30545,,,,,,29939,,44918,,36022,
2025,R2,E232,"REVA University RUKMINI KNOWLEDGE PARK, KATTIGENAHALLI, YELAHANKA,BANGALORE - 560064,","Information Science and Engineering",23853,,,,,,23686,,29276,,25650,
2025,R2,E232,"REVA University RUKMINI KNOWLEDGE PARK, KATTIGENAHALLI, YELAHANKA,BANGALORE - 560064,","Robotics and Artificial Intelligence",,,,,29947,,25251,,,,29778,
2025,R2,E235,"M . S . Ramaiah University of Applied Sciences UNIVERSITY HOUSE, GNANAGANGOTHRI CAMPUS, NEW BEL ROAD, MSR ROAD, BANGALORE - 560054","Artificial Intelligence and Machine Learning",17662,,,,,,16827,,26595,,19195,
2025,R2,E235,"M . S . Ramaiah University of Applied Sciences UNIVERSITY HOUSE, GNANAGANGOTHRI CAMPUS, NEW BEL ROAD, MSR ROAD, BANGALORE - 560054","Computer Science and Engineering",18527,,,,20580,,17206,,24377,,19933,
2025,R2,E235,"M . S . Ramaiah University of Applied Sciences UNIVERSITY HOUSE, GNANAGANGOTHRI CAMPUS, NEW BEL ROAD, MSR ROAD, BANGALORE - 560054","Mathematics and Computing",,,,,33528,,11086,,,,18734,
2025,R2,E235,"M . S . Ramaiah University of Applied Sciences UNIVERSITY HOUSE, GNANAGANGOTHRI CAMPUS, NEW BEL ROAD, MSR ROAD, BANGALORE - 560054","Robotics",27316,,76818,,,,26290,,,,28695,
2025,R2,E237,"PRESIDENCY University ITGALPURA, RAJANUKUNTE, YELAHANKA, BENGALURU - 560 064","Artificial Intelligence and Data Science",38963,,,,,,35255,,45406,,43238,
2025,R2,E237,"PRESIDENCY University ITGALPURA, RAJANUKUNTE, YELAHANKA, BENGALURU - 560 064","Computer Science (AI and Machine Learning)",36631,,,,43265,,35263,,55172,,41872,
2025,R2,E237,"PRESIDENCY University ITGALPURA, RAJANUKUNTE, YELAHANKA, BENGALURU - 560 064","Computer Science - Blockchain",60512,,,,,,54456,,,,61502,
2025,R2,E237,"PRESIDENCY University ITGALPURA, RAJANUKUNTE, YELAHANKA, BENGALURU - 560 064","Computer Science - Cyber Security",53825,,,,,,52193,,70472,,64895,
2025,R2,E237,"PRESIDENCY University ITGALPURA, RAJANUKUNTE, YELAHANKA, BENGALURU - 560 064","Computer Science and Engineering - Data Science",52948,,,,65201,,49847,,54388,,59748,
2025,R2,E237,"PRESIDENCY University ITGALPURA, RAJANUKUNTE, YELAHANKA, BENGALURU - 560 064","Computer Science - Internet of Things",59550,,,,,,58646,,69650,,74320,
2025,R2,E237,"PRESIDENCY University ITGALPURA, RAJANUKUNTE, YELAHANKA, BENGALURU - 560 064","Computer Science - Big Data",60068,,,,75490,,59358,,,,70261,
2025,R2,E237,"PRESIDENCY University ITGALPURA, RAJANUKUNTE, YELAHANKA, BENGALURU - 560 064","Computer Science and Technology (DevOps)",,,,,,,53291,,66854,,58959,
2025,R2,E237,"PRESIDENCY University ITGALPURA, RAJANUKUNTE, YELAHANKA, BENGALURU - 560 064","Information Science and Engineering",53283,,,,,,52953,,61180,,66056,
2025,R2,E237,"PRESIDENCY University ITGALPURA, RAJANUKUNTE, YELAHANKA, BENGALURU - 560 064","Robotics and Artificial Intelligence",52536,,154781,,,,49162,,,,55030,
2025,R2,E240,"Dayananda Sagar University DEVARAKAGGALAHALLI VILLAGE, HAROHALLI, KANAKAPURA MAIN ROAD, RAMANAGAR DIST","Computer Science (AI and Machine Learning)",28571.5,,,,31214,,26494,,36489.7,,30237,
2025,R2,E240,"Dayananda Sagar University DEVARAKAGGALAHALLI VILLAGE, HAROHALLI, KANAKAPURA MAIN ROAD, RAMANAGAR DIST","Computer Science and Engineering",32613,,55047,,36592,,28636,,47614,,35392,
2025,R2,E240,"Dayananda Sagar University DEVARAKAGGALAHALLI VILLAGE, HAROHALLI, KANAKAPURA MAIN ROAD, RAMANAGAR DIST","Computer Science and Engineering (AI and Data Science)",33576,,,,,,30485.5,,30868,,38414,
2025,R2,E240,"Dayananda Sagar University DEVARAKAGGALAHALLI VILLAGE, HAROHALLI, KANAKAPURA MAIN ROAD, RAMANAGAR DIST","Computer Science - Cyber Security",33906,,,,,,33153,,48995,,38811,
2025,R2,E240,"Dayananda Sagar University DEVARAKAGGALAHALLI VILLAGE, HAROHALLI, KANAKAPURA MAIN ROAD, RAMANAGAR DIST","Computer Science and Engineering - Data Science",33904,,,,,,31911,,42455,,38485,
2025,R2,E240,"Dayananda Sagar University DEVARAKAGGALAHALLI VILLAGE, HAROHALLI, KANAKAPURA MAIN ROAD, RAMANAGAR DIST","Computer Science and Technology",38106,,,,45801,,36739,,52762,,45347,
2025,R2,E240,"Dayananda Sagar University DEVARAKAGGALAHALLI VILLAGE, HAROHALLI, KANAKAPURA MAIN ROAD, RAMANAGAR DIST","Robotics and Artificial Intelligence",38858,,,,,,36004,,50118,,51169,
2025,R2,E240,"Dayananda Sagar University DEVARAKAGGALAHALLI VILLAGE, HAROHALLI, KANAKAPURA MAIN ROAD, RAMANAGAR DIST","Computer Science and Medical Engineering",59390,,,,,,47668,,107095,,62618,
2025,R2,E241,"KLE Technological University(Formerly (BVBCET) BVBHOOMARADDI COLLEGE CAMPUS, VIDYANAGAR, HUBBALLI","Robotics and Automation",,,,,75528,,23951,,,,25560,
2025,R2,E241,"KLE Technological University(Formerly (BVBCET) BVBHOOMARADDI COLLEGE CAMPUS, VIDYANAGAR, HUBBALLI","Computer Science (Artificial Intelligence)",14546,,41837,,,,11128,,12130,,13673,
2025,R2,E241,"KLE Technological University(Formerly (BVBCET) BVBHOOMARADDI COLLEGE CAMPUS, VIDYANAGAR, HUBBALLI","Computer Science and Engineering",15800,,,,16855,,9888,,12015,,12962,
2025,R2,E257,"CMR University Main Campus, Off Hennur Bagalur Main Road, Chagalatti, Bangalore","Computer Engineering",45594,,,,,,42978,,48669,,53899.5,
2025,R2,E257,"CMR University Main Campus, Off Hennur Bagalur Main Road, Chagalatti, Bangalore","Computer Science (AI and Machine Learning)",33653,,,,,,31503,,38102,,40085,
2025,R2,E257,"CMR University Main Campus, Off Hennur Bagalur Main Road, Chagalatti, Bangalore","Computer Science and Engineering",42953,,,,48817,,38001,,47222,,46968,
2025,R2,E257,"CMR University Main Campus, Off Hennur Bagalur Main Road, Chagalatti, Bangalore","Computer Science and Engineering - Data Science",44427,,,,,,42370,,42728,,49063,
2025,R2,E257,"CMR University Main Campus, Off Hennur Bagalur Main Road, Chagalatti, Bangalore","Information Technology",55045,,,,,,44859,,101896,,56625,
2025,R2,E258,"Maharaja Institute of Technology,Tandavapura,Mysore THANDAVAPURA VILLAGA,ON NATIONAL HIGHWWAYNANJANAGUD TALUK,MYSORE DISTRICT","Artificial Intelligence and Data Science",49994,,,,,,43843.7,,64660.5,,60813,
2025,R2,E258,"Maharaja Institute of Technology,Tandavapura,Mysore THANDAVAPURA VILLAGA,ON NATIONAL HIGHWWAYNANJANAGUD TALUK,MYSORE DISTRICT","Computer Science and Engineering (AI and ML)",64077,,,,,,55413,,71528,,68197,
2025,R2,E258,"Maharaja Institute of Technology,Tandavapura,Mysore THANDAVAPURA VILLAGA,ON NATIONAL HIGHWWAYNANJANAGUD TALUK,MYSORE DISTRICT","Computer Science and Engineering",60238,,,,,,55618,,56521,,59503,
2025,R2,E265,"Jain College of Engineering and Technology,Hubballi 404/4, 404/5, SAI NAGAR, UNKAL, HUBLI","Artificial Intelligence and Machine Learning",81478,,,,111443,,53751,,,,56813,
2025,R2,E265,"Jain College of Engineering and Technology,Hubballi 404/4, 404/5, SAI NAGAR, UNKAL, HUBLI","Computer Science and Engineering",65733,,,,,,54140,,54688,,62529,
2025,R2,E269,"Jain College Of Engineering and Research, Belgaum SHREYAS CTS 1598 ADAJCENT TO TO FOUNDRY CLUSTER NEAR DUTCH INDUSTRIAL ESTATE CHANNAMMA NAGAR ANAGOL BELGAVI","Computer Science and Engineering (AI and ML)",72176,,,,,,59372,,70238,,70942,
2025,R2,E272,"Government Engineering College, Talakal, Koppal TALAKAL,TALUKA: YALABURGA, DIST: KOPPAL, KARNATAKA, PIN 583238","Computer Science and Engineering",86146,,,,,,57310,,,,64222,
2025,R2,E275,"R V Institute Of Technology and Management, Bengaluru KOTHANUR, 8TH PHASE J.P.NAGAR, BENGALURU-560 078.","Computer Science and Engineering (AI and ML)",11934,,,,,,11481,,19090,,14968,
2025,R2,E275,"R V Institute Of Technology and Management, Bengaluru KOTHANUR, 8TH PHASE J.P.NAGAR, BENGALURU-560 078.","Computer Science and Engineering",11233,,,,12819,,10608,,15091,,11327,
2025,R2,E279,"VISVESVARAYA TECHNOLOGICAL UNIVERSITY, BELAGAVI CAMPUS, BELAGAVI JNANA SANGAMA, MACHHE, BELAGAVI","Computer Science and Engineering (AI and Data Science)",84305,,114827,,123076,,54700,,55494,,63109,
2025,R2,E283,"University of Mysuru B.N.BAHADUR INSTITUTE OF MANAGEMENT SCIENCES, (DOS IN BUSSINESS ADMINISTRATION)UNIVERSITY OF MYSORE, MANASAGANGOTRI,HUNSUR ROAD,MYSORE.","Artificial Intelligence and Data Science",77316,,,,,,58718,,,,68502,
2025,R2,E284,"Sri Jayachamarajendra College of Engineering(Constituent College of JSS Science & Technology University), Mysore JSS TECHNICAL INSTITUTIONS CAMPUS,MANASAGANGOTHRI PO,MYSORE","Computer Science and Engineering",5856,,,,,,4284,,11324,,6452,
2025,R2,E285,"RV University R.V. VIDYANIKETAN POST, MYSORE ROAD,BANGALORE","Computer Science and Engineering",10168,,31245,,14463,,8409,,18591,,13664,
2025,R2,E286,"BGS College of Engineering & Technology,Bangalore","Artificial Intelligence and Data Science",,,,,,,32340,,49586,,32601,
2025,R2,E286,"BGS College of Engineering & Technology,Bangalore","Artificial Intelligence and Machine Learning",32069,,,,34985,,30490,,,,34462,
2025,R2,E286,"BGS College of Engineering & Technology,Bangalore","Computer Science and Design",51008,,,,,,47552,,,,59121,
2025,R2,E286,"BGS College of Engineering & Technology,Bangalore","Computer Science and Engineering",30769,,,,,,30282,,36130,,31241,
2025,R2,E286,"BGS College of Engineering & Technology,Bangalore","Information Science and Engineering",36764,,,,,,35096,,39680,,40151,
2025,R2,E289,"Visvesvaraya Technological University,VTU,CPGS,Kalburgi.","Computer Science and Engineering",75908,,,,,,53511,,,,66833,
2025,R2,E290,"Visvesvaraya Technological University,VTU,CPGS,Mysuru.","Artificial Intelligence and Data Science",56379,,,,,,47088,,51166,,57243,
2025,R2,E290,"Visvesvaraya Technological University,VTU,CPGS,Mysuru.","Computer Science and Engineering",51278,,,,51529,,41181,,45697,,46664,
2025,R2,E292,"Government Engineering College,Mailur,Bidar","Artificial Intelligence and Data Science",76335,,,,,,58920,,60406,,72881,
2025,R2,E292,"Government Engineering College,Mailur,Bidar","Computer Science and Engineering",,,,,,,45332,,59622,,63192,
2025,R2,E302,"AMITY UNIVERSITY National Highway 648 (old 207), Devanahalli - Doddaballapur Road","Computer Science (AI and Machine Learning)",61767,,,,73905,,57904,,85788,,70373,
2025,R2,E305,"DR H N NATIONAL COLLEGE OF ENGINEERING BENGALURU","Artificial Intelligence and Data Science",61866,,,,,,58161,,,,97613,
2025,R2,E306,"THE CHANAKYA UNIVERSITY NO 29 HARALURU, DEVANAHALLI TALUK (NEAR BENGALURU INTERNATIONLA AIRPORT)","Computer Science and Engineering",44649,,,,,,42653,,112650,,51697,
2025,R2,E306,"THE CHANAKYA UNIVERSITY NO 29 HARALURU, DEVANAHALLI TALUK (NEAR BENGALURU INTERNATIONLA AIRPORT)","Biotechnology and Bio-Engineering",82586,,,,,,46568,,,,65178.5,
2025,R2,E306,"THE CHANAKYA UNIVERSITY NO 29 HARALURU, DEVANAHALLI TALUK (NEAR BENGALURU INTERNATIONLA AIRPORT)","Computer Science and Artificial Intelligence",48289,,,,,,44601,,122438,,53847,
2025,R3,E001,"Univesity of Visvesvaraya College of Engineering (A State Autonomous Public University on IIT Model) K R Circle, Bangalore","Artificial Intelligence and Data Science",7822,,,,,,7213,,9379,,7630,
2025,R3,E001,"Univesity of Visvesvaraya College of Engineering (A State Autonomous Public University on IIT Model) K R Circle, Bangalore","Computer Science and Engineering",6904,,,,7336,,5020,,7871,,6170,
2025,R3,E001,"Univesity of Visvesvaraya College of Engineering (A State Autonomous Public University on IIT Model) K R Circle, Bangalore","Information Science and Engineering",8159,,,,,,7713,,10867,,8344,
2025,R3,E002,"Govt.S K S J T Institute of Engineering, Bangalore AMBEDKAR VEEDHI, K.R. CIRCLE, BANGALORE-01","Computer Science and Engineering",28243,,,,33292,,26717,,27554,,27888,
2025,R3,E004,"Dr. Ambedkar Institute of Technology, Bangalore(AUTONOMOUS) OUTER RING ROAD,NEAR JNANA BHARATHI CAMPUS,MALLATHAHALLI,BANGALORE-560056","Computer Science and Engineering",14299,,15024,,15533,,12452,,14625,,14272,
2025,R3,E005,"R. V. College of Engineering, Bangalore(AUTONOMOUS) R.V. VIDYANIKETAN POST, MYSORE ROAD,BANGALORE","Computer Science and Engineering (AI and ML)",1031,,,,,,742,,2043,,1195,
2025,R3,E005,"R. V. College of Engineering, Bangalore(AUTONOMOUS) R.V. VIDYANIKETAN POST, MYSORE ROAD,BANGALORE","Computer Science and Engineering",769,,,,1393,,499,,1462,,813,
2025,R3,E005,"R. V. College of Engineering, Bangalore(AUTONOMOUS) R.V. VIDYANIKETAN POST, MYSORE ROAD,BANGALORE","Computer Science - Cyber Security",1922,,,,,,990,,2075,,1785,
2025,R3,E005,"R. V. College of Engineering, Bangalore(AUTONOMOUS) R.V. VIDYANIKETAN POST, MYSORE ROAD,BANGALORE","Computer Science and Engineering - Data Science",1135,,,,1796,,944,,,,1272,
2025,R3,E006,"M S Ramaiah Institute of Technology, Bangalore(AUTONOMOUS) VIDYA SOUDHA,MSR NAGAR,MSRIT POST,BANGALORE - 560054.","Artificial Intelligence and Data Science",4806,,,,5743,,4160,,,,5733,
2025,R3,E006,"M S Ramaiah Institute of Technology, Bangalore(AUTONOMOUS) VIDYA SOUDHA,MSR NAGAR,MSRIT POST,BANGALORE - 560054.","Artificial Intelligence and Machine Learning",5007,,,,,,3429,,,,5540,
2025,R3,E006,"M S Ramaiah Institute of Technology, Bangalore(AUTONOMOUS) VIDYA SOUDHA,MSR NAGAR,MSRIT POST,BANGALORE - 560054.","Computer Science and Engineering (AI and ML)",3091,,,,3631,,2791,,3255,,3257,
2025,R3,E006,"M S Ramaiah Institute of Technology, Bangalore(AUTONOMOUS) VIDYA SOUDHA,MSR NAGAR,MSRIT POST,BANGALORE - 560054.","Computer Science and Engineering",2829,,,,,,2076,,3115,,2765,
2025,R3,E006,"M S Ramaiah Institute of Technology, Bangalore(AUTONOMOUS) VIDYA SOUDHA,MSR NAGAR,MSRIT POST,BANGALORE - 560054.","Computer Science - Cyber Security",4422,,10170,,,,4208,,,,5423,
2025,R3,E006,"M S Ramaiah Institute of Technology, Bangalore(AUTONOMOUS) VIDYA SOUDHA,MSR NAGAR,MSRIT POST,BANGALORE - 560054.","Information Science and Engineering",3647,,,,,,3196,,5600,,4184,
2025,R3,E007,"Dayananda Sagar College of Engineering, Bangalore(AUTONOMOUS) SHAVIGE MALLESHWARA HILLS, KUMARASWAMY LAYOUT, BANGALORE-560078","Artificial Intelligence and Machine Learning",9090,,,,,,7846,,11000,,8387,
2025,R3,E007,"Dayananda Sagar College of Engineering, Bangalore(AUTONOMOUS) SHAVIGE MALLESHWARA HILLS, KUMARASWAMY LAYOUT, BANGALORE-560078","Computer Science and Design",11093,,,,,,10584,,19669,,13674,
2025,R3,E007,"Dayananda Sagar College of Engineering, Bangalore(AUTONOMOUS) SHAVIGE MALLESHWARA HILLS, KUMARASWAMY LAYOUT, BANGALORE-560078","Computer Science - IoT and Blockchain",9810,,,,13424,,9597,,19090,,13281,
2025,R3,E007,"Dayananda Sagar College of Engineering, Bangalore(AUTONOMOUS) SHAVIGE MALLESHWARA HILLS, KUMARASWAMY LAYOUT, BANGALORE-560078","Computer Science and Engineering",7689,,,,8020,,6584,,11347,,7674,
2025,R3,E007,"Dayananda Sagar College of Engineering, Bangalore(AUTONOMOUS) SHAVIGE MALLESHWARA HILLS, KUMARASWAMY LAYOUT, BANGALORE-560078","Computer Science - Cyber Security",,,,,,,9323,,,,10790,
2025,R3,E007,"Dayananda Sagar College of Engineering, Bangalore(AUTONOMOUS) SHAVIGE MALLESHWARA HILLS, KUMARASWAMY LAYOUT, BANGALORE-560078","Computer Science and Engineering - Data Science",9135,,,,,,7565,,10092,,8784,
2025,R3,E007,"Dayananda Sagar College of Engineering, Bangalore(AUTONOMOUS) SHAVIGE MALLESHWARA HILLS, KUMARASWAMY LAYOUT, BANGALORE-560078","Information Science and Engineering",9768,,,,12078,,9151,,15049,,11500,
2025,R3,E007,"Dayananda Sagar College of Engineering, Bangalore(AUTONOMOUS) SHAVIGE MALLESHWARA HILLS, KUMARASWAMY LAYOUT, BANGALORE-560078","Robotics and Artificial Intelligence",12284,,,,19166,,11734.5,,37336,,11910,
2025,R3,E008,"Bangalore Institute of Technology, K.R.Road, Bangalore (AUTONOMOUS) K.R.ROAD, V.V.PURA, BANGALORE-560004","Artificial Intelligence and Machine Learning",10803,,,,,,9607,,14460,,12095,
2025,R3,E008,"Bangalore Institute of Technology, K.R.Road, Bangalore (AUTONOMOUS) K.R.ROAD, V.V.PURA, BANGALORE-560004","Computer Science - IoT and Blockchain",14242,,,,,,12460,,25337,,14560,
2025,R3,E008,"Bangalore Institute of Technology, K.R.Road, Bangalore (AUTONOMOUS) K.R.ROAD, V.V.PURA, BANGALORE-560004","Computer Science and Engineering",9458,,,,9744,,8157,,11519,,9548.75,
2025,R3,E008,"Bangalore Institute of Technology, K.R.Road, Bangalore (AUTONOMOUS) K.R.ROAD, V.V.PURA, BANGALORE-560004","Computer Science and Engineering - Data Science",11790,,,,12537,,10993.7,,,,11437,
2025,R3,E008,"Bangalore Institute of Technology, K.R.Road, Bangalore (AUTONOMOUS) K.R.ROAD, V.V.PURA, BANGALORE-560004","Information Science and Engineering",13098,,,,,,12266,,16532,,14007,
2025,R3,E008,"Bangalore Institute of Technology, K.R.Road, Bangalore (AUTONOMOUS) K.R.ROAD, V.V.PURA, BANGALORE-560004","Robotics and Artificial Intelligence",16491,,,,,,15039,,,,19417,
2025,R3,E009,"PES University 100 Feet Ring Road, Banashankari, 3rd Stage, Hosakerehalli, Near DSERT, , Bangalore KARNATAKA, pin code -560085","Computer Science (AI and Machine Learning)",4076,,,,5801,,2694,,7761,,4600,
2025,R3,E011,"M V J College of Engineering, Bangalore(AUTONOMOUS) NEAR ITPB,CHANNASANDRA,KADUGODI POST,BANGALORE","Artificial Intelligence and Machine Learning",27361,,,,,,26347,,37080,,30282,
2025,R3,E011,"M V J College of Engineering, Bangalore(AUTONOMOUS) NEAR ITPB,CHANNASANDRA,KADUGODI POST,BANGALORE","Computer Science and Design",48653,,,,,,43796,,63776,,48281,
2025,R3,E011,"M V J College of Engineering, Bangalore(AUTONOMOUS) NEAR ITPB,CHANNASANDRA,KADUGODI POST,BANGALORE","Computer Science and Engineering",32475,,,,,,29603,,36931,,34928,
2025,R3,E011,"M V J College of Engineering, Bangalore(AUTONOMOUS) NEAR ITPB,CHANNASANDRA,KADUGODI POST,BANGALORE","Computer Science and Engineering - Data Science",34258,,,,,,32245,,,,35807,
2025,R3,E011,"M V J College of Engineering, Bangalore(AUTONOMOUS) NEAR ITPB,CHANNASANDRA,KADUGODI POST,BANGALORE","Information Science and Engineering",35249,,,,,,35166,,45868,,44807,
2025,R3,E012,"Sir M.Visvesvaraya Institute of Technology, Bangalore KRISHNADEVARAYANAGAR, HUNASAMARANAHALLI, VIA YELAHANKA,BANGALORE - 562 157","Artificial Intelligence and Machine Learning",19035,,25768,,,,18692,,,,22158,
2025,R3,E012,"Sir M.Visvesvaraya Institute of Technology, Bangalore KRISHNADEVARAYANAGAR, HUNASAMARANAHALLI, VIA YELAHANKA,BANGALORE - 562 157","Computer Science - IoT and Blockchain",24412,,,,,,23008,,,,27023,
2025,R3,E012,"Sir M.Visvesvaraya Institute of Technology, Bangalore KRISHNADEVARAYANAGAR, HUNASAMARANAHALLI, VIA YELAHANKA,BANGALORE - 562 157","Computer Science and Engineering",19617,,,,22850,,19216,,20982,,21492,
2025,R3,E012,"Sir M.Visvesvaraya Institute of Technology, Bangalore KRISHNADEVARAYANAGAR, HUNASAMARANAHALLI, VIA YELAHANKA,BANGALORE - 562 157","Computer Science and Engineering - Data Science",,,,,25103,,21659,,,,24753,
2025,R3,E012,"Sir M.Visvesvaraya Institute of Technology, Bangalore KRISHNADEVARAYANAGAR, HUNASAMARANAHALLI, VIA YELAHANKA,BANGALORE - 562 157","Information Science and Engineering",26332,,,,,,24178,,34963,,26734,
2025,R3,E012,"Sir M.Visvesvaraya Institute of Technology, Bangalore KRISHNADEVARAYANAGAR, HUNASAMARANAHALLI, VIA YELAHANKA,BANGALORE - 562 157","Robotics and Artificial Intelligence",33868,,,,,,26957.5,,,,29246,
2025,R3,E014,"S J C Institute of Technology, Chickkaballapur(AUTONOMOUS) P B NO. 20, B B ROAD, CHICKBALLAPUR, CHICKBALLAPUR (DISTRICT)","Artificial Intelligence and Data Science",65013,,,,100142,,56185,,79610,,71515,
2025,R3,E014,"S J C Institute of Technology, Chickkaballapur(AUTONOMOUS) P B NO. 20, B B ROAD, CHICKBALLAPUR, CHICKBALLAPUR (DISTRICT)","Computer Science and Engineering (AI and ML)",56841,,,,,,46679,,150837,,58241,
2025,R3,E014,"S J C Institute of Technology, Chickkaballapur(AUTONOMOUS) P B NO. 20, B B ROAD, CHICKBALLAPUR, CHICKBALLAPUR (DISTRICT)","Computer Science and Engineering",53524,,,,,,50611,,52004,,59258,
2025,R3,E016,"Siddaganga Institute of Technology,Tumkur","Computer Science and Engineering (AI and ML)",10338,,,,,,9562,,,,9984,
2025,R3,E016,"Siddaganga Institute of Technology,Tumkur","Computer Science and Engineering",12125,,,,12800,,9809,,12910,,12036,
2025,R3,E016,"Siddaganga Institute of Technology,Tumkur","Information Science and Engineering",13569,,,,,,12432,,15901,,14714,
2025,R3,E017,"Sri Siddhartha Institute of Technology MARALUR ,TUMKUR","Artificial Intelligence and Machine Learning",43447,,,,,,37311,,,,42078,
2025,R3,E017,"Sri Siddhartha Institute of Technology MARALUR ,TUMKUR","Computer Science and Engineering",69637,,,,,,50020,,50895,,55008,
2025,R3,E017,"Sri Siddhartha Institute of Technology MARALUR ,TUMKUR","Computer Science - Cyber Security",71430,,,,,,56944,,,,57513,
2025,R3,E017,"Sri Siddhartha Institute of Technology MARALUR ,TUMKUR","Computer Science and Engineering - Data Science",85149,,,,,,50216,,,,51168,
2025,R3,E021,"Sri Jayachamarajendra College of Engineering(Constituent College of JSS Science & Technology University), Mysore JSS TECHNICAL INSTITUTIONS CAMPUS,MANASAGANGOTHRI PO,MYSORE","Computer Science and Engineering",3921,,,,,,3156,,8500,,4729,
2025,R3,E031,"B V V Sangha`s Basaveshwara Engineering College , Bagalkote (AUTONOMOUS) NIJALINGAPPA ROAD,BAGALKOT 587102","Computer Science and Engineering",27473,,,,,,24315,,24626,,25064,
2025,R3,E034,"SDM College of Engineering, Dharwad (AUTONOMOUS) DHAVALAGIRI,KALGHATGI ROAD,DHARWAD","Artificial Intelligence and Machine Learning",24395,,,,,,17862,,,,19489,
2025,R3,E034,"SDM College of Engineering, Dharwad (AUTONOMOUS) DHAVALAGIRI,KALGHATGI ROAD,DHARWAD","Computer Science and Engineering",20834,,,,,,16711.5,,17231,,20112,
2025,R3,E034,"SDM College of Engineering, Dharwad (AUTONOMOUS) DHAVALAGIRI,KALGHATGI ROAD,DHARWAD","Information Science and Engineering",25427,,,,,,20914,,23011,,25115,
2025,R3,E036,"K L E Technological Univeristy, Belgaum Campus (Formerly KLE Dr M.S.Sheshagiri College of Engineering and Technology) UDYAMBAGH,BELGAUM","Computer Science (Artificial Intelligence)",28653,,,,,,23850,,,,27932,
2025,R3,E036,"K L E Technological Univeristy, Belgaum Campus (Formerly KLE Dr M.S.Sheshagiri College of Engineering and Technology) UDYAMBAGH,BELGAUM","Computer Science and Engineering",31492,,,,,,23578,,24138,,26773,
2025,R3,E037,"K.L.S. Gogte Institute of Technology, Belgaum.(AUTONOMOUS) ""JNANA GANGA"", UDYAMBAG,BELGAUM","Computer Science and Engineering (AI and ML)",18147,,,,,,15720,,,,19057,
2025,R3,E037,"K.L.S. Gogte Institute of Technology, Belgaum.(AUTONOMOUS) ""JNANA GANGA"", UDYAMBAG,BELGAUM","Computer Science and Engineering",20667,,,,21261,,16368,,17004,,18520,
2025,R3,E038,"BLDEA's VP. Dr.P.G. Hallakatti College of Engineering & Technology, Bijapur ASHRAM ROAD,BIJAPUR - 586103","Computer Science and Engineering (AI and ML)",57322,,,,,,44110,,,,60769,
2025,R3,E038,"BLDEA's VP. Dr.P.G. Hallakatti College of Engineering & Technology, Bijapur ASHRAM ROAD,BIJAPUR - 586103","Computer Science and Engineering",78170,,,,159662,,47235,,51747,,57114,
2025,R3,E043,"Gurunanak Dev Engineering College, Bidar MAILOOR ROAD,BIDAR 585403","Artificial Intelligence and Machine Learning",185945,,,,,,53740,,,,83424,
2025,R3,E043,"Gurunanak Dev Engineering College, Bidar MAILOOR ROAD,BIDAR 585403","Computer Science and Engineering",,,,,,,57056,,,,93209,
2025,R3,E044,"Bheemanna Khandre Institute of Technology, Bhalki BHALKI-HUMNABAD ROAD,BHALKI- 585328,DIST. BIDAR","Computer Science and Engineering (AI and ML)",,,,,,,59474,,,,86091,
2025,R3,E047,"Malnad College of Engineering, Hassan(AUTONOMOUS) P.B. NO. 21, SALAGAME ROAD,HASSSAN","Computer Science and Business Systems",59526,,,,,,57627,,,,122442,
2025,R3,E047,"Malnad College of Engineering, Hassan(AUTONOMOUS) P.B. NO. 21, SALAGAME ROAD,HASSSAN","Computer Science and Engineering (AI and ML)",,,,,,,33073,,48241,,44658,
2025,R3,E047,"Malnad College of Engineering, Hassan(AUTONOMOUS) P.B. NO. 21, SALAGAME ROAD,HASSSAN","Computer Science and Engineering",49879,,,,50320,,38845,,45567,,47878,
2025,R3,E047,"Malnad College of Engineering, Hassan(AUTONOMOUS) P.B. NO. 21, SALAGAME ROAD,HASSSAN","Robotics and Artificial Intelligence",68410,,,,79530,,56488,,,,66200,
2025,R3,E048,"B M S College of Engineering, Basavanagudi, Bangalore (AUTONOMOUS) POST BOX NO 1908, BULL TEMPLE ROAD,BANGALORE","Artificial Intelligence and Data Science",5588,,,,8596,,4646,,7908,,5308,
2025,R3,E048,"B M S College of Engineering, Basavanagudi, Bangalore (AUTONOMOUS) POST BOX NO 1908, BULL TEMPLE ROAD,BANGALORE","Artificial Intelligence and Machine Learning",6606.5,,,,8813,,5087.5,,8803,,7937,
2025,R3,E048,"B M S College of Engineering, Basavanagudi, Bangalore (AUTONOMOUS) POST BOX NO 1908, BULL TEMPLE ROAD,BANGALORE","Computer Science and Business Systems",6669,,,,,,6293,,12282,,9964,
2025,R3,E048,"B M S College of Engineering, Basavanagudi, Bangalore (AUTONOMOUS) POST BOX NO 1908, BULL TEMPLE ROAD,BANGALORE","Computer Science - IoT and Blockchain",6742,,,,,,5707,,,,6858,
2025,R3,E048,"B M S College of Engineering, Basavanagudi, Bangalore (AUTONOMOUS) POST BOX NO 1908, BULL TEMPLE ROAD,BANGALORE","Computer Science and Engineering",5893,,7455,,7026,,3870,,7102,,5954,
2025,R3,E048,"B M S College of Engineering, Basavanagudi, Bangalore (AUTONOMOUS) POST BOX NO 1908, BULL TEMPLE ROAD,BANGALORE","Computer Science and Engineering - Data Science",6184,,,,,,4585,,8682,,6913,
2025,R3,E049,"B V V Sangha`s Basaveshwara Engineering College , Bagalkote (AUTONOMOUS) NIJALINGAPPA ROAD,BAGALKOT 587102","Artificial Intelligence and Machine Learning",34017,,,,,,33429,,36312,,34095,
2025,R3,E049,"B V V Sangha`s Basaveshwara Engineering College , Bagalkote (AUTONOMOUS) NIJALINGAPPA ROAD,BAGALKOT 587102","Computer Science and Engineering",35415,,,,,,33642,,34018,,38201,
2025,R3,E049,"B V V Sangha`s Basaveshwara Engineering College , Bagalkote (AUTONOMOUS) NIJALINGAPPA ROAD,BAGALKOT 587102","Information Science and Engineering",60526,,,,,,46367,,48172,,50254,
2025,R3,E057,"JSS Science and Technology University JSS TECHNICAL INSTITUTIONS CAMPUS, MANASAGANGOTHRI, MYSURU 570006","Computer Science and Business Systems",12383,,,,,,11972,,13087,,15143.5,
2025,R3,E057,"JSS Science and Technology University JSS TECHNICAL INSTITUTIONS CAMPUS, MANASAGANGOTHRI, MYSURU 570006","Computer Science and Engineering (AI and ML)",7945.75,,,,,,7311,,,,9001,
2025,R3,E057,"JSS Science and Technology University JSS TECHNICAL INSTITUTIONS CAMPUS, MANASAGANGOTHRI, MYSURU 570006","CS for Differently Abled",7827,,,,8741,,6390,,11165,,8025,
2025,R3,E057,"JSS Science and Technology University JSS TECHNICAL INSTITUTIONS CAMPUS, MANASAGANGOTHRI, MYSURU 570006","Information Science and Engineering",10681,,,,,,9217,,11436.5,,13194,
2025,R3,E058,"P E S College of Engineering, Mandya(AUTONOMOUS) MANDYA: 571 401","Computer Science and Engineering (AI and ML)",34856,,,,,,33313,,61311,,34420,
2025,R3,E058,"P E S College of Engineering, Mandya(AUTONOMOUS) MANDYA: 571 401","Computer Science and Engineering",38197,,,,,,34483,,45599,,39100,
2025,R3,E058,"P E S College of Engineering, Mandya(AUTONOMOUS) MANDYA: 571 401","Computer Science and Engineering - Data Science",45727,,,,,,43599,,45173,,44305,
2025,R3,E058,"P E S College of Engineering, Mandya(AUTONOMOUS) MANDYA: 571 401","Information Science and Engineering",47407,,,,56343,,44303,,,,50820,
2025,R3,E059,"P D A College of Engineering, Gulbarga(AUTONOMOUS) AIWAN-E-SHAHI AREA,STATION ROAD,GULBARGA-585102","Artificial Intelligence and Machine Learning",93387,,,,,,44520,,,,66676,
2025,R3,E059,"P D A College of Engineering, Gulbarga(AUTONOMOUS) AIWAN-E-SHAHI AREA,STATION ROAD,GULBARGA-585102","Computer Science and Engineering",62631,,,,,,40311,,,,62811,
2025,R3,E060,"Dr. Ambedkar Institute of Technology, Bangalore(AUTONOMOUS) OUTER RING ROAD,NEAR JNANA BHARATHI CAMPUS,MALLATHAHALLI,BANGALORE-560056","Artificial Intelligence and Machine Learning",23472,,,,,,22487,,25221,,25893,
2025,R3,E060,"Dr. Ambedkar Institute of Technology, Bangalore(AUTONOMOUS) OUTER RING ROAD,NEAR JNANA BHARATHI CAMPUS,MALLATHAHALLI,BANGALORE-560056","Computer Science and Business Systems",35278,,,,,,30871,,,,33094,
2025,R3,E060,"Dr. Ambedkar Institute of Technology, Bangalore(AUTONOMOUS) OUTER RING ROAD,NEAR JNANA BHARATHI CAMPUS,MALLATHAHALLI,BANGALORE-560056","Computer Science and Engineering",22098.8,,,,,,19997,,24844,,23187,
2025,R3,E060,"Dr. Ambedkar Institute of Technology, Bangalore(AUTONOMOUS) OUTER RING ROAD,NEAR JNANA BHARATHI CAMPUS,MALLATHAHALLI,BANGALORE-560056","Computer Science and Engineering - Data Science",22640,,28487,,,,22162,,,,26414,
2025,R3,E060,"Dr. Ambedkar Institute of Technology, Bangalore(AUTONOMOUS) OUTER RING ROAD,NEAR JNANA BHARATHI CAMPUS,MALLATHAHALLI,BANGALORE-560056","Information Science and Engineering",30062,,,,,,27695,,33092,,30435,
2025,R3,E061,"University B.D.T College of Engineering, Davanagere P J EXTENSION,HADADI ROAD,DAVENGERE","Computer Science and Engineering",28146,,,,,,26588,,30434,,31988,
2025,R3,E061,"University B.D.T College of Engineering, Davanagere P J EXTENSION,HADADI ROAD,DAVENGERE","Robotics and Artificial Intelligence",59387,,,,,,43335,,,,53661,
2025,R3,E062,"Bapuji Institute of Engineering & Technology, Davangere (AUTONOMOUS) BAPUJI INSTITUTE OF ENGINEERING & TECHNOLOGY,P.B. NO.325,SHAMANUR ROAD,DAVANGERE-577 004","Artificial Intelligence and Machine Learning",46462,,,,,,38135,,41846,,50253,
2025,R3,E062,"Bapuji Institute of Engineering & Technology, Davangere (AUTONOMOUS) BAPUJI INSTITUTE OF ENGINEERING & TECHNOLOGY,P.B. NO.325,SHAMANUR ROAD,DAVANGERE-577 004","Computer Science and Engineering",42718,,,,59363,,35148,,38298,,42087,
2025,R3,E062,"Bapuji Institute of Engineering & Technology, Davangere (AUTONOMOUS) BAPUJI INSTITUTE OF ENGINEERING & TECHNOLOGY,P.B. NO.325,SHAMANUR ROAD,DAVANGERE-577 004","Computer Science and Engineering - Data Science",56548,,,,,,43562,,49827,,54722,
2025,R3,E062,"Bapuji Institute of Engineering & Technology, Davangere (AUTONOMOUS) BAPUJI INSTITUTE OF ENGINEERING & TECHNOLOGY,P.B. NO.325,SHAMANUR ROAD,DAVANGERE-577 004","Information Science and Engineering",61574.5,,,,,,48882,,57669,,58772,
2025,R3,E065,"Jawaharlal Nehru New College of Engineering, Shimoga P.B. NO. 128,NAVULE, SHIMOGA","Artificial Intelligence and Machine Learning",29484,,60621,,,,23437,,,,34003,
2025,R3,E065,"Jawaharlal Nehru New College of Engineering, Shimoga P.B. NO. 128,NAVULE, SHIMOGA","Computer Science and Engineering",36138,,,,,,29785,,33733,,44030,
2025,R3,E065,"Jawaharlal Nehru New College of Engineering, Shimoga P.B. NO. 128,NAVULE, SHIMOGA","Computer Science and Engineering - Data Science",60646,,,,100679,,48373,,66505,,53659,
2025,R3,E065,"Jawaharlal Nehru New College of Engineering, Shimoga P.B. NO. 128,NAVULE, SHIMOGA","Information Science and Engineering",68725,,,,,,55652,,68775,,61091,
2025,R3,E066,"University B.D.T. college of Engineering, (H.GOV),Davangere","Computer Science and Engineering",64619,,,,,,49929,,67185,,60927,
2025,R3,E071,"Vidya Vardhaka College of Engineering, Mysore(AUTONOMOUS) P.B.NO.206,GOKULAM 3RD STAGE,MYSORE","Computer Science and Engineering (AI and ML)",23098,,,,,,22601,,27882,,28185,
2025,R3,E071,"Vidya Vardhaka College of Engineering, Mysore(AUTONOMOUS) P.B.NO.206,GOKULAM 3RD STAGE,MYSORE","Computer Science and Engineering",26580,,35822,,28851,,22380,,32885,,26608,
2025,R3,E075,"Ballari Institute of Technology & Management, Bellary(AUTONOMOUS) ""JNANA GANGOTRI"" CAMPUS, #873/2 OF KOLAGAL VILLAGE,BELLARY-HOSPET ROAD, ALLIPUR","Artificial Intelligence and Machine Learning",63011,,,,,,49105,,61667,,64111,
2025,R3,E075,"Ballari Institute of Technology & Management, Bellary(AUTONOMOUS) ""JNANA GANGOTRI"" CAMPUS, #873/2 OF KOLAGAL VILLAGE,BELLARY-HOSPET ROAD, ALLIPUR","Computer Science (Artificial Intelligence)",59209,,,,,,48756,,,,67300,
2025,R3,E075,"Ballari Institute of Technology & Management, Bellary(AUTONOMOUS) ""JNANA GANGOTRI"" CAMPUS, #873/2 OF KOLAGAL VILLAGE,BELLARY-HOSPET ROAD, ALLIPUR","Computer Science and Engineering",54796,,,,,,30270,,,,38689,
2025,R3,E075,"Ballari Institute of Technology & Management, Bellary(AUTONOMOUS) ""JNANA GANGOTRI"" CAMPUS, #873/2 OF KOLAGAL VILLAGE,BELLARY-HOSPET ROAD, ALLIPUR","Computer Science and Engineering - Data Science",,,,,,,54108,,,,70732,
2025,R3,E077,"Vidya Vikas Institute of Engineering & Technology, Mysore #127,ALANAHALLY,ALANAHALLY POST,MYSORE-BANNUR ROAD,MYSORE","Computer Science and Engineering",62280,,,,,,44468,,56038,,67874,
2025,R3,E078,"The Oxford College of Engineering, Bangalore HOSUR ROAD,BOMMANAHALLI,BANGALORE","Artificial Intelligence and Data Science",43688,,,,,,43234,,56099,,45549,
2025,R3,E078,"The Oxford College of Engineering, Bangalore HOSUR ROAD,BOMMANAHALLI,BANGALORE","Artificial Intelligence and Machine Learning",46322,,,,,,38518,,43141,,41715,
2025,R3,E078,"The Oxford College of Engineering, Bangalore HOSUR ROAD,BOMMANAHALLI,BANGALORE","Computer Science and Engineering",42834,,,,,,38247,,44754,,45132,
2025,R3,E078,"The Oxford College of Engineering, Bangalore HOSUR ROAD,BOMMANAHALLI,BANGALORE","Information Science and Engineering",56623,,,,,,49622,,61769,,52399,
2025,R3,E079,"Acharya Institute of Technology, Soldevanahalli,Chikkabanavara post, Bangalore SOLDEVANAHALLI, HESARAGHATTA MAIN ROAD, CHIKKABANAVARA POST,BANGALORE URBAN","Artificial Intelligence and Machine Learning",29468,,,,,,26494,,29044,,32601,
2025,R3,E079,"Acharya Institute of Technology, Soldevanahalli,Chikkabanavara post, Bangalore SOLDEVANAHALLI, HESARAGHATTA MAIN ROAD, CHIKKABANAVARA POST,BANGALORE URBAN","Computer Science and Engineering",29165,,,,31139,,27446.5,,31610,,30743,
2025,R3,E079,"Acharya Institute of Technology, Soldevanahalli,Chikkabanavara post, Bangalore SOLDEVANAHALLI, HESARAGHATTA MAIN ROAD, CHIKKABANAVARA POST,BANGALORE URBAN","Computer Science and Engineering - Data Science",33956,,,,,,30348,,,,31150,
2025,R3,E079,"Acharya Institute of Technology, Soldevanahalli,Chikkabanavara post, Bangalore SOLDEVANAHALLI, HESARAGHATTA MAIN ROAD, CHIKKABANAVARA POST,BANGALORE URBAN","Information Science and Engineering",36654,,,,39218,,34378,,41121,,38363,
2025,R3,E079,"Acharya Institute of Technology, Soldevanahalli,Chikkabanavara post, Bangalore SOLDEVANAHALLI, HESARAGHATTA MAIN ROAD, CHIKKABANAVARA POST,BANGALORE URBAN","Robotics and Artificial Intelligence",37861,,,,,,36524,,36870,,41922,
2025,R3,E082,"J S S Academy of Technical Education, Bangalore JSSATE CAMPUS,UTTARAHALLI-KENGERI ROAD ,BANGALORE 560060","Computer Science and Engineering (AI and ML)",23119,,,,24457,,21636,,26546,,23290,
2025,R3,E082,"J S S Academy of Technical Education, Bangalore JSSATE CAMPUS,UTTARAHALLI-KENGERI ROAD ,BANGALORE 560060","Computer Science and Engineering",21054,,,,,,20198,,25349,,24052,
2025,R3,E082,"J S S Academy of Technical Education, Bangalore JSSATE CAMPUS,UTTARAHALLI-KENGERI ROAD ,BANGALORE 560060","Information Science and Engineering",28646,,,,,,26238,,37241,,30741,
2025,R3,E082,"J S S Academy of Technical Education, Bangalore JSSATE CAMPUS,UTTARAHALLI-KENGERI ROAD ,BANGALORE 560060","Robotics and Automation",,,,,,,29619,,,,42909,
2025,R3,E083,"H.K.B.K.College of Engineering, Bangalore # 22/1, NAGAWARA, BANGALORE-560045","Artificial Intelligence and Machine Learning",63586,,91288,,,,57976,,62066,,71535,
2025,R3,E091,"K S Institute of Technology, Raghuvanahalli, Bangalore(AUTONOMOUS) #14,RAGUVANAHALLI, KANAKAPURA MAIN ROAD,BANGALORE - 560 062.","Artificial Intelligence and Machine Learning",44605,,,,,,42160,,46668,,49924,
2025,R3,E091,"K S Institute of Technology, Raghuvanahalli, Bangalore(AUTONOMOUS) #14,RAGUVANAHALLI, KANAKAPURA MAIN ROAD,BANGALORE - 560 062.","Computer Science - IoT and Blockchain",54325,,,,,,43919,,,,53131,
2025,R3,E091,"K S Institute of Technology, Raghuvanahalli, Bangalore(AUTONOMOUS) #14,RAGUVANAHALLI, KANAKAPURA MAIN ROAD,BANGALORE - 560 062.","Computer Science and Engineering",43141.5,,,,,,38455,,49351.5,,42738,
2025,R3,E095,"AMC Engineering College, Bannerghatta Road, Bangalore(AUTONOMOUS) 18KM,BANNERAGHATTA ROAD,KALKERE,BANGALORE-560083,BANGALORE URBAN","Artificial Intelligence and Machine Learning",45452,,,,,,42593.5,,45422,,48250,
2025,R3,E095,"AMC Engineering College, Bannerghatta Road, Bangalore(AUTONOMOUS) 18KM,BANNERAGHATTA ROAD,KALKERE,BANGALORE-560083,BANGALORE URBAN","Computer Science and Engineering (AI and ML)",54972,,,,,,50832,,78307,,59404,
2025,R3,E095,"AMC Engineering College, Bannerghatta Road, Bangalore(AUTONOMOUS) 18KM,BANNERAGHATTA ROAD,KALKERE,BANGALORE-560083,BANGALORE URBAN","Computer Science and Engineering",59499,,,,65678,,49072,,55364,,58029,
2025,R3,E095,"AMC Engineering College, Bannerghatta Road, Bangalore(AUTONOMOUS) 18KM,BANNERAGHATTA ROAD,KALKERE,BANGALORE-560083,BANGALORE URBAN","Computer Science and Engineering - Data Science",59946,,,,,,56065,,65634,,68792,
2025,R3,E096,"East Point College of Engineering & Technology, Bangalore(AUTONOMOUS) JNANA PRABHA, BIDARAHALLI,VIRGONAGAR POST,BANGALORE.","Computer Science and Engineering (AI and ML)",56566,,,,63113,,49188.5,,55690,,61867,
2025,R3,E096,"East Point College of Engineering & Technology, Bangalore(AUTONOMOUS) JNANA PRABHA, BIDARAHALLI,VIRGONAGAR POST,BANGALORE.","Computer Science and Engineering",64212,,,,71991.5,,55751,,71761,,71938,
2025,R3,E096,"East Point College of Engineering & Technology, Bangalore(AUTONOMOUS) JNANA PRABHA, BIDARAHALLI,VIRGONAGAR POST,BANGALORE.","Computer Science and Engineering - Data Science",63006,,,,,,59858,,,,76457,
2025,R3,E097,"C M R Institute of Technology, Kundala Halli village, Bangalore # 132, KUNDALAHALLI VILLAGE,IT PARK ROAD,BANGALORE - 560 037","Artificial Intelligence and Data Science",22318,,,,,,20870,,31730,,25080,
2025,R3,E097,"C M R Institute of Technology, Kundala Halli village, Bangalore # 132, KUNDALAHALLI VILLAGE,IT PARK ROAD,BANGALORE - 560 037","Artificial Intelligence and Machine Learning",20829.5,,,,,,19559,,23574,,20178,
2025,R3,E097,"C M R Institute of Technology, Kundala Halli village, Bangalore # 132, KUNDALAHALLI VILLAGE,IT PARK ROAD,BANGALORE - 560 037","Computer Science and Engineering (AI and ML)",17655,,25034,,,,17585,,,,23569,
2025,R3,E097,"C M R Institute of Technology, Kundala Halli village, Bangalore # 132, KUNDALAHALLI VILLAGE,IT PARK ROAD,BANGALORE - 560 037","Computer Science and Engineering",16676,,,,,,16221.5,,22105,,17869,
2025,R3,E097,"C M R Institute of Technology, Kundala Halli village, Bangalore # 132, KUNDALAHALLI VILLAGE,IT PARK ROAD,BANGALORE - 560 037","Computer Science and Engineering - Data Science",21494,,,,24188,,19071,,30456,,22402,
2025,R3,E097,"C M R Institute of Technology, Kundala Halli village, Bangalore # 132, KUNDALAHALLI VILLAGE,IT PARK ROAD,BANGALORE - 560 037","Information Science and Engineering",23383,,,,,,21601,,27391,,27198,
2025,R3,E098,"Atria Institute of Technology, Anand Nagar, Hebbal PO, Bangalore (AUTONOMOUS) ASKB CAMPUS, AG'S COLONY, 1ST MAIN, ANANDNAGAR,BANGALORE","Artificial Intelligence and Machine Learning",45539,,64197,,,,38005,,38199,,51145,
2025,R3,E098,"Atria Institute of Technology, Anand Nagar, Hebbal PO, Bangalore (AUTONOMOUS) ASKB CAMPUS, AG'S COLONY, 1ST MAIN, ANANDNAGAR,BANGALORE","Computer Science and Engineering",51206.5,,,,57925,,44146,,61919,,56749,
2025,R3,E098,"Atria Institute of Technology, Anand Nagar, Hebbal PO, Bangalore (AUTONOMOUS) ASKB CAMPUS, AG'S COLONY, 1ST MAIN, ANANDNAGAR,BANGALORE","Computer Science and Engineering - Data Science",48416,,,,,,47261,,75622,,64594,
2025,R3,E098,"Atria Institute of Technology, Anand Nagar, Hebbal PO, Bangalore (AUTONOMOUS) ASKB CAMPUS, AG'S COLONY, 1ST MAIN, ANANDNAGAR,BANGALORE","Information Science and Engineering",58819,,,,,,56912,,103702,,64685,
2025,R3,E099,"New Horizon College of Engineering, Varthur, Bangalore(AUTONOMOUS) RING ROAD, NEAR MARATHALLI, BELLANDUR POST,KADUBHISANAHALLI,BANGALORE","Artificial Intelligence and Machine Learning",23289,,,,,,18381,,24449,,23344,
2025,R3,E099,"New Horizon College of Engineering, Varthur, Bangalore(AUTONOMOUS) RING ROAD, NEAR MARATHALLI, BELLANDUR POST,KADUBHISANAHALLI,BANGALORE","Computer Science and Engineering",20947,,,,22253,,17363,,23446,,21563,
2025,R3,E102,"DONBOSCO Institute of Technology, Bangalore(AUTONOMOUS) KUMBALAGODU, MYSORE ROAD, KENGERI HOBLI,BANGALORE-560074","Artificial Intelligence and Data Science",47131,,,,58336,,44247,,77741,,53158.5,
2025,R3,E102,"DONBOSCO Institute of Technology, Bangalore(AUTONOMOUS) KUMBALAGODU, MYSORE ROAD, KENGERI HOBLI,BANGALORE-560074","Computer Science and Engineering (AI and ML)",44744,,,,,,44621,,50013,,56264,
2025,R3,E102,"DONBOSCO Institute of Technology, Bangalore(AUTONOMOUS) KUMBALAGODU, MYSORE ROAD, KENGERI HOBLI,BANGALORE-560074","Computer Science - IoT and Blockchain",56752,,,,,,56544,,,,61142,
2025,R3,E102,"DONBOSCO Institute of Technology, Bangalore(AUTONOMOUS) KUMBALAGODU, MYSORE ROAD, KENGERI HOBLI,BANGALORE-560074","Computer Science and Engineering",45914,,,,57254,,42518,,54621,,56502,
2025,R3,E103,"Global Academy of Technology, Bangalore(AUTONOMOUS) IDEAL HOMES TOWNSHIP,RAJARAJESHWARINAGAR,BANGALORE-560098","Artificial Intelligence and Data Science",34979,,,,41247,,32187,,37317,,34137,
2025,R3,E103,"Global Academy of Technology, Bangalore(AUTONOMOUS) IDEAL HOMES TOWNSHIP,RAJARAJESHWARINAGAR,BANGALORE-560098","Artificial Intelligence and Machine Learning",32478,,,,,,30045,,,,31377,
2025,R3,E103,"Global Academy of Technology, Bangalore(AUTONOMOUS) IDEAL HOMES TOWNSHIP,RAJARAJESHWARINAGAR,BANGALORE-560098","Computer Science and Engineering (AI and ML)",33014,,,,,,31803,,49122,,37268,
2025,R3,E103,"Global Academy of Technology, Bangalore(AUTONOMOUS) IDEAL HOMES TOWNSHIP,RAJARAJESHWARINAGAR,BANGALORE-560098","Computer Science and Engineering",30627,,,,36714,,29774,,38875,,36233,
2025,R3,E103,"Global Academy of Technology, Bangalore(AUTONOMOUS) IDEAL HOMES TOWNSHIP,RAJARAJESHWARINAGAR,BANGALORE-560098","Information Science and Engineering",38630,,,,,,37655,,43894,,44276,
2025,R3,E106,"East West Institute Of Technology,Bangalore(AUTONOMOUS) SY. NO.63, OFF MAGADI MAIN ROAD, VISHWANEEDAM POST,BANGALORE","Artificial Intelligence and Machine Learning",,,,,,,51457.5,,,,57514,
2025,R3,E107,"B N M Institute of Technology, Bangalore (AUTONOMOUS) 12TH MAIN, 27TH CROSS, BSK SECOND STAGE","Artificial Intelligence and Machine Learning",16827,,,,,,16543,,22574,,20371,
2025,R3,E107,"B N M Institute of Technology, Bangalore (AUTONOMOUS) 12TH MAIN, 27TH CROSS, BSK SECOND STAGE","Computer Science and Engineering",15930,,,,,,14324,,20238,,17858,
2025,R3,E107,"B N M Institute of Technology, Bangalore (AUTONOMOUS) 12TH MAIN, 27TH CROSS, BSK SECOND STAGE","Information Science and Engineering",19833.5,,,,19933,,17720,,24712,,19858,
2025,R3,E108,"SAPTHAGIRI NPS UNIVERISTY #14/5, CHIKKASANDRA,HESARAGHATTA MAIN ROAD,BANGALURU","Computer Science and Engineering (AI and ML)",59240,,,,67637,,54994,,73999,,64880,
2025,R3,E108,"SAPTHAGIRI NPS UNIVERISTY #14/5, CHIKKASANDRA,HESARAGHATTA MAIN ROAD,BANGALURU","Computer Science and Engineering (AI and Data Science)",50736,,,,,,49268,,60151,,61990,
2025,R3,E111,"Sri Venkateshwara College of Engineering, Bangalore VIDYANAGAR, BENGALURU INTERNATIONAL AIRPORT ROAD,BETTAHALASUR POST,BENGALURU NORTH,BENGALURU - 562 157","Computer Science (Artificial Intelligence)",56023,,,,,,51205,,,,60042,
2025,R3,E114,"G M Institute of Technology, Davanagere POST BOX. NO. 4, P.B.ROAD.DAVANGERE.","Artificial Intelligence and Machine Learning",66625,,,,,,54758.5,,71726,,59134,
2025,R3,E114,"G M Institute of Technology, Davanagere POST BOX. NO. 4, P.B.ROAD.DAVANGERE.","Computer Science and Engineering",64342,,,,137260,,45137,,45732,,51952,
2025,R3,E115,"S.J B. Institute of Technology, Bangalore (AUTONOMOUS) BGS HEALTH & EDUCATION CITY,NO 67, UTTARAHALLI ROAD.KENGERI, BANGALORE -60","Artificial Intelligence and Machine Learning",,,,,,,25477,,29695.8,,32041,
2025,R3,E115,"S.J B. Institute of Technology, Bangalore (AUTONOMOUS) BGS HEALTH & EDUCATION CITY,NO 67, UTTARAHALLI ROAD.KENGERI, BANGALORE -60","Computer Science and Engineering",26630,,,,,,24207,,29170,,30134,
2025,R3,E115,"S.J B. Institute of Technology, Bangalore (AUTONOMOUS) BGS HEALTH & EDUCATION CITY,NO 67, UTTARAHALLI ROAD.KENGERI, BANGALORE -60","Computer Science and Engineering - Data Science",28255,,55915,,,,27968.5,,,,33116,
2025,R3,E115,"S.J B. Institute of Technology, Bangalore (AUTONOMOUS) BGS HEALTH & EDUCATION CITY,NO 67, UTTARAHALLI ROAD.KENGERI, BANGALORE -60","Information Science and Engineering",32822,,,,,,29218,,32792,,34128,
2025,R3,E118,"RNS Institute of Technology, Bangalore (AUTONOMOUS) CHANNASANDRA,UTTARAHALLI -KENGERI MAIN ROAD,SUBRAMANYAPURA POST,BANGALORE","Computer Science and Engineering (AI and ML)",17662,,,,19087,,16199,,24168.5,,19069,
2025,R3,E118,"RNS Institute of Technology, Bangalore (AUTONOMOUS) CHANNASANDRA,UTTARAHALLI -KENGERI MAIN ROAD,SUBRAMANYAPURA POST,BANGALORE","Computer Science and Engineering",16871,,24072,,18582,,14842,,21580,,17637,
2025,R3,E118,"RNS Institute of Technology, Bangalore (AUTONOMOUS) CHANNASANDRA,UTTARAHALLI -KENGERI MAIN ROAD,SUBRAMANYAPURA POST,BANGALORE","Computer Science - Cyber Security",20051,,,,,,18915,,30828,,20345,
2025,R3,E118,"RNS Institute of Technology, Bangalore (AUTONOMOUS) CHANNASANDRA,UTTARAHALLI -KENGERI MAIN ROAD,SUBRAMANYAPURA POST,BANGALORE","Computer Science and Engineering - Data Science",18677,,,,,,18100,,26203,,19053,
2025,R3,E126,"B M S Institute of Technology & Management, Yelahanka, Bangalore(AUTONOMOUS) POST BOX NO.6443, AVALAHALLI,DODDABALLAPURA MAIN ROAD,YELAHANKA, BANGALORE - 560064.","Artificial Intelligence and Machine Learning",14851,,,,15252,,13485,,15350,,15239,
2025,R3,E126,"B M S Institute of Technology & Management, Yelahanka, Bangalore(AUTONOMOUS) POST BOX NO.6443, AVALAHALLI,DODDABALLAPURA MAIN ROAD,YELAHANKA, BANGALORE - 560064.","Computer Science and Business Systems",16018,,,,17658,,13855,,24790,,17222,
2025,R3,E126,"B M S Institute of Technology & Management, Yelahanka, Bangalore(AUTONOMOUS) POST BOX NO.6443, AVALAHALLI,DODDABALLAPURA MAIN ROAD,YELAHANKA, BANGALORE - 560064.","Computer Science and Engineering",14435,,22684.5,,15738,,12263,,18354,,14820,
2025,R3,E128,"Sharanbasava University (Formerly Appa Institute of Engineering and Tech) SHARNBASVESHWARA INSTITUTIONS CAMPUS , KALABURAGI ( GULBARGA) -585103 , KARNATAKA","Artificial Intelligence and Data Science",,,,,,,46230,,87920,,69881,
2025,R3,E128,"Sharanbasava University (Formerly Appa Institute of Engineering and Tech) SHARNBASVESHWARA INSTITUTIONS CAMPUS , KALABURAGI ( GULBARGA) -585103 , KARNATAKA","Computer Science and Engineering",81381.5,,,,,,47748,,64030,,81612,
2025,R3,E129,"St.Joseph Engineering College, Mangalore(AUTONOMOUS) MANGALORE","Artificial Intelligence and Machine Learning",,,,,85207,,23830,,,,29102,
2025,R3,E129,"St.Joseph Engineering College, Mangalore(AUTONOMOUS) MANGALORE","Computer Science and Business Systems",116889,,,,,,46047,,177130,,59998,
2025,R3,E129,"St.Joseph Engineering College, Mangalore(AUTONOMOUS) MANGALORE","Computer Science and Engineering",60719,,,,,,30458,,37067,,38811,
2025,R3,E129,"St.Joseph Engineering College, Mangalore(AUTONOMOUS) MANGALORE","Computer Science and Engineering - Data Science",27394,,85382,,,,24119,,,,27415,
2025,R3,E133,"G S S S Institute of Engineering & Technology for Women, Mysore K.R.S. ROAD, METAGALLI INDUSTRIAL AREA, MYSORE-16","Artificial Intelligence and Data Science",32629,,,,,,28041,,,,31397,
2025,R3,E133,"G S S S Institute of Engineering & Technology for Women, Mysore K.R.S. ROAD, METAGALLI INDUSTRIAL AREA, MYSORE-16","Computer Science and Engineering (AI and ML)",24253,,,,,,23245,,29114,,29879,
2025,R3,E133,"G S S S Institute of Engineering & Technology for Women, Mysore K.R.S. ROAD, METAGALLI INDUSTRIAL AREA, MYSORE-16","Computer Science and Engineering",21752,,,,,,21447,,25732,,25041,
2025,R3,E133,"G S S S Institute of Engineering & Technology for Women, Mysore K.R.S. ROAD, METAGALLI INDUSTRIAL AREA, MYSORE-16","Information Science and Engineering",27547,,,,33271,,27347,,,,30845,
2025,R3,E141,"PES UNIVERSITY(Electronic City Campus) Hosur Rd, Konappana Agrahara, Electronic City, Bengaluru, Karnataka 560100","Computer Science (AI and Machine Learning)",8739,,16141,,14470,,7283,,14355,,9370,
2025,R3,E141,"PES UNIVERSITY(Electronic City Campus) Hosur Rd, Konappana Agrahara, Electronic City, Bengaluru, Karnataka 560100","Computer Science and Engineering",8352,,,,11359,,6056,,14942,,10254,
2025,R3,E145,"Rajarajeswari College of Engineering, Bangalore (AUTONOMOUS) #14, RAMOHOLLI CROSS,KUMBALGODU, MYSORE ROAD,BANGALORE - 560074","Artificial Intelligence and Machine Learning",51502,,,,63607,,45213,,47151,,59479,
2025,R3,E145,"Rajarajeswari College of Engineering, Bangalore (AUTONOMOUS) #14, RAMOHOLLI CROSS,KUMBALGODU, MYSORE ROAD,BANGALORE - 560074","Computer Science and Engineering",52253,,,,,,48184,,59320,,54602,
2025,R3,E149,"Cambridge Institutute of Technology, K.R.Puram, Bangalore(AUTONOMOUS) K R PURAM,BANGALORE","Artificial Intelligence and Machine Learning",30956,,,,,,26776,,33782,,31413,
2025,R3,E149,"Cambridge Institutute of Technology, K.R.Puram, Bangalore(AUTONOMOUS) K R PURAM,BANGALORE","Computer Science - IoT and Blockchain",36631,,,,,,34638,,57384,,42864,
2025,R3,E149,"Cambridge Institutute of Technology, K.R.Puram, Bangalore(AUTONOMOUS) K R PURAM,BANGALORE","Computer Science and Engineering",33413,,,,36737,,31213,,34339,,36510,
2025,R3,E149,"Cambridge Institutute of Technology, K.R.Puram, Bangalore(AUTONOMOUS) K R PURAM,BANGALORE","Computer Science and Engineering - Data Science",32023,,,,37289,,31629,,42343,,36321,
2025,R3,E151,"Mangalore Institute of Technology & Engineering, Moodabidri, Mangalore(AUTONOMOUS) BADAGA MIJAR,","Artificial Intelligence and Machine Learning",46236,,,,,,40896,,50323,,50021,
2025,R3,E151,"Mangalore Institute of Technology & Engineering, Moodabidri, Mangalore(AUTONOMOUS) BADAGA MIJAR,","Computer Science and Engineering (AI and ML)",52260,,,,,,30362,,,,45192,
2025,R3,E151,"Mangalore Institute of Technology & Engineering, Moodabidri, Mangalore(AUTONOMOUS) BADAGA MIJAR,","Computer Science - IoT and Blockchain",64876,,,,,,50550,,63299,,73523,
2025,R3,E151,"Mangalore Institute of Technology & Engineering, Moodabidri, Mangalore(AUTONOMOUS) BADAGA MIJAR,","Computer Science and Engineering",53979,,,,99306,,37983,,41266,,44064,
2025,R3,E151,"Mangalore Institute of Technology & Engineering, Moodabidri, Mangalore(AUTONOMOUS) BADAGA MIJAR,","Information Science and Engineering",62192,,,,,,57170,,60435,,66227,
2025,R3,E155,"Government Engineering College, Hassan DAIRY CIRCLE, B M ROAD, HASSAN","Artificial Intelligence and Machine Learning",44932,,,,,,44874,,48519,,51531,
2025,R3,E155,"Government Engineering College, Hassan DAIRY CIRCLE, B M ROAD, HASSAN","Computer Science and Engineering",48238,,,,55725,,45461,,45743,,51073,
2025,R3,E158,"Maharaja Institute of Technology Mysore,Belawadi,Srirangapatna,Mandya(AUTONOMOUS) BEHIND K R MILLS,BELAWADI VILLAGE,NAGUVANAHALLI PANCHAYAT,SRIRANGAPATNA TALUK,MANDYA DISTRICT","Computer Science (Artificial Intelligence)",56271,,,,,,50942,,,,54097,
2025,R3,E158,"Maharaja Institute of Technology Mysore,Belawadi,Srirangapatna,Mandya(AUTONOMOUS) BEHIND K R MILLS,BELAWADI VILLAGE,NAGUVANAHALLI PANCHAYAT,SRIRANGAPATNA TALUK,MANDYA DISTRICT","Computer Science and Engineering (AI and ML)",,,,,46743,,41831,,,,46421,
2025,R3,E158,"Maharaja Institute of Technology Mysore,Belawadi,Srirangapatna,Mandya(AUTONOMOUS) BEHIND K R MILLS,BELAWADI VILLAGE,NAGUVANAHALLI PANCHAYAT,SRIRANGAPATNA TALUK,MANDYA DISTRICT","Computer Science and Engineering",51597,,,,,,48537,,67791,,50842,
2025,R3,E158,"Maharaja Institute of Technology Mysore,Belawadi,Srirangapatna,Mandya(AUTONOMOUS) BEHIND K R MILLS,BELAWADI VILLAGE,NAGUVANAHALLI PANCHAYAT,SRIRANGAPATNA TALUK,MANDYA DISTRICT","Computer Science and Engineering - Data Science",62018,,,,,,59012,,59729,,73233,
2025,R3,E160,"Sahyadri College Of Engineering & Management, Adyar, Mangalore(AUTONOMOUS) 'SAHYADRI CAMPUS'N.H-48, ADYAR,MANGALORE","Computer Science and Engineering (AI and ML)",34408,,,,,,25740,,33052,,29790,
2025,R3,E160,"Sahyadri College Of Engineering & Management, Adyar, Mangalore(AUTONOMOUS) 'SAHYADRI CAMPUS'N.H-48, ADYAR,MANGALORE","Computer Science and Engineering",26871,,,,27748,,19138,,24444,,26578,
2025,R3,E160,"Sahyadri College Of Engineering & Management, Adyar, Mangalore(AUTONOMOUS) 'SAHYADRI CAMPUS'N.H-48, ADYAR,MANGALORE","Information Science and Engineering",41120,,,,,,32737,,33169,,34472,
2025,R3,E160,"Sahyadri College Of Engineering & Management, Adyar, Mangalore(AUTONOMOUS) 'SAHYADRI CAMPUS'N.H-48, ADYAR,MANGALORE","Robotics and Automation",50438,,,,,,39332,,,,44269,
2025,R3,E167,"K L E S's K L E College of Engineering & Technology, Chikkodi, Belgaum Dist. BANANTIKODI ROAD CHIKODI,BELGAUM -591 201,","Artificial Intelligence and Data Science",,,,,195000,,55499,,57104,,59306,
2025,R3,E173,"Sai Vidya Institute of Technology, Rajanakunte, Bangalore RAJANUKUNTE,DODDBALLAPURA ROAD ,VIA: YELAHANKA,BANGALORE","Computer Science and Engineering (AI and ML)",75382,,,,91182,,59273,,102579,,79270,
2025,R3,E173,"Sai Vidya Institute of Technology, Rajanakunte, Bangalore RAJANUKUNTE,DODDBALLAPURA ROAD ,VIA: YELAHANKA,BANGALORE","Computer Science and Engineering",67670,,,,,,57230,,64283,,86257,
2025,R3,E178,"The National Institute of Engineering(NORTH CAMPUS), No.50(Part) Koorgalli,Hootgalli Industrial Area ,Mysuru-570018","Computer Science and Engineering (AI and ML)",11482,,,,14362,,10634,,12989,,11949,
2025,R3,E178,"The National Institute of Engineering(NORTH CAMPUS), No.50(Part) Koorgalli,Hootgalli Industrial Area ,Mysuru-570018","Computer Science and Engineering",13186,,,,15006,,10948,,14372,,13443.7,
2025,R3,E196,"Jain College of Engineering,Machche, Belgaum T.S. NAGAR,HUNCHANHATTI ROAD,MACCHE, BELGAUM- 590014.","Computer Science and Engineering (AI and ML)",52467,,98291,,,,41012,,,,50335,
2025,R3,E196,"Jain College of Engineering,Machche, Belgaum T.S. NAGAR,HUNCHANHATTI ROAD,MACCHE, BELGAUM- 590014.","Computer Science and Engineering",54201,,,,,,41893,,42172,,46435,
2025,R3,E209,"Jyothi Institute of Technology, Kanakapura Road,Bangalore ,BANGALORE","Artificial Intelligence and Machine Learning",68471,,,,,,48937,,,,72261,
2025,R3,E212,"Dayananda Sagar Academy of Technology & Management Technical Campus, Bangalore(AUTONOMOUS) UDAYAPURA,KANAKAPURA ROAD,BANGALORE URBAN","Computer Science and Engineering (AI and ML)",20835,,,,27236,,19884,,27381,,27020,
2025,R3,E212,"Dayananda Sagar Academy of Technology & Management Technical Campus, Bangalore(AUTONOMOUS) UDAYAPURA,KANAKAPURA ROAD,BANGALORE URBAN","Computer Science - IoT and Blockchain",29862,,,,,,27685,,37639,,31498,
2025,R3,E212,"Dayananda Sagar Academy of Technology & Management Technical Campus, Bangalore(AUTONOMOUS) UDAYAPURA,KANAKAPURA ROAD,BANGALORE URBAN","Computer Science and Engineering",23420,,,,25195,,20616,,28968,,23741,
2025,R3,E212,"Dayananda Sagar Academy of Technology & Management Technical Campus, Bangalore(AUTONOMOUS) UDAYAPURA,KANAKAPURA ROAD,BANGALORE URBAN","Computer Science - Cyber Security",29132,,38544,,,,24826,,,,27598,
2025,R3,E212,"Dayananda Sagar Academy of Technology & Management Technical Campus, Bangalore(AUTONOMOUS) UDAYAPURA,KANAKAPURA ROAD,BANGALORE URBAN","Computer Science and Engineering - Data Science",25900,,,,,,24817,,27722,,30816.5,
2025,R3,E212,"Dayananda Sagar Academy of Technology & Management Technical Campus, Bangalore(AUTONOMOUS) UDAYAPURA,KANAKAPURA ROAD,BANGALORE URBAN","Information Science and Engineering",30185,,,,,,27027,,29962,,33236,
2025,R3,E220,"ALLIANCE University Central Campus, Chikkahadage Cross Chandapura-Anekal, Main Road, Bengaluru, Karnataka 562106","Artificial Intelligence and Machine Learning",28828,,,,,,26742,,,,38301,
2025,R3,E220,"ALLIANCE University Central Campus, Chikkahadage Cross Chandapura-Anekal, Main Road, Bengaluru, Karnataka 562106","Computer Science (AI and Machine Learning)",36310,,,,,,34866,,38782,,50769,
2025,R3,E220,"ALLIANCE University Central Campus, Chikkahadage Cross Chandapura-Anekal, Main Road, Bengaluru, Karnataka 562106","Computer Science and Engineering",54876,,67910,,56986,,45279,,67176,,54342,
2025,R3,E220,"ALLIANCE University Central Campus, Chikkahadage Cross Chandapura-Anekal, Main Road, Bengaluru, Karnataka 562106","Computer Science - Cyber Security",40363,,,,,,39289,,,,39463,
2025,R3,E220,"ALLIANCE University Central Campus, Chikkahadage Cross Chandapura-Anekal, Main Road, Bengaluru, Karnataka 562106","Computer Science - Internet of Things",56652,,,,,,55247,,81564,,89890,
2025,R3,E220,"ALLIANCE University Central Campus, Chikkahadage Cross Chandapura-Anekal, Main Road, Bengaluru, Karnataka 562106","Information Technology",58669,,,,,,56586,,,,57830,
2025,R3,E222,"Cambridge Institute Of Technology, North Campus, Devanahalli, Bangalore SURVEY NO. 73, LINGADHEERA GOLLAHALLI, KUNDANA POST, DEVANAHALLI TALUK","Computer Science and Engineering (AI and ML)",77111,,,,,,55475,,56881,,59207,
2025,R3,E232,"REVA University RUKMINI KNOWLEDGE PARK, KATTIGENAHALLI, YELAHANKA,BANGALORE - 560064,","Computer Science and Information Technology",30545,,,,,,28337,,36262,,32209,
2025,R3,E232,"REVA University RUKMINI KNOWLEDGE PARK, KATTIGENAHALLI, YELAHANKA,BANGALORE - 560064,","Artificial Intelligence and Data Science",24554,,,,,,22888,,28392,,26659,
2025,R3,E232,"REVA University RUKMINI KNOWLEDGE PARK, KATTIGENAHALLI, YELAHANKA,BANGALORE - 560064,","Computer Science (AI and Machine Learning)",24698,,,,25535,,21356,,26548,,24467,
2025,R3,E232,"REVA University RUKMINI KNOWLEDGE PARK, KATTIGENAHALLI, YELAHANKA,BANGALORE - 560064,","Computer Science and Engineering",23950,,,,25052,,19283,,24873,,23298,
2025,R3,E232,"REVA University RUKMINI KNOWLEDGE PARK, KATTIGENAHALLI, YELAHANKA,BANGALORE - 560064,","Computer Science - IoT and Blockchain",28633,,50095,,32447,,27214,,39680,,31092,
2025,R3,E232,"REVA University RUKMINI KNOWLEDGE PARK, KATTIGENAHALLI, YELAHANKA,BANGALORE - 560064,","Electronics and Computer Engineering",34893,,,,,,34034,,54865,,49530,
2025,R3,E232,"REVA University RUKMINI KNOWLEDGE PARK, KATTIGENAHALLI, YELAHANKA,BANGALORE - 560064,","Information Science and Engineering",29504,,,,,,25627,,29276,,34716,
2025,R3,E232,"REVA University RUKMINI KNOWLEDGE PARK, KATTIGENAHALLI, YELAHANKA,BANGALORE - 560064,","Robotics and Artificial Intelligence",,,,,29947,,28219,,,,29778,
2025,R3,E235,"M . S . Ramaiah University of Applied Sciences UNIVERSITY HOUSE, GNANAGANGOTHRI CAMPUS, NEW BEL ROAD, MSR ROAD, BANGALORE - 560054","Artificial Intelligence and Machine Learning",20379,,,,,,18244,,26595,,21443,
2025,R3,E235,"M . S . Ramaiah University of Applied Sciences UNIVERSITY HOUSE, GNANAGANGOTHRI CAMPUS, NEW BEL ROAD, MSR ROAD, BANGALORE - 560054","Information Science and Engineering",24405,,,,,,23567,,34446,,26824,
2025,R3,E235,"M . S . Ramaiah University of Applied Sciences UNIVERSITY HOUSE, GNANAGANGOTHRI CAMPUS, NEW BEL ROAD, MSR ROAD, BANGALORE - 560054","Mathematics and Computing",,,,,33528,,17900,,,,18734,
2025,R3,E235,"M . S . Ramaiah University of Applied Sciences UNIVERSITY HOUSE, GNANAGANGOTHRI CAMPUS, NEW BEL ROAD, MSR ROAD, BANGALORE - 560054","Robotics",32064,,76818,,,,27316,,,,28695,
2025,R3,E237,"PRESIDENCY University ITGALPURA, RAJANUKUNTE, YELAHANKA, BENGALURU - 560 064","Artificial Intelligence and Data Science",46836,,,,,,43909,,45406,,59434,
2025,R3,E237,"PRESIDENCY University ITGALPURA, RAJANUKUNTE, YELAHANKA, BENGALURU - 560 064","Computer Science (AI and Machine Learning)",43601,,,,46959,,39019,,55172,,45780,
2025,R3,E237,"PRESIDENCY University ITGALPURA, RAJANUKUNTE, YELAHANKA, BENGALURU - 560 064","Computer Science - Blockchain",60512,,,,,,58646,,,,61502,
2025,R3,E237,"PRESIDENCY University ITGALPURA, RAJANUKUNTE, YELAHANKA, BENGALURU - 560 064","Computer Science - Cyber Security",60633,,,,,,54236,,79807,,70126,
2025,R3,E237,"PRESIDENCY University ITGALPURA, RAJANUKUNTE, YELAHANKA, BENGALURU - 560 064","Computer Science and Engineering - Data Science",53825,,,,65201,,52380,,61180,,64016,
2025,R3,E237,"PRESIDENCY University ITGALPURA, RAJANUKUNTE, YELAHANKA, BENGALURU - 560 064","Information Science and Engineering",59130,,,,,,58927,,69955,,71571.5,
2025,R3,E237,"PRESIDENCY University ITGALPURA, RAJANUKUNTE, YELAHANKA, BENGALURU - 560 064","Robotics and Artificial Intelligence",52536,,154781,,,,50098,,,,55030,
2025,R3,E240,"Dayananda Sagar University DEVARAKAGGALAHALLI VILLAGE, HAROHALLI, KANAKAPURA MAIN ROAD, RAMANAGAR DIST","Computer Science (AI and Machine Learning)",31945,,,,32814,,27669,,48995,,32356,
2025,R3,E240,"Dayananda Sagar University DEVARAKAGGALAHALLI VILLAGE, HAROHALLI, KANAKAPURA MAIN ROAD, RAMANAGAR DIST","Computer Science and Engineering",34615,,61650.5,,39657,,31148,,54579,,38205,
2025,R3,E240,"Dayananda Sagar University DEVARAKAGGALAHALLI VILLAGE, HAROHALLI, KANAKAPURA MAIN ROAD, RAMANAGAR DIST","Computer Science and Engineering (AI and Data Science)",34461,,,,,,32865,,44651,,41451,
2025,R3,E240,"Dayananda Sagar University DEVARAKAGGALAHALLI VILLAGE, HAROHALLI, KANAKAPURA MAIN ROAD, RAMANAGAR DIST","Robotics and Artificial Intelligence",42970,,,,,,41943,,50118,,59040,
2025,R3,E241,"KLE Technological University(Formerly (BVBCET) BVBHOOMARADDI COLLEGE CAMPUS, VIDYANAGAR, HUBBALLI","Robotics and Automation",,,,,130886,,29813,,,,44625,
2025,R3,E241,"KLE Technological University(Formerly (BVBCET) BVBHOOMARADDI COLLEGE CAMPUS, VIDYANAGAR, HUBBALLI","Computer Science (Artificial Intelligence)",17694,,41837,,,,12195,,12278,,15769,
2025,R3,E241,"KLE Technological University(Formerly (BVBCET) BVBHOOMARADDI COLLEGE CAMPUS, VIDYANAGAR, HUBBALLI","Computer Science and Engineering",16855,,,,20182,,10412,,12314,,12992,
2025,R3,E257,"CMR University Main Campus, Off Hennur Bagalur Main Road, Chagalatti, Bangalore","Computer Science (AI and Machine Learning)",43537,,,,,,36709,,38102,,45200,
2025,R3,E257,"CMR University Main Campus, Off Hennur Bagalur Main Road, Chagalatti, Bangalore","Computer Science and Engineering",49880,,,,64483,,43286,,65558,,58030,
2025,R3,E257,"CMR University Main Campus, Off Hennur Bagalur Main Road, Chagalatti, Bangalore","Computer Science and Engineering - Data Science",56002,,,,,,45752,,61387,,62873,
2025,R3,E257,"CMR University Main Campus, Off Hennur Bagalur Main Road, Chagalatti, Bangalore","Computer Science and Technology",,,,,,,51517,,,,95529,
2025,R3,E257,"CMR University Main Campus, Off Hennur Bagalur Main Road, Chagalatti, Bangalore","Information Technology",62632,,,,,,55398,,182205,,70104,
2025,R3,E265,"Jain College of Engineering and Technology,Hubballi 404/4, 404/5, SAI NAGAR, UNKAL, HUBLI","Artificial Intelligence and Machine Learning",81478,,,,111443,,56813,,,,64448,
2025,R3,E275,"R V Institute Of Technology and Management, Bengaluru KOTHANUR, 8TH PHASE J.P.NAGAR, BENGALURU-560 078.","Computer Science and Engineering (AI and ML)",15690,,,,,,14002,,19365,,17560,
2025,R3,E275,"R V Institute Of Technology and Management, Bengaluru KOTHANUR, 8TH PHASE J.P.NAGAR, BENGALURU-560 078.","Computer Science and Engineering",15749,,,,17868,,11688,,15091,,13553,
2025,R3,E279,"VISVESVARAYA TECHNOLOGICAL UNIVERSITY, BELAGAVI CAMPUS, BELAGAVI JNANA SANGAMA, MACHHE, BELAGAVI","Computer Science and Engineering (AI and Data Science)",84305,,114827,,123076,,54749,,55494,,63109,
2025,R3,E284,"Sri Jayachamarajendra College of Engineering(Constituent College of JSS Science & Technology University), Mysore JSS TECHNICAL INSTITUTIONS CAMPUS,MANASAGANGOTHRI PO,MYSORE","Computer Science and Engineering",5856,,,,,,4449,,11324,,7318,
2025,R3,E285,"RV University R.V. VIDYANIKETAN POST, MYSORE ROAD,BANGALORE","Computer Science and Engineering",13040,,31245,,14463,,9773,,18591,,14252.5,
2025,R3,E286,"BGS College of Engineering & Technology,Bangalore","Artificial Intelligence and Data Science",,,,,,,39040,,49586,,57438,
2025,R3,E286,"BGS College of Engineering & Technology,Bangalore","Artificial Intelligence and Machine Learning",38648,,,,49559,,34462,,,,34985,
2025,R3,E286,"BGS College of Engineering & Technology,Bangalore","Computer Science and Design",64241,,,,,,56967.5,,,,59121,
2025,R3,E286,"BGS College of Engineering & Technology,Bangalore","Computer Science and Engineering",33580,,,,,,32069,,52347,,40357,
2025,R3,E286,"BGS College of Engineering & Technology,Bangalore","Information Science and Engineering",42958,,,,,,40999,,64350,,50649,
2025,R3,E289,"Visvesvaraya Technological University,VTU,CPGS,Kalburgi.","Computer Science and Engineering",75908,,,,,,54278,,,,69898.5,
2025,R3,E290,"Visvesvaraya Technological University,VTU,CPGS,Mysuru.","Artificial Intelligence and Data Science",56379,,,,,,49939,,51166,,59316,
2025,R3,E290,"Visvesvaraya Technological University,VTU,CPGS,Mysuru.","Computer Science and Engineering",58034,,,,63284,,45697,,53752,,52944,
2025,R3,E292,"Government Engineering College,Mailur,Bidar","Computer Science and Engineering",,,,,,,44878,,59622,,63192,
2025,R3,E302,"AMITY UNIVERSITY National Highway 648 (old 207), Devanahalli - Doddaballapur Road","Computer Science (AI and Machine Learning)",61767,,,,73905,,58195,,105741,,70373,
2025,R3,E305,"DR H N NATIONAL COLLEGE OF ENGINEERING BENGALURU","Artificial Intelligence and Data Science",82390,,,,,,58161,,,,121965,
2025,R3,E306,"THE CHANAKYA UNIVERSITY NO 29 HARALURU, DEVANAHALLI TALUK (NEAR BENGALURU INTERNATIONLA AIRPORT)","Computer Science and Engineering",46254,,,,,,43650,,159841,,61997,
2025,R3,E306,"THE CHANAKYA UNIVERSITY NO 29 HARALURU, DEVANAHALLI TALUK (NEAR BENGALURU INTERNATIONLA AIRPORT)","Biotechnology and Bio-Engineering",85193,,,,,,56715,,,,65178.5,
2025,R3,E306,"THE CHANAKYA UNIVERSITY NO 29 HARALURU, DEVANAHALLI TALUK (NEAR BENGALURU INTERNATIONLA AIRPORT)","Computer Science and Artificial Intelligence",48289,,,,,,45214,,,,60538,