Year,Round,College Code,College,Course,GM,1G,2AG,2BG,3AG,3BG,SCG,STG,GMH,1H,2AH,2BH,3AH,3BH,SCH,STH
2022,R1,E001,"E001 University of Visvesvaraya College of Engineering  Bangalore","AI Artificial Intelligence",4202,7418,6685,8120,5128,4822,19929,12296,,,,,,,,
2022,R1,E001,"E001 University of Visvesvaraya College of Engineering  Bangalore","CS Computers",1969,2910,3181,3894,2137,2262,9515,7407,,,,,,,,
2022,R1,E001,"E001 University of Visvesvaraya College of Engineering  Bangalore","IE Info.Science",3103,6287,3987,5209,3398,3717,15798,7598,,,,,,,,
2022,R1,E002,"E002 S K S J T Institute of Engineering.  Bangalore","CS Computers",10946,17335,15008,15744,12403,11833,26066,15320,,,,,,,,
2022,R1,E004,"E004 Dr. Ambedkar Institute Of Technology  Bangalore","CS Computers",7278,10108,10500,13847,8007,7816,18322,11438,,,,,,,,
2022,R1,E005,"E005 R. V. College of Engineering  Bangalore","AI Artificial Intelligence",336,1191,1310,2928,950,1051,6104,,,,,,,,,
2022,R1,E005,"E005 R. V. College of Engineering  Bangalore","CS Computers",158,782,823,530,525,437,2586,969,,,,,,,,
2022,R1,E005,"E005 R. V. College of Engineering  Bangalore","CY CS- Cyber Security",368,1109,1806,5253,,958,5329,3334,,,,,,,,
2022,R1,E005,"E005 R. V. College of Engineering  Bangalore","DS Comp. Sc. Engg- Data Sc.",287,,1089,3356,567,832,6285,3427,,,,,,,,
2022,R1,E005,"E005 R. V. College of Engineering  Bangalore","IE Info.Science",268,845,1034,2043,671,670,4647,3277,,,,,,,,
2022,R1,E006,"E006 M S Ramaiah Institute of Technology  Bangalore","AD Artificial Intel, Data Sc",2233,3658,3899,,3358,2725,15859,9706,,,,,,,,
2022,R1,E006,"E006 M S Ramaiah Institute of Technology  Bangalore","AI Artificial Intelligence",2124,3432,5047,3952,2303,2652,15084,7592,,,,,,,,
2022,R1,E006,"E006 M S Ramaiah Institute of Technology  Bangalore","CA CS (AI, Machine Learning)",1223,3086,3054,5492,1632,2430,10005,8554,,,,,,,,
2022,R1,E006,"E006 M S Ramaiah Institute of Technology  Bangalore","CS Computers",827,1824,1764,1135,1328,1318,3941,1021,,,,,,,,
2022,R1,E006,"E006 M S Ramaiah Institute of Technology  Bangalore","CY CS- Cyber Security",1840,3241,3635,5763,2196,1927,15910,7879,,,,,,,,
2022,R1,E006,"E006 M S Ramaiah Institute of Technology  Bangalore","IE Info.Science",1534,4167,3083,3897,2039,2096,11743,6946,,,,,,,,
2022,R1,E007,"E007 Dayananda Sagar College of Engineering  Bangalore","AI Artificial Intelligence",4830,7582,8383,12276,,5683,23720,14397,,,,,,,,
2022,R1,E007,"E007 Dayananda Sagar College of Engineering  Bangalore","CD Computer Sc. and Design",6962,13100,10218,12878,9226,,34513,19831,,,,,,,,
2022,R1,E007,"E007 Dayananda Sagar College of Engineering  Bangalore","CS Computers",3100,6090,4270,5310,3273,3509,15780,9173,,,,,,,,
2022,R1,E007,"E007 Dayananda Sagar College of Engineering  Bangalore","CY CS- Cyber Security",5333,,6993,13647,5393,6296,30072,,,,,,,,,
2022,R1,E007,"E007 Dayananda Sagar College of Engineering  Bangalore","DS Comp. Sc. Engg- Data Sc.",5159,10857,7423,10620,5293,6000,28066,,,,,,,,,
2022,R1,E007,"E007 Dayananda Sagar College of Engineering  Bangalore","IE Info.Science",4668,7467,6390,10356,4793,5183,23998,11814,,,,,,,,
2022,R1,E008,"E008 Bangalore Institute of Technology  Bangalore","AI Artificial Intelligence",6629,8848,9423,9561,7056,6836,35197,,,,,,,,,
2022,R1,E008,"E008 Bangalore Institute of Technology  Bangalore","CS Computers",3747,5114,5207,7235,3994,4303,17409,9870,,,,,,,,
2022,R1,E008,"E008 Bangalore Institute of Technology  Bangalore","DS Comp. Sc. Engg- Data Sc.",5469,13642,9034,11091,6187,,27545,15551,,,,,,,,
2022,R1,E008,"E008 Bangalore Institute of Technology  Bangalore","IE Info.Science",5573,6821,7951,7750,5606,6086,26090,10964,,,,,,,,
2022,R1,E008,"E008 Bangalore Institute of Technology  Bangalore","IO CS- Internet of Things",7599,13826,11045,16458,8570,9709,38789,,,,,,,,,
2022,R1,E008,"E008 Bangalore Institute of Technology  Bangalore","RI Robotics and AI",11595,17769,15001,18034,12115,12909,51071,36160,,,,,,,,
2022,R1,E009,"E009 P E S University (Ring Road Campus)  Bangalore","AI Artificial Intelligence",1301,4153,4919,6443,1596,2545,21248,11255,,,,,,,,
2022,R1,E009,"E009 P E S University (Ring Road Campus)  Bangalore","CS Computers",787,2529,2568,3741,1343,1561,10121,4628,,,,,,,,
2022,R1,E011,"E011 M V J College of Engineering  Bangalore","AI Artificial Intelligence",25248,33004,28032,,26450,25337,47721,25703,,,,,,,,
2022,R1,E011,"E011 M V J College of Engineering  Bangalore","CD Computer Sc. and Design",31596,40181,36041,40608,,33067,75020,,,,,,,,,
2022,R1,E011,"E011 M V J College of Engineering  Bangalore","CS Computers",16694,19718,19567,24816,17787,17007,39088,33063,,,,,,,,
2022,R1,E011,"E011 M V J College of Engineering  Bangalore","DS Comp. Sc. Engg- Data Sc.",26663,29372,28154,,27445,27599,56995,36342,,,,,,,,
2022,R1,E011,"E011 M V J College of Engineering  Bangalore","IE Info.Science",21176,21783,21956,23293,21258,21847,59670,37524,,,,,,,,
2022,R1,E012,"E012 Sir M.Visveswaraya Institute of Technology  Hunasemaranahalli,Bangalore,","AI Artificial Intelligence",12196,12747,14044,15201,12987,13284,41112,,,,,,,,,
2022,R1,E012,"E012 Sir M.Visveswaraya Institute of Technology  Hunasemaranahalli,Bangalore,","CS Computers",7806,11035,9782,8349,8016,8196,27882,13727,,,,,,,,
2022,R1,E012,"E012 Sir M.Visveswaraya Institute of Technology  Hunasemaranahalli,Bangalore,","IE Info.Science",10576,12320,12156,13767,10838,10649,41045,19282,,,,,,,,
2022,R1,E012,"E012 Sir M.Visveswaraya Institute of Technology  Hunasemaranahalli,Bangalore,","IO CS- Internet of Things",13448,21088,16535,16165,14280,18474,45097,,,,,,,,,
2022,R1,E014,"E014 S J C Institute of Technology  Chickballapur","AD Artificial Intel, Data Sc",39986,49300,46875,68379,42175,42207,79942,,,,,,,,,
2022,R1,E014,"E014 S J C Institute of Technology  Chickballapur","CA CS (AI, Machine Learning)",34208,52500,38694,43087,36496,47986,72941,,,,,,,,,
2022,R1,E014,"E014 S J C Institute of Technology  Chickballapur","CD Computer Sc. and Design",50134,62014,66665,77297,54484,62928,104748,,,,,,,,,
2022,R1,E014,"E014 S J C Institute of Technology  Chickballapur","CS Computers",22526,29887,27506,30049,23651,28852,59882,30308,,,,,,,,
2022,R1,E014,"E014 S J C Institute of Technology  Chickballapur","IE Info.Science",32149,41361,38396,33605,32191,33215,74724,49941,,,,,,,,
2022,R1,E015,"E015 Dr.T.Thimmaiah Institute of Technology  BANGARAPET -TQ kolar District","CS Computers",44717,46919,53909,47484,50086,49270,74988,59243,,,,,,,,
2022,R1,E016,"E016 Siddaganga Institute of Technology  Tumkur","AD Artificial Intel, Data Sc",10256,15657,11684,14183,10655,10290,34408,,,,,,,,,
2022,R1,E016,"E016 Siddaganga Institute of Technology  Tumkur","CA CS (AI, Machine Learning)",8598,,9580,13336,9110,9243,31959,19859,,,,,,,,
2022,R1,E016,"E016 Siddaganga Institute of Technology  Tumkur","CS Computers",5050,7166,7922,10988,5098,5525,20456,10235,,,,,,,,
2022,R1,E016,"E016 Siddaganga Institute of Technology  Tumkur","IE Info.Science",7046,9492,9196,12620,7208,7472,28799,13389,,,,,,,,
2022,R1,E017,"E017 Sri Siddartha Institute of Technology  Tumkur","AI Artificial Intelligence",42790,52968,50502,42996,,45299,86254,69781,,,,,,,,
2022,R1,E017,"E017 Sri Siddartha Institute of Technology  Tumkur","CS Computers",26902,31307,33327,32397,28091,29403,54262,28523,,,,,,,,
2022,R1,E017,"E017 Sri Siddartha Institute of Technology  Tumkur","DS Comp. Sc. Engg- Data Sc.",35824,,43406,,,,83173,65431,,,,,,,,
2022,R1,E017,"E017 Sri Siddartha Institute of Technology  Tumkur","IE Info.Science",34820,43544,39449,61981,37036,35555,76177,45000,,,,,,,,
2022,R1,E018,"E018 Kalpatharu Institute of Technology  Tiptur","CS Computers",37832,41804,44782,63378,38060,41998,75351,48206,,,,,,,,
2022,R1,E018,"E018 Kalpatharu Institute of Technology  Tiptur","IE Info.Science",54036,54716,55898,81165,54798,54112,80409,59800,,,,,,,,
2022,R1,E021,"E021 Sri Jayachamarajendra College of Engineering(Const. of JSS Univ.)  Mysore","CS Computers",1567,2861,3049,2799,2055,1729,8590,1968,,,,,,,,
2022,R1,E028,"E028 Tontadarya College of Engineering  Gadag","CS Computers",45571,59361,53309,55632,47496,48578,83737,66756,,,,,,,,
2022,R1,E029,"E029 Maratha Mandal Engineering College  Belgaum","CS Computers",51614,60620,55410,59401,55934,52980,84448,65631,,,,,,,,
2022,R1,E031,"E031 Basaveshwara Engineering College  Bagalkot","CS Computers",14937,19407,18187,17117,16373,16378,38493,22169,,,,,,,,
2022,R1,E032,"E032 R.T.E Socity`s Rural Engineering College  Hulkoti","CS Computers",54384,67854,63842,55993,63270,58222,97366,69472,,,,,,,,
2022,R1,E033,"E033 Sri Taralabalu Jagadguru Institute of Technology.  Ranebennur","CS Computers",51836,55902,63937,59395,72736,53359,76934,,,,,,,,,
2022,R1,E034,"E034 Sri Dharmasthala Manjunatheswara College of Engineering  Dharwad","AI Artificial Intelligence",18594,25371,19953,35390,19175,19109,42642,,,,,,,,,
2022,R1,E034,"E034 Sri Dharmasthala Manjunatheswara College of Engineering  Dharwad","CS Computers",8813,12166,12796,15367,9689,9796,27242,21449,,,,,,,,
2022,R1,E034,"E034 Sri Dharmasthala Manjunatheswara College of Engineering  Dharwad","IE Info.Science",11580,23419,13297,19660,15340,12206,47715,,,,,,,,,
2022,R1,E036,"E036 KLE Technological University(Formerly KLE Dr.MS Sheshagiri Col.)  Belgaum","CF CS(Artificial Intel.)",19922,,26549,22525,23294,20768,79309,,,,,,,,,
2022,R1,E036,"E036 KLE Technological University(Formerly KLE Dr.MS Sheshagiri Col.)  Belgaum","CS Computers",15721,21714,18095,18237,19105,16706,44538,32223,,,,,,,,
2022,R1,E037,"E037 K.L.S. Gogte Institute of Technology  Belgaum","CS Computers",9044,12761,11999,12705,9801,9351,35157,20252,,,,,,,,
2022,R1,E037,"E037 K.L.S. Gogte Institute of Technology  Belgaum","IE Info.Science",11676,18869,14200,15510,15746,11744,48522,,,,,,,,,
2022,R1,E038,"E038 B L D E As V.P. Dr. P. G. Hallakatti College of Engg. and Tech.  vijayapur","CA CS (AI, Machine Learning)",40957,50448,43418,47559,43330,42429,81977,,,,,,,,,
2022,R1,E038,"E038 B L D E As V.P. Dr. P. G. Hallakatti College of Engg. and Tech.  vijayapur","CS Computers",28158,36694,33676,29944,35269,29649,49714,61724,,,,,,,,
2022,R1,E038,"E038 B L D E As V.P. Dr. P. G. Hallakatti College of Engg. and Tech.  vijayapur","IE Info.Science",35956,41022,39205,44257,41507,36542,76354,,,,,,,,,
2022,R1,E040,"E040 Hira Sugar Institute of Technology  Belagavi District,","CS Computers",38931,51336,52238,54019,57326,39151,90895,68582,,,,,,,,
2022,R1,E042,"E042 Khaja Banda Nawaz University  Kalburgi","CS Computers",46336,,60028,49664,,70039,95382,81532,,,,,,,,
2022,R1,E043,"E043 Gurunanak Dev Engineering College  Bidar","CS Computers",30768,,35435,,51498,45034,64084,49988,,,,,,,,
2022,R1,E043,"E043 Gurunanak Dev Engineering College  Bidar","IE Info.Science",50946,,69880,,,59777,98386,,,,,,,,,
2022,R1,E044,"E044 Bheemanna Khandre Institute of Technology  Bhalki","CA CS (AI, Machine Learning)",59223,,71714,,,73070,128617,,,,,,,,,
2022,R1,E044,"E044 Bheemanna Khandre Institute of Technology  Bhalki","CS Computers",38442,56969,60020,,,48867,64113,,,,,,,,,
2022,R1,E045,"E045 Rao Bahadur Y.Mahabaleswarappa Engineering College  Bellari","CS Computers",38284,54685,51523,52410,48942,51010,57262,40962,,,,,,,,
2022,R1,E045,"E045 Rao Bahadur Y.Mahabaleswarappa Engineering College  Bellari","IE Info.Science",59470,,72598,,65863,,81922,64960,,,,,,,,
2022,R1,E046,"E046 H K Es S L N College of Engineering  Raichur","CS Computers",55626,,69293,73659,,,83871,,,,,,,,,
2022,R1,E047,"E047 Malnad College of Engineering  Hassan","CA CS (AI, Machine Learning)",16146,,21034,20813,,20435,44539,,,,,,,,,
2022,R1,E047,"E047 Malnad College of Engineering  Hassan","CS Computers",12041,20028,18295,14410,12681,13554,39747,21081,,,,,,,,
2022,R1,E047,"E047 Malnad College of Engineering  Hassan","IE Info.Science",19053,26681,24868,21033,20723,19313,49331,31407,,,,,,,,
2022,R1,E048,"E048 B M S College of Engineering  Basavanagudi,Bangalore","AD Artificial Intel, Data Sc",1940,4473,3896,10598,3112,3106,22248,,,,,,,,,
2022,R1,E048,"E048 B M S College of Engineering  Basavanagudi,Bangalore","AI Artificial Intelligence",1998,4275,4272,5073,3082,3044,19475,9556,,,,,,,,
2022,R1,E048,"E048 B M S College of Engineering  Basavanagudi,Bangalore","CS Computers",841,1812,1923,2365,1488,1465,6274,3419,,,,,,,,
2022,R1,E048,"E048 B M S College of Engineering  Basavanagudi,Bangalore","DS Comp. Sc. Engg- Data Sc.",1403,2079,2794,7608,,1993,14467,7326,,,,,,,,
2022,R1,E048,"E048 B M S College of Engineering  Basavanagudi,Bangalore","IE Info.Science",1363,3641,3098,4279,1902,2031,12538,6642,,,,,,,,
2022,R1,E048,"E048 B M S College of Engineering  Basavanagudi,Bangalore","IO CS- Internet of Things",1538,,3461,9097,,2896,23955,13387,,,,,,,,
2022,R1,E049,"E049 Basaveshwara Engineering College  Bagalkot","AI Artificial Intelligence",31191,47183,33232,39818,36349,32569,83133,,,,,,,,,
2022,R1,E049,"E049 Basaveshwara Engineering College  Bagalkot","CS Computers",18486,22975,19692,22827,19520,18570,47643,,,,,,,,,
2022,R1,E049,"E049 Basaveshwara Engineering College  Bagalkot","IE Info.Science",23849,32310,28644,28898,25901,24467,74766,60000,,,,,,,,
2022,R1,E054,"E054 K V G College of Engineering  Sullia,D.K District","CS Computers",59690,80958,68332,82528,62372,67419,109990,71358,,,,,,,,
2022,R1,E057,"E057 JSS Science and Technology University(Formerly SJCE)  Mysore","CS Computers",2575,4366,4618,5315,2674,3211,15305,7940,,,,,,,,
2022,R1,E057,"E057 JSS Science and Technology University(Formerly SJCE)  Mysore","IE Info.Science",3605,6480,5254,6615,3616,3980,23522,8393,,,,,,,,
2022,R1,E058,"E058 P E S College of Engineering  Mandya","CA CS (AI, Machine Learning)",20024,25467,23226,24647,20071,20249,66342,,,,,,,,,
2022,R1,E058,"E058 P E S College of Engineering  Mandya","CS Computers",14021,20341,16329,18179,14239,15739,37311,15783,,,,,,,,
2022,R1,E058,"E058 P E S College of Engineering  Mandya","IE Info.Science",17089,24933,18786,22063,17116,17628,54392,,,,,,,,,
2022,R1,E059,"E059 P D A College of Engineering  Gulbarga","AI Artificial Intelligence",40339,,42403,,,,63110,74009,,,,,,,,
2022,R1,E059,"E059 P D A College of Engineering  Gulbarga","CD Computer Sc. and Design",38478,,52085,,56095,,75443,,,,,,,,,
2022,R1,E059,"E059 P D A College of Engineering  Gulbarga","CS Computers",20819,27798,25723,,21590,21018,33790,,,,,,,,,
2022,R1,E059,"E059 P D A College of Engineering  Gulbarga","IE Info.Science",31976,45521,38005,,,,52807,48657,,,,,,,,
2022,R1,E060,"E060 Dr. Ambedkar Institute Of Technology  Jnanabharathi Campus,Bangalore","AI Artificial Intelligence",14685,,19913,16079,16316,16790,41697,36087,,,,,,,,
2022,R1,E060,"E060 Dr. Ambedkar Institute Of Technology  Jnanabharathi Campus,Bangalore","CS Computers",10815,15159,12406,13743,11054,11224,28437,17797,,,,,,,,
2022,R1,E060,"E060 Dr. Ambedkar Institute Of Technology  Jnanabharathi Campus,Bangalore","IE Info.Science",12866,16785,14577,16780,13610,12921,40656,,,,,,,,,
2022,R1,E061,"E061 University B.D.T. college of Engineering  Davangere","CS Computers",14132,17832,18377,19128,16667,16493,31364,18326,,,,,,,,
2022,R1,E062,"E062 Bapuji Institute of Engineering and Technology  Davangere","AI Artificial Intelligence",33763,36190,38516,36484,36377,34963,80427,,,,,,,,,
2022,R1,E062,"E062 Bapuji Institute of Engineering and Technology  Davangere","CD Computer Sc. and Design",43105,57084,49545,43910,49438,43573,112180,69667,,,,,,,,
2022,R1,E062,"E062 Bapuji Institute of Engineering and Technology  Davangere","CS Computers",15476,22142,20080,18006,19289,16472,47799,21151,,,,,,,,
2022,R1,E062,"E062 Bapuji Institute of Engineering and Technology  Davangere","DS Comp. Sc. Engg- Data Sc.",31045,48972,35354,40227,36952,31674,78410,,,,,,,,,
2022,R1,E062,"E062 Bapuji Institute of Engineering and Technology  Davangere","IE Info.Science",28004,30794,32516,36790,33598,28693,76429,41744,,,,,,,,
2022,R1,E063,"E063 Sri Jagadguru Murugharajendra University (Formerly SJMIT)  Chitradurga","CS Computers",50891,51655,73869,54624,59929,54887,93033,65333,,,,,,,,
2022,R1,E064,"E064 Adhichunchanagiri Institute of Technology  Chickmagalur","AI Artificial Intelligence",42389,47836,49708,71281,43400,44147,102410,,,,,,,,,
2022,R1,E064,"E064 Adhichunchanagiri Institute of Technology  Chickmagalur","CS Computers",25408,37752,31285,31217,26435,25876,70099,38263,,,,,,,,
2022,R1,E064,"E064 Adhichunchanagiri Institute of Technology  Chickmagalur","DS Comp. Sc. Engg- Data Sc.",43928,51596,47156,91624,50826,,134807,74044,,,,,,,,
2022,R1,E064,"E064 Adhichunchanagiri Institute of Technology  Chickmagalur","IE Info.Science",33138,42614,35550,,33727,33217,92226,70837,,,,,,,,
2022,R1,E065,"E065 Jawaharlal Nehru National College of Engineering  Shimoga","AI Artificial Intelligence",26318,41746,39010,27911,36743,26948,77779,,,,,,,,,
2022,R1,E065,"E065 Jawaharlal Nehru National College of Engineering  Shimoga","CS Computers",14453,16980,20144,24628,18069,16556,45963,23098,,,,,,,,
2022,R1,E065,"E065 Jawaharlal Nehru National College of Engineering  Shimoga","IE Info.Science",25161,32643,31020,40875,27093,27480,69977,39406,,,,,,,,
2022,R1,E071,"E071 Vidya Vardhaka College of Engineering  Mysuru","CA CS (AI, Machine Learning)",14975,21316,17426,19662,15986,17594,57539,17545,,,,,,,,
2022,R1,E071,"E071 Vidya Vardhaka College of Engineering  Mysuru","CS Computers",9993,13812,11869,16364,10717,10188,29982,20261,,,,,,,,
2022,R1,E071,"E071 Vidya Vardhaka College of Engineering  Mysuru","IE Info.Science",12596,15210,14054,18933,13154,12665,41444,20934,,,,,,,,
2022,R1,E075,"E075 Ballari Institute of Technology and Management  Near Allipur Bellary","AI Artificial Intelligence",46884,63302,67401,54379,56207,51491,111224,,,,,,,,,
2022,R1,E075,"E075 Ballari Institute of Technology and Management  Near Allipur Bellary","CF CS(Artificial Intel.)",35419,,49604,,,46080,85219,48150,,,,,,,,
2022,R1,E075,"E075 Ballari Institute of Technology and Management  Near Allipur Bellary","CS Computers",19536,28611,24031,27902,25722,,39223,34223,,,,,,,,
2022,R1,E075,"E075 Ballari Institute of Technology and Management  Near Allipur Bellary","DS Comp. Sc. Engg- Data Sc.",33009,,58361,,39287,,42202,,,,,,,,,
2022,R1,E076,"E076 Proudadevaraya Institute of Technology  Indiranagar Hospet, Ballari DT","CS Computers",55416,71351,72842,64789,,59580,76611,,,,,,,,,
2022,R1,E077,"E077 Vidya Vikas Institute of Engineering and Technology  Mysuru","CS Computers",24405,33485,30128,26543,24554,25882,54485,,,,,,,,,
2022,R1,E077,"E077 Vidya Vikas Institute of Engineering and Technology  Mysuru","IE Info.Science",31286,41061,33724,43972,32013,33087,75011,,,,,,,,,
2022,R1,E078,"E078 The Oxford College of Engineering  Bangalore","AI Artificial Intelligence",35346,,40343,46362,37307,37253,85765,,,,,,,,,
2022,R1,E078,"E078 The Oxford College of Engineering  Bangalore","CS Computers",24522,25719,29974,33725,26091,26351,55957,44615,,,,,,,,
2022,R1,E078,"E078 The Oxford College of Engineering  Bangalore","IE Info.Science",32847,36369,35732,42802,32995,34275,74241,56361,,,,,,,,
2022,R1,E079,"E079 Acharya Institute of Technology  Bangalore","AI Artificial Intelligence",25845,26546,29448,31833,26416,27339,69674,44612,,,,,,,,
2022,R1,E079,"E079 Acharya Institute of Technology  Bangalore","CS Computers",14749,18046,16866,24734,14924,15214,42058,24256,,,,,,,,
2022,R1,E079,"E079 Acharya Institute of Technology  Bangalore","DS Comp. Sc. Engg- Data Sc.",23221,32134,27159,29990,25114,24343,60636,,,,,,,,,
2022,R1,E079,"E079 Acharya Institute of Technology  Bangalore","IE Info.Science",17663,19147,18725,28009,17820,17854,59572,28392,,,,,,,,
2022,R1,E082,"E082 J S S Academy of Technical Education  Bangalore","CA CS (AI, Machine Learning)",16303,21467,20223,27039,17142,17839,58825,41302,,,,,,,,
2022,R1,E082,"E082 J S S Academy of Technical Education  Bangalore","CS Computers",10213,14161,13949,19203,10461,10792,44245,19671,,,,,,,,
2022,R1,E082,"E082 J S S Academy of Technical Education  Bangalore","IE Info.Science",14046,18574,16427,26804,14762,14865,59937,30884,,,,,,,,
2022,R1,E082,"E082 J S S Academy of Technical Education  Bangalore","RA Robotics and Automation",30063,,41058,59816,,,122864,79862,,,,,,,,
2022,R1,E083,"E083 H.K.B.K.College of Engineering  Bangalore","AI Artificial Intelligence",53536,61739,60272,58064,58141,55049,110458,,,,,,,,,
2022,R1,E083,"E083 H.K.B.K.College of Engineering  Bangalore","CS Computers",39398,44205,45088,44091,40261,40306,73782,60299,,,,,,,,
2022,R1,E083,"E083 H.K.B.K.College of Engineering  Bangalore","IE Info.Science",49784,52553,56233,50979,50174,52590,103743,64039,,,,,,,,
2022,R1,E085,"E085 APS College of Engineering  Somanahalli, Bangalore","CS Computers",32614,35853,38853,39091,34617,38179,73688,,,,,,,,,
2022,R1,E085,"E085 APS College of Engineering  Somanahalli, Bangalore","IE Info.Science",45857,53937,54779,60899,46768,52885,87008,,,,,,,,,
2022,R1,E086,"E086 Sri Sairam College of Engineering(Formerly Shirdi Sai Engg)  Anekal,Bangalore","AI Artificial Intelligence",55187,57992,69817,80778,58608,57649,112379,,,,,,,,,
2022,R1,E086,"E086 Sri Sairam College of Engineering(Formerly Shirdi Sai Engg)  Anekal,Bangalore","CS Computers",43120,48891,46183,56058,43223,44078,81503,51231,,,,,,,,
2022,R1,E086,"E086 Sri Sairam College of Engineering(Formerly Shirdi Sai Engg)  Anekal,Bangalore","IE Info.Science",53332,,59928,57823,55034,54196,88429,58459,,,,,,,,
2022,R1,E087,"E087 Vivekananada Institute of Technology  Bangalore","AI Artificial Intelligence",54009,58656,69133,67791,56771,56495,120740,,,,,,,,,
2022,R1,E087,"E087 Vivekananada Institute of Technology  Bangalore","CS Computers",36937,42230,46586,53464,37839,41004,73464,47467,,,,,,,,
2022,R1,E087,"E087 Vivekananada Institute of Technology  Bangalore","IE Info.Science",46753,54308,50362,54305,47693,50396,97481,,,,,,,,,
2022,R1,E088,"E088 Bangalore College of Engineering and Technology  Chandapura, Bangalore","CS Computers",33655,37303,37149,,35294,,56631,72096,,,,,,,,
2022,R1,E088,"E088 Bangalore College of Engineering and Technology  Chandapura, Bangalore","IE Info.Science",48524,,53137,,,55184,81582,,,,,,,,,
2022,R1,E090,"E090 Sri Revana Siddeswara Institute of Technology  Bangalore North","CS Computers",36296,50892,45314,,38426,39304,74500,,,,,,,,,
2022,R1,E091,"E091 K S Institute of Technology  Bangalore","AI Artificial Intelligence",32947,34790,36714,34432,34949,36996,120146,,,,,,,,,
2022,R1,E091,"E091 K S Institute of Technology  Bangalore","CD Computer Sc. and Design",39585,,51699,,40976,49817,123426,69639,,,,,,,,
2022,R1,E091,"E091 K S Institute of Technology  Bangalore","CS Computers",24364,30220,28565,28029,25019,25711,70672,50485,,,,,,,,
2022,R1,E091,"E091 K S Institute of Technology  Bangalore","IO CS- Internet of Things",38009,40089,41882,51850,,,118109,62396,,,,,,,,
2022,R1,E092,"E092 Vemana Institute of Technology  Bangalore","AI Artificial Intelligence",51739,56176,62124,60585,52548,52961,77993,,,,,,,,,
2022,R1,E092,"E092 Vemana Institute of Technology  Bangalore","CS Computers",36955,39157,42593,42106,37133,38495,66607,61695,,,,,,,,
2022,R1,E092,"E092 Vemana Institute of Technology  Bangalore","IE Info.Science",48309,53924,55426,60616,49796,49764,104780,66847,,,,,,,,
2022,R1,E094,"E094 Coorg Institute of Technology  Kodagu","CS Computers",45507,70222,69672,50670,47145,58046,112669,,,,,,,,,
2022,R1,E095,"E095 AMC Engineering College  Bangalore","AI Artificial Intelligence",41424,52305,56789,44986,42286,,58152,72387,,,,,,,,
2022,R1,E095,"E095 AMC Engineering College  Bangalore","CA CS (AI, Machine Learning)",47052,48342,55391,47160,47780,53020,101580,71676,,,,,,,,
2022,R1,E095,"E095 AMC Engineering College  Bangalore","CS Computers",30869,36835,35994,38618,33026,32420,61062,37536,,,,,,,,
2022,R1,E095,"E095 AMC Engineering College  Bangalore","DS Comp. Sc. Engg- Data Sc.",46082,50195,59784,48814,46393,50672,109938,74846,,,,,,,,
2022,R1,E095,"E095 AMC Engineering College  Bangalore","IE Info.Science",38330,38964,44262,44034,38353,39787,89283,44046,,,,,,,,
2022,R1,E096,"E096 East Point College of Engineering and Technology  Bangalore","AD Artificial Intel, Data Sc",55533,57964,67205,58487,55700,55726,103138,,,,,,,,,
2022,R1,E096,"E096 East Point College of Engineering and Technology  Bangalore","CS Computers",33328,33373,38675,44197,34519,34597,42081,36424,,,,,,,,
2022,R1,E096,"E096 East Point College of Engineering and Technology  Bangalore","IE Info.Science",48106,57523,54609,50365,48573,50679,84603,56142,,,,,,,,
2022,R1,E097,"E097 C M R Institute of Technology  Bangalore","AD Artificial Intel, Data Sc",22888,24810,25193,30082,23188,24115,61358,27440,,,,,,,,
2022,R1,E097,"E097 C M R Institute of Technology  Bangalore","AI Artificial Intelligence",20394,24690,24090,28908,21313,20583,63606,51072,,,,,,,,
2022,R1,E097,"E097 C M R Institute of Technology  Bangalore","CA CS (AI, Machine Learning)",16174,18677,23041,16538,16824,19375,41155,,,,,,,,,
2022,R1,E097,"E097 C M R Institute of Technology  Bangalore","CS Computers",10280,11220,13371,17443,10915,12551,34648,19355,,,,,,,,
2022,R1,E097,"E097 C M R Institute of Technology  Bangalore","DS Comp. Sc. Engg- Data Sc.",17165,19032,19524,30205,17830,19294,39240,22634,,,,,,,,
2022,R1,E097,"E097 C M R Institute of Technology  Bangalore","IE Info.Science",14017,17933,15675,20566,14714,14211,46942,26938,,,,,,,,
2022,R1,E098,"E098 Atria Institute of Technology  Bangalore","CD Computer Sc. and Design",49355,58255,62354,54430,53495,63847,124473,59156,,,,,,,,
2022,R1,E098,"E098 Atria Institute of Technology  Bangalore","CS Computers",23976,26810,27038,26070,24244,25432,56180,39258,,,,,,,,
2022,R1,E098,"E098 Atria Institute of Technology  Bangalore","DS Comp. Sc. Engg- Data Sc.",35738,50585,45995,36301,36338,37200,104043,,,,,,,,,
2022,R1,E098,"E098 Atria Institute of Technology  Bangalore","IE Info.Science",33170,33391,37891,34005,34547,33991,94971,55862,,,,,,,,
2022,R1,E099,"E099 New Horizon College of Engineering  Bangalore","AI Artificial Intelligence",15969,19781,18364,21692,17017,20336,27645,25348,,,,,,,,
2022,R1,E099,"E099 New Horizon College of Engineering  Bangalore","CO Computer Engineering",16177,,20736,28980,16247,23042,31106,,,,,,,,,
2022,R1,E099,"E099 New Horizon College of Engineering  Bangalore","CS Computers",6932,9672,10616,12183,8115,8412,22023,14797,,,,,,,,
2022,R1,E099,"E099 New Horizon College of Engineering  Bangalore","DS Comp. Sc. Engg- Data Sc.",13676,14214,17887,26390,14178,14450,34281,26382,,,,,,,,
2022,R1,E099,"E099 New Horizon College of Engineering  Bangalore","IE Info.Science",11176,14090,13238,20386,11975,11912,24038,17570,,,,,,,,
2022,R1,E100,"E100 K N S Institute of Technology  Bangalore","CS Computers",49932,56319,59080,56454,51215,51701,85368,64239,,,,,,,,
2022,R1,E100,"E100 K N S Institute of Technology  Bangalore","IE Info.Science",58011,65361,62122,58876,63453,61464,114225,,,,,,,,,
2022,R1,E101,"E101 Channabasaveshwara Institute of Technology  Gubbi, Tumkur","AD Artificial Intel, Data Sc",56308,58654,59901,57227,60954,57472,118809,,,,,,,,,
2022,R1,E101,"E101 Channabasaveshwara Institute of Technology  Gubbi, Tumkur","CS Computers",33562,43317,42473,42307,35090,36797,51383,37278,,,,,,,,
2022,R1,E101,"E101 Channabasaveshwara Institute of Technology  Gubbi, Tumkur","IE Info.Science",44179,56657,51122,49905,44807,45842,55033,,,,,,,,,
2022,R1,E102,"E102 DONBOSCO Institute of Technology  Bangalore","AD Artificial Intel, Data Sc",45203,46195,54774,60919,45313,46023,104436,,,,,,,,,
2022,R1,E102,"E102 DONBOSCO Institute of Technology  Bangalore","CA CS (AI, Machine Learning)",43882,58735,50377,46262,44405,49087,101658,52349,,,,,,,,
2022,R1,E102,"E102 DONBOSCO Institute of Technology  Bangalore","CS Computers",26411,32284,30371,33827,26951,26974,61025,46862,,,,,,,,
2022,R1,E102,"E102 DONBOSCO Institute of Technology  Bangalore","IE Info.Science",35235,41633,42478,49765,35651,37641,98043,58675,,,,,,,,
2022,R1,E103,"E103 Global Academy of Technology  Bangalore","AD Artificial Intel, Data Sc",26594,31865,28465,58298,26867,30836,77721,39341,,,,,,,,
2022,R1,E103,"E103 Global Academy of Technology  Bangalore","AI Artificial Intelligence",25774,35324,27685,46712,25932,26371,85247,,,,,,,,,
2022,R1,E103,"E103 Global Academy of Technology  Bangalore","CA CS (AI, Machine Learning)",23463,31774,26489,44893,25341,24975,81873,,,,,,,,,
2022,R1,E103,"E103 Global Academy of Technology  Bangalore","CS Computers",17211,20755,19366,25986,17312,18881,46399,24935,,,,,,,,
2022,R1,E103,"E103 Global Academy of Technology  Bangalore","IE Info.Science",21761,25323,23842,45282,23327,23048,69529,42363,,,,,,,,
2022,R1,E104,"E104 Nagarjuna College of Engineering and Technology  Bangalore (R)","CA CS (AI, Machine Learning)",52287,68616,61543,,55805,57845,108937,64720,,,,,,,,
2022,R1,E104,"E104 Nagarjuna College of Engineering and Technology  Bangalore (R)","CS Computers",36759,42967,45572,39339,37052,40679,71425,53092,,,,,,,,
2022,R1,E104,"E104 Nagarjuna College of Engineering and Technology  Bangalore (R)","DS Comp. Sc. Engg- Data Sc.",58924,78513,62166,66393,61340,64302,116100,,,,,,,,,
2022,R1,E104,"E104 Nagarjuna College of Engineering and Technology  Bangalore (R)","IE Info.Science",45269,50619,48653,46749,46403,45329,93416,,,,,,,,,
2022,R1,E105,"E105 Nitte Meenakshi Institutute of Technology  Bangalore","AD Artificial Intel, Data Sc",11171,17883,13772,21335,11879,12207,51663,29737,,,,,,,,
2022,R1,E105,"E105 Nitte Meenakshi Institutute of Technology  Bangalore","AI Artificial Intelligence",10768,19873,14449,20039,11042,11517,41373,,,,,,,,,
2022,R1,E105,"E105 Nitte Meenakshi Institutute of Technology  Bangalore","CS Computers",6702,8457,9443,8602,6834,6872,25828,13323,,,,,,,,
2022,R1,E105,"E105 Nitte Meenakshi Institutute of Technology  Bangalore","IE Info.Science",9419,12433,11287,18477,9606,10700,38269,22481,,,,,,,,
2022,R1,E106,"E106 East West Institute of Technology  Bangalore","AD Artificial Intel, Data Sc",53235,65305,63738,65362,55523,61130,93740,,,,,,,,,
2022,R1,E106,"E106 East West Institute of Technology  Bangalore","AI Artificial Intelligence",52878,61693,55205,72148,53001,,106504,65874,,,,,,,,
2022,R1,E106,"E106 East West Institute of Technology  Bangalore","CS Computers",33290,38809,39545,52272,33637,36735,85097,40219,,,,,,,,
2022,R1,E106,"E106 East West Institute of Technology  Bangalore","IE Info.Science",43727,57868,49824,62197,44938,44309,103304,57794,,,,,,,,
2022,R1,E107,"E107 B N M Institute of Technology  Bangalore","AI Artificial Intelligence",12186,18739,16541,23897,12459,12724,54299,27800,,,,,,,,
2022,R1,E107,"E107 B N M Institute of Technology  Bangalore","CS Computers",7448,9743,11461,13829,8090,7739,33788,14874,,,,,,,,
2022,R1,E107,"E107 B N M Institute of Technology  Bangalore","IE Info.Science",8610,14160,12435,21508,8685,8779,44473,,,,,,,,,
2022,R1,E108,"E108 Sapthagiri College of Engineering  Bangalore","CS Computers",20597,21599,25581,32142,20662,21237,63963,27435,,,,,,,,
2022,R1,E108,"E108 Sapthagiri College of Engineering  Bangalore","IE Info.Science",26283,28735,29313,48436,26717,27126,70653,41668,,,,,,,,
2022,R1,E109,"E109 City Engineering College  Bangalore","CS Computers",51644,55589,59795,59407,52003,56471,98098,66546,,,,,,,,
2022,R1,E111,"E111 Sri Venkateshwara College of Engineering  Bettahalsur(P), Bangalore","CF CS(Artificial Intel.)",48351,75585,63625,76304,54092,57414,113773,,,,,,,,,
2022,R1,E111,"E111 Sri Venkateshwara College of Engineering  Bettahalsur(P), Bangalore","CS Computers",35591,41808,43734,51845,37362,40086,89680,48080,,,,,,,,
2022,R1,E111,"E111 Sri Venkateshwara College of Engineering  Bettahalsur(P), Bangalore","DS Comp. Sc. Engg- Data Sc.",54848,70061,58826,65741,55865,58119,106348,72465,,,,,,,,
2022,R1,E111,"E111 Sri Venkateshwara College of Engineering  Bettahalsur(P), Bangalore","IE Info.Science",45100,46338,48531,56061,45440,45928,96380,,,,,,,,,
2022,R1,E112,"E112 Sri Krishna Institute of Technology  Bangalore","CS Computers",49969,53368,58897,62190,50306,51834,104059,62297,,,,,,,,
2022,R1,E112,"E112 Sri Krishna Institute of Technology  Bangalore","IE Info.Science",57385,70103,61769,,58380,59936,110464,76229,,,,,,,,
2022,R1,E113,"E113 Sambhram Institute of Technology  Bangalore","CS Computers",55811,60032,63761,65949,56053,59406,97955,72234,,,,,,,,
2022,R1,E114,"E114 G M Institute of Technology  Davanagere","AI Artificial Intelligence",44960,48611,57895,49701,48735,47967,94700,66622,,,,,,,,
2022,R1,E114,"E114 G M Institute of Technology  Davanagere","CS Computers",22508,22727,25763,23408,22999,23181,56255,26962,,,,,,,,
2022,R1,E114,"E114 G M Institute of Technology  Davanagere","IE Info.Science",30992,39201,36488,31510,36482,31383,71483,46817,,,,,,,,
2022,R1,E115,"E115 S J B Institute of Technology  Kengeri,Bangalore","AI Artificial Intelligence",21822,31649,27346,34911,22155,23986,81383,,,,,,,,,
2022,R1,E115,"E115 S J B Institute of Technology  Kengeri,Bangalore","CS Computers",14602,18356,16725,22750,14699,16029,46709,26585,,,,,,,,
2022,R1,E115,"E115 S J B Institute of Technology  Kengeri,Bangalore","DS Comp. Sc. Engg- Data Sc.",21432,30614,24761,27396,21515,24412,83656,50166,,,,,,,,
2022,R1,E115,"E115 S J B Institute of Technology  Kengeri,Bangalore","IE Info.Science",18134,24168,19739,33837,18639,20099,73522,30147,,,,,,,,
2022,R1,E116,"E116 R.L.Jalappa Institute of Technology  Bangalore Rural Dist","CS Computers",51177,73745,60528,60806,56284,61384,112714,57521,,,,,,,,
2022,R1,E118,"E118 RNS Institute of Technology  Bangalore","AD Artificial Intel, Data Sc",13967,19118,18292,25909,15631,14099,66531,,,,,,,,,
2022,R1,E118,"E118 RNS Institute of Technology  Bangalore","AI Artificial Intelligence",15339,21520,18796,25585,16011,16973,67984,32776,,,,,,,,
2022,R1,E118,"E118 RNS Institute of Technology  Bangalore","CS Computers",6979,9667,10416,12567,7950,8270,30792,16927,,,,,,,,
2022,R1,E118,"E118 RNS Institute of Technology  Bangalore","CY CS- Cyber Security",14523,19017,17148,31471,14538,15900,40186,32593,,,,,,,,
2022,R1,E118,"E118 RNS Institute of Technology  Bangalore","DS Comp. Sc. Engg- Data Sc.",12831,16352,18048,17816,13086,14570,52315,35622,,,,,,,,
2022,R1,E118,"E118 RNS Institute of Technology  Bangalore","IE Info.Science",9718,14430,13463,21065,9832,10498,45447,22594,,,,,,,,
2022,R1,E119,"E119 K C T Engineering College  Roza(B),Gulbarga","CS Computers",52490,,68687,53381,,,83591,,,,,,,,,
2022,R1,E121,"E121 Vivekananada College of Engineering Technology  D K DIST","AI Artificial Intelligence",54383,84632,68148,100942,54717,55309,136129,,,,,,,,,
2022,R1,E121,"E121 Vivekananada College of Engineering Technology  D K DIST","CS Computers",33471,47891,42487,73679,36311,43751,131077,44134,,,,,,,,
2022,R1,E121,"E121 Vivekananada College of Engineering Technology  D K DIST","DS Comp. Sc. Engg- Data Sc.",49138,59806,52534,78553,49626,57454,145039,76063,,,,,,,,
2022,R1,E123,"E123 Canara Engineering College Bantwal  DK DIST","AI Artificial Intelligence",48876,50920,53501,77248,54462,54096,159684,,,,,,,,,
2022,R1,E123,"E123 Canara Engineering College Bantwal  DK DIST","CS Computers",33023,35906,36984,48437,36419,35590,113651,63061,,,,,,,,
2022,R1,E123,"E123 Canara Engineering College Bantwal  DK DIST","IE Info.Science",40117,44721,40735,57013,44270,42359,141252,,,,,,,,,
2022,R1,E124,"E124 Rajiv Gandhi Institute of Technology  R.T Nagar Post, Bangalore","CS Computers",47470,57359,54190,48186,49856,47734,78490,61827,,,,,,,,
2022,R1,E126,"E126 B M S Institute of Technology and Management  Yelahanka, Bangalore","AI Artificial Intelligence",9162,10102,12337,19972,9498,9459,39664,18107,,,,,,,,
2022,R1,E126,"E126 B M S Institute of Technology and Management  Yelahanka, Bangalore","CS Computers",4191,5440,6322,7272,4796,5685,20469,9168,,,,,,,,
2022,R1,E126,"E126 B M S Institute of Technology and Management  Yelahanka, Bangalore","IE Info.Science",6926,9430,9776,14300,7313,8616,37318,19348,,,,,,,,
2022,R1,E128,"E128 Sharnbasva University(Formerly Appa Inst. of Tech.)  Brahmpur, Kalaburagi","AD Artificial Intel, Data Sc",49593,87085,55456,,,,69060,,,,,,,,,
2022,R1,E128,"E128 Sharnbasva University(Formerly Appa Inst. of Tech.)  Brahmpur, Kalaburagi","CS Computers",29940,38864,37532,35859,43858,31184,55494,,,,,,,,,
2022,R1,E129,"E129 St. Joseph Engineering College  Mangalore","AI Artificial Intelligence",20298,28351,21949,22167,31329,,113458,56129,,,,,,,,
2022,R1,E129,"E129 St. Joseph Engineering College  Mangalore","CS Computers",16331,22035,19602,24013,23734,16478,75539,28842,,,,,,,,
2022,R1,E129,"E129 St. Joseph Engineering College  Mangalore","DS Comp. Sc. Engg- Data Sc.",20082,32195,23501,,26013,20861,93991,59124,,,,,,,,
2022,R1,E130,"E130 Shridevi Institute of Engineering and Technology  Tumkur","CS Computers",55185,68280,66378,64729,57091,55922,83164,65111,,,,,,,,
2022,R1,E132,"E132 Secab Institute of Engineering and Technology  Bijapur","CS Computers",45130,63346,70309,47824,46734,54592,74772,,,,,,,,,
2022,R1,E133,"E133 G S S S Institute of Engineering and Technology for Women  Mysore","AD Artificial Intel, Data Sc",28200,41123,37949,32356,29544,28657,71540,,,,,,,,,
2022,R1,E133,"E133 G S S S Institute of Engineering and Technology for Women  Mysore","CA CS (AI, Machine Learning)",23860,33838,29530,38099,30254,24040,69467,,,,,,,,,
2022,R1,E133,"E133 G S S S Institute of Engineering and Technology for Women  Mysore","CS Computers",16758,25880,21743,22242,19043,17143,43579,19288,,,,,,,,
2022,R1,E133,"E133 G S S S Institute of Engineering and Technology for Women  Mysore","IE Info.Science",20838,29063,21837,,21485,21441,49045,25718,,,,,,,,
2022,R1,E134,"E134 Smt. Kamala and Sri Venkappa M.Agadi College of Engg. and Tech.  Laxmeshwara-Tq, Gadag Dt.","CS Computers",40727,43065,43794,53029,47716,41273,69119,,,,,,,,,
2022,R1,E134,"E134 Smt. Kamala and Sri Venkappa M.Agadi College of Engg. and Tech.  Laxmeshwara-Tq, Gadag Dt.","IE Info.Science",55537,55720,61405,74849,,58202,124164,,,,,,,,,
2022,R1,E135,"E135 K L S Viswanathrao Deshpande Institute of Technology  Haliyal, Uttara Kannada -Dist","CA CS (AI, Machine Learning)",45950,64994,57529,56192,75204,55106,97902,,,,,,,,,
2022,R1,E135,"E135 K L S Viswanathrao Deshpande Institute of Technology  Haliyal, Uttara Kannada -Dist","CS Computers",29172,,38567,39109,31705,30278,72067,51934,,,,,,,,
2022,R1,E139,"E139 Impact College of Engineering and Applied Sciences  Bangalore","CS Computers",56246,58836,62189,59651,56638,58084,105777,,,,,,,,,
2022,R1,E141,"E141 P E S University (Electronic City Campus)  Bangalore","CS Computers",3443,7618,7451,8322,4385,5478,27438,16315,,,,,,,,
2022,R1,E142,"E142 Adichunchanagiri University(Formerly BGSIT)  Nagamangala Taluk,Mandya Dist.","AI Artificial Intelligence",49166,70152,54787,,49462,49814,143304,,,,,,,,,
2022,R1,E142,"E142 Adichunchanagiri University(Formerly BGSIT)  Nagamangala Taluk,Mandya Dist.","CS Computers",30059,49775,47268,56881,30452,32450,88246,61919,,,,,,,,
2022,R1,E142,"E142 Adichunchanagiri University(Formerly BGSIT)  Nagamangala Taluk,Mandya Dist.","IE Info.Science",37747,,49852,76434,,40560,114574,,,,,,,,,
2022,R1,E144,"E144 Srinivas Institute of Technology  Mangalore.","CS Computers",43297,47814,47817,43862,49309,48393,102537,47772,,,,,,,,
2022,R1,E144,"E144 Srinivas Institute of Technology  Mangalore.","IE Info.Science",50935,,55269,,,52554,100439,69230,,,,,,,,
2022,R1,E145,"E145 Rajarajeswari College of Engineering  Kumbalagodu,Bangalore","AI Artificial Intelligence",42682,45512,56502,68368,43457,49835,118233,,,,,,,,,
2022,R1,E145,"E145 Rajarajeswari College of Engineering  Kumbalagodu,Bangalore","CS Computers",29858,33624,33800,43594,31334,31711,70533,45079,,,,,,,,
2022,R1,E145,"E145 Rajarajeswari College of Engineering  Kumbalagodu,Bangalore","IE Info.Science",35144,43732,38691,61425,36207,35705,93810,,,,,,,,,
2022,R1,E145,"E145 Rajarajeswari College of Engineering  Kumbalagodu,Bangalore","IO CS- Internet of Things",50235,,62280,69377,51531,53800,134483,77865,,,,,,,,
2022,R1,E147,"E147 T.John Engineering College  Bangalore","CS Computers",48230,61308,53282,51900,48420,54490,102046,71774,,,,,,,,
2022,R1,E147,"E147 T.John Engineering College  Bangalore","IE Info.Science",57371,71737,62713,62180,58431,59694,118913,,,,,,,,,
2022,R1,E149,"E149 Cambridge Institutute of Technology  Bangalore","AI Artificial Intelligence",32365,40194,37861,44015,35050,32689,66042,,,,,,,,,
2022,R1,E149,"E149 Cambridge Institutute of Technology  Bangalore","CS Computers",23622,28078,25804,28481,24025,25216,54339,39891,,,,,,,,
2022,R1,E149,"E149 Cambridge Institutute of Technology  Bangalore","IE Info.Science",31437,31987,34905,41284,31695,33375,78342,45349,,,,,,,,
2022,R1,E150,"E150 P E S Institute of Technology and Management  Shivamogga","AI Artificial Intelligence",46816,47000,57996,68828,54050,48238,106611,,,,,,,,,
2022,R1,E150,"E150 P E S Institute of Technology and Management  Shivamogga","CS Computers",28740,29427,33982,32192,30369,29481,65971,36563,,,,,,,,
2022,R1,E150,"E150 P E S Institute of Technology and Management  Shivamogga","DS Comp. Sc. Engg- Data Sc.",49575,63040,56211,54361,56241,51124,102065,,,,,,,,,
2022,R1,E150,"E150 P E S Institute of Technology and Management  Shivamogga","IE Info.Science",34966,,37506,44335,39666,35240,69831,59032,,,,,,,,
2022,R1,E151,"E151 Mangalore Institute of Technology and Engineering  Mangalore Tq,D.K","AI Artificial Intelligence",35635,47334,38033,39183,41220,40078,127245,,,,,,,,,
2022,R1,E151,"E151 Mangalore Institute of Technology and Engineering  Mangalore Tq,D.K","CA CS (AI, Machine Learning)",34425,,40127,34446,,38899,141467,67362,,,,,,,,
2022,R1,E151,"E151 Mangalore Institute of Technology and Engineering  Mangalore Tq,D.K","CS Computers",21060,23471,27656,27654,25498,22262,89723,36104,,,,,,,,
2022,R1,E151,"E151 Mangalore Institute of Technology and Engineering  Mangalore Tq,D.K","IE Info.Science",28586,,29995,37618,28728,28670,94065,,,,,,,,,
2022,R1,E151,"E151 Mangalore Institute of Technology and Engineering  Mangalore Tq,D.K","IO CS- Internet of Things",40160,49590,42963,,41375,43925,144012,74858,,,,,,,,
2022,R1,E152,"E152 S D M Institute of Tech.  Ujire,Dakshina Kannada","AD Artificial Intel, Data Sc",49757,68434,61404,61456,51188,50167,92382,,,,,,,,,
2022,R1,E152,"E152 S D M Institute of Tech.  Ujire,Dakshina Kannada","CS Computers",32238,34953,37844,43909,34034,34241,68220,46790,,,,,,,,
2022,R1,E152,"E152 S D M Institute of Tech.  Ujire,Dakshina Kannada","IE Info.Science",40235,40887,40921,53894,42498,40691,108380,,,,,,,,,
2022,R1,E153,"E153 S E A College of Engineering and Technology  K R puram bangalore","CS Computers",55549,58634,60043,56557,55905,57898,90596,74963,,,,,,,,
2022,R1,E154,"E154 Government Engineering College  Chamarajanagara","CS Computers",35971,52847,44604,48836,39636,40667,53212,51070,,,,,,,,
2022,R1,E155,"E155 Government Engineering College  Hassan","CS Computers",21794,29593,26790,30867,22552,25494,44232,30826,,,,,,,,
2022,R1,E156,"E156 Government Engineering College  K R Pet, Mandya DT.","CS Computers",37255,46375,49634,53004,39918,41936,62625,55847,,,,,,,,
2022,R1,E157,"E157 Government Engineering College  Ramanagara","CS Computers",46049,57121,54571,55783,47504,49677,64445,56570,,,,,,,,
2022,R1,E158,"E158 Maharaja Institute of Technology-Mysore  Belawadi, Mandya Dist","CF CS(Artificial Intel.)",35391,48063,41369,38191,36291,37391,82302,,,,,,,,,
2022,R1,E158,"E158 Maharaja Institute of Technology-Mysore  Belawadi, Mandya Dist","CS Computers",26766,32863,31030,27137,27755,28878,60832,32729,,,,,,,,
2022,R1,E158,"E158 Maharaja Institute of Technology-Mysore  Belawadi, Mandya Dist","DS Comp. Sc. Engg- Data Sc.",41099,49222,43582,44065,41201,43497,89182,,,,,,,,,
2022,R1,E158,"E158 Maharaja Institute of Technology-Mysore  Belawadi, Mandya Dist","IE Info.Science",34681,60131,38216,36070,35361,35647,76940,34864,,,,,,,,
2022,R1,E160,"E160 Sahyadri College of Engg. and Management  Mangalore","CA CS (AI, Machine Learning)",23071,23609,29762,23105,26102,28768,120416,47031,,,,,,,,
2022,R1,E160,"E160 Sahyadri College of Engg. and Management  Mangalore","CS Computers",12052,18025,17806,19990,12537,14841,60055,19522,,,,,,,,
2022,R1,E160,"E160 Sahyadri College of Engg. and Management  Mangalore","DS Comp. Sc. Engg- Data Sc.",23629,31741,26728,26050,25727,24469,108996,,,,,,,,,
2022,R1,E160,"E160 Sahyadri College of Engg. and Management  Mangalore","IE Info.Science",19347,20679,21709,25252,23346,20218,81359,30905,,,,,,,,
2022,R1,E161,"E161 Government Engineering College  Kushalnagar,Kodagu Dist","CS Computers",43598,51922,56764,56587,46560,49246,65509,52436,,,,,,,,
2022,R1,E162,"E162 Government Engineering College  Raichur","CS Computers",34723,,53527,,38674,41807,62855,38500,,,,,,,,
2022,R1,E163,"E163 Government Engineering College  Devagiri,Haveri","CS Computers",39939,53665,48303,64282,50479,40454,70235,41348,,,,,,,,
2022,R1,E164,"E164 Government Engineering College  Huvina Hadagali,Bellary Dist.","CS Computers",53596,58777,58187,,58569,55430,78571,,,,,,,,,
2022,R1,E165,"E165 Yenepoya Institute of Technology  Thodar,Moodbidri","CS Computers",54721,56889,68756,56410,56167,59985,128562,66964,,,,,,,,
2022,R1,E166,"E166 K L E Institute of Technology  Hubli","CS Computers",15664,20199,19910,25637,17833,17136,46506,27322,,,,,,,,
2022,R1,E167,"E167 K L E Ss K L E College of Engineering and Technology  Chikkodi, Belgaum Dist.","AD Artificial Intel, Data Sc",55738,85886,59549,59325,70963,61167,114534,,,,,,,,,
2022,R1,E167,"E167 K L E Ss K L E College of Engineering and Technology  Chikkodi, Belgaum Dist.","CS Computers",28819,45155,36439,32551,44983,29726,79206,39177,,,,,,,,
2022,R1,E168,"E168 Amrutha Institute of Engineering and Mangement  Bidadi Indust. Estate,Ban'lore","CS Computers",53012,73155,64025,56355,55109,54509,89646,,,,,,,,,
2022,R1,E169,"E169 Alva`s Institute of Engineering and Technology  Moodabidri,","AI Artificial Intelligence",48556,50445,60810,,,50330,107165,75763,,,,,,,,
2022,R1,E169,"E169 Alva`s Institute of Engineering and Technology  Moodabidri,","CS Computers",36856,48832,40824,49922,39935,39936,93690,55259,,,,,,,,
2022,R1,E169,"E169 Alva`s Institute of Engineering and Technology  Moodabidri,","DS Comp. Sc. Engg- Data Sc.",49836,,58787,53901,52795,55246,131702,64487,,,,,,,,
2022,R1,E169,"E169 Alva`s Institute of Engineering and Technology  Moodabidri,","IE Info.Science",44236,56448,46164,54148,45323,45725,110540,,,,,,,,,
2022,R1,E171,"E171 Brindavan College of Engineering  Yelahanka, Bangalore","CS Computers",47942,54024,53250,49110,49530,50467,100272,67783,,,,,,,,
2022,R1,E171,"E171 Brindavan College of Engineering  Yelahanka, Bangalore","IE Info.Science",59740,,61983,64528,60639,64058,118327,76513,,,,,,,,
2022,R1,E172,"E172 R.R.Institute of Technology  Chikkabanavara, Bangalore","CS Computers",46272,53857,52896,59824,47629,49302,92874,56575,,,,,,,,
2022,R1,E172,"E172 R.R.Institute of Technology  Chikkabanavara, Bangalore","IE Info.Science",53647,57687,60596,68726,54360,57288,113749,,,,,,,,,
2022,R1,E173,"E173 Sai Vidya Institute of Technology  Bangalore","CA CS (AI, Machine Learning)",46671,58318,58552,66337,49029,52302,121675,68770,,,,,,,,
2022,R1,E173,"E173 Sai Vidya Institute of Technology  Bangalore","CS Computers",24733,25027,25795,44212,26295,26168,66164,61368,,,,,,,,
2022,R1,E173,"E173 Sai Vidya Institute of Technology  Bangalore","DS Comp. Sc. Engg- Data Sc.",50076,74010,58939,58384,53299,59531,141033,60759,,,,,,,,
2022,R1,E173,"E173 Sai Vidya Institute of Technology  Bangalore","IE Info.Science",34277,34499,39941,56625,34615,35615,111423,65368,,,,,,,,
2022,R1,E175,"E175 S.G.Balekundri Institute of Technology  Belgaum","AD Artificial Intel, Data Sc",57769,75631,63016,66418,71995,57818,126931,,,,,,,,,
2022,R1,E175,"E175 S.G.Balekundri Institute of Technology  Belgaum","CS Computers",41600,53534,49978,52638,53251,42155,93861,54420,,,,,,,,
2022,R1,E176,"E176 Navodaya Institute of Technology  Raihcur","CS Computers",41573,,61059,,59485,,94284,,,,,,,,,
2022,R1,E177,"E177 Rajeev Institute of Technology  Hassan","CS Computers",42991,52893,52067,44021,44586,45120,78542,68671,,,,,,,,
2022,R1,E177,"E177 Rajeev Institute of Technology  Hassan","IE Info.Science",53601,65345,54231,,53940,58550,94897,93084,,,,,,,,
2022,R1,E178,"E178 The National Institute of Engineering(NORTH CAMPUS)  Mysore","CA CS (AI, Machine Learning)",6289,10283,11049,8521,7539,6372,39068,,,,,,,,,
2022,R1,E178,"E178 The National Institute of Engineering(NORTH CAMPUS)  Mysore","CS Computers",4794,6940,7360,7017,5441,5039,20154,7963,,,,,,,,
2022,R1,E178,"E178 The National Institute of Engineering(NORTH CAMPUS)  Mysore","IE Info.Science",7352,10513,9437,11475,7587,8317,33093,12858,,,,,,,,
2022,R1,E185,"E185 Angadi Institute of Technology and Management  Belgaum","CS Computers",45260,52240,48659,51331,49869,45828,89520,51733,,,,,,,,
2022,R1,E186,"E186 ACS College of Engineering  Kengeri Hobli,Bangalore","CS Computers",41052,41690,46553,49556,41506,46210,98771,67999,,,,,,,,
2022,R1,E186,"E186 ACS College of Engineering  Kengeri Hobli,Bangalore","DS Comp. Sc. Engg- Data Sc.",59492,70617,63676,77189,61437,60678,124203,92734,,,,,,,,
2022,R1,E188,"E188 Vijaya Vittala Institute of Technology  Bangalore","CS Computers",59656,64957,63858,63795,63590,63258,111949,73913,,,,,,,,
2022,R1,E189,"E189 Navkis College of Engineering (Formerly NDRKIT)  Kandali, Hassan","AI Artificial Intelligence",52941,,64441,,,,161846,87291,,,,,,,,
2022,R1,E189,"E189 Navkis College of Engineering (Formerly NDRKIT)  Kandali, Hassan","CS Computers",39493,84298,59229,45981,39902,46367,109734,60100,,,,,,,,
2022,R1,E194,"E194 Government Engineering College  KARWAR","CS Computers",49995,60295,61844,65990,60382,56516,82237,53971,,,,,,,,
2022,R1,E196,"E196 Jain College of Engineering  Machche,Belgaum","CS Computers",23820,27075,29419,27044,32250,24797,68873,41920,,,,,,,,
2022,R1,E198,"E198 Sharnbasva University College for Women(Formerly Godutai)  Gulbarga","CS Computers",38112,,41072,51465,,42872,69754,,,,,,,,,
2022,R1,E199,"E199 AGM Rural Engineering College  Hubli, Darward (D)","CS Computers",50218,53599,54600,51889,57299,53246,76379,,,,,,,,,
2022,R1,E201,"E201 Gopalan College of Engineering and Management  White Field, Bangalore","CS Computers",37497,,45225,45737,42525,,75998,70859,,,,,,,,
2022,R1,E203,"E203 K.S. School of Engineering And Management  Mallasandra, Bangalore","AD Artificial Intel, Data Sc",59622,75525,64832,61822,63030,62967,142551,,,,,,,,,
2022,R1,E203,"E203 K.S. School of Engineering And Management  Mallasandra, Bangalore","CS Computers",44544,63469,53981,55280,46879,54690,102732,69042,,,,,,,,
2022,R1,E204,"E204 Bangalore Technological  Institute  Sarjapura Rd, Bangalore","CS Computers",46792,57946,54845,49263,47068,50347,109210,68294,,,,,,,,
2022,R1,E205,"E205 ATME College of Engineering  Varun  hobli,Mysore","CA CS (AI, Machine Learning)",43284,70111,44103,45249,43337,,94888,48670,,,,,,,,
2022,R1,E205,"E205 ATME College of Engineering  Varun  hobli,Mysore","CD Computer Sc. and Design",58811,75272,66139,64291,60692,58856,94702,,,,,,,,,
2022,R1,E205,"E205 ATME College of Engineering  Varun  hobli,Mysore","CS Computers",32563,41468,36717,36504,33122,35362,58894,41544,,,,,,,,
2022,R1,E205,"E205 ATME College of Engineering  Varun  hobli,Mysore","DS Comp. Sc. Engg- Data Sc.",49307,55960,58739,53888,51174,50411,75286,,,,,,,,,
2022,R1,E206,"E206 Shri Madhwa Vadiraja Institute of Technology and Management  Udupi Dist","AD Artificial Intel, Data Sc",45488,51909,47918,79662,73860,49401,160346,,,,,,,,,
2022,R1,E206,"E206 Shri Madhwa Vadiraja Institute of Technology and Management  Udupi Dist","AI Artificial Intelligence",54781,66591,57177,56561,56429,59973,158574,70225,,,,,,,,
2022,R1,E206,"E206 Shri Madhwa Vadiraja Institute of Technology and Management  Udupi Dist","CS Computers",29245,44215,39448,54934,63926,44919,136137,57666,,,,,,,,
2022,R1,E209,"E209 Jyothi Institute of Technology  Bangalore","AI Artificial Intelligence",45789,58566,51522,73179,47385,55869,120893,73943,,,,,,,,
2022,R1,E209,"E209 Jyothi Institute of Technology  Bangalore","CS Computers",33177,42776,48557,55124,34084,38097,102682,61134,,,,,,,,
2022,R1,E209,"E209 Jyothi Institute of Technology  Bangalore","IE Info.Science",42665,59675,52655,66661,42856,43428,115647,,,,,,,,,
2022,R1,E211,"E211 Jain Institute of Technology  Cross,Davanagere","CS Computers",39793,42865,50508,40438,40961,42680,72637,55320,,,,,,,,
2022,R1,E211,"E211 Jain Institute of Technology  Cross,Davanagere","IE Info.Science",49088,57995,58576,49288,56923,51229,81150,,,,,,,,,
2022,R1,E212,"E212 Dayananda Sagar Academy of Technology  Kanakapur Main Road Bangalore","CA CS (AI, Machine Learning)",19269,26343,25135,41855,19937,19279,65365,,,,,,,,,
2022,R1,E212,"E212 Dayananda Sagar Academy of Technology  Kanakapur Main Road Bangalore","CD Computer Sc. and Design",27190,32682,31233,37165,,29225,89681,44658,,,,,,,,
2022,R1,E212,"E212 Dayananda Sagar Academy of Technology  Kanakapur Main Road Bangalore","CF CS(Artificial Intel.)",21975,31401,25521,24216,23667,24474,72642,,,,,,,,,
2022,R1,E212,"E212 Dayananda Sagar Academy of Technology  Kanakapur Main Road Bangalore","CS Computers",13450,16078,15236,15018,13657,16095,44634,22359,,,,,,,,
2022,R1,E212,"E212 Dayananda Sagar Academy of Technology  Kanakapur Main Road Bangalore","DS Comp. Sc. Engg- Data Sc.",18743,26103,24892,31419,19691,,55544,44786,,,,,,,,
2022,R1,E212,"E212 Dayananda Sagar Academy of Technology  Kanakapur Main Road Bangalore","IE Info.Science",17967,20638,19854,33986,18687,19149,59343,34068,,,,,,,,
2022,R1,E212,"E212 Dayananda Sagar Academy of Technology  Kanakapur Main Road Bangalore","IO CS- Internet of Things",26552,,34370,43302,27852,30601,86322,57310,,,,,,,,
2022,R1,E220,"E220 Alliance University  Bangalore","CS Computers",36881,47783,45028,54022,37788,43616,95437,65851,,,,,,,,
2022,R1,E220,"E220 Alliance University  Bangalore","IG Information Technology",41618,,49622,63563,41619,47121,102077,68585,,,,,,,,
2022,R1,E222,"E222 Cambridge Institutute of Technology-North Campus  Devanahalli(TQ),Bangalore(R)","CS Computers",48391,54359,56636,60627,49490,50797,101130,56815,,,,,,,,
2022,R1,E232,"E232 Reva University  Bangalore","AD Artificial Intel, Data Sc",21986,29997,26738,32977,24395,24978,63861,42530,,,,,,,,
2022,R1,E232,"E232 Reva University  Bangalore","CA CS (AI, Machine Learning)",18782,24125,24366,20769,19572,20890,48709,46377,,,,,,,,
2022,R1,E232,"E232 Reva University  Bangalore","CS Computers",12510,17988,15818,18773,12859,14305,36914,19641,,,,,,,,
2022,R1,E232,"E232 Reva University  Bangalore","IB CS-IoT Block Chain",23070,,28637,33695,24049,,75284,,,,,,,,,
2022,R1,E232,"E232 Reva University  Bangalore","IE Info.Science",15836,18873,17635,20114,15960,15938,45833,28971,,,,,,,,
2022,R1,E232,"E232 Reva University  Bangalore","SS CS and System Engg",23512,29080,32770,34465,,26866,75373,,,,,,,,,
2022,R1,E235,"E235 M.S. Ramaiah University of Applied Sciences  Bangalore","AI Artificial Intelligence",15702,16776,19877,22579,16543,16626,47733,,,,,,,,,
2022,R1,E235,"E235 M.S. Ramaiah University of Applied Sciences  Bangalore","CS Computers",11515,15914,16102,20643,12664,11889,37328,23987,,,,,,,,
2022,R1,E235,"E235 M.S. Ramaiah University of Applied Sciences  Bangalore","IE Info.Science",13312,18067,17224,,13500,13989,43867,,,,,,,,,
2022,R1,E235,"E235 M.S. Ramaiah University of Applied Sciences  Bangalore","MC Mathematics and Computing",19333,,53430,,,,126821,,,,,,,,,
2022,R1,E235,"E235 M.S. Ramaiah University of Applied Sciences  Bangalore","RB Robotics",29679,,43649,,45672,,65308,52930,,,,,,,,
2022,R1,E237,"E237 Presidency University  Yelahanka, Bangalore","BD CS- Big Data",41122,,50989,46742,43987,,121885,78636,,,,,,,,
2022,R1,E237,"E237 Presidency University  Yelahanka, Bangalore","CA CS (AI, Machine Learning)",38120,42405,44281,44204,42310,42257,85818,51605,,,,,,,,
2022,R1,E237,"E237 Presidency University  Yelahanka, Bangalore","CG Computer Science and Tech",45457,56264,58103,49306,49577,49571,105929,81006,,,,,,,,
2022,R1,E237,"E237 Presidency University  Yelahanka, Bangalore","CO Computer Engineering",57395,73473,72243,68207,58254,60908,130143,87141,,,,,,,,
2022,R1,E237,"E237 Presidency University  Yelahanka, Bangalore","CS Computers",31458,39423,39542,40866,33270,34625,74798,47512,,,,,,,,
2022,R1,E237,"E237 Presidency University  Yelahanka, Bangalore","CY CS- Cyber Security",46797,54170,56138,52213,47861,47342,102076,63657,,,,,,,,
2022,R1,E237,"E237 Presidency University  Yelahanka, Bangalore","DS Comp. Sc. Engg- Data Sc.",40838,54681,46818,47639,41663,45848,102966,73822,,,,,,,,
2022,R1,E237,"E237 Presidency University  Yelahanka, Bangalore","IE Info.Science",39334,43239,43595,48413,39638,40635,85625,64809,,,,,,,,
2022,R1,E237,"E237 Presidency University  Yelahanka, Bangalore","IO CS- Internet of Things",55953,64020,70280,58862,59238,59756,133842,97444,,,,,,,,
2022,R1,E237,"E237 Presidency University  Yelahanka, Bangalore","IS Information Sc. and Tech.",44749,56917,50401,56418,47409,49238,100432,58881,,,,,,,,
2022,R1,E237,"E237 Presidency University  Yelahanka, Bangalore","LC CS- Block Chain",51871,67512,64692,,,53633,126636,,,,,,,,,
2022,R1,E238,"E238 Mysuru Royal Institute of Technology  Mandya (D)","CS Computers",55999,70984,64894,58319,57194,59701,86914,70168,,,,,,,,
2022,R1,E239,"E239 East West College of Engineering  Yelahanka New Town, Bangalore","CS Computers",37649,38558,42318,45358,38999,38612,65206,51808,,,,,,,,
2022,R1,E240,"E240 Dayananda Sagar University  Hosur Road, Bangalore","CA CS (AI, Machine Learning)",26347,31001,31926,31972,27495,28575,73845,58259,,,,,,,,
2022,R1,E240,"E240 Dayananda Sagar University  Hosur Road, Bangalore","CG Computer Science and Tech",26994,33261,30824,,27796,28306,70956,,,,,,,,,
2022,R1,E240,"E240 Dayananda Sagar University  Hosur Road, Bangalore","CS Computers",20208,27125,24365,27155,20784,20998,59760,41522,,,,,,,,
2022,R1,E240,"E240 Dayananda Sagar University  Hosur Road, Bangalore","CY CS- Cyber Security",23916,36250,32856,39357,,25624,67054,,,,,,,,,
2022,R1,E240,"E240 Dayananda Sagar University  Hosur Road, Bangalore","DS Comp. Sc. Engg- Data Sc.",24304,,27731,34318,26857,25742,79666,48654,,,,,,,,
2022,R1,E241,"E241 KLE Technological University(Formerly BVBCET)  Dharward Dist","CF CS(Artificial Intel.)",5512,,8231,11875,8896,5827,34822,,,,,,,,,
2022,R1,E241,"E241 KLE Technological University(Formerly BVBCET)  Dharward Dist","CS Computers",4145,7804,7269,7167,6332,4835,19394,14559,,,,,,,,
2022,R1,E252,"E252 Mysore College of Engineering and Management  Mysore","CS Computers",49596,59758,55928,50287,50509,52572,75447,49715,,,,,,,,
2022,R1,E252,"E252 Mysore College of Engineering and Management  Mysore","IE Info.Science",55258,67454,60748,57206,55813,,85782,,,,,,,,,
2022,R1,E254,"E254 A J Institute Of Engineering And Technology  MANGALORE","CS Computers",28183,,31447,36100,37048,41173,76311,47045,,,,,,,,
2022,R1,E254,"E254 A J Institute Of Engineering And Technology  MANGALORE","IE Info.Science",40124,,43705,52989,,41387,139196,59480,,,,,,,,
2022,R1,E255,"E255 Gitam School Of Technology  BANGALORE RURAL DIST","CA CS (AI, Machine Learning)",54726,64142,67739,66901,57852,58761,109722,74386,,,,,,,,
2022,R1,E255,"E255 Gitam School Of Technology  BANGALORE RURAL DIST","CS Computers",40283,50931,51460,60813,40771,44354,98358,56679,,,,,,,,
2022,R1,E255,"E255 Gitam School Of Technology  BANGALORE RURAL DIST","CY CS- Cyber Security",57548,,60358,,58801,61493,100183,,,,,,,,,
2022,R1,E255,"E255 Gitam School Of Technology  BANGALORE RURAL DIST","DS Comp. Sc. Engg- Data Sc.",53491,62188,64631,68452,59090,54094,116830,,,,,,,,,
2022,R1,E257,"E257 CMR University  CHAGALATTI, BANGALORE","CA CS (AI, Machine Learning)",44677,63427,56599,54176,46364,49914,109957,76952,,,,,,,,
2022,R1,E257,"E257 CMR University  CHAGALATTI, BANGALORE","CS Computers",31455,39690,38974,39556,34396,36829,79514,57556,,,,,,,,
2022,R1,E257,"E257 CMR University  CHAGALATTI, BANGALORE","DS Comp. Sc. Engg- Data Sc.",35096,51293,41740,,,38710,97970,,,,,,,,,
2022,R1,E257,"E257 CMR University  CHAGALATTI, BANGALORE","IG Information Technology",44341,,57540,56371,52899,53425,98837,81881,,,,,,,,
2022,R1,E258,"E258 Maharaja Institute of Technology  THANDAVAPURA, MYSORE","AD Artificial Intel, Data Sc",46520,60138,49299,49540,47209,51163,95280,,,,,,,,,
2022,R1,E258,"E258 Maharaja Institute of Technology  THANDAVAPURA, MYSORE","CS Computers",25906,46764,41125,,27774,30163,56842,36309,,,,,,,,
2022,R1,E265,"E265 Jain College of Engineering and Technology  Hubballi","CS Computers",34191,39903,39280,39658,40922,34922,69072,45234,,,,,,,,
2022,R1,E269,"E269 Jain College of Engineering and Research  Udyambhag, Belgaum","CS Computers",36223,42323,46686,43982,43085,38779,82249,45293,,,,,,,,
2022,R1,E272,"E272 Government Engineering College  Talakal,Koppal","CS Computers",47829,63145,52257,,61831,54691,83198,,,,,,,,,
2022,R1,E273,"E273 Government Engineering College  Viprasainagar, Gangavathi","CS Computers",58711,65736,63181,,59031,61192,90145,,,,,,,,,
2022,R1,E274,"E274 Government Engineering College  Moselehosahalli,Hassan","CS Computers",43852,47042,52164,56573,44958,49680,64414,56915,,,,,,,,
2022,R1,E275,"E275 R V Institute of Technology and Management  JP Nagar, Bengaluru","CS Computers",6613,11146,12804,9407,7141,6997,32992,19997,,,,,,,,
2022,R1,E275,"E275 R V Institute of Technology and Management  JP Nagar, Bengaluru","IE Info.Science",8332,11232,13879,18461,8621,11420,48316,23533,,,,,,,,
2022,R1,E279,"E279 Visvesvaraya Technological University  Belgaum","RA Robotics and Automation",48454,58533,60151,81822,76223,63211,89467,84441,,,,,,,,
2022,R1,E281,"E281 Government Engineering College  Challakere,Chitradurga","CS Computers",55756,57406,67181,67316,63350,61989,89378,63710,,,,,,,,
2022,R1,E283,"E283 University of Mysore  Mysore","AD Artificial Intel, Data Sc",48596,49236,63036,,52229,52557,92546,61735,,,,,,,,
2022,R1,E283,"E283 University of Mysore  Mysore","AI Artificial Intelligence",45311,66403,59874,54217,47383,48571,108983,65780,,,,,,,,
2022,R1,E283,"E283 University of Mysore  Mysore","CD Computer Sc. and Design",47392,78448,55050,60763,49562,53566,85979,,,,,,,,,
2022,R1,E284,"E284 Sri Jayachamarajendra College of Engineering(Const. of JSS Univ.)  Mysore","CS Computers",2954,2963,4144,5117,3010,3634,19934,,,,,,,,,
2022,R1,E285,"E285 R V University  Bangalore","CS Computers",4726,9877,15416,15980,5670,7182,36633,19115,,,,,,,,
2022,R1,E286,"E286 BGS College of Engineering and Technology  Mahalakshmipuram,Bangalore","AD Artificial Intel, Data Sc",41676,78132,60386,64757,42392,45332,97821,,,,,,,,,
2022,R1,E286,"E286 BGS College of Engineering and Technology  Mahalakshmipuram,Bangalore","AI Artificial Intelligence",45286,61694,57851,82467,46757,,103677,77496,,,,,,,,
2022,R1,E286,"E286 BGS College of Engineering and Technology  Mahalakshmipuram,Bangalore","CD Computer Sc. and Design",52293,71449,58706,85017,,60268,129249,94074,,,,,,,,
2022,R1,E286,"E286 BGS College of Engineering and Technology  Mahalakshmipuram,Bangalore","CS Computers",23398,27775,28445,27663,23704,24030,54466,,,,,,,,,
2022,R1,E286,"E286 BGS College of Engineering and Technology  Mahalakshmipuram,Bangalore","IE Info.Science",32843,,37336,45909,36310,35696,73666,72412,,,,,,,,
2022,R1,E289,"E289 Visvesvaraya Technological University - Regional Center  Rajapur,Kalburgi","CS Computers",38409,,51041,,41766,,51728,59261,,,,,,,,
2022,R1,E290,"E290 Visvesvaraya Technological University - Regional Center  Mysore","CS Computers",17979,21536,24905,26207,23201,18149,38656,,,,,,,,,
2022,R1,E292,"E292 Government Engineering College  Bidar","CS Computers",48131,55150,57479,63073,,53032,66911,,,,,,,,,
2022,R2,E001,"E001 University of Visvesvaraya College of Engineering  Bangalore","AI Artificial Intelligence",5644,10199,7457,9561,5698,7194,22543,13323,,,,,,,,
2022,R2,E001,"E001 University of Visvesvaraya College of Engineering  Bangalore","CS Computers",2401,2910,3987,3946,2674,2666,10949,8657,,,,,,,,
2022,R2,E001,"E001 University of Visvesvaraya College of Engineering  Bangalore","IE Info.Science",3504,6287,4969,7235,4385,4041,18238,10964,,,,,,,,
2022,R2,E002,"E002 S K S J T Institute of Engineering.  Bangalore","CS Computers",13751,17335,17651,16780,15427,16067,31075,19624,,,,,,,,
2022,R2,E004,"E004 Dr. Ambedkar Institute Of Technology  Bangalore","CS Computers",8126,10479,11978,15349,9231,8601,20580,11438,,,,,,,,
2022,R2,E005,"E005 R. V. College of Engineering  Bangalore","AI Artificial Intelligence",580,2007,1715,4512,950,1128,9716,,,,,,,,,
2022,R2,E005,"E005 R. V. College of Engineering  Bangalore","CS Computers",309,923,903,1174,614,748,3218,3277,,,,,,,,
2022,R2,E005,"E005 R. V. College of Engineering  Bangalore","CY CS- Cyber Security",705,1191,2121,5253,,1449,5329,3334,,,,,,,,
2022,R2,E005,"E005 R. V. College of Engineering  Bangalore","DS Comp. Sc. Engg- Data Sc.",576,,1644,3356,1269,1065,8008,7326,,,,,,,,
2022,R2,E005,"E005 R. V. College of Engineering  Bangalore","IE Info.Science",354,948,1134,2043,855,1039,4647,4346,,,,,,,,
2022,R2,E006,"E006 M S Ramaiah Institute of Technology  Bangalore","AD Artificial Intel, Data Sc",3239,5417,4070,,3818,3673,15859,12365,,,,,,,,
2022,R2,E006,"E006 M S Ramaiah Institute of Technology  Bangalore","AI Artificial Intelligence",3005,4672,5436,7072,4042,4481,15084,9706,,,,,,,,
2022,R2,E006,"E006 M S Ramaiah Institute of Technology  Bangalore","CA CS (AI, Machine Learning)",1915,3086,3505,5492,2196,2725,10005,8554,,,,,,,,
2022,R2,E006,"E006 M S Ramaiah Institute of Technology  Bangalore","CS Computers",1125,1824,1974,2180,1393,1318,6339,1968,,,,,,,,
2022,R2,E006,"E006 M S Ramaiah Institute of Technology  Bangalore","CY CS- Cyber Security",2574,5865,3768,5763,3273,3180,16469,7879,,,,,,,,
2022,R2,E006,"E006 M S Ramaiah Institute of Technology  Bangalore","IE Info.Science",2265,4167,3738,4279,2528,2652,14836,7592,,,,,,,,
2022,R2,E007,"E007 Dayananda Sagar College of Engineering  Bangalore","AI Artificial Intelligence",5556,7582,8878,12276,,5683,23720,14397,,,,,,,,
2022,R2,E007,"E007 Dayananda Sagar College of Engineering  Bangalore","CD Computer Sc. and Design",8072,13100,10963,12878,9865,,34513,19831,,,,,,,,
2022,R2,E007,"E007 Dayananda Sagar College of Engineering  Bangalore","CS Computers",3812,6306,5367,7272,4286,4558,17425,10380,,,,,,,,
2022,R2,E007,"E007 Dayananda Sagar College of Engineering  Bangalore","CY CS- Cyber Security",6330,,9230,13647,7313,8237,31135,,,,,,,,,
2022,R2,E007,"E007 Dayananda Sagar College of Engineering  Bangalore","DS Comp. Sc. Engg- Data Sc.",5594,10857,8744,10620,5973,6000,32826,,,,,,,,,
2022,R2,E007,"E007 Dayananda Sagar College of Engineering  Bangalore","IE Info.Science",5562,7467,7841,10356,6163,6109,23998,11814,,,,,,,,
2022,R2,E008,"E008 Bangalore Institute of Technology  Bangalore","AI Artificial Intelligence",7775,12196,11507,14972,8362,8264,35887,,,,,,,,,
2022,R2,E008,"E008 Bangalore Institute of Technology  Bangalore","CS Computers",4640,6348,6371,7750,5105,5401,22981,9870,,,,,,,,
2022,R2,E008,"E008 Bangalore Institute of Technology  Bangalore","DS Comp. Sc. Engg- Data Sc.",7051,13642,10772,11091,8132,,33636,24569,,,,,,,,
2022,R2,E008,"E008 Bangalore Institute of Technology  Bangalore","IE Info.Science",6644,6821,9493,8334,7141,6949,28137,15551,,,,,,,,
2022,R2,E008,"E008 Bangalore Institute of Technology  Bangalore","IO CS- Internet of Things",9600,13826,13631,16458,9946,11779,38789,,,,,,,,,
2022,R2,E008,"E008 Bangalore Institute of Technology  Bangalore","RI Robotics and AI",16146,31276,17887,29990,19470,20877,86964,36160,,,,,,,,
2022,R2,E009,"E009 P E S University (Ring Road Campus)  Bangalore","AI Artificial Intelligence",1698,7323,5462,7929,3282,2545,21917,11255,,,,,,,,
2022,R2,E009,"E009 P E S University (Ring Road Campus)  Bangalore","CS Computers",1087,4000,2962,4244,1596,2031,12195,6946,,,,,,,,
2022,R2,E011,"E011 M V J College of Engineering  Bangalore","AI Artificial Intelligence",26948,37045,28032,,28133,28473,74500,38706,,,,,,,,
2022,R2,E011,"E011 M V J College of Engineering  Bangalore","CD Computer Sc. and Design",36863,54460,42549,40608,,41079,87798,,,,,,,,,
2022,R2,E011,"E011 M V J College of Engineering  Bangalore","CS Computers",18937,21901,20839,24834,19446,20593,47391,33476,,,,,,,,
2022,R2,E011,"E011 M V J College of Engineering  Bangalore","DS Comp. Sc. Engg- Data Sc.",28037,38504,31406,,28624,31181,56995,36342,,,,,,,,
2022,R2,E011,"E011 M V J College of Engineering  Bangalore","IE Info.Science",22471,24472,25530,23293,23201,23375,65601,40309,,,,,,,,
2022,R2,E012,"E012 Sir M.Visveswaraya Institute of Technology  Hunasemaranahalli,Bangalore,","AI Artificial Intelligence",14044,21467,17529,15201,14401,14487,41112,,,,,,,,,
2022,R2,E012,"E012 Sir M.Visveswaraya Institute of Technology  Hunasemaranahalli,Bangalore,","CS Computers",8787,12733,11252,11960,8929,10040,35806,13727,,,,,,,,
2022,R2,E012,"E012 Sir M.Visveswaraya Institute of Technology  Hunasemaranahalli,Bangalore,","IE Info.Science",11858,17933,13211,13767,12043,12273,43880,19282,,,,,,,,
2022,R2,E012,"E012 Sir M.Visveswaraya Institute of Technology  Hunasemaranahalli,Bangalore,","IO CS- Internet of Things",13778,21088,20359,16165,14280,18474,50356,,,,,,,,,
2022,R2,E014,"E014 S J C Institute of Technology  Chickballapur","AD Artificial Intel, Data Sc",45813,62014,57384,46740,48696,46235,107098,,,,,,,,,
2022,R2,E014,"E014 S J C Institute of Technology  Chickballapur","CA CS (AI, Machine Learning)",37750,52500,44214,43087,37839,47986,72941,,,,,,,,,
2022,R2,E014,"E014 S J C Institute of Technology  Chickballapur","CD Computer Sc. and Design",58615,72903,70116,105508,59631,67102,116579,,,,,,,,,
2022,R2,E014,"E014 S J C Institute of Technology  Chickballapur","CS Computers",23499,29887,28845,38153,27157,29347,61836,30308,,,,,,,,
2022,R2,E014,"E014 S J C Institute of Technology  Chickballapur","IE Info.Science",32377,46274,41128,33605,32490,33215,76177,49941,,,,,,,,
2022,R2,E015,"E015 Dr.T.Thimmaiah Institute of Technology  BANGARAPET -TQ kolar District","CS Computers",51628,58836,71303,65785,54839,61933,81963,59243,,,,,,,,
2022,R2,E016,"E016 Siddaganga Institute of Technology  Tumkur","AD Artificial Intel, Data Sc",10596,15657,13800,14183,10655,10773,39607,,,,,,,,,
2022,R2,E016,"E016 Siddaganga Institute of Technology  Tumkur","CA CS (AI, Machine Learning)",9243,,11684,13336,11879,9521,36969,19859,,,,,,,,
2022,R2,E016,"E016 Siddaganga Institute of Technology  Tumkur","CS Computers",5716,7166,8158,10988,5881,5834,24940,10235,,,,,,,,
2022,R2,E016,"E016 Siddaganga Institute of Technology  Tumkur","IE Info.Science",7400,11336,9682,12620,7539,7622,31374,13389,,,,,,,,
2022,R2,E017,"E017 Sri Siddartha Institute of Technology  Tumkur","AI Artificial Intelligence",47193,52968,53178,55185,,50862,93444,69781,,,,,,,,
2022,R2,E017,"E017 Sri Siddartha Institute of Technology  Tumkur","CS Computers",27581,31307,34017,32397,28091,29523,54262,28523,,,,,,,,
2022,R2,E017,"E017 Sri Siddartha Institute of Technology  Tumkur","DS Comp. Sc. Engg- Data Sc.",43258,,43406,,,,83173,65431,,,,,,,,
2022,R2,E017,"E017 Sri Siddartha Institute of Technology  Tumkur","IE Info.Science",35305,43544,44992,65854,37036,36797,92920,45000,,,,,,,,
2022,R2,E018,"E018 Kalpatharu Institute of Technology  Tiptur","CS Computers",41804,44421,54845,63378,46657,42680,76016,48206,,,,,,,,
2022,R2,E018,"E018 Kalpatharu Institute of Technology  Tiptur","IE Info.Science",54537,57992,61143,85667,54798,58550,84453,59800,,,,,,,,
2022,R2,E021,"E021 Sri Jayachamarajendra College of Engineering(Const. of JSS Univ.)  Mysore","CS Computers",1729,2861,3800,3194,2330,2591,8590,4750,,,,,,,,
2022,R2,E028,"E028 Tontadarya College of Engineering  Gadag","CS Computers",49869,59361,57905,55993,52076,51893,95165,66756,,,,,,,,
2022,R2,E029,"E029 Maratha Mandal Engineering College  Belgaum","CS Computers",55410,69589,65893,59401,68347,62308,84448,65631,,,,,,,,
2022,R2,E031,"E031 Basaveshwara Engineering College  Bagalkot","CS Computers",16144,22975,19255,17117,17134,16933,38493,29943,,,,,,,,
2022,R2,E033,"E033 Sri Taralabalu Jagadguru Institute of Technology.  Ranebennur","CS Computers",56929,63551,74975,65121,75160,63001,105980,,,,,,,,,
2022,R2,E034,"E034 Sri Dharmasthala Manjunatheswara College of Engineering  Dharwad","AI Artificial Intelligence",19742,25371,19953,39283,25961,20439,60657,,,,,,,,,
2022,R2,E034,"E034 Sri Dharmasthala Manjunatheswara College of Engineering  Dharwad","CS Computers",9675,12166,13371,15367,9689,10622,27242,21449,,,,,,,,
2022,R2,E034,"E034 Sri Dharmasthala Manjunatheswara College of Engineering  Dharwad","IE Info.Science",12587,23419,14682,19660,15340,12941,47715,,,,,,,,,
2022,R2,E036,"E036 KLE Technological University(Formerly KLE Dr.MS Sheshagiri Col.)  Belgaum","CF CS(Artificial Intel.)",22219,,27752,22525,38724,24489,88222,,,,,,,,,
2022,R2,E036,"E036 KLE Technological University(Formerly KLE Dr.MS Sheshagiri Col.)  Belgaum","CS Computers",16956,24411,20132,20536,24587,18120,52096,37453,,,,,,,,
2022,R2,E037,"E037 K.L.S. Gogte Institute of Technology  Belgaum","CS Computers",9295,15083,12268,12715,13154,10567,35157,20252,,,,,,,,
2022,R2,E037,"E037 K.L.S. Gogte Institute of Technology  Belgaum","IE Info.Science",13042,22142,15449,18237,15746,13095,56048,,,,,,,,,
2022,R2,E038,"E038 B L D E As V.P. Dr. P. G. Hallakatti College of Engg. and Tech.  vijayapur","CA CS (AI, Machine Learning)",41264,50448,48752,47559,43330,42429,81977,,,,,,,,,
2022,R2,E038,"E038 B L D E As V.P. Dr. P. G. Hallakatti College of Engg. and Tech.  vijayapur","CS Computers",29559,36694,35376,30813,35269,30805,57366,69472,,,,,,,,
2022,R2,E038,"E038 B L D E As V.P. Dr. P. G. Hallakatti College of Engg. and Tech.  vijayapur","IE Info.Science",37731,41022,39685,44257,41507,38829,88753,,,,,,,,,
2022,R2,E040,"E040 Hira Sugar Institute of Technology  Belagavi District,","CS Computers",42784,51336,54587,54019,64207,46409,91966,68582,,,,,,,,
2022,R2,E042,"E042 Khaja Banda Nawaz University  Kalburgi","CS Computers",49044,,69988,49664,,83182,111763,85113,,,,,,,,
2022,R2,E043,"E043 Gurunanak Dev Engineering College  Bidar","CS Computers",30768,,35435,,47561,47585,64084,49988,,,,,,,,
2022,R2,E043,"E043 Gurunanak Dev Engineering College  Bidar","IE Info.Science",54238,,65359,,,60889,98386,,,,,,,,,
2022,R2,E044,"E044 Bheemanna Khandre Institute of Technology  Bhalki","CS Computers",38442,78499,65861,,,48867,64113,,,,,,,,,
2022,R2,E045,"E045 Rao Bahadur Y.Mahabaleswarappa Engineering College  Bellari","CS Computers",39182,59758,51523,56757,55122,51010,73688,40962,,,,,,,,
2022,R2,E046,"E046 H K Es S L N College of Engineering  Raichur","CS Computers",57757,,71822,75679,,,93849,,,,,,,,,
2022,R2,E047,"E047 Malnad College of Engineering  Hassan","CA CS (AI, Machine Learning)",17528,,21034,20813,,22960,44539,,,,,,,,,
2022,R2,E047,"E047 Malnad College of Engineering  Hassan","CS Computers",12871,20028,18513,23698,13254,15775,41923,31407,,,,,,,,
2022,R2,E047,"E047 Malnad College of Engineering  Hassan","IE Info.Science",21011,30648,27499,21033,21023,22262,50059,42461,,,,,,,,
2022,R2,E048,"E048 B M S College of Engineering  Basavanagudi,Bangalore","AD Artificial Intel, Data Sc",2413,4473,5196,10598,3864,3106,22248,,,,,,,,,
2022,R2,E048,"E048 B M S College of Engineering  Basavanagudi,Bangalore","AI Artificial Intelligence",2536,6461,4731,6719,3447,3743,21248,12580,,,,,,,,
2022,R2,E048,"E048 B M S College of Engineering  Basavanagudi,Bangalore","CS Computers",1075,2079,2226,2394,1658,1477,8512,3898,,,,,,,,
2022,R2,E048,"E048 B M S College of Engineering  Basavanagudi,Bangalore","DS Comp. Sc. Engg- Data Sc.",1846,4782,3646,7608,,2947,20456,12296,,,,,,,,
2022,R2,E048,"E048 B M S College of Engineering  Basavanagudi,Bangalore","IE Info.Science",1643,4275,3437,4792,2138,2583,13912,7940,,,,,,,,
2022,R2,E048,"E048 B M S College of Engineering  Basavanagudi,Bangalore","IO CS- Internet of Things",2131,,3798,9097,,4757,24217,13387,,,,,,,,
2022,R2,E049,"E049 Basaveshwara Engineering College  Bagalkot","AI Artificial Intelligence",32667,47183,36030,39818,39991,32841,83133,,,,,,,,,
2022,R2,E049,"E049 Basaveshwara Engineering College  Bagalkot","CS Computers",19100,23084,20274,22827,19520,19194,47643,,,,,,,,,
2022,R2,E049,"E049 Basaveshwara Engineering College  Bagalkot","IE Info.Science",26515,32310,32873,28898,26919,27166,86796,64517,,,,,,,,
2022,R2,E057,"E057 JSS Science and Technology University(Formerly SJCE)  Mysore","CS Computers",3303,6480,5165,6615,3590,3980,16860,8393,,,,,,,,
2022,R2,E057,"E057 JSS Science and Technology University(Formerly SJCE)  Mysore","IE Info.Science",4151,7029,5840,8521,5284,4213,23522,11298,,,,,,,,
2022,R2,E058,"E058 P E S College of Engineering  Mandya","CA CS (AI, Machine Learning)",20435,25467,24312,24647,20784,24731,71990,,,,,,,,,
2022,R2,E058,"E058 P E S College of Engineering  Mandya","CS Computers",15360,20940,18812,22063,16081,16935,38331,22407,,,,,,,,
2022,R2,E058,"E058 P E S College of Engineering  Mandya","IE Info.Science",18831,24933,19253,25909,19432,20869,54392,,,,,,,,,
2022,R2,E059,"E059 P D A College of Engineering  Gulbarga","AI Artificial Intelligence",42172,,42403,,,,68871,89511,,,,,,,,
2022,R2,E059,"E059 P D A College of Engineering  Gulbarga","CD Computer Sc. and Design",38478,,52085,,74572,,75443,,,,,,,,,
2022,R2,E059,"E059 P D A College of Engineering  Gulbarga","CS Computers",21018,27798,26749,,21590,23270,34936,,,,,,,,,
2022,R2,E059,"E059 P D A College of Engineering  Gulbarga","IE Info.Science",33606,45521,38005,,,,63110,48657,,,,,,,,
2022,R2,E060,"E060 Dr. Ambedkar Institute Of Technology  Jnanabharathi Campus,Bangalore","AI Artificial Intelligence",17555,,21897,21508,18044,19205,46276,36087,,,,,,,,
2022,R2,E060,"E060 Dr. Ambedkar Institute Of Technology  Jnanabharathi Campus,Bangalore","CS Computers",12356,17988,14722,13743,12638,13210,32898,19545,,,,,,,,
2022,R2,E060,"E060 Dr. Ambedkar Institute Of Technology  Jnanabharathi Campus,Bangalore","IE Info.Science",13993,18712,17161,18461,14017,15856,44151,,,,,,,,,
2022,R2,E061,"E061 University B.D.T. college of Engineering  Davangere","CS Computers",14504,18245,20080,23408,17142,16611,37498,18326,,,,,,,,
2022,R2,E062,"E062 Bapuji Institute of Engineering and Technology  Davangere","AI Artificial Intelligence",38231,48972,42602,48773,40728,40229,80427,,,,,,,,,
2022,R2,E062,"E062 Bapuji Institute of Engineering and Technology  Davangere","CD Computer Sc. and Design",47150,57084,49545,52649,49438,47943,123155,69667,,,,,,,,
2022,R2,E062,"E062 Bapuji Institute of Engineering and Technology  Davangere","CS Computers",15533,22727,20717,19128,20027,16472,52901,21151,,,,,,,,
2022,R2,E062,"E062 Bapuji Institute of Engineering and Technology  Davangere","DS Comp. Sc. Engg- Data Sc.",31817,58418,40367,40227,36952,33501,78410,,,,,,,,,
2022,R2,E062,"E062 Bapuji Institute of Engineering and Technology  Davangere","IE Info.Science",29795,30794,33545,36790,33598,30249,76826,44046,,,,,,,,
2022,R2,E063,"E063 Sri Jagadguru Murugharajendra University (Formerly SJMIT)  Chitradurga","CS Computers",51841,57995,75653,54624,66711,54887,110490,65333,,,,,,,,
2022,R2,E064,"E064 Adhichunchanagiri Institute of Technology  Chickmagalur","AI Artificial Intelligence",42389,47836,50334,71281,43400,44147,119139,,,,,,,,,
2022,R2,E064,"E064 Adhichunchanagiri Institute of Technology  Chickmagalur","CS Computers",26435,42514,33138,31217,28391,29410,77035,38263,,,,,,,,
2022,R2,E064,"E064 Adhichunchanagiri Institute of Technology  Chickmagalur","DS Comp. Sc. Engg- Data Sc.",44467,51596,47156,93341,51188,,151170,74044,,,,,,,,
2022,R2,E064,"E064 Adhichunchanagiri Institute of Technology  Chickmagalur","IE Info.Science",34175,44767,35550,,39814,36928,96866,70837,,,,,,,,
2022,R2,E065,"E065 Jawaharlal Nehru National College of Engineering  Shimoga","AI Artificial Intelligence",30065,45946,42037,70839,36743,32359,77779,,,,,,,,,
2022,R2,E065,"E065 Jawaharlal Nehru National College of Engineering  Shimoga","CS Computers",14973,16980,20144,24628,18069,16556,46327,23098,,,,,,,,
2022,R2,E065,"E065 Jawaharlal Nehru National College of Engineering  Shimoga","IE Info.Science",25465,32643,31434,40875,27093,27480,73349,39406,,,,,,,,
2022,R2,E071,"E071 Vidya Vardhaka College of Engineering  Mysuru","CA CS (AI, Machine Learning)",16708,21830,23090,19662,16912,17594,57627,22910,,,,,,,,
2022,R2,E071,"E071 Vidya Vardhaka College of Engineering  Mysuru","CS Computers",11068,15210,13298,16722,11390,11283,31764,21345,,,,,,,,
2022,R2,E071,"E071 Vidya Vardhaka College of Engineering  Mysuru","IE Info.Science",13666,17198,14975,18933,13761,14503,42437,22095,,,,,,,,
2022,R2,E075,"E075 Ballari Institute of Technology and Management  Near Allipur Bellary","AI Artificial Intelligence",47365,63302,68952,54379,64065,51491,131964,,,,,,,,,
2022,R2,E075,"E075 Ballari Institute of Technology and Management  Near Allipur Bellary","CF CS(Artificial Intel.)",35419,,49604,,,46080,100113,63534,,,,,,,,
2022,R2,E075,"E075 Ballari Institute of Technology and Management  Near Allipur Bellary","CS Computers",19761,28611,25757,27902,25722,,41217,34223,,,,,,,,
2022,R2,E075,"E075 Ballari Institute of Technology and Management  Near Allipur Bellary","DS Comp. Sc. Engg- Data Sc.",33880,,58361,,47996,,98396,,,,,,,,,
2022,R2,E076,"E076 Proudadevaraya Institute of Technology  Indiranagar Hospet, Ballari DT","CS Computers",58356,86461,72842,87076,,63114,93046,,,,,,,,,
2022,R2,E077,"E077 Vidya Vikas Institute of Engineering and Technology  Mysuru","CS Computers",26185,44901,32563,26543,26542,27840,54777,,,,,,,,,
2022,R2,E077,"E077 Vidya Vikas Institute of Engineering and Technology  Mysuru","IE Info.Science",33129,45327,35644,43972,33433,33405,75447,,,,,,,,,
2022,R2,E078,"E078 The Oxford College of Engineering  Bangalore","AI Artificial Intelligence",40343,,50377,51253,40567,45201,89119,,,,,,,,,
2022,R2,E078,"E078 The Oxford College of Engineering  Bangalore","CS Computers",26861,33905,30439,38618,27966,28020,57913,50485,,,,,,,,
2022,R2,E078,"E078 The Oxford College of Engineering  Bangalore","IE Info.Science",34193,36369,39133,46362,34998,35861,87008,56361,,,,,,,,
2022,R2,E079,"E079 Acharya Institute of Technology  Bangalore","AI Artificial Intelligence",28251,30614,31810,41280,28582,29213,69674,44612,,,,,,,,
2022,R2,E079,"E079 Acharya Institute of Technology  Bangalore","CS Computers",15881,21002,18488,24734,17116,17164,47227,24256,,,,,,,,
2022,R2,E079,"E079 Acharya Institute of Technology  Bangalore","DS Comp. Sc. Engg- Data Sc.",25318,34032,32772,33913,26198,27339,60636,,,,,,,,,
2022,R2,E079,"E079 Acharya Institute of Technology  Bangalore","IE Info.Science",19477,22442,21584,28009,20878,20670,60275,28392,,,,,,,,
2022,R2,E082,"E082 J S S Academy of Technical Education  Bangalore","CA CS (AI, Machine Learning)",18566,29312,22549,33812,19269,20524,69350,41302,,,,,,,,
2022,R2,E082,"E082 J S S Academy of Technical Education  Bangalore","CS Computers",11273,14741,15009,19599,11616,12722,44473,26109,,,,,,,,
2022,R2,E082,"E082 J S S Academy of Technical Education  Bangalore","IE Info.Science",15713,20755,18260,28924,16058,17025,60589,30884,,,,,,,,
2022,R2,E082,"E082 J S S Academy of Technical Education  Bangalore","RA Robotics and Automation",34372,,41058,91624,,,123936,122953,,,,,,,,
2022,R2,E083,"E083 H.K.B.K.College of Engineering  Bangalore","AI Artificial Intelligence",58064,79067,65595,59520,60394,63048,118167,,,,,,,,,
2022,R2,E083,"E083 H.K.B.K.College of Engineering  Bangalore","CS Computers",43902,49171,50587,45516,45328,46830,85479,69205,,,,,,,,
2022,R2,E083,"E083 H.K.B.K.College of Engineering  Bangalore","IE Info.Science",55710,65247,65151,56454,56134,59936,110305,69230,,,,,,,,
2022,R2,E085,"E085 APS College of Engineering  Somanahalli, Bangalore","CS Computers",38034,40183,43575,39091,39738,40679,76681,,,,,,,,,
2022,R2,E085,"E085 APS College of Engineering  Somanahalli, Bangalore","IE Info.Science",54509,64994,57303,61425,55805,60475,113749,,,,,,,,,
2022,R2,E086,"E086 Sri Sairam College of Engineering(Formerly Shirdi Sai Engg)  Anekal,Bangalore","CS Computers",44515,50892,47417,56058,45817,47640,81503,62297,,,,,,,,
2022,R2,E086,"E086 Sri Sairam College of Engineering(Formerly Shirdi Sai Engg)  Anekal,Bangalore","IE Info.Science",56468,,65068,66899,56534,58084,117028,66847,,,,,,,,
2022,R2,E087,"E087 Vivekananada Institute of Technology  Bangalore","CS Computers",44317,49300,47999,53464,45732,49623,87165,51231,,,,,,,,
2022,R2,E087,"E087 Vivekananada Institute of Technology  Bangalore","IE Info.Science",49711,54308,56738,67791,52101,52722,105380,,,,,,,,,
2022,R2,E088,"E088 Bangalore College of Engineering and Technology  Chandapura, Bangalore","CS Computers",36616,48364,39843,,39870,,59760,72214,,,,,,,,
2022,R2,E088,"E088 Bangalore College of Engineering and Technology  Chandapura, Bangalore","IE Info.Science",54719,,66019,,,62235,125395,,,,,,,,,
2022,R2,E090,"E090 Sri Revana Siddeswara Institute of Technology  Bangalore North","CS Computers",44372,57359,53657,,47199,47734,76677,,,,,,,,,
2022,R2,E091,"E091 K S Institute of Technology  Bangalore","AI Artificial Intelligence",34949,35324,38245,53762,35860,38612,120146,,,,,,,,,
2022,R2,E091,"E091 K S Institute of Technology  Bangalore","CD Computer Sc. and Design",40022,,69775,,50174,51780,141467,69639,,,,,,,,
2022,R2,E091,"E091 K S Institute of Technology  Bangalore","CS Computers",26732,34790,31534,34432,27805,27000,81897,54472,,,,,,,,
2022,R2,E091,"E091 K S Institute of Technology  Bangalore","IO CS- Internet of Things",44043,58318,51063,70924,,,155603,62396,,,,,,,,
2022,R2,E092,"E092 Vemana Institute of Technology  Bangalore","AI Artificial Intelligence",58195,61693,69157,61746,59276,58601,121522,,,,,,,,,
2022,R2,E092,"E092 Vemana Institute of Technology  Bangalore","CS Computers",39157,42230,44450,42106,40686,42265,74241,61695,,,,,,,,
2022,R2,E092,"E092 Vemana Institute of Technology  Bangalore","IE Info.Science",49796,57687,58381,60616,50945,52961,111737,68331,,,,,,,,
2022,R2,E094,"E094 Coorg Institute of Technology  Kodagu","CS Computers",49252,70984,71559,95421,54871,58046,128003,,,,,,,,,
2022,R2,E095,"E095 AMC Engineering College  Bangalore","AI Artificial Intelligence",47214,52305,60778,52409,51297,,76110,72387,,,,,,,,
2022,R2,E095,"E095 AMC Engineering College  Bangalore","CA CS (AI, Machine Learning)",50595,66987,61605,51850,51648,57861,103138,71676,,,,,,,,
2022,R2,E095,"E095 AMC Engineering College  Bangalore","CS Computers",33047,37832,37098,42517,34827,36031,61062,51429,,,,,,,,
2022,R2,E095,"E095 AMC Engineering College  Bangalore","DS Comp. Sc. Engg- Data Sc.",47821,51293,61254,52142,50089,59570,119554,74846,,,,,,,,
2022,R2,E095,"E095 AMC Engineering College  Bangalore","IE Info.Science",39787,48048,45580,44034,39999,42634,89283,58459,,,,,,,,
2022,R2,E096,"E096 East Point College of Engineering and Technology  Bangalore","AD Artificial Intel, Data Sc",58487,80360,68506,63723,59060,64485,108037,,,,,,,,,
2022,R2,E096,"E096 East Point College of Engineering and Technology  Bangalore","CS Computers",36018,47119,43332,44197,38286,38250,42317,36424,,,,,,,,
2022,R2,E096,"E096 East Point College of Engineering and Technology  Bangalore","IE Info.Science",50365,57523,61786,59651,51315,55010,94846,56142,,,,,,,,
2022,R2,E097,"E097 C M R Institute of Technology  Bangalore","AD Artificial Intel, Data Sc",23423,28607,26815,31972,24682,24412,68168,27440,,,,,,,,
2022,R2,E097,"E097 C M R Institute of Technology  Bangalore","AI Artificial Intelligence",22118,24690,24653,31833,27404,22327,63941,51072,,,,,,,,
2022,R2,E097,"E097 C M R Institute of Technology  Bangalore","CA CS (AI, Machine Learning)",16174,18677,23041,16538,16824,19375,41155,,,,,,,,,
2022,R2,E097,"E097 C M R Institute of Technology  Bangalore","CS Computers",11901,14430,15184,18773,12504,13729,37189,26585,,,,,,,,
2022,R2,E097,"E097 C M R Institute of Technology  Bangalore","DS Comp. Sc. Engg- Data Sc.",17830,19032,20623,30205,18508,19294,52609,22634,,,,,,,,
2022,R2,E097,"E097 C M R Institute of Technology  Bangalore","IE Info.Science",14684,18046,16866,27039,15086,15892,48030,30190,,,,,,,,
2022,R2,E098,"E098 Atria Institute of Technology  Bangalore","CD Computer Sc. and Design",54742,58255,76575,68828,59242,63847,131026,67057,,,,,,,,
2022,R2,E098,"E098 Atria Institute of Technology  Bangalore","CS Computers",25199,33391,29313,28029,25808,27295,56180,58334,,,,,,,,
2022,R2,E098,"E098 Atria Institute of Technology  Bangalore","DS Comp. Sc. Engg- Data Sc.",41864,50585,45995,45363,42594,44122,106348,,,,,,,,,
2022,R2,E098,"E098 Atria Institute of Technology  Bangalore","IE Info.Science",36248,37303,42345,39556,36338,38422,99065,63667,,,,,,,,
2022,R2,E099,"E099 New Horizon College of Engineering  Bangalore","AI Artificial Intelligence",17302,19820,20928,28980,18184,20583,27645,25348,,,,,,,,
2022,R2,E099,"E099 New Horizon College of Engineering  Bangalore","CO Computer Engineering",16456,,27953,34465,24388,25523,34440,,,,,,,,,
2022,R2,E099,"E099 New Horizon College of Engineering  Bangalore","CS Computers",8981,12433,11558,14077,9801,9796,23100,14797,,,,,,,,
2022,R2,E099,"E099 New Horizon College of Engineering  Bangalore","DS Comp. Sc. Engg- Data Sc.",14252,18369,18079,26390,15031,15496,35579,26425,,,,,,,,
2022,R2,E099,"E099 New Horizon College of Engineering  Bangalore","IE Info.Science",11936,16069,14080,25838,12334,12536,23631,17570,,,,,,,,
2022,R2,E100,"E100 K N S Institute of Technology  Bangalore","CS Computers",55652,71014,63687,58876,56053,58563,92139,64239,,,,,,,,
2022,R2,E101,"E101 Channabasaveshwara Institute of Technology  Gubbi, Tumkur","AD Artificial Intel, Data Sc",59312,84708,72518,78703,61055,60866,134141,,,,,,,,,
2022,R2,E101,"E101 Channabasaveshwara Institute of Technology  Gubbi, Tumkur","CS Computers",34480,43317,46357,42307,35090,41080,48389,37278,,,,,,,,
2022,R2,E101,"E101 Channabasaveshwara Institute of Technology  Gubbi, Tumkur","IE Info.Science",49207,56657,53222,49905,49652,52885,55033,,,,,,,,,
2022,R2,E102,"E102 DONBOSCO Institute of Technology  Bangalore","AD Artificial Intel, Data Sc",53430,66715,61293,75928,54535,62343,130152,,,,,,,,,
2022,R2,E102,"E102 DONBOSCO Institute of Technology  Bangalore","CA CS (AI, Machine Learning)",52063,70745,65016,75547,53235,58929,132764,71329,,,,,,,,
2022,R2,E102,"E102 DONBOSCO Institute of Technology  Bangalore","CS Computers",28160,36998,33940,34402,28584,29306,69153,46862,,,,,,,,
2022,R2,E102,"E102 DONBOSCO Institute of Technology  Bangalore","IE Info.Science",39954,50195,46716,61981,41506,42579,111775,63952,,,,,,,,
2022,R2,E103,"E103 Global Academy of Technology  Bangalore","AD Artificial Intel, Data Sc",30656,37573,35848,58298,31832,32124,95393,48157,,,,,,,,
2022,R2,E103,"E103 Global Academy of Technology  Bangalore","AI Artificial Intelligence",30083,39994,33469,63563,30166,30601,90778,,,,,,,,,
2022,R2,E103,"E103 Global Academy of Technology  Bangalore","CA CS (AI, Machine Learning)",26272,31774,29448,44893,26450,27761,87603,,,,,,,,,
2022,R2,E103,"E103 Global Academy of Technology  Bangalore","CS Computers",18059,21846,20637,26894,20355,20890,49982,24935,,,,,,,,
2022,R2,E103,"E103 Global Academy of Technology  Bangalore","IE Info.Science",24149,28082,26489,45737,25302,25610,76232,42363,,,,,,,,
2022,R2,E104,"E104 Nagarjuna College of Engineering and Technology  Bangalore (R)","CA CS (AI, Machine Learning)",57426,68616,69133,,61883,57845,108937,85903,,,,,,,,
2022,R2,E104,"E104 Nagarjuna College of Engineering and Technology  Bangalore (R)","CS Computers",40252,52132,49541,48308,40867,41915,71579,53092,,,,,,,,
2022,R2,E104,"E104 Nagarjuna College of Engineering and Technology  Bangalore (R)","IE Info.Science",47942,58597,55683,48436,48312,48034,93937,,,,,,,,,
2022,R2,E105,"E105 Nitte Meenakshi Institutute of Technology  Bangalore","AD Artificial Intel, Data Sc",11415,24125,16723,21335,14351,12207,51663,29737,,,,,,,,
2022,R2,E105,"E105 Nitte Meenakshi Institutute of Technology  Bangalore","AI Artificial Intelligence",11405,19873,15101,21823,12115,11517,47981,,,,,,,,,
2022,R2,E105,"E105 Nitte Meenakshi Institutute of Technology  Bangalore","CS Computers",6992,10108,9761,10226,7379,7810,26702,14874,,,,,,,,
2022,R2,E105,"E105 Nitte Meenakshi Institutute of Technology  Bangalore","IE Info.Science",9884,13381,11572,20602,11013,10738,41373,22481,,,,,,,,
2022,R2,E106,"E106 East West Institute of Technology  Bangalore","AI Artificial Intelligence",59819,75703,69845,72148,61340,,147697,81007,,,,,,,,
2022,R2,E106,"E106 East West Institute of Technology  Bangalore","CS Computers",35641,39467,43918,52272,38490,39159,85172,47467,,,,,,,,
2022,R2,E106,"E106 East West Institute of Technology  Bangalore","IE Info.Science",45280,58934,51480,62197,45568,46272,103804,53825,,,,,,,,
2022,R2,E107,"E107 B N M Institute of Technology  Bangalore","AI Artificial Intelligence",14242,18739,20707,28908,14251,16335,68125,33753,,,,,,,,
2022,R2,E107,"E107 B N M Institute of Technology  Bangalore","CS Computers",8660,10832,12380,15510,9174,10338,38233,17469,,,,,,,,
2022,R2,E107,"E107 B N M Institute of Technology  Bangalore","IE Info.Science",10216,16078,12752,22149,10377,11961,47955,,,,,,,,,
2022,R2,E108,"E108 Sapthagiri College of Engineering  Bangalore","CS Computers",21696,28998,26885,32142,22140,22386,64455,34020,,,,,,,,
2022,R2,E108,"E108 Sapthagiri College of Engineering  Bangalore","IE Info.Science",28944,34277,33020,60919,29357,29167,90019,41668,,,,,,,,
2022,R2,E109,"E109 City Engineering College  Bangalore","CS Computers",59795,68477,68504,71262,62231,65439,112315,80619,,,,,,,,
2022,R2,E111,"E111 Sri Venkateshwara College of Engineering  Bettahalsur(P), Bangalore","CF CS(Artificial Intel.)",55591,75585,75739,76304,55977,58119,113773,,,,,,,,,
2022,R2,E111,"E111 Sri Venkateshwara College of Engineering  Bettahalsur(P), Bangalore","CS Computers",38353,41808,51388,51845,41689,45928,97449,64076,,,,,,,,
2022,R2,E111,"E111 Sri Venkateshwara College of Engineering  Bettahalsur(P), Bangalore","DS Comp. Sc. Engg- Data Sc.",58632,70061,67398,75746,59107,60773,123139,73374,,,,,,,,
2022,R2,E111,"E111 Sri Venkateshwara College of Engineering  Bettahalsur(P), Bangalore","IE Info.Science",46597,50619,53137,56061,47629,47494,96380,,,,,,,,,
2022,R2,E112,"E112 Sri Krishna Institute of Technology  Bangalore","CS Computers",54285,55952,63783,68838,54450,57592,114701,73512,,,,,,,,
2022,R2,E113,"E113 Sambhram Institute of Technology  Bangalore","CS Computers",59747,69780,69422,79161,62010,64429,103980,77660,,,,,,,,
2022,R2,E114,"E114 G M Institute of Technology  Davanagere","AI Artificial Intelligence",46063,48611,59549,49701,48735,48238,96887,66622,,,,,,,,
2022,R2,E114,"E114 G M Institute of Technology  Davanagere","CS Computers",22636,30559,25763,26976,22999,24398,60063,26962,,,,,,,,
2022,R2,E114,"E114 G M Institute of Technology  Davanagere","IE Info.Science",32048,39201,37808,40438,36482,32331,71483,46817,,,,,,,,
2022,R2,E115,"E115 S J B Institute of Technology  Kengeri,Bangalore","AI Artificial Intelligence",24741,36781,28488,49263,26060,25337,82816,,,,,,,,,
2022,R2,E115,"E115 S J B Institute of Technology  Kengeri,Bangalore","CS Computers",16065,21037,19090,27396,16373,16992,49441,29849,,,,,,,,
2022,R2,E115,"E115 S J B Institute of Technology  Kengeri,Bangalore","DS Comp. Sc. Engg- Data Sc.",24761,33787,30508,33837,25586,25527,89303,50166,,,,,,,,
2022,R2,E115,"E115 S J B Institute of Technology  Kengeri,Bangalore","IE Info.Science",20100,24168,23178,42059,20843,21735,73522,30147,,,,,,,,
2022,R2,E116,"E116 R.L.Jalappa Institute of Technology  Bangalore Rural Dist","CS Computers",57646,73745,71457,65367,59710,66013,114225,67394,,,,,,,,
2022,R2,E118,"E118 RNS Institute of Technology  Bangalore","AD Artificial Intel, Data Sc",15134,19118,19554,26853,15868,16295,68080,,,,,,,,,
2022,R2,E118,"E118 RNS Institute of Technology  Bangalore","AI Artificial Intelligence",16305,22973,20350,25585,16806,18589,71979,32776,,,,,,,,
2022,R2,E118,"E118 RNS Institute of Technology  Bangalore","CS Computers",8150,9667,11899,13691,8685,9668,33151,20521,,,,,,,,
2022,R2,E118,"E118 RNS Institute of Technology  Bangalore","CY CS- Cyber Security",15693,23415,18270,31471,17013,15900,67992,32593,,,,,,,,
2022,R2,E118,"E118 RNS Institute of Technology  Bangalore","DS Comp. Sc. Engg- Data Sc.",13568,18067,18377,17816,13971,17839,52315,35622,,,,,,,,
2022,R2,E118,"E118 RNS Institute of Technology  Bangalore","IE Info.Science",11237,17073,14334,21065,11436,12724,47730,22594,,,,,,,,
2022,R2,E119,"E119 K C T Engineering College  Roza(B),Gulbarga","CS Computers",50063,,71547,53545,,,96947,,,,,,,,,
2022,R2,E121,"E121 Vivekananada College of Engineering Technology  D K DIST","AI Artificial Intelligence",54717,84632,68148,105890,58196,55309,166716,,,,,,,,,
2022,R2,E121,"E121 Vivekananada College of Engineering Technology  D K DIST","CS Computers",33471,47891,43794,82528,42928,50575,139233,44134,,,,,,,,
2022,R2,E121,"E121 Vivekananada College of Engineering Technology  D K DIST","DS Comp. Sc. Engg- Data Sc.",49626,59806,73989,114021,56136,57454,144931,76063,,,,,,,,
2022,R2,E123,"E123 Canara Engineering College Bantwal  DK DIST","AI Artificial Intelligence",53501,57145,59789,77248,62641,54096,166385,,,,,,,,,
2022,R2,E123,"E123 Canara Engineering College Bantwal  DK DIST","CS Computers",33843,37675,41520,48437,39840,38867,135039,63061,,,,,,,,
2022,R2,E123,"E123 Canara Engineering College Bantwal  DK DIST","IE Info.Science",41878,44721,48813,61137,44270,42359,147273,,,,,,,,,
2022,R2,E124,"E124 Rajiv Gandhi Institute of Technology  R.T Nagar Post, Bangalore","CS Computers",53983,61662,61075,56864,54149,56640,95193,61827,,,,,,,,
2022,R2,E126,"E126 B M S Institute of Technology and Management  Yelahanka, Bangalore","AI Artificial Intelligence",10102,10283,12955,19972,10801,10322,40348,18107,,,,,,,,
2022,R2,E126,"E126 B M S Institute of Technology and Management  Yelahanka, Bangalore","CS Computers",4364,5440,7475,10232,5615,6679,20756,11482,,,,,,,,
2022,R2,E126,"E126 B M S Institute of Technology and Management  Yelahanka, Bangalore","IE Info.Science",7964,14090,10329,17717,8486,9676,39567,22618,,,,,,,,
2022,R2,E128,"E128 Sharnbasva University(Formerly Appa Inst. of Tech.)  Brahmpur, Kalaburagi","AD Artificial Intel, Data Sc",50813,87085,58804,,,,69060,,,,,,,,,
2022,R2,E128,"E128 Sharnbasva University(Formerly Appa Inst. of Tech.)  Brahmpur, Kalaburagi","CS Computers",33935,39998,40970,35859,46786,36441,55494,,,,,,,,,
2022,R2,E129,"E129 St. Joseph Engineering College  Mangalore","AI Artificial Intelligence",21949,28351,33369,22167,31329,,131041,56129,,,,,,,,
2022,R2,E129,"E129 St. Joseph Engineering College  Mangalore","CS Computers",16891,22464,19853,24013,24118,19993,79072,28842,,,,,,,,
2022,R2,E129,"E129 St. Joseph Engineering College  Mangalore","DS Comp. Sc. Engg- Data Sc.",21006,32195,30247,,26013,24788,96666,59124,,,,,,,,
2022,R2,E130,"E130 Shridevi Institute of Engineering and Technology  Tumkur","CS Computers",56592,68787,72628,64729,67206,60973,83164,81830,,,,,,,,
2022,R2,E132,"E132 Secab Institute of Engineering and Technology  Bijapur","CS Computers",48400,63346,87116,49865,81652,54592,97386,,,,,,,,,
2022,R2,E133,"E133 G S S S Institute of Engineering and Technology for Women  Mysore","AD Artificial Intel, Data Sc",30758,41123,43284,32356,36547,31974,84849,,,,,,,,,
2022,R2,E133,"E133 G S S S Institute of Engineering and Technology for Women  Mysore","CA CS (AI, Machine Learning)",27956,35391,32711,38099,30254,28657,70685,,,,,,,,,
2022,R2,E133,"E133 G S S S Institute of Engineering and Technology for Women  Mysore","CS Computers",17143,25880,23359,22242,19043,20161,48459,20838,,,,,,,,
2022,R2,E133,"E133 G S S S Institute of Engineering and Technology for Women  Mysore","IE Info.Science",23241,30767,25429,,23345,25647,52666,25718,,,,,,,,
2022,R2,E134,"E134 Smt. Kamala and Sri Venkappa M.Agadi College of Engg. and Tech.  Laxmeshwara-Tq, Gadag Dt.","CS Computers",40727,43065,47658,53029,47716,41273,120867,,,,,,,,,
2022,R2,E134,"E134 Smt. Kamala and Sri Venkappa M.Agadi College of Engg. and Tech.  Laxmeshwara-Tq, Gadag Dt.","IE Info.Science",55537,55720,62278,120647,,58202,124164,,,,,,,,,
2022,R2,E135,"E135 K L S Viswanathrao Deshpande Institute of Technology  Haliyal, Uttara Kannada -Dist","CA CS (AI, Machine Learning)",45950,105236,67871,56192,75204,66121,105957,,,,,,,,,
2022,R2,E135,"E135 K L S Viswanathrao Deshpande Institute of Technology  Haliyal, Uttara Kannada -Dist","CS Computers",29483,,39038,39109,31705,30278,72067,74858,,,,,,,,
2022,R2,E141,"E141 P E S University (Electronic City Campus)  Bangalore","CS Computers",3969,8848,8175,9532,5604,6539,32103,17325,,,,,,,,
2022,R2,E142,"E142 Adichunchanagiri University(Formerly BGSIT)  Nagamangala Taluk,Mandya Dist.","AI Artificial Intelligence",50876,70152,61858,,53974,54737,172566,,,,,,,,,
2022,R2,E142,"E142 Adichunchanagiri University(Formerly BGSIT)  Nagamangala Taluk,Mandya Dist.","CS Computers",34194,49775,48520,56881,36810,40897,100582,61919,,,,,,,,
2022,R2,E142,"E142 Adichunchanagiri University(Formerly BGSIT)  Nagamangala Taluk,Mandya Dist.","IE Info.Science",41594,,54126,76434,,45569,114574,,,,,,,,,
2022,R2,E144,"E144 Srinivas Institute of Technology  Mangalore.","CS Computers",45965,50469,50502,51572,49309,50119,117057,67021,,,,,,,,
2022,R2,E144,"E144 Srinivas Institute of Technology  Mangalore.","IE Info.Science",55269,,58924,,,59173,117937,89600,,,,,,,,
2022,R2,E145,"E145 Rajarajeswari College of Engineering  Kumbalagodu,Bangalore","AI Artificial Intelligence",46512,58393,61787,68368,50409,53567,118233,,,,,,,,,
2022,R2,E145,"E145 Rajarajeswari College of Engineering  Kumbalagodu,Bangalore","CS Computers",32382,36125,38564,43594,34331,36910,70533,49493,,,,,,,,
2022,R2,E145,"E145 Rajarajeswari College of Engineering  Kumbalagodu,Bangalore","IE Info.Science",37326,43801,43240,62190,38637,37641,93810,,,,,,,,,
2022,R2,E145,"E145 Rajarajeswari College of Engineering  Kumbalagodu,Bangalore","IO CS- Internet of Things",54042,,68968,93567,54300,72141,149006,81893,,,,,,,,
2022,R2,E147,"E147 T.John Engineering College  Bangalore","CS Computers",52522,61308,62916,56355,53977,54490,109535,71774,,,,,,,,
2022,R2,E149,"E149 Cambridge Institutute of Technology  Bangalore","AI Artificial Intelligence",35445,40194,43703,58635,39648,41672,67984,,,,,,,,,
2022,R2,E149,"E149 Cambridge Institutute of Technology  Bangalore","CS Computers",24291,30124,26439,33725,25901,25711,54339,39891,,,,,,,,
2022,R2,E149,"E149 Cambridge Institutute of Technology  Bangalore","IE Info.Science",33041,35312,36093,41284,34615,35158,78681,46449,,,,,,,,
2022,R2,E150,"E150 P E S Institute of Technology and Management  Shivamogga","AI Artificial Intelligence",55108,75130,62885,78098,61090,55874,106611,,,,,,,,,
2022,R2,E150,"E150 P E S Institute of Technology and Management  Shivamogga","CS Computers",30797,33275,35900,44335,33959,33086,67089,36563,,,,,,,,
2022,R2,E150,"E150 P E S Institute of Technology and Management  Shivamogga","DS Comp. Sc. Engg- Data Sc.",49697,63040,58914,54361,62549,51124,132864,,,,,,,,,
2022,R2,E150,"E150 P E S Institute of Technology and Management  Shivamogga","IE Info.Science",38710,,40464,47881,40366,38798,82919,59032,,,,,,,,
2022,R2,E151,"E151 Mangalore Institute of Technology and Engineering  Mangalore Tq,D.K","AI Artificial Intelligence",36884,47334,40569,41571,44207,40078,143318,,,,,,,,,
2022,R2,E151,"E151 Mangalore Institute of Technology and Engineering  Mangalore Tq,D.K","CA CS (AI, Machine Learning)",38417,,42756,39183,,38899,155225,67362,,,,,,,,
2022,R2,E151,"E151 Mangalore Institute of Technology and Engineering  Mangalore Tq,D.K","CS Computers",22275,25934,28586,27654,25498,26522,91561,36104,,,,,,,,
2022,R2,E151,"E151 Mangalore Institute of Technology and Engineering  Mangalore Tq,D.K","IE Info.Science",29995,,33731,37618,34971,31648,95941,,,,,,,,,
2022,R2,E151,"E151 Mangalore Institute of Technology and Engineering  Mangalore Tq,D.K","IO CS- Internet of Things",41428,49590,51980,,57274,43925,169431,86052,,,,,,,,
2022,R2,E152,"E152 S D M Institute of Tech.  Ujire,Dakshina Kannada","AD Artificial Intel, Data Sc",56330,68434,73219,85257,60433,60648,137059,,,,,,,,,
2022,R2,E152,"E152 S D M Institute of Tech.  Ujire,Dakshina Kannada","CS Computers",32595,34953,37844,49822,34054,33916,84645,46790,,,,,,,,
2022,R2,E152,"E152 S D M Institute of Tech.  Ujire,Dakshina Kannada","IE Info.Science",41895,46614,46164,53894,42498,47114,109627,,,,,,,,,
2022,R2,E153,"E153 S E A College of Engineering and Technology  K R puram bangalore","CS Computers",57477,69926,70554,63795,58271,67539,109013,75425,,,,,,,,
2022,R2,E154,"E154 Government Engineering College  Chamarajanagara","CS Computers",45272,63145,59399,60025,53062,53780,71658,51070,,,,,,,,
2022,R2,E155,"E155 Government Engineering College  Hassan","CS Computers",22663,35669,31011,35369,26941,25494,50503,33510,,,,,,,,
2022,R2,E156,"E156 Government Engineering College  K R Pet, Mandya DT.","CS Computers",40332,60756,53274,72659,44552,45762,61802,56395,,,,,,,,
2022,R2,E157,"E157 Government Engineering College  Ramanagara","CS Computers",47504,57121,61708,72217,52664,53115,72011,60593,,,,,,,,
2022,R2,E158,"E158 Maharaja Institute of Technology-Mysore  Belawadi, Mandya Dist","CF CS(Artificial Intel.)",37464,48063,41369,45249,39266,43973,88928,,,,,,,,,
2022,R2,E158,"E158 Maharaja Institute of Technology-Mysore  Belawadi, Mandya Dist","CS Computers",27137,32863,31994,30855,27791,31992,65161,36309,,,,,,,,
2022,R2,E158,"E158 Maharaja Institute of Technology-Mysore  Belawadi, Mandya Dist","DS Comp. Sc. Engg- Data Sc.",41201,49222,46866,44065,44095,43497,91466,,,,,,,,,
2022,R2,E158,"E158 Maharaja Institute of Technology-Mysore  Belawadi, Mandya Dist","IE Info.Science",36313,60131,40028,38191,38509,37346,82410,43710,,,,,,,,
2022,R2,E160,"E160 Sahyadri College of Engg. and Management  Mangalore","CA CS (AI, Machine Learning)",24255,31741,31447,27198,26102,28768,129236,47031,,,,,,,,
2022,R2,E160,"E160 Sahyadri College of Engg. and Management  Mangalore","CS Computers",12144,18127,18397,20826,15264,14841,64449,19522,,,,,,,,
2022,R2,E160,"E160 Sahyadri College of Engg. and Management  Mangalore","DS Comp. Sc. Engg- Data Sc.",25154,32300,33698,27758,25727,29602,126233,,,,,,,,,
2022,R2,E160,"E160 Sahyadri College of Engg. and Management  Mangalore","IE Info.Science",19721,20679,22553,25252,24371,20245,87305,30905,,,,,,,,
2022,R2,E161,"E161 Government Engineering College  Kushalnagar,Kodagu Dist","CS Computers",49286,64736,57780,58807,52416,49677,90145,56915,,,,,,,,
2022,R2,E162,"E162 Government Engineering College  Raichur","CS Computers",38862,,55849,,53596,43154,54995,55833,,,,,,,,
2022,R2,E163,"E163 Government Engineering College  Devagiri,Haveri","CS Computers",41348,55902,51084,64468,50479,45941,76429,61175,,,,,,,,
2022,R2,E164,"E164 Government Engineering College  Huvina Hadagali,Bellary Dist.","CS Computers",58777,65736,63100,,69141,59580,78571,,,,,,,,,
2022,R2,E165,"E165 Yenepoya Institute of Technology  Thodar,Moodbidri","CS Computers",59395,71633,72166,68029,62894,65612,133940,66964,,,,,,,,
2022,R2,E166,"E166 K L E Institute of Technology  Hubli","CS Computers",19224,21536,23244,26680,22187,22296,49297,32223,,,,,,,,
2022,R2,E167,"E167 K L E Ss K L E College of Engineering and Technology  Chikkodi, Belgaum Dist.","CS Computers",32802,45155,43835,36032,46091,34172,79206,60000,,,,,,,,
2022,R2,E169,"E169 Alva`s Institute of Engineering and Technology  Moodabidri,","AI Artificial Intelligence",50445,64764,64329,,,56823,119587,82185,,,,,,,,
2022,R2,E169,"E169 Alva`s Institute of Engineering and Technology  Moodabidri,","CS Computers",37681,50931,44932,50896,39935,39936,102984,55259,,,,,,,,
2022,R2,E169,"E169 Alva`s Institute of Engineering and Technology  Moodabidri,","DS Comp. Sc. Engg- Data Sc.",52795,,63441,53901,57612,55246,139160,64487,,,,,,,,
2022,R2,E169,"E169 Alva`s Institute of Engineering and Technology  Moodabidri,","IE Info.Science",46033,56448,53411,67516,46573,50330,129237,,,,,,,,,
2022,R2,E171,"E171 Brindavan College of Engineering  Yelahanka, Bangalore","CS Computers",51936,54024,61646,61628,52965,55592,107944,74966,,,,,,,,
2022,R2,E172,"E172 R.R.Institute of Technology  Chikkabanavara, Bangalore","CS Computers",51115,54162,61109,68377,52837,52054,95949,56575,,,,,,,,
2022,R2,E173,"E173 Sai Vidya Institute of Technology  Bangalore","CA CS (AI, Machine Learning)",55017,74010,60963,68906,57475,60186,121675,68770,,,,,,,,
2022,R2,E173,"E173 Sai Vidya Institute of Technology  Bangalore","CS Computers",25466,31595,28571,45358,26367,29156,70093,61368,,,,,,,,
2022,R2,E173,"E173 Sai Vidya Institute of Technology  Bangalore","DS Comp. Sc. Engg- Data Sc.",53143,80298,62253,58384,53299,61035,146736,60759,,,,,,,,
2022,R2,E173,"E173 Sai Vidya Institute of Technology  Bangalore","IE Info.Science",37279,46338,44778,68207,38116,38296,136702,65368,,,,,,,,
2022,R2,E175,"E175 S.G.Balekundri Institute of Technology  Belgaum","CS Computers",42774,56739,53602,52638,53251,48009,97242,65396,,,,,,,,
2022,R2,E176,"E176 Navodaya Institute of Technology  Raihcur","CS Computers",50073,,70362,,59485,,97485,,,,,,,,,
2022,R2,E177,"E177 Rajeev Institute of Technology  Hassan","CS Computers",44504,65345,54143,47970,44690,48916,94897,68671,,,,,,,,
2022,R2,E177,"E177 Rajeev Institute of Technology  Hassan","IE Info.Science",56344,86903,66584,,56449,59035,122517,100911,,,,,,,,
2022,R2,E178,"E178 The National Institute of Engineering(NORTH CAMPUS)  Mysore","CA CS (AI, Machine Learning)",7703,11751,12156,9869,9216,8737,44706,,,,,,,,,
2022,R2,E178,"E178 The National Institute of Engineering(NORTH CAMPUS)  Mysore","CS Computers",5601,9065,8468,7258,6125,6591,25994,11308,,,,,,,,
2022,R2,E178,"E178 The National Institute of Engineering(NORTH CAMPUS)  Mysore","IE Info.Science",8487,13972,11585,14300,9606,9487,37644,15153,,,,,,,,
2022,R2,E185,"E185 Angadi Institute of Technology and Management  Belgaum","CS Computers",46609,63546,55624,51331,59529,46908,89520,51733,,,,,,,,
2022,R2,E186,"E186 ACS College of Engineering  Kengeri Hobli,Bangalore","CS Computers",42687,44906,50704,65990,44541,48473,100272,78950,,,,,,,,
2022,R2,E189,"E189 Navkis College of Engineering (Formerly NDRKIT)  Kandali, Hassan","CS Computers",44483,76052,63557,45981,45775,47659,123647,60100,,,,,,,,
2022,R2,E194,"E194 Government Engineering College  KARWAR","CS Computers",51725,60883,63876,72432,62461,61192,93440,53971,,,,,,,,
2022,R2,E196,"E196 Jain College of Engineering  Machche,Belgaum","CS Computers",27521,31054,33108,34005,34146,28214,68873,41920,,,,,,,,
2022,R2,E198,"E198 Sharnbasva University College for Women(Formerly Godutai)  Gulbarga","CS Computers",40208,,57514,51465,,42872,72450,,,,,,,,,
2022,R2,E199,"E199 AGM Rural Engineering College  Hubli, Darward (D)","CS Computers",57299,67854,62822,60520,65267,62383,76379,,,,,,,,,
2022,R2,E201,"E201 Gopalan College of Engineering and Management  White Field, Bangalore","CS Computers",39137,,45225,59740,42525,,56860,70859,,,,,,,,
2022,R2,E203,"E203 K.S. School of Engineering And Management  Mallasandra, Bangalore","CS Computers",48769,67619,58011,55280,50938,55880,106284,69042,,,,,,,,
2022,R2,E204,"E204 Bangalore Technological  Institute  Sarjapura Rd, Bangalore","CS Computers",55139,64026,68505,60806,60419,59734,116154,72149,,,,,,,,
2022,R2,E205,"E205 ATME College of Engineering  Varun  hobli,Mysore","CA CS (AI, Machine Learning)",44103,70111,47569,45653,46371,,100757,48670,,,,,,,,
2022,R2,E205,"E205 ATME College of Engineering  Varun  hobli,Mysore","CS Computers",34916,41468,43531,36504,35578,36256,70491,41925,,,,,,,,
2022,R2,E205,"E205 ATME College of Engineering  Varun  hobli,Mysore","DS Comp. Sc. Engg- Data Sc.",54862,59748,60818,58319,55813,55595,75286,,,,,,,,,
2022,R2,E206,"E206 Shri Madhwa Vadiraja Institute of Technology and Management  Udupi Dist","AD Artificial Intel, Data Sc",45634,51909,53402,88502,91179,49401,147361,,,,,,,,,
2022,R2,E206,"E206 Shri Madhwa Vadiraja Institute of Technology and Management  Udupi Dist","AI Artificial Intelligence",55594,66591,60491,56561,73860,67148,,70225,,,,,,,,
2022,R2,E206,"E206 Shri Madhwa Vadiraja Institute of Technology and Management  Udupi Dist","CS Computers",29569,44215,39448,54934,69705,46475,172423,57666,,,,,,,,
2022,R2,E209,"E209 Jyothi Institute of Technology  Bangalore","AI Artificial Intelligence",51522,58566,65956,73179,52405,65415,156861,73943,,,,,,,,
2022,R2,E209,"E209 Jyothi Institute of Technology  Bangalore","CS Computers",34920,56741,52514,55124,36508,38529,102783,69956,,,,,,,,
2022,R2,E209,"E209 Jyothi Institute of Technology  Bangalore","IE Info.Science",43247,59675,55753,68726,47385,43428,119720,,,,,,,,,
2022,R2,E211,"E211 Jain Institute of Technology  Cross,Davanagere","CS Computers",45411,47924,58826,56288,48176,46028,72637,65851,,,,,,,,
2022,R2,E211,"E211 Jain Institute of Technology  Cross,Davanagere","IE Info.Science",52151,59075,62314,61315,60169,53340,91892,,,,,,,,,
2022,R2,E212,"E212 Dayananda Sagar Academy of Technology  Kanakapur Main Road Bangalore","CA CS (AI, Machine Learning)",21509,28968,27525,41855,23667,21793,71425,,,,,,,,,
2022,R2,E212,"E212 Dayananda Sagar Academy of Technology  Kanakapur Main Road Bangalore","CD Computer Sc. and Design",29127,47174,35021,37165,,29225,89681,59156,,,,,,,,
2022,R2,E212,"E212 Dayananda Sagar Academy of Technology  Kanakapur Main Road Bangalore","CF CS(Artificial Intel.)",24573,31401,25521,43302,26788,26218,72642,,,,,,,,,
2022,R2,E212,"E212 Dayananda Sagar Academy of Technology  Kanakapur Main Road Bangalore","CS Computers",14381,18025,17731,15018,14855,16733,45613,27806,,,,,,,,
2022,R2,E212,"E212 Dayananda Sagar Academy of Technology  Kanakapur Main Road Bangalore","DS Comp. Sc. Engg- Data Sc.",21184,26103,24892,31419,21975,,55544,44786,,,,,,,,
2022,R2,E212,"E212 Dayananda Sagar Academy of Technology  Kanakapur Main Road Bangalore","IE Info.Science",19281,20638,22778,33986,19497,20243,60547,34068,,,,,,,,
2022,R2,E212,"E212 Dayananda Sagar Academy of Technology  Kanakapur Main Road Bangalore","IO CS- Internet of Things",28519,,34370,48814,29747,31417,89723,57310,,,,,,,,
2022,R2,E220,"E220 Alliance University  Bangalore","CS Computers",41854,53924,49834,56506,46973,45571,108336,67815,,,,,,,,
2022,R2,E220,"E220 Alliance University  Bangalore","IG Information Technology",50347,,51824,65383,55034,53633,125513,78173,,,,,,,,
2022,R2,E222,"E222 Cambridge Institutute of Technology-North Campus  Devanahalli(TQ),Bangalore(R)","CS Computers",50444,60323,62659,60627,51674,51834,101130,72234,,,,,,,,
2022,R2,E232,"E232 Reva University  Bangalore","AD Artificial Intel, Data Sc",23736,31649,28248,32977,26766,25708,65830,42530,,,,,,,,
2022,R2,E232,"E232 Reva University  Bangalore","CA CS (AI, Machine Learning)",19126,24344,25749,33588,19988,21240,48709,40732,,,,,,,,
2022,R2,E232,"E232 Reva University  Bangalore","CS Computers",13050,18883,17346,22001,13766,14717,39722,19641,,,,,,,,
2022,R2,E232,"E232 Reva University  Bangalore","IB CS-IoT Block Chain",23417,,28659,33695,30044,,75284,,,,,,,,,
2022,R2,E232,"E232 Reva University  Bangalore","IE Info.Science",16418,19147,18970,20114,16764,17773,45833,28971,,,,,,,,
2022,R2,E232,"E232 Reva University  Bangalore","SS CS and System Engg",25827,29080,32770,35768,,26866,75373,,,,,,,,,
2022,R2,E235,"E235 M.S. Ramaiah University of Applied Sciences  Bangalore","AI Artificial Intelligence",18459,33261,21767,22579,18799,19086,47733,,,,,,,,,
2022,R2,E235,"E235 M.S. Ramaiah University of Applied Sciences  Bangalore","CS Computers",13397,16776,18283,20643,13782,13948,44152,27020,,,,,,,,
2022,R2,E235,"E235 M.S. Ramaiah University of Applied Sciences  Bangalore","IE Info.Science",16609,20702,19529,,16759,16643,55336,,,,,,,,,
2022,R2,E235,"E235 M.S. Ramaiah University of Applied Sciences  Bangalore","MC Mathematics and Computing",23382,,67944,,,,147412,,,,,,,,,
2022,R2,E235,"E235 M.S. Ramaiah University of Applied Sciences  Bangalore","RB Robotics",40224,120542,43649,,51561,,87954,108119,,,,,,,,
2022,R2,E237,"E237 Presidency University  Yelahanka, Bangalore","BD CS- Big Data",45388,,55788,56563,49959,,121885,78636,,,,,,,,
2022,R2,E237,"E237 Presidency University  Yelahanka, Bangalore","CA CS (AI, Machine Learning)",40408,51546,47388,48576,43209,42316,86254,51605,,,,,,,,
2022,R2,E237,"E237 Presidency University  Yelahanka, Bangalore","CG Computer Science and Tech",47305,67072,59525,55379,49577,49914,124903,79092,,,,,,,,
2022,R2,E237,"E237 Presidency University  Yelahanka, Bangalore","CS Computers",33363,42609,41837,44296,35770,39058,77335,51200,,,,,,,,
2022,R2,E237,"E237 Presidency University  Yelahanka, Bangalore","CY CS- Cyber Security",47208,63644,56138,52213,49292,47856,104748,63657,,,,,,,,
2022,R2,E237,"E237 Presidency University  Yelahanka, Bangalore","DS Comp. Sc. Engg- Data Sc.",41663,53327,47253,47639,43457,46052,104236,73822,,,,,,,,
2022,R2,E237,"E237 Presidency University  Yelahanka, Bangalore","IE Info.Science",40462,43239,43595,49765,42329,42093,90574,64809,,,,,,,,
2022,R2,E237,"E237 Presidency University  Yelahanka, Bangalore","IS Information Sc. and Tech.",48102,56917,54609,56418,50229,52020,103762,58881,,,,,,,,
2022,R2,E237,"E237 Presidency University  Yelahanka, Bangalore","LC CS- Block Chain",56834,84885,75661,,,58058,128426,,,,,,,,,
2022,R2,E239,"E239 East West College of Engineering  Yelahanka New Town, Bangalore","CS Computers",40715,41627,44505,47484,43249,45161,62790,51808,,,,,,,,
2022,R2,E240,"E240 Dayananda Sagar University  Hosur Road, Bangalore","CA CS (AI, Machine Learning)",28658,36978,32507,44986,30406,31090,75060,60299,,,,,,,,
2022,R2,E240,"E240 Dayananda Sagar University  Hosur Road, Bangalore","CG Computer Science and Tech",28513,36250,33568,,28939,34455,71795,,,,,,,,,
2022,R2,E240,"E240 Dayananda Sagar University  Hosur Road, Bangalore","CS Computers",21395,30051,28565,30017,22420,24171,66164,42165,,,,,,,,
2022,R2,E240,"E240 Dayananda Sagar University  Hosur Road, Bangalore","CY CS- Cyber Security",28464,42167,35087,39357,,32330,80184,,,,,,,,,
2022,R2,E240,"E240 Dayananda Sagar University  Hosur Road, Bangalore","DS Comp. Sc. Engg- Data Sc.",24563,,34980,34318,26857,25742,79666,58259,,,,,,,,
2022,R2,E241,"E241 KLE Technological University(Formerly BVBCET)  Dharward Dist","CF CS(Artificial Intel.)",5884,,10538,11875,8896,6710,36678,,,,,,,,,
2022,R2,E241,"E241 KLE Technological University(Formerly BVBCET)  Dharward Dist","CS Computers",4697,9743,7529,8677,8038,5827,19394,14799,,,,,,,,
2022,R2,E252,"E252 Mysore College of Engineering and Management  Mysore","CS Computers",53867,68208,62472,55999,57194,57431,99037,60804,,,,,,,,
2022,R2,E254,"E254 A J Institute Of Engineering And Technology  MANGALORE","CS Computers",36100,,46398,44025,37048,41173,95827,47045,,,,,,,,
2022,R2,E254,"E254 A J Institute Of Engineering And Technology  MANGALORE","IE Info.Science",43887,,48947,58454,,50964,144891,59480,,,,,,,,
2022,R2,E255,"E255 Gitam School Of Technology  BANGALORE RURAL DIST","CA CS (AI, Machine Learning)",56989,64142,72598,66901,58250,58761,141780,79118,,,,,,,,
2022,R2,E255,"E255 Gitam School Of Technology  BANGALORE RURAL DIST","CS Computers",43577,61410,53200,62127,45440,48525,99797,56679,,,,,,,,
2022,R2,E255,"E255 Gitam School Of Technology  BANGALORE RURAL DIST","CY CS- Cyber Security",58801,,60358,,62801,63445,141567,,,,,,,,,
2022,R2,E255,"E255 Gitam School Of Technology  BANGALORE RURAL DIST","DS Comp. Sc. Engg- Data Sc.",56241,62188,75403,68452,59090,63080,131122,,,,,,,,,
2022,R2,E257,"E257 CMR University  CHAGALATTI, BANGALORE","CA CS (AI, Machine Learning)",45426,64860,62586,54176,51973,55694,120039,87205,,,,,,,,
2022,R2,E257,"E257 CMR University  CHAGALATTI, BANGALORE","CS Computers",33897,44373,42914,48413,37052,37831,79514,57556,,,,,,,,
2022,R2,E257,"E257 CMR University  CHAGALATTI, BANGALORE","DS Comp. Sc. Engg- Data Sc.",39703,73855,50499,,,54848,97970,,,,,,,,,
2022,R2,E257,"E257 CMR University  CHAGALATTI, BANGALORE","IG Information Technology",51939,66029,64162,79540,52899,57414,123435,82584,,,,,,,,
2022,R2,E258,"E258 Maharaja Institute of Technology  THANDAVAPURA, MYSORE","AD Artificial Intel, Data Sc",47851,60138,53150,49540,54055,51442,95280,,,,,,,,,
2022,R2,E258,"E258 Maharaja Institute of Technology  THANDAVAPURA, MYSORE","CS Computers",28342,54716,42234,,32312,30163,66025,43310,,,,,,,,
2022,R2,E265,"E265 Jain College of Engineering and Technology  Hubballi","CS Computers",38354,53599,43432,39658,40922,40745,75556,49596,,,,,,,,
2022,R2,E269,"E269 Jain College of Engineering and Research  Udyambhag, Belgaum","CS Computers",37630,62768,49489,43982,43085,40509,90895,45293,,,,,,,,
2022,R2,E272,"E272 Government Engineering College  Talakal,Koppal","CS Computers",49605,65574,55095,,61831,58625,74772,,,,,,,,,
2022,R2,E274,"E274 Government Engineering College  Moselehosahalli,Hassan","CS Computers",45845,47042,54732,76998,47146,51737,71811,64089,,,,,,,,
2022,R2,E275,"E275 R V Institute of Technology and Management  JP Nagar, Bengaluru","CS Computers",7998,11146,13879,9407,8090,8335,41770,19997,,,,,,,,
2022,R2,E275,"E275 R V Institute of Technology and Management  JP Nagar, Bengaluru","IE Info.Science",10016,11232,15144,23897,10754,11683,50241,29428,,,,,,,,
2022,R2,E283,"E283 University of Mysore  Mysore","AD Artificial Intel, Data Sc",52974,84051,67769,,55568,58572,92546,61735,,,,,,,,
2022,R2,E283,"E283 University of Mysore  Mysore","AI Artificial Intelligence",48466,79507,64402,54217,57570,48571,112374,65780,,,,,,,,
2022,R2,E283,"E283 University of Mysore  Mysore","CD Computer Sc. and Design",49608,78448,66593,66490,52229,53912,85979,,,,,,,,,
2022,R2,E284,"E284 Sri Jayachamarajendra College of Engineering(Const. of JSS Univ.)  Mysore","CS Computers",3313,4366,5066,5117,3639,3634,19934,,,,,,,,,
2022,R2,E285,"E285 R V University  Bangalore","CS Computers",5299,9877,15416,15980,5818,7182,44769,25703,,,,,,,,
2022,R2,E286,"E286 BGS College of Engineering and Technology  Mahalakshmipuram,Bangalore","AD Artificial Intel, Data Sc",51680,78132,64512,84676,52548,59136,128670,,,,,,,,,
2022,R2,E286,"E286 BGS College of Engineering and Technology  Mahalakshmipuram,Bangalore","AI Artificial Intelligence",49859,75519,57851,82467,53711,,149314,108295,,,,,,,,
2022,R2,E286,"E286 BGS College of Engineering and Technology  Mahalakshmipuram,Bangalore","CS Computers",26867,27775,34556,27663,28458,28889,54883,,,,,,,,,
2022,R2,E286,"E286 BGS College of Engineering and Technology  Mahalakshmipuram,Bangalore","IE Info.Science",38197,,41215,72869,38998,44070,98325,72412,,,,,,,,
2022,R2,E289,"E289 Visvesvaraya Technological University - Regional Center  Rajapur,Kalburgi","CS Computers",39148,,64925,,41766,,63682,66948,,,,,,,,
2022,R2,E290,"E290 Visvesvaraya Technological University - Regional Center  Mysore","CS Computers",25633,31373,30377,31806,29722,25835,46850,,,,,,,,,
2022,R2,E292,"E292 Government Engineering College  Bidar","CS Computers",50651,68390,67980,63073,,55613,66911,,,,,,,,,
2022,R3,E001,"E001 University of Visvesvaraya College of Engineering  Bangalore","AI Artificial Intelligence",6987,10199,12204,10598,9859,8688,26995,13323,,,,,,,,
2022,R3,E001,"E001 University of Visvesvaraya College of Engineering  Bangalore","CS Computers",3018,7006,4969,3946,3914,3267,14844,10179,,,,,,,,
2022,R3,E001,"E001 University of Visvesvaraya College of Engineering  Bangalore","IE Info.Science",4129,6287,6322,8334,4389,5170,22287,10964,,,,,,,,
2022,R3,E002,"E002 S K S J T Institute of Engineering.  Bangalore","CS Computers",18549,29466,26720,29037,22748,21958,31218,19624,,,,,,,,
2022,R3,E004,"E004 Dr. Ambedkar Institute Of Technology  Bangalore","CS Computers",10547,18356,14694,15349,12155,13777,27586,15453,,,,,,,,
2022,R3,E005,"E005 R. V. College of Engineering  Bangalore","AI Artificial Intelligence",1261,4153,2184,7934,1919,3743,9716,,,,,,,,,
2022,R3,E005,"E005 R. V. College of Engineering  Bangalore","CS Computers",454,964,1682,3226,1650,910,4482,9182,,,,,,,,
2022,R3,E005,"E005 R. V. College of Engineering  Bangalore","CY CS- Cyber Security",1779,9430,2570,5253,,3717,13841,12564,,,,,,,,
2022,R3,E005,"E005 R. V. College of Engineering  Bangalore","DS Comp. Sc. Engg- Data Sc.",1062,,1776,3356,3816,1065,10542,12365,,,,,,,,
2022,R3,E005,"E005 R. V. College of Engineering  Bangalore","IE Info.Science",607,948,1701,2043,855,1039,7080,4346,,,,,,,,
2022,R3,E006,"E006 M S Ramaiah Institute of Technology  Bangalore","AD Artificial Intel, Data Sc",5341,15657,9265,,5665,6836,23806,16577,,,,,,,,
2022,R3,E006,"E006 M S Ramaiah Institute of Technology  Bangalore","AI Artificial Intelligence",4818,11751,9576,13647,5538,5339,15084,16290,,,,,,,,
2022,R3,E006,"E006 M S Ramaiah Institute of Technology  Bangalore","CA CS (AI, Machine Learning)",3239,4672,5218,5492,4595,3673,10005,11298,,,,,,,,
2022,R3,E006,"E006 M S Ramaiah Institute of Technology  Bangalore","CS Computers",1735,4581,4429,5209,3618,2652,10105,10380,,,,,,,,
2022,R3,E006,"E006 M S Ramaiah Institute of Technology  Bangalore","CY CS- Cyber Security",4300,10283,8220,5763,5293,5175,20177,12483,,,,,,,,
2022,R3,E006,"E006 M S Ramaiah Institute of Technology  Bangalore","IE Info.Science",3117,7166,6024,4279,4276,4425,18238,7592,,,,,,,,
2022,R3,E007,"E007 Dayananda Sagar College of Engineering  Bangalore","AI Artificial Intelligence",7916,12196,15467,12276,,8522,23720,14397,,,,,,,,
2022,R3,E007,"E007 Dayananda Sagar College of Engineering  Bangalore","CD Computer Sc. and Design",12944,13100,20181,23897,20100,,34513,22169,,,,,,,,
2022,R3,E007,"E007 Dayananda Sagar College of Engineering  Bangalore","CS Computers",4981,7467,8922,9329,6394,6949,18475,11854,,,,,,,,
2022,R3,E007,"E007 Dayananda Sagar College of Engineering  Bangalore","CY CS- Cyber Security",9681,,13056,13691,12882,11683,33503,,,,,,,,,
2022,R3,E007,"E007 Dayananda Sagar College of Engineering  Bangalore","DS Comp. Sc. Engg- Data Sc.",7386,13642,12499,10620,11436,8737,32826,,,,,,,,,
2022,R3,E007,"E007 Dayananda Sagar College of Engineering  Bangalore","IE Info.Science",7313,16906,12872,10356,9557,9459,34261,19230,,,,,,,,
2022,R3,E008,"E008 Bangalore Institute of Technology  Bangalore","AI Artificial Intelligence",12513,21467,15826,16780,12732,14252,39874,,,,,,,,,
2022,R3,E008,"E008 Bangalore Institute of Technology  Bangalore","CS Computers",6489,8027,11965,10226,7448,7146,26156,19122,,,,,,,,
2022,R3,E008,"E008 Bangalore Institute of Technology  Bangalore","DS Comp. Sc. Engg- Data Sc.",9882,18527,18140,11091,10476,,33636,24569,,,,,,,,
2022,R3,E008,"E008 Bangalore Institute of Technology  Bangalore","IE Info.Science",9317,17988,13531,13767,9645,11704,37797,15551,,,,,,,,
2022,R3,E008,"E008 Bangalore Institute of Technology  Bangalore","IO CS- Internet of Things",13286,33477,19682,33837,16890,16668,49370,,,,,,,,,
2022,R3,E008,"E008 Bangalore Institute of Technology  Bangalore","RI Robotics and AI",25333,37752,47895,78686,26883,26118,124599,36160,,,,,,,,
2022,R3,E009,"E009 P E S University (Ring Road Campus)  Bangalore","AI Artificial Intelligence",2852,8848,8230,19972,4281,5049,28043,11255,,,,,,,,
2022,R3,E009,"E009 P E S University (Ring Road Campus)  Bangalore","CS Computers",1528,6306,4542,7272,3818,3451,14483,7207,,,,,,,,
2022,R3,E011,"E011 M V J College of Engineering  Bangalore","AI Artificial Intelligence",39137,45877,45553,,39888,50855,74500,89511,,,,,,,,
2022,R3,E011,"E011 M V J College of Engineering  Bangalore","CD Computer Sc. and Design",41082,58255,62354,61866,,64096,87798,,,,,,,,,
2022,R3,E011,"E011 M V J College of Engineering  Bangalore","CS Computers",23017,35831,33897,24834,24424,25882,49774,33476,,,,,,,,
2022,R3,E011,"E011 M V J College of Engineering  Bangalore","DS Comp. Sc. Engg- Data Sc.",31406,38504,45515,,34310,42911,88034,68938,,,,,,,,
2022,R3,E011,"E011 M V J College of Engineering  Bangalore","IE Info.Science",29578,38809,43575,39651,29587,31408,66513,40309,,,,,,,,
2022,R3,E012,"E012 Sir M.Visveswaraya Institute of Technology  Hunasemaranahalli,Bangalore,","AI Artificial Intelligence",22782,26810,24886,26305,25548,25337,41112,,,,,,,,,
2022,R3,E012,"E012 Sir M.Visveswaraya Institute of Technology  Hunasemaranahalli,Bangalore,","CS Computers",12617,22442,19243,19203,13005,13636,35806,13727,,,,,,,,
2022,R3,E012,"E012 Sir M.Visveswaraya Institute of Technology  Hunasemaranahalli,Bangalore,","IE Info.Science",15172,24168,21299,19794,16058,15938,59614,26603,,,,,,,,
2022,R3,E012,"E012 Sir M.Visveswaraya Institute of Technology  Hunasemaranahalli,Bangalore,","IO CS- Internet of Things",23263,25466,35708,37371,23667,26866,89119,,,,,,,,,
2022,R3,E014,"E014 S J C Institute of Technology  Chickballapur","AD Artificial Intel, Data Sc",49478,62014,67043,92947,57418,70367,135668,,,,,,,,,
2022,R3,E014,"E014 S J C Institute of Technology  Chickballapur","CA CS (AI, Machine Learning)",37750,52500,55836,65367,37839,47986,125395,,,,,,,,,
2022,R3,E014,"E014 S J C Institute of Technology  Chickballapur","CS Computers",25140,29887,31220,59407,27787,47506,61836,39258,,,,,,,,
2022,R3,E014,"E014 S J C Institute of Technology  Chickballapur","IE Info.Science",33803,84347,43997,72648,38305,64429,76177,60035,,,,,,,,
2022,R3,E016,"E016 Siddaganga Institute of Technology  Tumkur","AD Artificial Intel, Data Sc",12699,32134,16894,14183,14277,12724,39607,,,,,,,,,
2022,R3,E016,"E016 Siddaganga Institute of Technology  Tumkur","CA CS (AI, Machine Learning)",11593,,20433,13336,11879,12921,36969,19859,,,,,,,,
2022,R3,E016,"E016 Siddaganga Institute of Technology  Tumkur","CS Computers",6944,7196,9776,10988,8465,7300,26276,13389,,,,,,,,
2022,R3,E016,"E016 Siddaganga Institute of Technology  Tumkur","IE Info.Science",9721,16757,15465,22902,10024,12030,31374,21331,,,,,,,,
2022,R3,E017,"E017 Sri Siddartha Institute of Technology  Tumkur","AI Artificial Intelligence",53178,94476,74628,55185,,64652,110500,75494,,,,,,,,
2022,R3,E017,"E017 Sri Siddartha Institute of Technology  Tumkur","CS Computers",28523,31307,42787,32397,28832,38912,55718,54147,,,,,,,,
2022,R3,E017,"E017 Sri Siddartha Institute of Technology  Tumkur","DS Comp. Sc. Engg- Data Sc.",40946,,43406,,,,83173,65431,,,,,,,,
2022,R3,E017,"E017 Sri Siddartha Institute of Technology  Tumkur","IE Info.Science",40850,51436,66298,65854,56887,45569,92920,45000,,,,,,,,
2022,R3,E018,"E018 Kalpatharu Institute of Technology  Tiptur","CS Computers",42680,44421,59290,63378,52232,50932,133390,109275,,,,,,,,
2022,R3,E018,"E018 Kalpatharu Institute of Technology  Tiptur","IE Info.Science",56578,57992,83249,85667,60021,58550,84453,59800,,,,,,,,
2022,R3,E021,"E021 Sri Jayachamarajendra College of Engineering(Const. of JSS Univ.)  Mysore","CS Computers",1881,2861,5165,3194,2330,2864,8590,4750,,,,,,,,
2022,R3,E028,"E028 Tontadarya College of Engineering  Gadag","CS Computers",57921,87843,95613,98873,76079,58872,133940,66756,,,,,,,,
2022,R3,E031,"E031 Basaveshwara Engineering College  Bagalkot","CS Computers",16310,22975,20274,17117,29112,19771,39031,29943,,,,,,,,
2022,R3,E034,"E034 Sri Dharmasthala Manjunatheswara College of Engineering  Dharwad","AI Artificial Intelligence",21810,44119,30071,55632,25961,27339,60657,,,,,,,,,
2022,R3,E034,"E034 Sri Dharmasthala Manjunatheswara College of Engineering  Dharwad","CS Computers",11242,17156,15955,15367,18409,11427,38493,27542,,,,,,,,
2022,R3,E034,"E034 Sri Dharmasthala Manjunatheswara College of Engineering  Dharwad","IE Info.Science",13042,23419,19953,19660,25358,14169,51962,,,,,,,,,
2022,R3,E036,"E036 KLE Technological University(Formerly KLE Dr.MS Sheshagiri Col.)  Belgaum","CF CS(Artificial Intel.)",24851,,31960,26115,38724,29407,107334,,,,,,,,,
2022,R3,E036,"E036 KLE Technological University(Formerly KLE Dr.MS Sheshagiri Col.)  Belgaum","CS Computers",17767,29991,28161,22525,28449,19194,61258,42571,,,,,,,,
2022,R3,E037,"E037 K.L.S. Gogte Institute of Technology  Belgaum","CS Computers",9839,14741,17824,12715,18785,11053,39037,20252,,,,,,,,
2022,R3,E037,"E037 K.L.S. Gogte Institute of Technology  Belgaum","IE Info.Science",13446,22142,15449,18237,15746,13537,56048,,,,,,,,,
2022,R3,E038,"E038 B L D E As V.P. Dr. P. G. Hallakatti College of Engg. and Tech.  vijayapur","CA CS (AI, Machine Learning)",42590,72722,70440,47559,43330,48473,81977,,,,,,,,,
2022,R3,E038,"E038 B L D E As V.P. Dr. P. G. Hallakatti College of Engg. and Tech.  vijayapur","CS Computers",30813,36694,37858,52335,41917,40745,57366,82584,,,,,,,,
2022,R3,E038,"E038 B L D E As V.P. Dr. P. G. Hallakatti College of Engg. and Tech.  vijayapur","IE Info.Science",42848,65076,50980,54913,51463,52201,88753,,,,,,,,,
2022,R3,E040,"E040 Hira Sugar Institute of Technology  Belagavi District,","CS Computers",51255,58802,66211,54019,89342,51907,128780,124586,,,,,,,,
2022,R3,E042,"E042 Khaja Banda Nawaz University  Kalburgi","CS Computers",55211,,161538,62657,,115616,171379,107640,,,,,,,,
2022,R3,E043,"E043 Gurunanak Dev Engineering College  Bidar","CS Computers",36119,,52587,,53511,47585,64084,49988,,,,,,,,
2022,R3,E043,"E043 Gurunanak Dev Engineering College  Bidar","IE Info.Science",57637,127900,78575,,,67304,98386,,,,,,,,,
2022,R3,E044,"E044 Bheemanna Khandre Institute of Technology  Bhalki","CS Computers",38442,94354,65861,,,48867,64113,,,,,,,,,
2022,R3,E045,"E045 Rao Bahadur Y.Mahabaleswarappa Engineering College  Bellari","CS Computers",46494,59758,56483,56757,55122,55851,81722,64176,,,,,,,,
2022,R3,E046,"E046 H K Es S L N College of Engineering  Raichur","CS Computers",57757,113876,71822,55561,,,93849,,,,,,,,,
2022,R3,E047,"E047 Malnad College of Engineering  Hassan","CA CS (AI, Machine Learning)",17528,,21034,20813,,24353,76681,,,,,,,,,
2022,R3,E047,"E047 Malnad College of Engineering  Hassan","CS Computers",13640,22513,21792,26541,14855,20195,41923,31407,,,,,,,,
2022,R3,E047,"E047 Malnad College of Engineering  Hassan","IE Info.Science",21033,36382,33780,31125,22240,25626,57927,42461,,,,,,,,
2022,R3,E048,"E048 B M S College of Engineering  Basavanagudi,Bangalore","AD Artificial Intel, Data Sc",3633,4473,9156,14972,3864,7369,22248,,,,,,,,,
2022,R3,E048,"E048 B M S College of Engineering  Basavanagudi,Bangalore","AI Artificial Intelligence",3251,7582,7577,12652,4042,7874,23597,12580,,,,,,,,
2022,R3,E048,"E048 B M S College of Engineering  Basavanagudi,Bangalore","CS Computers",1197,2213,4085,2394,2418,2633,11769,9847,,,,,,,,
2022,R3,E048,"E048 B M S College of Engineering  Basavanagudi,Bangalore","DS Comp. Sc. Engg- Data Sc.",1955,4782,4724,9603,,5168,20456,14965,,,,,,,,
2022,R3,E048,"E048 B M S College of Engineering  Basavanagudi,Bangalore","IE Info.Science",2307,5643,5444,6719,3112,2986,15798,12377,,,,,,,,
2022,R3,E048,"E048 B M S College of Engineering  Basavanagudi,Bangalore","IO CS- Internet of Things",3330,,3798,9097,,4757,24217,21189,,,,,,,,
2022,R3,E049,"E049 Basaveshwara Engineering College  Bagalkot","AI Artificial Intelligence",35305,47183,40295,48773,39991,39318,101604,,,,,,,,,
2022,R3,E049,"E049 Basaveshwara Engineering College  Bagalkot","CS Computers",20717,23084,25730,22827,27600,22712,54150,,,,,,,,,
2022,R3,E049,"E049 Basaveshwara Engineering College  Bagalkot","IE Info.Science",30399,32310,33127,53185,31179,34653,89244,64517,,,,,,,,
2022,R3,E057,"E057 JSS Science and Technology University(Formerly SJCE)  Mysore","CS Computers",3674,6480,5840,8521,4587,4811,16860,15783,,,,,,,,
2022,R3,E057,"E057 JSS Science and Technology University(Formerly SJCE)  Mysore","IE Info.Science",5716,7029,7439,9587,6842,6330,23794,19282,,,,,,,,
2022,R3,E058,"E058 P E S College of Engineering  Mandya","CA CS (AI, Machine Learning)",24312,35391,36717,24647,26934,29119,75284,,,,,,,,,
2022,R3,E058,"E058 P E S College of Engineering  Mandya","CS Computers",16523,33566,26121,22063,18002,18963,42876,28309,,,,,,,,
2022,R3,E058,"E058 P E S College of Engineering  Mandya","IE Info.Science",20299,37573,31078,25909,20784,20869,76306,,,,,,,,,
2022,R3,E059,"E059 P D A College of Engineering  Gulbarga","AI Artificial Intelligence",42912,,55971,,,,68871,99140,,,,,,,,
2022,R3,E059,"E059 P D A College of Engineering  Gulbarga","CD Computer Sc. and Design",38478,,58855,,74572,,75443,,,,,,,,,
2022,R3,E059,"E059 P D A College of Engineering  Gulbarga","CS Computers",22061,27798,28261,,25685,23270,34936,,,,,,,,,
2022,R3,E059,"E059 P D A College of Engineering  Gulbarga","IE Info.Science",36532,58296,38005,,,,84486,48657,,,,,,,,
2022,R3,E060,"E060 Dr. Ambedkar Institute Of Technology  Jnanabharathi Campus,Bangalore","AI Artificial Intelligence",22112,,35610,35065,27404,25742,46276,52930,,,,,,,,
2022,R3,E060,"E060 Dr. Ambedkar Institute Of Technology  Jnanabharathi Campus,Bangalore","CS Computers",16074,18937,21541,17533,17742,18033,34692,19545,,,,,,,,
2022,R3,E060,"E060 Dr. Ambedkar Institute Of Technology  Jnanabharathi Campus,Bangalore","IE Info.Science",17300,26650,22576,34318,18083,21133,45652,,,,,,,,,
2022,R3,E061,"E061 University B.D.T. college of Engineering  Davangere","CS Computers",16017,35331,24972,28144,30473,17007,37498,18326,,,,,,,,
2022,R3,E062,"E062 Bapuji Institute of Engineering and Technology  Davangere","AI Artificial Intelligence",40647,58566,51473,91139,40728,40701,91290,,,,,,,,,
2022,R3,E062,"E062 Bapuji Institute of Engineering and Technology  Davangere","CD Computer Sc. and Design",51482,57084,100202,78243,86504,53668,123155,69667,,,,,,,,
2022,R3,E062,"E062 Bapuji Institute of Engineering and Technology  Davangere","CS Computers",16161,28510,30977,23408,20027,21237,57405,21151,,,,,,,,
2022,R3,E062,"E062 Bapuji Institute of Engineering and Technology  Davangere","DS Comp. Sc. Engg- Data Sc.",37853,58418,60317,77976,92793,38710,92316,,,,,,,,,
2022,R3,E062,"E062 Bapuji Institute of Engineering and Technology  Davangere","IE Info.Science",30992,48127,38471,44042,33627,31817,91469,69280,,,,,,,,
2022,R3,E063,"E063 Sri Jagadguru Murugharajendra University (Formerly SJMIT)  Chitradurga","CS Computers",59929,71351,117726,61356,81281,71106,110490,65333,,,,,,,,
2022,R3,E064,"E064 Adhichunchanagiri Institute of Technology  Chickmagalur","AI Artificial Intelligence",47836,127709,50334,71281,51341,50868,102410,,,,,,,,,
2022,R3,E064,"E064 Adhichunchanagiri Institute of Technology  Chickmagalur","CS Computers",29410,42514,46753,31217,33959,30354,96866,61735,,,,,,,,
2022,R3,E064,"E064 Adhichunchanagiri Institute of Technology  Chickmagalur","DS Comp. Sc. Engg- Data Sc.",51188,51596,71586,93341,62335,,153046,74044,,,,,,,,
2022,R3,E064,"E064 Adhichunchanagiri Institute of Technology  Chickmagalur","IE Info.Science",36169,44767,49834,,39814,36928,110605,70837,,,,,,,,
2022,R3,E065,"E065 Jawaharlal Nehru National College of Engineering  Shimoga","AI Artificial Intelligence",34652,63285,44960,70839,36743,52151,77779,,,,,,,,,
2022,R3,E065,"E065 Jawaharlal Nehru National College of Engineering  Shimoga","CS Computers",16556,38988,25227,48186,18069,21870,46327,23098,,,,,,,,
2022,R3,E065,"E065 Jawaharlal Nehru National College of Engineering  Shimoga","IE Info.Science",27480,51655,36449,40986,31566,31439,73349,39406,,,,,,,,
2022,R3,E071,"E071 Vidya Vardhaka College of Engineering  Mysuru","CA CS (AI, Machine Learning)",17817,21830,33332,19662,21485,21638,57627,25166,,,,,,,,
2022,R3,E071,"E071 Vidya Vardhaka College of Engineering  Mysuru","CS Computers",12313,21055,20406,19668,12956,18502,33773,21345,,,,,,,,
2022,R3,E071,"E071 Vidya Vardhaka College of Engineering  Mysuru","IE Info.Science",16755,17198,25944,23315,18604,18585,56220,22095,,,,,,,,
2022,R3,E075,"E075 Ballari Institute of Technology and Management  Near Allipur Bellary","AI Artificial Intelligence",48042,63302,73369,54379,64065,51491,131964,,,,,,,,,
2022,R3,E075,"E075 Ballari Institute of Technology and Management  Near Allipur Bellary","CF CS(Artificial Intel.)",35419,,56703,,,46080,100113,63534,,,,,,,,
2022,R3,E075,"E075 Ballari Institute of Technology and Management  Near Allipur Bellary","CS Computers",21734,28611,31212,31628,25722,,63468,34223,,,,,,,,
2022,R3,E075,"E075 Ballari Institute of Technology and Management  Near Allipur Bellary","DS Comp. Sc. Engg- Data Sc.",33925,,69551,,49217,,92477,,,,,,,,,
2022,R3,E077,"E077 Vidya Vikas Institute of Engineering and Technology  Mysuru","CS Computers",29619,44901,36334,29871,32013,34738,54777,,,,,,,,,
2022,R3,E077,"E077 Vidya Vikas Institute of Engineering and Technology  Mysuru","IE Info.Science",39880,73283,50878,43972,41281,41899,75447,,,,,,,,,
2022,R3,E078,"E078 The Oxford College of Engineering  Bangalore","AI Artificial Intelligence",51464,,70557,69554,54300,57426,119783,,,,,,,,,
2022,R3,E078,"E078 The Oxford College of Engineering  Bangalore","CS Computers",30919,34052,50849,38618,32402,33517,62731,67783,,,,,,,,
2022,R3,E078,"E078 The Oxford College of Engineering  Bangalore","IE Info.Science",44637,50014,59424,61746,44842,48493,87008,56361,,,,,,,,
2022,R3,E079,"E079 Acharya Institute of Technology  Bangalore","AI Artificial Intelligence",35027,53678,59143,41280,35091,41221,125131,60299,,,,,,,,
2022,R3,E079,"E079 Acharya Institute of Technology  Bangalore","CS Computers",19124,34010,29222,24734,20657,21247,48567,36342,,,,,,,,
2022,R3,E079,"E079 Acharya Institute of Technology  Bangalore","DS Comp. Sc. Engg- Data Sc.",35299,53857,58917,73694,35919,35615,60104,,,,,,,,,
2022,R3,E079,"E079 Acharya Institute of Technology  Bangalore","IE Info.Science",23894,37303,37040,45282,24371,26874,60750,28392,,,,,,,,
2022,R3,E082,"E082 J S S Academy of Technical Education  Bangalore","CA CS (AI, Machine Learning)",24293,29312,35425,48784,25643,26186,82280,45172,,,,,,,,
2022,R3,E082,"E082 J S S Academy of Technical Education  Bangalore","CS Computers",13949,18712,20911,22500,17102,15865,44473,26109,,,,,,,,
2022,R3,E082,"E082 J S S Academy of Technical Education  Bangalore","IE Info.Science",20218,21002,27503,40917,22155,22697,62772,30884,,,,,,,,
2022,R3,E083,"E083 H.K.B.K.College of Engineering  Bangalore","CS Computers",46921,64994,64024,54022,55126,54101,85479,69205,,,,,,,,
2022,R3,E085,"E085 APS College of Engineering  Somanahalli, Bangalore","CS Computers",42727,74278,78183,90125,51274,48807,81963,,,,,,,,,
2022,R3,E086,"E086 Sri Sairam College of Engineering(Formerly Shirdi Sai Engg)  Anekal,Bangalore","CS Computers",53164,60459,82595,60855,68364,55679,103119,62297,,,,,,,,
2022,R3,E087,"E087 Vivekananada Institute of Technology  Bangalore","CS Computers",52642,70597,81340,96383,55549,59406,105380,91541,,,,,,,,
2022,R3,E088,"E088 Bangalore College of Engineering and Technology  Chandapura, Bangalore","CS Computers",51771,86014,64129,,55139,,85953,100006,,,,,,,,
2022,R3,E091,"E091 K S Institute of Technology  Bangalore","AI Artificial Intelligence",51783,61693,69845,81941,57475,56471,120146,,,,,,,,,
2022,R3,E091,"E091 K S Institute of Technology  Bangalore","CD Computer Sc. and Design",54028,,106006,,68805,93059,156076,69639,,,,,,,,
2022,R3,E091,"E091 K S Institute of Technology  Bangalore","CS Computers",28065,40183,43879,40497,35405,36109,81897,58831,,,,,,,,
2022,R3,E092,"E092 Vemana Institute of Technology  Bangalore","CS Computers",41816,72404,58386,42106,44198,51701,110512,61695,,,,,,,,
2022,R3,E092,"E092 Vemana Institute of Technology  Bangalore","IE Info.Science",55288,72649,78172,60616,55647,58601,118109,86868,,,,,,,,
2022,R3,E094,"E094 Coorg Institute of Technology  Kodagu","CS Computers",58303,112002,117494,126924,73956,76350,128003,,,,,,,,,
2022,R3,E095,"E095 AMC Engineering College  Bangalore","AI Artificial Intelligence",55389,66715,60939,77217,57456,,131726,96332,,,,,,,,
2022,R3,E095,"E095 AMC Engineering College  Bangalore","CA CS (AI, Machine Learning)",55391,68206,82653,90402,61461,65415,145039,72387,,,,,,,,
2022,R3,E095,"E095 AMC Engineering College  Bangalore","CS Computers",35120,60558,55689,44034,37160,40071,69917,55779,,,,,,,,
2022,R3,E095,"E095 AMC Engineering College  Bangalore","DS Comp. Sc. Engg- Data Sc.",57691,115674,86107,100043,63622,65532,146522,74846,,,,,,,,
2022,R3,E095,"E095 AMC Engineering College  Bangalore","IE Info.Science",47987,60979,66303,92072,49070,53330,91942,72149,,,,,,,,
2022,R3,E096,"E096 East Point College of Engineering and Technology  Bangalore","CS Computers",41286,47119,52431,44197,49678,44694,61082,75935,,,,,,,,
2022,R3,E096,"E096 East Point College of Engineering and Technology  Bangalore","IE Info.Science",57523,84727,77403,89911,58416,68386,109356,81881,,,,,,,,
2022,R3,E097,"E097 C M R Institute of Technology  Bangalore","AD Artificial Intel, Data Sc",35657,45549,47588,68368,36069,45332,91176,58259,,,,,,,,
2022,R3,E097,"E097 C M R Institute of Technology  Bangalore","AI Artificial Intelligence",29679,41633,41740,58635,34893,32359,87872,57035,,,,,,,,
2022,R3,E097,"E097 C M R Institute of Technology  Bangalore","CA CS (AI, Machine Learning)",17165,31595,27769,55379,26445,31549,72266,,,,,,,,,
2022,R3,E097,"E097 C M R Institute of Technology  Bangalore","CS Computers",13766,19331,20041,18773,14714,17854,37189,26585,,,,,,,,
2022,R3,E097,"E097 C M R Institute of Technology  Bangalore","DS Comp. Sc. Engg- Data Sc.",19294,28607,39500,30205,30766,30370,52609,22634,,,,,,,,
2022,R3,E097,"E097 C M R Institute of Technology  Bangalore","IE Info.Science",19852,25248,26513,41284,22478,23375,48030,41088,,,,,,,,
2022,R3,E098,"E098 Atria Institute of Technology  Bangalore","CS Computers",29040,40767,49303,45909,31943,35856,73688,70168,,,,,,,,
2022,R3,E098,"E098 Atria Institute of Technology  Bangalore","DS Comp. Sc. Engg- Data Sc.",45363,63040,76343,69209,45426,67570,106896,,,,,,,,,
2022,R3,E098,"E098 Atria Institute of Technology  Bangalore","IE Info.Science",42760,77769,62953,68207,43190,52230,124160,94811,,,,,,,,
2022,R3,E099,"E099 New Horizon College of Engineering  Bangalore","AI Artificial Intelligence",24203,30614,32573,34465,26354,30241,51925,36424,,,,,,,,
2022,R3,E099,"E099 New Horizon College of Engineering  Bangalore","CO Computer Engineering",25523,,36093,44164,32947,25691,49617,,,,,,,,,
2022,R3,E099,"E099 New Horizon College of Engineering  Bangalore","CS Computers",11020,16631,15658,21508,13050,14305,30326,16663,,,,,,,,
2022,R3,E099,"E099 New Horizon College of Engineering  Bangalore","DS Comp. Sc. Engg- Data Sc.",16280,24344,28637,26390,19343,27314,50349,55862,,,,,,,,
2022,R3,E099,"E099 New Horizon College of Engineering  Bangalore","IE Info.Science",13574,21088,17712,25986,14017,16643,29092,26425,,,,,,,,
2022,R3,E101,"E101 Channabasaveshwara Institute of Technology  Gubbi, Tumkur","CS Computers",37340,43317,70221,42307,38365,41080,78085,56753,,,,,,,,
2022,R3,E101,"E101 Channabasaveshwara Institute of Technology  Gubbi, Tumkur","IE Info.Science",52129,56657,97258,70684,57827,54179,62057,,,,,,,,,
2022,R3,E102,"E102 DONBOSCO Institute of Technology  Bangalore","CS Computers",28543,53368,45578,38125,31413,30477,70307,46862,,,,,,,,
2022,R3,E102,"E102 DONBOSCO Institute of Technology  Bangalore","IE Info.Science",43201,65247,64621,68726,45874,50396,149549,77622,,,,,,,,
2022,R3,E103,"E103 Global Academy of Technology  Bangalore","AD Artificial Intel, Data Sc",36708,83331,47926,58298,41175,44357,98958,63952,,,,,,,,
2022,R3,E103,"E103 Global Academy of Technology  Bangalore","AI Artificial Intelligence",35860,76366,51330,85129,38483,46865,90813,,,,,,,,,
2022,R3,E103,"E103 Global Academy of Technology  Bangalore","CA CS (AI, Machine Learning)",31751,31774,47470,44893,33309,43143,90778,,,,,,,,,
2022,R3,E103,"E103 Global Academy of Technology  Bangalore","CS Computers",20084,28082,32545,35921,23199,25610,62216,27800,,,,,,,,
2022,R3,E103,"E103 Global Academy of Technology  Bangalore","IE Info.Science",28631,39994,44591,55280,29719,32594,89456,56803,,,,,,,,
2022,R3,E104,"E104 Nagarjuna College of Engineering and Technology  Bangalore (R)","CS Computers",45746,58836,69576,61981,51623,53316,76654,69042,,,,,,,,
2022,R3,E104,"E104 Nagarjuna College of Engineering and Technology  Bangalore (R)","IE Info.Science",57046,68548,74579,66323,62533,59936,123463,,,,,,,,,
2022,R3,E105,"E105 Nitte Meenakshi Institutute of Technology  Bangalore","AD Artificial Intel, Data Sc",14351,26159,19553,21335,14952,19205,51663,29737,,,,,,,,
2022,R3,E105,"E105 Nitte Meenakshi Institutute of Technology  Bangalore","AI Artificial Intelligence",16543,19873,24366,39984,18420,16973,53128,,,,,,,,,
2022,R3,E105,"E105 Nitte Meenakshi Institutute of Technology  Bangalore","CS Computers",9514,13381,15015,15495,10815,12376,30347,15959,,,,,,,,
2022,R3,E105,"E105 Nitte Meenakshi Institutute of Technology  Bangalore","IE Info.Science",12221,21928,19114,20602,14240,14269,41373,30317,,,,,,,,
2022,R3,E106,"E106 East West Institute of Technology  Bangalore","CS Computers",39712,67059,53250,56355,40076,43188,100148,47467,,,,,,,,
2022,R3,E106,"E106 East West Institute of Technology  Bangalore","IE Info.Science",55036,71957,73975,62197,56548,56714,125969,88707,,,,,,,,
2022,R3,E107,"E107 B N M Institute of Technology  Bangalore","AI Artificial Intelligence",21793,23144,34366,33811,25356,24343,100272,33753,,,,,,,,
2022,R3,E107,"E107 B N M Institute of Technology  Bangalore","CS Computers",11573,18522,18013,15510,12664,13565,40656,22392,,,,,,,,
2022,R3,E107,"E107 B N M Institute of Technology  Bangalore","IE Info.Science",12838,16078,19346,36257,13610,15217,54740,,,,,,,,,
2022,R3,E108,"E108 Sapthagiri College of Engineering  Bangalore","CS Computers",27424,42230,37077,44431,28091,31430,76031,34020,,,,,,,,
2022,R3,E108,"E108 Sapthagiri College of Engineering  Bangalore","IE Info.Science",34277,53924,47992,75464,35795,36829,96612,41668,,,,,,,,
2022,R3,E111,"E111 Sri Venkateshwara College of Engineering  Bettahalsur(P), Bangalore","CS Computers",43122,98179,61983,72498,44876,45928,97997,64076,,,,,,,,
2022,R3,E111,"E111 Sri Venkateshwara College of Engineering  Bettahalsur(P), Bangalore","IE Info.Science",47942,50619,75007,56061,48250,64546,96380,,,,,,,,,
2022,R3,E114,"E114 G M Institute of Technology  Davanagere","AI Artificial Intelligence",49542,60411,62278,84049,70458,50862,96887,66622,,,,,,,,
2022,R3,E114,"E114 G M Institute of Technology  Davanagere","CS Computers",23393,30559,39066,26976,39499,24398,66673,26962,,,,,,,,
2022,R3,E114,"E114 G M Institute of Technology  Davanagere","IE Info.Science",33874,39201,38270,40438,36482,35473,71483,46817,,,,,,,,
2022,R3,E115,"E115 S J B Institute of Technology  Kengeri,Bangalore","AI Artificial Intelligence",33531,36781,51063,83102,35232,34275,103677,,,,,,,,,
2022,R3,E115,"E115 S J B Institute of Technology  Kengeri,Bangalore","CS Computers",17468,30815,24761,27396,21362,22980,51617,37536,,,,,,,,
2022,R3,E115,"E115 S J B Institute of Technology  Kengeri,Bangalore","DS Comp. Sc. Engg- Data Sc.",31108,41443,40023,68906,36220,44572,89303,50166,,,,,,,,
2022,R3,E115,"E115 S J B Institute of Technology  Kengeri,Bangalore","IE Info.Science",25972,35457,41397,73454,26251,28697,102359,56560,,,,,,,,
2022,R3,E118,"E118 RNS Institute of Technology  Bangalore","AD Artificial Intel, Data Sc",20544,33928,30945,64140,27387,24360,100118,,,,,,,,,
2022,R3,E118,"E118 RNS Institute of Technology  Bangalore","AI Artificial Intelligence",20553,34032,39002,41553,24664,28770,86462,54849,,,,,,,,
2022,R3,E118,"E118 RNS Institute of Technology  Bangalore","CS Computers",9333,17335,15250,21065,10398,13167,38777,20521,,,,,,,,
2022,R3,E118,"E118 RNS Institute of Technology  Bangalore","CY CS- Cyber Security",18270,33838,29448,65630,21857,24975,98969,32593,,,,,,,,
2022,R3,E118,"E118 RNS Institute of Technology  Bangalore","DS Comp. Sc. Engg- Data Sc.",16259,26830,24863,66159,18340,23493,52315,35622,,,,,,,,
2022,R3,E118,"E118 RNS Institute of Technology  Bangalore","IE Info.Science",12679,17073,20120,28009,14122,14570,49982,30147,,,,,,,,
2022,R3,E121,"E121 Vivekananada College of Engineering Technology  D K DIST","CS Computers",40060,47891,123801,119711,52023,50575,158387,44134,,,,,,,,
2022,R3,E121,"E121 Vivekananada College of Engineering Technology  D K DIST","DS Comp. Sc. Engg- Data Sc.",59317,59806,131830,78553,62372,63648,,84588,,,,,,,,
2022,R3,E123,"E123 Canara Engineering College Bantwal  DK DIST","AI Artificial Intelligence",59789,107587,98036,77248,62641,78945,,,,,,,,,,
2022,R3,E123,"E123 Canara Engineering College Bantwal  DK DIST","CS Computers",36419,37675,60628,76473,43561,43288,166385,63061,,,,,,,,
2022,R3,E123,"E123 Canara Engineering College Bantwal  DK DIST","IE Info.Science",42359,44721,62964,,44270,45101,132481,,,,,,,,,
2022,R3,E126,"E126 B M S Institute of Technology and Management  Yelahanka, Bangalore","AI Artificial Intelligence",10322,11029,15090,27684,10801,15530,40348,18107,,,,,,,,
2022,R3,E126,"E126 B M S Institute of Technology and Management  Yelahanka, Bangalore","CS Computers",5440,12416,11312,10232,6242,8196,22909,11482,,,,,,,,
2022,R3,E126,"E126 B M S Institute of Technology and Management  Yelahanka, Bangalore","IE Info.Science",8616,14090,15039,17717,12061,10344,39567,22618,,,,,,,,
2022,R3,E128,"E128 Sharnbasva University(Formerly Appa Inst. of Tech.)  Brahmpur, Kalaburagi","AD Artificial Intel, Data Sc",50813,87085,61711,,,,69060,,,,,,,,,
2022,R3,E128,"E128 Sharnbasva University(Formerly Appa Inst. of Tech.)  Brahmpur, Kalaburagi","CS Computers",33935,58136,50689,35859,50163,36441,60329,,,,,,,,,
2022,R3,E129,"E129 St. Joseph Engineering College  Mangalore","AI Artificial Intelligence",21949,28351,33369,22167,31329,,153383,56129,,,,,,,,
2022,R3,E129,"E129 St. Joseph Engineering College  Mangalore","CS Computers",17793,22464,27709,24013,24118,23868,95183,28842,,,,,,,,
2022,R3,E129,"E129 St. Joseph Engineering College  Mangalore","DS Comp. Sc. Engg- Data Sc.",23432,32195,33843,,26013,24788,110398,59124,,,,,,,,
2022,R3,E132,"E132 Secab Institute of Engineering and Technology  Bijapur","CS Computers",58392,63346,87116,59606,83208,99950,167428,,,,,,,,,
2022,R3,E133,"E133 G S S S Institute of Engineering and Technology for Women  Mysore","AD Artificial Intel, Data Sc",35321,115845,49299,83190,36547,37346,84849,,,,,,,,,
2022,R3,E133,"E133 G S S S Institute of Engineering and Technology for Women  Mysore","CA CS (AI, Machine Learning)",29530,70111,56228,104446,30254,31974,70685,,,,,,,,,
2022,R3,E133,"E133 G S S S Institute of Engineering and Technology for Women  Mysore","CS Computers",19352,25880,26310,25847,23841,21203,48459,20838,,,,,,,,
2022,R3,E133,"E133 G S S S Institute of Engineering and Technology for Women  Mysore","IE Info.Science",25545,67454,36035,,33118,25647,77476,25718,,,,,,,,
2022,R3,E134,"E134 Smt. Kamala and Sri Venkappa M.Agadi College of Engg. and Tech.  Laxmeshwara-Tq, Gadag Dt.","CS Computers",41271,43065,47658,103850,47716,41273,135221,,,,,,,,,
2022,R3,E134,"E134 Smt. Kamala and Sri Venkappa M.Agadi College of Engg. and Tech.  Laxmeshwara-Tq, Gadag Dt.","IE Info.Science",57869,68992,78371,143105,,58202,128970,,,,,,,,,
2022,R3,E135,"E135 K L S Viswanathrao Deshpande Institute of Technology  Haliyal, Uttara Kannada -Dist","CA CS (AI, Machine Learning)",57302,,98947,95800,75204,66121,144256,,,,,,,,,
2022,R3,E135,"E135 K L S Viswanathrao Deshpande Institute of Technology  Haliyal, Uttara Kannada -Dist","CS Computers",37976,,53187,39109,72287,38059,72067,74858,,,,,,,,
2022,R3,E141,"E141 P E S University (Electronic City Campus)  Bangalore","CS Computers",5612,14732,13772,18034,8685,9796,38269,19641,,,,,,,,
2022,R3,E142,"E142 Adichunchanagiri University(Formerly BGSIT)  Nagamangala Taluk,Mandya Dist.","CS Computers",34194,49775,52978,60806,37295,40560,111886,101925,,,,,,,,
2022,R3,E142,"E142 Adichunchanagiri University(Formerly BGSIT)  Nagamangala Taluk,Mandya Dist.","IE Info.Science",41594,,75666,41516,,50679,136011,,,,,,,,,
2022,R3,E144,"E144 Srinivas Institute of Technology  Mangalore.","CS Computers",49309,67765,86956,62420,66733,63594,172895,60804,,,,,,,,
2022,R3,E145,"E145 Rajarajeswari College of Engineering  Kumbalagodu,Bangalore","CS Computers",34674,58682,51050,74566,36279,39246,70533,51856,,,,,,,,
2022,R3,E145,"E145 Rajarajeswari College of Engineering  Kumbalagodu,Bangalore","IE Info.Science",46072,65579,66305,62190,47362,52722,93810,,,,,,,,,
2022,R3,E147,"E147 T.John Engineering College  Bangalore","CS Computers",57444,61308,80317,73604,59519,61415,109535,94607,,,,,,,,
2022,R3,E149,"E149 Cambridge Institutute of Technology  Bangalore","AI Artificial Intelligence",40567,79388,60810,59740,45820,48904,67984,,,,,,,,,
2022,R3,E149,"E149 Cambridge Institutute of Technology  Bangalore","CS Computers",25216,30124,37861,33725,29554,27920,58339,39891,,,,,,,,
2022,R3,E149,"E149 Cambridge Institutute of Technology  Bangalore","IE Info.Science",35312,45224,53909,67364,35929,44272,78681,79961,,,,,,,,
2022,R3,E150,"E150 P E S Institute of Technology and Management  Shivamogga","CS Computers",33275,43981,40464,48901,42729,38798,80491,49596,,,,,,,,
2022,R3,E150,"E150 P E S Institute of Technology and Management  Shivamogga","DS Comp. Sc. Engg- Data Sc.",55988,,73724,80726,67546,84432,141355,,,,,,,,,
2022,R3,E150,"E150 P E S Institute of Technology and Management  Shivamogga","IE Info.Science",47881,,53590,81165,54435,51988,94520,59032,,,,,,,,
2022,R3,E151,"E151 Mangalore Institute of Technology and Engineering  Mangalore Tq,D.K","AI Artificial Intelligence",37408,47334,40569,54270,44207,52265,143318,,,,,,,,,
2022,R3,E151,"E151 Mangalore Institute of Technology and Engineering  Mangalore Tq,D.K","CA CS (AI, Machine Learning)",38417,,42756,39183,,38899,158574,67362,,,,,,,,
2022,R3,E151,"E151 Mangalore Institute of Technology and Engineering  Mangalore Tq,D.K","CS Computers",22895,25934,30253,41571,29151,29775,95827,36104,,,,,,,,
2022,R3,E151,"E151 Mangalore Institute of Technology and Engineering  Mangalore Tq,D.K","IE Info.Science",31944,,35850,84693,34971,35158,102537,,,,,,,,,
2022,R3,E151,"E151 Mangalore Institute of Technology and Engineering  Mangalore Tq,D.K","IO CS- Internet of Things",48610,71127,53853,,57274,53386,169431,130654,,,,,,,,
2022,R3,E152,"E152 S D M Institute of Tech.  Ujire,Dakshina Kannada","CS Computers",34828,46614,50218,51968,48312,38300,84645,78697,,,,,,,,
2022,R3,E152,"E152 S D M Institute of Tech.  Ujire,Dakshina Kannada","IE Info.Science",51688,58186,72318,120906,64869,53396,109627,,,,,,,,,
2022,R3,E155,"E155 Government Engineering College  Hassan","CS Computers",23277,35669,36270,35369,27782,25494,50702,33510,,,,,,,,
2022,R3,E156,"E156 Government Engineering College  K R Pet, Mandya DT.","CS Computers",45845,60756,59846,72659,60023,60462,95111,56395,,,,,,,,
2022,R3,E157,"E157 Government Engineering College  Ramanagara","CS Computers",51567,60823,76032,80816,59031,62770,78571,95449,,,,,,,,
2022,R3,E158,"E158 Maharaja Institute of Technology-Mysore  Belawadi, Mandya Dist","CF CS(Artificial Intel.)",42136,48063,53150,58319,46137,46438,97609,,,,,,,,,
2022,R3,E158,"E158 Maharaja Institute of Technology-Mysore  Belawadi, Mandya Dist","CS Computers",29809,72092,41215,50287,29851,31992,69530,36309,,,,,,,,
2022,R3,E158,"E158 Maharaja Institute of Technology-Mysore  Belawadi, Mandya Dist","DS Comp. Sc. Engg- Data Sc.",44065,49222,54769,45249,44095,49835,91466,,,,,,,,,
2022,R3,E158,"E158 Maharaja Institute of Technology-Mysore  Belawadi, Mandya Dist","IE Info.Science",37856,60131,55671,38191,41391,46411,82410,43710,,,,,,,,
2022,R3,E160,"E160 Sahyadri College of Engg. and Management  Mangalore","CA CS (AI, Machine Learning)",24793,31741,48059,44025,26102,28768,144100,47031,,,,,,,,
2022,R3,E160,"E160 Sahyadri College of Engg. and Management  Mangalore","CS Computers",13313,27222,19721,29027,23071,17416,66483,19522,,,,,,,,
2022,R3,E160,"E160 Sahyadri College of Engg. and Management  Mangalore","DS Comp. Sc. Engg- Data Sc.",26050,40089,35354,27758,26510,29602,138975,,,,,,,,,
2022,R3,E160,"E160 Sahyadri College of Engg. and Management  Mangalore","IE Info.Science",21709,36369,33473,25252,25498,29318,172612,30905,,,,,,,,
2022,R3,E161,"E161 Government Engineering College  Kushalnagar,Kodagu Dist","CS Computers",50951,90380,72311,58807,58153,67498,103777,75425,,,,,,,,
2022,R3,E162,"E162 Government Engineering College  Raichur","CS Computers",49247,,79274,,77797,64966,73636,96365,,,,,,,,
2022,R3,E163,"E163 Government Engineering College  Devagiri,Haveri","CS Computers",44233,64502,53227,77793,60082,50168,83742,97107,,,,,,,,
2022,R3,E166,"E166 K L E Institute of Technology  Hubli","CS Computers",23454,39414,31237,34539,32712,26895,59418,59268,,,,,,,,
2022,R3,E167,"E167 K L E Ss K L E College of Engineering and Technology  Chikkodi, Belgaum Dist.","CS Computers",36032,45155,49605,44561,46091,41605,83451,60000,,,,,,,,
2022,R3,E169,"E169 Alva`s Institute of Engineering and Technology  Moodabidri,","CS Computers",39538,50931,59528,50896,45323,50428,116451,55259,,,,,,,,
2022,R3,E169,"E169 Alva`s Institute of Engineering and Technology  Moodabidri,","DS Comp. Sc. Engg- Data Sc.",55246,,74494,150277,59713,55312,131702,64487,,,,,,,,
2022,R3,E169,"E169 Alva`s Institute of Engineering and Technology  Moodabidri,","IE Info.Science",52579,87669,61954,67516,69694,63328,126687,105732,,,,,,,,
2022,R3,E172,"E172 R.R.Institute of Technology  Chikkabanavara, Bangalore","CS Computers",56175,81097,97995,77513,57680,70285,161846,69781,,,,,,,,
2022,R3,E173,"E173 Sai Vidya Institute of Technology  Bangalore","CS Computers",31504,34499,51593,45358,36233,32122,111706,61368,,,,,,,,
2022,R3,E173,"E173 Sai Vidya Institute of Technology  Bangalore","DS Comp. Sc. Engg- Data Sc.",58939,97645,100021,71016,59357,61035,165850,60759,,,,,,,,
2022,R3,E173,"E173 Sai Vidya Institute of Technology  Bangalore","IE Info.Science",48681,60368,65556,91592,52185,55276,152044,65368,,,,,,,,
2022,R3,E175,"E175 S.G.Balekundri Institute of Technology  Belgaum","CS Computers",48387,78757,71344,66824,71805,53578,118026,69230,,,,,,,,
2022,R3,E176,"E176 Navodaya Institute of Technology  Raihcur","CS Computers",54657,,85720,,113767,,100501,,,,,,,,,
2022,R3,E177,"E177 Rajeev Institute of Technology  Hassan","CS Computers",48716,65345,89962,78663,55615,63894,97465,68671,,,,,,,,
2022,R3,E178,"E178 The National Institute of Engineering(NORTH CAMPUS)  Mysore","CA CS (AI, Machine Learning)",9506,25467,12156,27137,12951,15280,40097,,,,,,,,,
2022,R3,E178,"E178 The National Institute of Engineering(NORTH CAMPUS)  Mysore","CS Computers",7360,10513,10395,14300,8090,10556,28979,20969,,,,,,,,
2022,R3,E178,"E178 The National Institute of Engineering(NORTH CAMPUS)  Mysore","IE Info.Science",10131,18067,17476,23009,12001,12618,38990,15153,,,,,,,,
2022,R3,E185,"E185 Angadi Institute of Technology and Management  Belgaum","CS Computers",47677,71967,58476,51331,79335,53303,107943,51733,,,,,,,,
2022,R3,E186,"E186 ACS College of Engineering  Kengeri Hobli,Bangalore","CS Computers",48321,69679,77644,78648,55109,67572,122729,78950,,,,,,,,
2022,R3,E189,"E189 Navkis College of Engineering (Formerly NDRKIT)  Kandali, Hassan","CS Computers",54292,76052,100177,99121,56936,66988,123647,72479,,,,,,,,
2022,R3,E194,"E194 Government Engineering College  KARWAR","CS Computers",54496,60883,69421,93569,62461,71366,121522,97123,,,,,,,,
2022,R3,E196,"E196 Jain College of Engineering  Machche,Belgaum","CS Computers",32342,49746,42171,39283,34146,33444,100515,41920,,,,,,,,
2022,R3,E198,"E198 Sharnbasva University College for Women(Formerly Godutai)  Gulbarga","CS Computers",43374,66698,59916,51465,71699,49669,94964,,,,,,,,,
2022,R3,E201,"E201 Gopalan College of Engineering and Management  White Field, Bangalore","CS Computers",45865,,65182,79540,50085,,90596,70859,,,,,,,,
2022,R3,E203,"E203 K.S. School of Engineering And Management  Mallasandra, Bangalore","CS Computers",54720,71513,88197,74997,57599,66628,109917,119491,,,,,,,,
2022,R3,E205,"E205 ATME College of Engineering  Varun  hobli,Mysore","CA CS (AI, Machine Learning)",48670,85872,72772,64291,51826,56450,109097,63673,,,,,,,,
2022,R3,E205,"E205 ATME College of Engineering  Varun  hobli,Mysore","CS Computers",39589,41468,54893,45653,40757,48184,84202,46790,,,,,,,,
2022,R3,E205,"E205 ATME College of Engineering  Varun  hobli,Mysore","DS Comp. Sc. Engg- Data Sc.",57344,88680,105503,68704,58811,57445,75286,,,,,,,,,
2022,R3,E206,"E206 Shri Madhwa Vadiraja Institute of Technology and Management  Udupi Dist","AD Artificial Intel, Data Sc",47332,80282,63340,88502,,169415,147361,,,,,,,,,
2022,R3,E206,"E206 Shri Madhwa Vadiraja Institute of Technology and Management  Udupi Dist","AI Artificial Intelligence",57177,168593,95016,,73860,113923,,70225,,,,,,,,
2022,R3,E206,"E206 Shri Madhwa Vadiraja Institute of Technology and Management  Udupi Dist","CS Computers",34428,72306,59908,111784,78039,77653,170370,57666,,,,,,,,
2022,R3,E209,"E209 Jyothi Institute of Technology  Bangalore","CS Computers",40140,88460,76985,100258,47385,50880,108477,73946,,,,,,,,
2022,R3,E209,"E209 Jyothi Institute of Technology  Bangalore","IE Info.Science",55832,59675,93508,103338,61337,58929,153488,,,,,,,,,
2022,R3,E211,"E211 Jain Institute of Technology  Cross,Davanagere","CS Computers",52927,57995,76273,56288,53367,55341,95312,65851,,,,,,,,
2022,R3,E212,"E212 Dayananda Sagar Academy of Technology  Kanakapur Main Road Bangalore","CA CS (AI, Machine Learning)",26820,37043,36688,48814,28059,30951,71425,,,,,,,,,
2022,R3,E212,"E212 Dayananda Sagar Academy of Technology  Kanakapur Main Road Bangalore","CD Computer Sc. and Design",32374,51293,35021,37165,,43539,89681,59156,,,,,,,,
2022,R3,E212,"E212 Dayananda Sagar Academy of Technology  Kanakapur Main Road Bangalore","CF CS(Artificial Intel.)",26218,31401,41519,43302,26788,30066,74209,,,,,,,,,
2022,R3,E212,"E212 Dayananda Sagar Academy of Technology  Kanakapur Main Road Bangalore","CS Computers",16105,28672,25795,28029,19497,20380,45613,27806,,,,,,,,
2022,R3,E212,"E212 Dayananda Sagar Academy of Technology  Kanakapur Main Road Bangalore","DS Comp. Sc. Engg- Data Sc.",23801,40523,36700,31419,33246,,55544,65898,,,,,,,,
2022,R3,E212,"E212 Dayananda Sagar Academy of Technology  Kanakapur Main Road Bangalore","IE Info.Science",25445,46338,36507,37881,26677,30285,60547,34068,,,,,,,,
2022,R3,E212,"E212 Dayananda Sagar Academy of Technology  Kanakapur Main Road Bangalore","IO CS- Internet of Things",32231,,34370,69377,36383,36299,117452,57310,,,,,,,,
2022,R3,E220,"E220 Alliance University  Bangalore","CS Computers",48291,92615,92959,81000,60826,65659,123426,70121,,,,,,,,
2022,R3,E232,"E232 Reva University  Bangalore","AD Artificial Intel, Data Sc",24524,31649,41541,32977,27323,28473,67953,42530,,,,,,,,
2022,R3,E232,"E232 Reva University  Bangalore","CA CS (AI, Machine Learning)",20200,24933,27535,50184,26001,21240,48709,48654,,,,,,,,
2022,R3,E232,"E232 Reva University  Bangalore","CS Computers",13831,26447,19044,22588,16297,17109,39773,24311,,,,,,,,
2022,R3,E232,"E232 Reva University  Bangalore","IB CS-IoT Block Chain",27627,,43420,33695,30053,,85848,,,,,,,,,
2022,R3,E232,"E232 Reva University  Bangalore","IE Info.Science",17539,19147,20674,20114,17826,18830,52128,28971,,,,,,,,
2022,R3,E232,"E232 Reva University  Bangalore","SS CS and System Engg",27881,29080,32770,35768,,46252,75373,,,,,,,,,
2022,R3,E235,"E235 M.S. Ramaiah University of Applied Sciences  Bangalore","AI Artificial Intelligence",24973,33261,32499,49651,26451,28081,51385,,,,,,,,,
2022,R3,E235,"E235 M.S. Ramaiah University of Applied Sciences  Bangalore","CS Computers",15940,20655,23509,33263,18790,19574,45266,43266,,,,,,,,
2022,R3,E235,"E235 M.S. Ramaiah University of Applied Sciences  Bangalore","IE Info.Science",19446,20702,24937,,20340,23898,55336,,,,,,,,,
2022,R3,E235,"E235 M.S. Ramaiah University of Applied Sciences  Bangalore","MC Mathematics and Computing",44731,,67944,,,,147412,,,,,,,,,
2022,R3,E237,"E237 Presidency University  Yelahanka, Bangalore","BD CS- Big Data",50989,,89168,56563,54180,,125106,78636,,,,,,,,
2022,R3,E237,"E237 Presidency University  Yelahanka, Bangalore","CA CS (AI, Machine Learning)",42493,84708,62586,51182,44063,52897,108828,88927,,,,,,,,
2022,R3,E237,"E237 Presidency University  Yelahanka, Bangalore","CG Computer Science and Tech",49577,67072,77848,64528,51973,57592,124903,79092,,,,,,,,
2022,R3,E237,"E237 Presidency University  Yelahanka, Bangalore","CS Computers",36107,48992,50401,47976,39373,45760,78776,58459,,,,,,,,
2022,R3,E237,"E237 Presidency University  Yelahanka, Bangalore","CY CS- Cyber Security",54170,85555,83266,72189,54415,54726,118198,76105,,,,,,,,
2022,R3,E237,"E237 Presidency University  Yelahanka, Bangalore","DS Comp. Sc. Engg- Data Sc.",43329,53327,76310,47639,44419,47342,121885,82734,,,,,,,,
2022,R3,E237,"E237 Presidency University  Yelahanka, Bangalore","IE Info.Science",43239,64796,62773,61425,45490,49274,90574,64809,,,,,,,,
2022,R3,E237,"E237 Presidency University  Yelahanka, Bangalore","IS Information Sc. and Tech.",51929,56917,70941,56418,60258,55880,131837,58881,,,,,,,,
2022,R3,E237,"E237 Presidency University  Yelahanka, Bangalore","LC CS- Block Chain",58942,104230,78516,,,70140,137249,,,,,,,,,
2022,R3,E239,"E239 East West College of Engineering  Yelahanka New Town, Bangalore","CS Computers",47561,57359,67030,68008,48710,54967,81138,51808,,,,,,,,
2022,R3,E240,"E240 Dayananda Sagar University  Hosur Road, Bangalore","CA CS (AI, Machine Learning)",31170,36978,41389,44986,40935,47162,103646,65874,,,,,,,,
2022,R3,E240,"E240 Dayananda Sagar University  Hosur Road, Bangalore","CG Computer Science and Tech",28798,58318,53435,42802,28939,34455,84984,,,,,,,,,
2022,R3,E240,"E240 Dayananda Sagar University  Hosur Road, Bangalore","CS Computers",24335,37832,37091,36264,27195,29284,69012,42363,,,,,,,,
2022,R3,E240,"E240 Dayananda Sagar University  Hosur Road, Bangalore","CY CS- Cyber Security",32482,42167,50621,39357,,48194,80184,,,,,,,,,
2022,R3,E240,"E240 Dayananda Sagar University  Hosur Road, Bangalore","DS Comp. Sc. Engg- Data Sc.",31971,,50034,54176,34325,34168,79666,74386,,,,,,,,
2022,R3,E241,"E241 KLE Technological University(Formerly BVBCET)  Dharward Dist","CF CS(Artificial Intel.)",6710,,10538,11875,16443,7027,64826,,,,,,,,,
2022,R3,E241,"E241 KLE Technological University(Formerly BVBCET)  Dharward Dist","CS Computers",5083,12733,9141,8677,9126,6058,22578,23987,,,,,,,,
2022,R3,E254,"E254 A J Institute Of Engineering And Technology  MANGALORE","CS Computers",40124,,51823,52248,68347,41173,,,,,,,,,,
2022,R3,E254,"E254 A J Institute Of Engineering And Technology  MANGALORE","IE Info.Science",48947,,62884,58454,,50964,140526,,,,,,,,,
2022,R3,E255,"E255 Gitam School Of Technology  BANGALORE RURAL DIST","CA CS (AI, Machine Learning)",58761,64142,87899,98609,60460,92128,141780,79118,,,,,,,,
2022,R3,E255,"E255 Gitam School Of Technology  BANGALORE RURAL DIST","CS Computers",45734,82072,69294,96349,53144,55313,99797,95845,,,,,,,,
2022,R3,E257,"E257 CMR University  CHAGALATTI, BANGALORE","CA CS (AI, Machine Learning)",56565,76787,137614,83775,62037,58119,126139,87205,,,,,,,,
2022,R3,E257,"E257 CMR University  CHAGALATTI, BANGALORE","CS Computers",37831,57682,63733,69983,44724,46272,80808,65466,,,,,,,,
2022,R3,E257,"E257 CMR University  CHAGALATTI, BANGALORE","DS Comp. Sc. Engg- Data Sc.",54690,74010,113745,,,54848,97970,,,,,,,,,
2022,R3,E257,"E257 CMR University  CHAGALATTI, BANGALORE","IG Information Technology",56075,107057,96472,94339,74676,57414,151716,83439,,,,,,,,
2022,R3,E258,"E258 Maharaja Institute of Technology  THANDAVAPURA, MYSORE","AD Artificial Intel, Data Sc",59279,60138,86440,93765,61950,65516,119404,,,,,,,,,
2022,R3,E258,"E258 Maharaja Institute of Technology  THANDAVAPURA, MYSORE","CS Computers",36580,58993,57273,,36858,46085,66025,43310,,,,,,,,
2022,R3,E265,"E265 Jain College of Engineering and Technology  Hubballi","CS Computers",43432,55720,57152,51393,63270,45049,107915,81157,,,,,,,,
2022,R3,E269,"E269 Jain College of Engineering and Research  Udyambhag, Belgaum","CS Computers",43982,64556,55682,66460,74489,48376,103589,45293,,,,,,,,
2022,R3,E272,"E272 Government Engineering College  Talakal,Koppal","CS Computers",51737,65574,63842,,61831,58625,74772,,,,,,,,,
2022,R3,E274,"E274 Government Engineering College  Moselehosahalli,Hassan","CS Computers",48407,78249,70394,76998,60220,54807,93991,64089,,,,,,,,
2022,R3,E275,"E275 R V Institute of Technology and Management  JP Nagar, Bengaluru","CS Computers",8994,18807,14695,9407,9609,14210,45705,19997,,,,,,,,
2022,R3,E275,"E275 R V Institute of Technology and Management  JP Nagar, Bengaluru","IE Info.Science",13637,33004,22549,32086,14903,17749,50241,29428,,,,,,,,
2022,R3,E283,"E283 University of Mysore  Mysore","AI Artificial Intelligence",54217,99049,66355,97983,92428,62435,125007,104772,,,,,,,,
2022,R3,E283,"E283 University of Mysore  Mysore","CD Computer Sc. and Design",53566,138253,66593,75214,71076,56342,85979,,,,,,,,,
2022,R3,E284,"E284 Sri Jayachamarajendra College of Engineering(Const. of JSS Univ.)  Mysore","CS Computers",3639,4366,5584,5117,5321,4492,19934,,,,,,,,,
2022,R3,E285,"E285 R V University  Bangalore","CS Computers",6163,11845,16230,36159,9729,9670,50874,21081,,,,,,,,
2022,R3,E286,"E286 BGS College of Engineering and Technology  Mahalakshmipuram,Bangalore","AI Artificial Intelligence",58909,75519,101334,82467,74878,,149314,150107,,,,,,,,
2022,R3,E286,"E286 BGS College of Engineering and Technology  Mahalakshmipuram,Bangalore","CS Computers",30859,83432,43332,96095,32036,42300,91004,,,,,,,,,
2022,R3,E286,"E286 BGS College of Engineering and Technology  Mahalakshmipuram,Bangalore","IE Info.Science",41304,,77608,72869,41926,44070,98325,72412,,,,,,,,
2022,R3,E289,"E289 Visvesvaraya Technological University - Regional Center  Rajapur,Kalburgi","CS Computers",48285,,68687,,66738,,80299,74009,,,,,,,,
2022,R3,E290,"E290 Visvesvaraya Technological University - Regional Center  Mysore","CS Computers",36223,55231,45107,55999,43275,44096,60676,,,,,,,,,
2022,R3,E292,"E292 Government Engineering College  Bidar","CS Computers",50651,74056,67980,63073,,55613,98453,,,,,,,,,
2023,R1,E001,"E001 University of Visvesvaraya College of Engineering  Bangalore ( PUBLIC UNIV. )","AI Artificial Intelligence",4257,9507,6191,9240,4810,5160,26148,24190,,,,,,,,
2023,R1,E001,"E001 University of Visvesvaraya College of Engineering  Bangalore ( PUBLIC UNIV. )","CS Computers",2381,4711,4503,4589,2769,2889,16022,14085,,,,,,,,
2023,R1,E001,"E001 University of Visvesvaraya College of Engineering  Bangalore ( PUBLIC UNIV. )","IE Info.Science",3453,8475,5718,8098,3566,4122,24191,23218,,,,,,,,
2023,R1,E002,"E002 S K S J T Institute of Engineering.  Bangalore","CS Computers",11659,13400,14868,16582,12362,11775,29566,26429,,,,,,,,
2023,R1,E004,"E004 Dr. Ambedkar Institute Of Technology  Bangalore","CS Computers",7369,8862,9409,9492,7422,8444,22137,22450,,,,,,,,
2023,R1,E005,"E005 R. V. College of Engineering  Bangalore","AI Artificial Intelligence",558,874,1876,1169,1213,1107,10767,11558,,,,,,,,
2023,R1,E005,"E005 R. V. College of Engineering  Bangalore","CS Computers",242,658,873,1100,395,501,2668,4767,,,,,,,,
2023,R1,E005,"E005 R. V. College of Engineering  Bangalore","CY CS- Cyber Security",620,1067,2195,2508,1177,1266,13967,8463,,,,,,,,
2023,R1,E005,"E005 R. V. College of Engineering  Bangalore","DS Comp. Sc. Engg- Data Sc.",456,2027,1779,2221,659,1029,10583,12615,,,,,,,,
2023,R1,E005,"E005 R. V. College of Engineering  Bangalore","IE Info.Science",360,1402,1429,1628,428,707,6751,8459,,,,,,,,
2023,R1,E006,"E006 M S Ramaiah Institute of Technology  Bangalore","AD Artificial Intel, Data Sc",2368,5890,4955,5634,3113,2704,20133,14563,,,,,,,,
2023,R1,E006,"E006 M S Ramaiah Institute of Technology  Bangalore","AI Artificial Intelligence",2193,2283,4461,,2199,2808,22341,17484,,,,,,,,
2023,R1,E006,"E006 M S Ramaiah Institute of Technology  Bangalore","CA CS (AI, Machine Learning)",1869,4149,3971,3675,2003,2593,24678,19395,,,,,,,,
2023,R1,E006,"E006 M S Ramaiah Institute of Technology  Bangalore","CS Computers",1045,2426,2428,2655,1383,1393,9224,7654,,,,,,,,
2023,R1,E006,"E006 M S Ramaiah Institute of Technology  Bangalore","CY CS- Cyber Security",2306,5448,4899,5571,3083,3136,18477,29312,,,,,,,,
2023,R1,E006,"E006 M S Ramaiah Institute of Technology  Bangalore","IE Info.Science",1769,4148,3609,5685,2163,2218,17826,14842,,,,,,,,
2023,R1,E007,"E007 Dayananda Sagar College of Engineering  Bangalore","AI Artificial Intelligence",4518,6889,6996,10047,5078,4908,28354,35218,,,,,,,,
2023,R1,E007,"E007 Dayananda Sagar College of Engineering  Bangalore","CD Computer Sc. and Design",8224,12185,10206,13396,11283,11040,48723,49969,,,,,,,,
2023,R1,E007,"E007 Dayananda Sagar College of Engineering  Bangalore","CS Computers",3293,6233,4619,5373,3733,3630,19939,16775,,,,,,,,
2023,R1,E007,"E007 Dayananda Sagar College of Engineering  Bangalore","CY CS- Cyber Security",5780,10306,8430,8753,7102,6710,28870,10880,,,,,,,,
2023,R1,E007,"E007 Dayananda Sagar College of Engineering  Bangalore","DS Comp. Sc. Engg- Data Sc.",5076,8935,7232,6745,5573,5273,35419,18133,,,,,,,,
2023,R1,E007,"E007 Dayananda Sagar College of Engineering  Bangalore","IC CS-IoT, Cyber Security",7872,16482,9948,12789,9857,10689,45334,44487,,,,,,,,
2023,R1,E007,"E007 Dayananda Sagar College of Engineering  Bangalore","IE Info.Science",4803,8972,6434,10142,4995,5385,27980,31642,,,,,,,,
2023,R1,E007,"E007 Dayananda Sagar College of Engineering  Bangalore","RI Robotics and AI",11068,12588,20149,31687,14048,14952,63732,131233,,,,,,,,
2023,R1,E008,"E008 Bangalore Institute of Technology  Bangalore","AI Artificial Intelligence",5459,,9376,,5912,6735,30413,43873,,,,,,,,
2023,R1,E008,"E008 Bangalore Institute of Technology  Bangalore","CS Computers",4368,7858,6043,7819,4768,4814,23522,24816,,,,,,,,
2023,R1,E008,"E008 Bangalore Institute of Technology  Bangalore","DS Comp. Sc. Engg- Data Sc.",7021,10587,8826,10482,7237,8164,36358,38403,,,,,,,,
2023,R1,E008,"E008 Bangalore Institute of Technology  Bangalore","IC CS-IoT, Cyber Security",9555,10560,13104,14890,11288,11201,62526,84200,,,,,,,,
2023,R1,E008,"E008 Bangalore Institute of Technology  Bangalore","IE Info.Science",6473,9404,8594,9976,6842,6808,35195,39853,,,,,,,,
2023,R1,E008,"E008 Bangalore Institute of Technology  Bangalore","RI Robotics and AI",15777,23418,20051,32642,15836,15790,69359,72600,,,,,,,,
2023,R1,E009,"E009 P E S University (Ring Road Campus)  Bangalore","BW B Tech in CS",1006,3358,3080,4486,1463,1751,15675,17644,,,,,,,,
2023,R1,E011,"E011 M V J College of Engineering  Bangalore","AI Artificial Intelligence",21548,25889,22922,21704,,21932,66022,58707,,,,,,,,
2023,R1,E011,"E011 M V J College of Engineering  Bangalore","CD Computer Sc. and Design",30050,32626,32489,,33323,32781,91200,76326,,,,,,,,
2023,R1,E011,"E011 M V J College of Engineering  Bangalore","CS Computers",17147,21209,20638,23778,17676,18325,47148,53374,,,,,,,,
2023,R1,E011,"E011 M V J College of Engineering  Bangalore","DS Comp. Sc. Engg- Data Sc.",22883,26958,24445,32367,23483,25239,73070,70136,,,,,,,,
2023,R1,E011,"E011 M V J College of Engineering  Bangalore","IE Info.Science",20411,21837,22896,29872,23391,21447,57921,82393,,,,,,,,
2023,R1,E012,"E012 Sir M.Visveswaraya Institute of Technology  Hunasemaranahalli,Bangalore,","AI Artificial Intelligence",12133,15592,14805,13199,12202,12363,44050,37779,,,,,,,,
2023,R1,E012,"E012 Sir M.Visveswaraya Institute of Technology  Hunasemaranahalli,Bangalore,","CS Computers",8377,11617,10613,12274,8715,8694,33658,32373,,,,,,,,
2023,R1,E012,"E012 Sir M.Visveswaraya Institute of Technology  Hunasemaranahalli,Bangalore,","IC CS-IoT, Cyber Security",16915,22041,22447,26461,18390,17293,72498,31776,,,,,,,,
2023,R1,E012,"E012 Sir M.Visveswaraya Institute of Technology  Hunasemaranahalli,Bangalore,","IE Info.Science",11614,16212,13498,18539,11715,11770,51082,59850,,,,,,,,
2023,R1,E014,"E014 S J C Institute of Technology  Chickballapur","AD Artificial Intel, Data Sc",33747,48304,37177,47906,34877,44529,67381,89079,,,,,,,,
2023,R1,E014,"E014 S J C Institute of Technology  Chickballapur","CA CS (AI, Machine Learning)",34456,40166,40826,47205,38066,42335,80202,92981,,,,,,,,
2023,R1,E014,"E014 S J C Institute of Technology  Chickballapur","CS Computers",23064,26449,27319,30214,24940,29424,61187,53240,,,,,,,,
2023,R1,E014,"E014 S J C Institute of Technology  Chickballapur","IE Info.Science",33633,41982,37480,39126,35799,35461,88286,97956,,,,,,,,
2023,R1,E015,"E015 Dr.T.Thimmaiah Institute of Technology  BANGARAPET -TQ kolar District","CS Computers",58908,70263,71586,60728,66259,64038,82741,108069,,,,,,,,
2023,R1,E016,"E016 Siddaganga Institute of Technology  Tumkur","AD Artificial Intel, Data Sc",9641,18813,10753,15231,11605,9733,32495,42144,,,,,,,,
2023,R1,E016,"E016 Siddaganga Institute of Technology  Tumkur","CA CS (AI, Machine Learning)",8392,16263,11402,23659,9093,8498,30445,38933,,,,,,,,
2023,R1,E016,"E016 Siddaganga Institute of Technology  Tumkur","CS Computers",5022,7731,7389,12796,5165,5409,22174,19391,,,,,,,,
2023,R1,E016,"E016 Siddaganga Institute of Technology  Tumkur","IE Info.Science",7379,13737,9968,13896,7748,7891,30194,36113,,,,,,,,
2023,R1,E017,"E017 Sri Siddartha Institute of Technology  Tumkur","AI Artificial Intelligence",32925,53034,48093,35435,,34848,84150,67112,,,,,,,,
2023,R1,E017,"E017 Sri Siddartha Institute of Technology  Tumkur","CS Computers",25981,35090,33831,28545,26838,27337,64431,54361,,,,,,,,
2023,R1,E017,"E017 Sri Siddartha Institute of Technology  Tumkur","CY CS- Cyber Security",45965,70676,55731,49321,48317,56038,134868,106640,,,,,,,,
2023,R1,E017,"E017 Sri Siddartha Institute of Technology  Tumkur","DS Comp. Sc. Engg- Data Sc.",44825,50043,53902,47994,,48429,109249,105007,,,,,,,,
2023,R1,E017,"E017 Sri Siddartha Institute of Technology  Tumkur","IE Info.Science",33678,40404,37657,34576,34437,34119,73115,112890,,,,,,,,
2023,R1,E018,"E018 Kalpatharu Institute of Technology  Tiptur","CS Computers",45974,53551,54780,65595,50890,47119,98168,113168,,,,,,,,
2023,R1,E018,"E018 Kalpatharu Institute of Technology  Tiptur","IE Info.Science",58588,68273,62881,71033,59740,62052,111743,126515,,,,,,,,
2023,R1,E021,"E021 Sri Jayachamarajendra College of Engineering(Const. of JSS Univ.)  Mysore","CS Computers",1607,2255,3904,7822,1743,2002,10528,5174,,,,,,,,
2023,R1,E028,"E028 Tontadarya College of Engineering  Gadag","CS Computers",46929,58554,51747,65188,54280,47570,93830,100827,,,,,,,,
2023,R1,E029,"E029 Maratha Mandal Engineering College  Belgaum","CS Computers",53553,63633,62842,59367,58660,56291,105074,100002,,,,,,,,
2023,R1,E031,"E031 Basaveshwara Engineering College  Bagalkot","CS Computers",14662,19702,16708,21780,15194,14831,40925,40849,,,,,,,,
2023,R1,E032,"E032 R.T.E Socity`s Rural Engineering College  Hulkoti","CS Computers",56816,63503,68340,71200,58739,57911,101729,75196,,,,,,,,
2023,R1,E033,"E033 Sri Taralabalu Jagadguru Institute of Technology.  Ranebennur","CS Computers",52723,63617,60357,56997,56579,54544,100272,81581,,,,,,,,
2023,R1,E034,"E034 Sri Dharmasthala Manjunatheswara College of Engineering  Dharwad","AI Artificial Intelligence",14046,22343,15788,17134,18218,14091,47879,50202,,,,,,,,
2023,R1,E034,"E034 Sri Dharmasthala Manjunatheswara College of Engineering  Dharwad","CS Computers",9607,13322,11684,13451,12021,9708,35922,29011,,,,,,,,
2023,R1,E034,"E034 Sri Dharmasthala Manjunatheswara College of Engineering  Dharwad","IE Info.Science",11692,,12244,19495,12878,12508,46115,51677,,,,,,,,
2023,R1,E036,"E036 KLE Technological University(Formerly KLE Dr.MS Sheshagiri Col.)  Belgaum","CF CS(Artificial Intel.)",17384,36988,27399,,28439,19602,96143,69378,,,,,,,,
2023,R1,E036,"E036 KLE Technological University(Formerly KLE Dr.MS Sheshagiri Col.)  Belgaum","CS Computers",14306,19920,17923,17035,19530,15143,52588,59581,,,,,,,,
2023,R1,E037,"E037 K.L.S. Gogte Institute of Technology  Belgaum","CS Computers",8536,16170,10920,14727,13075,8901,36377,29463,,,,,,,,
2023,R1,E037,"E037 K.L.S. Gogte Institute of Technology  Belgaum","IE Info.Science",13616,17241,14923,21253,16401,14527,62980,61025,,,,,,,,
2023,R1,E038,"E038 B L D E As V.P. Dr. P. G. Hallakatti College of Engg. and Tech.  vijayapur","CA CS (AI, Machine Learning)",38206,60195,43100,42184,45097,42378,64719,116785,,,,,,,,
2023,R1,E038,"E038 B L D E As V.P. Dr. P. G. Hallakatti College of Engg. and Tech.  vijayapur","CS Computers",27778,38903,32909,28755,34662,29171,57344,73164,,,,,,,,
2023,R1,E038,"E038 B L D E As V.P. Dr. P. G. Hallakatti College of Engg. and Tech.  vijayapur","DS Comp. Sc. Engg- Data Sc.",48181,58849,66479,50760,64198,48690,97197,49167,,,,,,,,
2023,R1,E038,"E038 B L D E As V.P. Dr. P. G. Hallakatti College of Engg. and Tech.  vijayapur","IE Info.Science",35907,45438,39848,46088,39222,38437,63124,100957,,,,,,,,
2023,R1,E040,"E040 Hira Sugar Institute of Technology  Belagavi District,","CS Computers",44488,49530,53342,56182,51221,48303,93839,112295,,,,,,,,
2023,R1,E042,"E042 Khaja Banda Nawaz University  Kalburgi","CS Computers",43752,68420,72165,,,65608,103614,,,,,,,,,
2023,R1,E043,"E043 Gurunanak Dev Engineering College  Bidar","AI Artificial Intelligence",53806,,62046,,,68600,100049,,,,,,,,,
2023,R1,E043,"E043 Gurunanak Dev Engineering College  Bidar","CS Computers",34231,,45612,41976,47945,44025,47694,41200,,,,,,,,
2023,R1,E043,"E043 Gurunanak Dev Engineering College  Bidar","DS Comp. Sc. Engg- Data Sc.",58930,95005,104743,,101440,,74715,,,,,,,,,
2023,R1,E044,"E044 Bheemanna Khandre Institute of Technology  Bhalki","CA CS (AI, Machine Learning)",59730,,70426,,,63751,137546,110754,,,,,,,,
2023,R1,E044,"E044 Bheemanna Khandre Institute of Technology  Bhalki","CS Computers",41711,67243,54345,,,48552,58503,67369,,,,,,,,
2023,R1,E045,"E045 Rao Bahadur Y.Mahabaleswarappa Engineering College  Bellari","CS Computers",42129,50270,53504,46383,47823,42228,74680,53586,,,,,,,,
2023,R1,E046,"E046 H K Es S L N College of Engineering  Raichur","CS Computers",59282,,62325,74311,,63085,92475,71403,,,,,,,,
2023,R1,E047,"E047 Malnad College of Engineering  Hassan","CA CS (AI, Machine Learning)",22651,43588,24931,,23280,23977,85196,80233,,,,,,,,
2023,R1,E047,"E047 Malnad College of Engineering  Hassan","CS Computers",13339,20058,18681,17456,15929,14103,45848,53528,,,,,,,,
2023,R1,E047,"E047 Malnad College of Engineering  Hassan","IE Info.Science",21153,23559,24330,21865,21884,21587,66771,77672,,,,,,,,
2023,R1,E048,"E048 B M S College of Engineering  Basavanagudi,Bangalore","AD Artificial Intel, Data Sc",1890,3047,4865,,,2698,24894,32060,,,,,,,,
2023,R1,E048,"E048 B M S College of Engineering  Basavanagudi,Bangalore","AI Artificial Intelligence",2098,3855,4804,7912,2748,3089,25909,32443,,,,,,,,
2023,R1,E048,"E048 B M S College of Engineering  Basavanagudi,Bangalore","CS Computers",891,2623,2588,3844,1392,1678,9791,13191,,,,,,,,
2023,R1,E048,"E048 B M S College of Engineering  Basavanagudi,Bangalore","DS Comp. Sc. Engg- Data Sc.",1525,,3447,5602,2538,2510,22736,25839,,,,,,,,
2023,R1,E048,"E048 B M S College of Engineering  Basavanagudi,Bangalore","IC CS-IoT, Cyber Security",2234,,5451,,3885,3529,31831,45241,,,,,,,,
2023,R1,E048,"E048 B M S College of Engineering  Basavanagudi,Bangalore","IE Info.Science",1749,3939,3681,5765,1954,2069,20826,22123,,,,,,,,
2023,R1,E049,"E049 Basaveshwara Engineering College  Bagalkot","AI Artificial Intelligence",27117,48697,32882,36382,30978,28121,86932,92976,,,,,,,,
2023,R1,E049,"E049 Basaveshwara Engineering College  Bagalkot","CS Computers",17382,,18918,26035,22340,17755,53021,46564,,,,,,,,
2023,R1,E049,"E049 Basaveshwara Engineering College  Bagalkot","IE Info.Science",26017,40452,30112,30906,27976,26773,95045,90403,,,,,,,,
2023,R1,E054,"E054 K V G College of Engineering  Sullia,D.K District","CS Computers",55480,56066,67606,72737,57250,57153,109967,103866,,,,,,,,
2023,R1,E055,"E055 P A College of Engineering  Bantwal, Mangalore","CS Computers",55802,58618,70355,58878,63753,60431,121796,88179,,,,,,,,
2023,R1,E057,"E057 JSS Science and Technology University(Formerly SJCE)  Mysore","CS Computers",2765,4819,5921,9250,2999,2958,16301,14858,,,,,,,,
2023,R1,E057,"E057 JSS Science and Technology University(Formerly SJCE)  Mysore","IE Info.Science",3591,7403,6824,9850,3656,3889,22502,24693,,,,,,,,
2023,R1,E058,"E058 P E S College of Engineering  Mandya","CA CS (AI, Machine Learning)",20781,26400,21019,28959,21824,22300,56140,123988,,,,,,,,
2023,R1,E058,"E058 P E S College of Engineering  Mandya","CS Computers",15011,23392,19259,22669,15226,16589,38617,39832,,,,,,,,
2023,R1,E058,"E058 P E S College of Engineering  Mandya","DS Comp. Sc. Engg- Data Sc.",24063,29934,30514,32544,26344,26580,76926,108218,,,,,,,,
2023,R1,E058,"E058 P E S College of Engineering  Mandya","IE Info.Science",17229,24498,20732,24166,17461,17729,46829,60667,,,,,,,,
2023,R1,E059,"E059 P D A College of Engineering  Gulbarga","AI Artificial Intelligence",31180,,50575,31385,,,55810,116759,,,,,,,,
2023,R1,E059,"E059 P D A College of Engineering  Gulbarga","CD Computer Sc. and Design",44737,,58097,,87963,,71117,100345,,,,,,,,
2023,R1,E059,"E059 P D A College of Engineering  Gulbarga","CS Computers",21461,27438,27414,29517,32554,27958,41131,45666,,,,,,,,
2023,R1,E059,"E059 P D A College of Engineering  Gulbarga","IE Info.Science",39005,62572,39436,,,,78610,,,,,,,,,
2023,R1,E060,"E060 Dr. Ambedkar Institute Of Technology  Jnanabharathi Campus,Bangalore","AI Artificial Intelligence",14397,16205,15374,,15640,14531,37542,44755,,,,,,,,
2023,R1,E060,"E060 Dr. Ambedkar Institute Of Technology  Jnanabharathi Campus,Bangalore","CS Computers",10956,15533,13137,18576,11709,12920,30913,33953,,,,,,,,
2023,R1,E060,"E060 Dr. Ambedkar Institute Of Technology  Jnanabharathi Campus,Bangalore","IE Info.Science",12629,18508,13811,21014,12669,13208,41594,37440,,,,,,,,
2023,R1,E061,"E061 University B.D.T. college of Engineering  Davangere","CS Computers",16866,18729,20473,23213,19778,18225,37460,28201,,,,,,,,
2023,R1,E062,"E062 Bapuji Institute of Engineering and Technology  Davangere","AI Artificial Intelligence",31214,50249,37726,32168,34434,31522,77983,69912,,,,,,,,
2023,R1,E062,"E062 Bapuji Institute of Engineering and Technology  Davangere","CD Computer Sc. and Design",49597,53359,53229,79607,56774,52810,150812,78818,,,,,,,,
2023,R1,E062,"E062 Bapuji Institute of Engineering and Technology  Davangere","CS Computers",18326,25387,24021,24716,21227,18560,60038,43863,,,,,,,,
2023,R1,E062,"E062 Bapuji Institute of Engineering and Technology  Davangere","DS Comp. Sc. Engg- Data Sc.",35752,58346,39705,38486,37660,36396,86444,74519,,,,,,,,
2023,R1,E062,"E062 Bapuji Institute of Engineering and Technology  Davangere","IE Info.Science",27065,42858,32818,32570,34689,27730,107944,66278,,,,,,,,
2023,R1,E063,"E063 SJM Institute of Techonology  Chitradurga","CS Computers",55591,65654,66013,56566,64359,58547,108550,81886,,,,,,,,
2023,R1,E064,"E064 Adhichunchanagiri Institute of Technology  Chickmagalur","AI Artificial Intelligence",41042,50127,46462,41850,41606,42318,106469,146180,,,,,,,,
2023,R1,E064,"E064 Adhichunchanagiri Institute of Technology  Chickmagalur","CS Computers",29458,35129,35769,35440,29726,29582,62682,80097,,,,,,,,
2023,R1,E064,"E064 Adhichunchanagiri Institute of Technology  Chickmagalur","DS Comp. Sc. Engg- Data Sc.",53564,65109,65833,62360,55017,54851,147146,105565,,,,,,,,
2023,R1,E064,"E064 Adhichunchanagiri Institute of Technology  Chickmagalur","IE Info.Science",33125,44010,41937,,,33368,98261,148848,,,,,,,,
2023,R1,E065,"E065 Jawaharlal Nehru National College of Engineering  Shimoga","AI Artificial Intelligence",28451,35976,34275,39054,,29148,74371,61552,,,,,,,,
2023,R1,E065,"E065 Jawaharlal Nehru National College of Engineering  Shimoga","CS Computers",19355,22386,24039,27525,21576,19907,55715,69012,,,,,,,,
2023,R1,E065,"E065 Jawaharlal Nehru National College of Engineering  Shimoga","DS Comp. Sc. Engg- Data Sc.",34113,46317,46131,51830,,39484,111499,116067,,,,,,,,
2023,R1,E065,"E065 Jawaharlal Nehru National College of Engineering  Shimoga","IE Info.Science",28374,32053,34095,38211,29270,29413,91451,127298,,,,,,,,
2023,R1,E065,"E065 Jawaharlal Nehru National College of Engineering  Shimoga","RI Robotics and AI",57876,84079,72928,58417,84232,61988,127574,141745,,,,,,,,
2023,R1,E070,"E070 Bahubali College of Engineering  Hassan Dist,","CS Computers",54763,69317,59881,71955,55818,64748,100179,62844,,,,,,,,
2023,R1,E071,"E071 Vidya Vardhaka College of Engineering  Mysuru","CA CS (AI, Machine Learning)",15882,23545,20488,20952,16196,16711,51623,66761,,,,,,,,
2023,R1,E071,"E071 Vidya Vardhaka College of Engineering  Mysuru","CS Computers",10426,15491,13614,19332,11080,11648,37873,36437,,,,,,,,
2023,R1,E071,"E071 Vidya Vardhaka College of Engineering  Mysuru","IE Info.Science",13988,18009,18276,28845,14220,14551,51861,47708,,,,,,,,
2023,R1,E075,"E075 Ballari Institute of Technology and Management  Near Allipur Bellary","AI Artificial Intelligence",39627,53166,53819,51957,52430,51823,91525,63886,,,,,,,,
2023,R1,E075,"E075 Ballari Institute of Technology and Management  Near Allipur Bellary","CF CS(Artificial Intel.)",47643,,65253,59918,,55919,86943,111924,,,,,,,,
2023,R1,E075,"E075 Ballari Institute of Technology and Management  Near Allipur Bellary","CS Computers",20977,37129,24018,25612,27116,25363,40628,32805,,,,,,,,
2023,R1,E075,"E075 Ballari Institute of Technology and Management  Near Allipur Bellary","DS Comp. Sc. Engg- Data Sc.",42986,,61361,64751,56591,47519,144552,82377,,,,,,,,
2023,R1,E076,"E076 Proudadevaraya Institute of Technology  Indiranagar Hospet, Ballari DT","CS Computers",50822,,65927,74347,,52968,83772,69211,,,,,,,,
2023,R1,E077,"E077 Vidya Vikas Institute of Engineering and Technology  Mysuru","CS Computers",24413,36927,29375,25027,25249,24540,51070,56301,,,,,,,,
2023,R1,E077,"E077 Vidya Vikas Institute of Engineering and Technology  Mysuru","IE Info.Science",31816,45962,37346,38706,32263,33121,85103,80209,,,,,,,,
2023,R1,E078,"E078 The Oxford College of Engineering  Bangalore","AI Artificial Intelligence",28440,34109,36718,,30785,32104,86876,138331,,,,,,,,
2023,R1,E078,"E078 The Oxford College of Engineering  Bangalore","CS Computers",23746,28594,26337,31904,24876,24213,61658,71374,,,,,,,,
2023,R1,E078,"E078 The Oxford College of Engineering  Bangalore","IE Info.Science",30483,32954,33680,39441,30710,30936,93965,127542,,,,,,,,
2023,R1,E079,"E079 Acharya Institute of Technology  Bangalore","AI Artificial Intelligence",21015,21651,23023,29896,21268,22420,66419,65160,,,,,,,,
2023,R1,E079,"E079 Acharya Institute of Technology  Bangalore","CS Computers",14021,14837,16214,18953,14951,14893,42814,43683,,,,,,,,
2023,R1,E079,"E079 Acharya Institute of Technology  Bangalore","DS Comp. Sc. Engg- Data Sc.",22899,24480,23491,28016,23802,24050,75343,68282,,,,,,,,
2023,R1,E079,"E079 Acharya Institute of Technology  Bangalore","IE Info.Science",17868,19799,21161,27060,18216,18693,64685,70681,,,,,,,,
2023,R1,E082,"E082 J S S Academy of Technical Education  Bangalore","CA CS (AI, Machine Learning)",15535,19108,20577,26444,16540,16207,69086,122699,,,,,,,,
2023,R1,E082,"E082 J S S Academy of Technical Education  Bangalore","CS Computers",10401,16429,14192,21055,10921,11177,44553,44606,,,,,,,,
2023,R1,E082,"E082 J S S Academy of Technical Education  Bangalore","IE Info.Science",13762,21511,18118,28501,14409,14696,62191,84597,,,,,,,,
2023,R1,E082,"E082 J S S Academy of Technical Education  Bangalore","RA Robotics and Automation",34422,36020,38649,,,,76337,,,,,,,,,
2023,R1,E083,"E083 H.K.B.K.College of Engineering  Bangalore","AI Artificial Intelligence",47977,57026,53383,49256,51340,52104,99393,120347,,,,,,,,
2023,R1,E083,"E083 H.K.B.K.College of Engineering  Bangalore","CS Computers",37408,45181,45792,37924,40140,39822,79344,84789,,,,,,,,
2023,R1,E083,"E083 H.K.B.K.College of Engineering  Bangalore","IE Info.Science",47550,47974,52843,47655,48158,48975,120494,136546,,,,,,,,
2023,R1,E085,"E085 APS College of Engineering  Somanahalli, Bangalore","CA CS (AI, Machine Learning)",51814,,54358,,,59616,123462,160368,,,,,,,,
2023,R1,E085,"E085 APS College of Engineering  Somanahalli, Bangalore","CS Computers",37585,43267,42038,37881,38265,38372,81660,96664,,,,,,,,
2023,R1,E085,"E085 APS College of Engineering  Somanahalli, Bangalore","CY CS- Cyber Security",55873,,56860,90506,59307,,95201,,,,,,,,,
2023,R1,E085,"E085 APS College of Engineering  Somanahalli, Bangalore","IE Info.Science",48321,54295,52435,70123,48628,49407,124595,103245,,,,,,,,
2023,R1,E086,"E086 Sri Sairam College of Engineering(Formerly Shirdi Sai Engg)  Anekal,Bangalore","AI Artificial Intelligence",53755,57476,61569,,54640,54702,116037,111677,,,,,,,,
2023,R1,E086,"E086 Sri Sairam College of Engineering(Formerly Shirdi Sai Engg)  Anekal,Bangalore","CS Computers",40262,45756,50038,55838,41366,42643,84132,85007,,,,,,,,
2023,R1,E086,"E086 Sri Sairam College of Engineering(Formerly Shirdi Sai Engg)  Anekal,Bangalore","IE Info.Science",53813,60526,58168,67954,53966,53950,126991,99763,,,,,,,,
2023,R1,E087,"E087 Vivekananada Institute of Technology  Bangalore","AI Artificial Intelligence",40443,58324,49775,52065,42022,41941,92931,133301,,,,,,,,
2023,R1,E087,"E087 Vivekananada Institute of Technology  Bangalore","CS Computers",34233,41207,40801,49224,34314,36868,74784,74130,,,,,,,,
2023,R1,E087,"E087 Vivekananada Institute of Technology  Bangalore","IE Info.Science",45801,54243,53607,70560,46427,45899,112490,89327,,,,,,,,
2023,R1,E088,"E088 Bangalore College of Engineering and Technology  Chandapura, Bangalore","AI Artificial Intelligence",46991,64144,52976,59563,54151,51844,98197,113635,,,,,,,,
2023,R1,E088,"E088 Bangalore College of Engineering and Technology  Chandapura, Bangalore","CS Computers",35015,42394,39588,44164,35740,36202,82605,95003,,,,,,,,
2023,R1,E088,"E088 Bangalore College of Engineering and Technology  Chandapura, Bangalore","IE Info.Science",39042,64402,41870,,44518,,118381,128098,,,,,,,,
2023,R1,E090,"E090 Sri Revana Siddeswara Institute of Technology  Bangalore North","CS Computers",40201,48582,44802,42000,40457,40299,88296,56293,,,,,,,,
2023,R1,E091,"E091 K S Institute of Technology  Bangalore","AI Artificial Intelligence",28910,41309,30285,37015,29224,29411,79351,131086,,,,,,,,
2023,R1,E091,"E091 K S Institute of Technology  Bangalore","CD Computer Sc. and Design",34160,45934,54577,46155,46898,42878,152000,189987,,,,,,,,
2023,R1,E091,"E091 K S Institute of Technology  Bangalore","CS Computers",24392,27091,30089,31571,25455,26118,69595,82639,,,,,,,,
2023,R1,E091,"E091 K S Institute of Technology  Bangalore","IC CS-IoT, Cyber Security",39511,61233,57687,47649,44644,48391,149359,,,,,,,,,
2023,R1,E092,"E092 Vemana Institute of Technology  Bangalore","AI Artificial Intelligence",46669,55082,51595,58901,51249,51093,100270,136027,,,,,,,,
2023,R1,E092,"E092 Vemana Institute of Technology  Bangalore","CS Computers",35595,44587,43066,40621,36277,37951,84049,78236,,,,,,,,
2023,R1,E092,"E092 Vemana Institute of Technology  Bangalore","DS Comp. Sc. Engg- Data Sc.",53908,61853,58691,66551,56678,65491,122667,158143,,,,,,,,
2023,R1,E092,"E092 Vemana Institute of Technology  Bangalore","IE Info.Science",47201,48042,53307,51185,47791,50416,117388,160197,,,,,,,,
2023,R1,E093,"E093 Basavakalyana Engineering College  Basavakalyana, Bidar-Dist","CS Computers",57051,,61193,,68149,,92171,,,,,,,,,
2023,R1,E094,"E094 Coorg Institute of Technology  Kodagu","CS Computers",46649,55453,51785,62802,,50915,80887,84606,,,,,,,,
2023,R1,E095,"E095 AMC Engineering College  Bangalore","AI Artificial Intelligence",31554,39268,44793,31661,31900,31865,75537,63248,,,,,,,,
2023,R1,E095,"E095 AMC Engineering College  Bangalore","CA CS (AI, Machine Learning)",44985,53355,52463,50565,45197,48104,113817,137577,,,,,,,,
2023,R1,E095,"E095 AMC Engineering College  Bangalore","CS Computers",28396,33554,32610,32894,29518,29389,70946,65142,,,,,,,,
2023,R1,E095,"E095 AMC Engineering College  Bangalore","DS Comp. Sc. Engg- Data Sc.",42350,44339,49524,45539,48288,45753,124237,127134,,,,,,,,
2023,R1,E095,"E095 AMC Engineering College  Bangalore","IE Info.Science",36158,42472,41198,43713,37062,37249,122776,134330,,,,,,,,
2023,R1,E096,"E096 East Point College of Engineering and Technology  Bangalore","AD Artificial Intel, Data Sc",41896,57108,45484,52340,44789,48441,73736,77715,,,,,,,,
2023,R1,E096,"E096 East Point College of Engineering and Technology  Bangalore","CA CS (AI, Machine Learning)",42711,48539,53434,55663,43381,52693,78202,111823,,,,,,,,
2023,R1,E096,"E096 East Point College of Engineering and Technology  Bangalore","CS Computers",31175,35477,39632,33698,32547,32824,60850,76652,,,,,,,,
2023,R1,E096,"E096 East Point College of Engineering and Technology  Bangalore","IC CS-IoT, Cyber Security",58399,60016,76117,60096,65829,61562,150401,129439,,,,,,,,
2023,R1,E096,"E096 East Point College of Engineering and Technology  Bangalore","IE Info.Science",44570,49814,52064,58145,45366,46754,106552,133091,,,,,,,,
2023,R1,E097,"E097 C M R Institute of Technology  Bangalore","AD Artificial Intel, Data Sc",18085,21238,22022,20653,19003,19416,61175,82199,,,,,,,,
2023,R1,E097,"E097 C M R Institute of Technology  Bangalore","AI Artificial Intelligence",16230,20378,20594,22929,16234,17028,51951,73768,,,,,,,,
2023,R1,E097,"E097 C M R Institute of Technology  Bangalore","CA CS (AI, Machine Learning)",15924,17143,20721,17581,16326,17109,45416,59362,,,,,,,,
2023,R1,E097,"E097 C M R Institute of Technology  Bangalore","CS Computers",10594,14221,12893,18350,10883,11210,39658,39250,,,,,,,,
2023,R1,E097,"E097 C M R Institute of Technology  Bangalore","DS Comp. Sc. Engg- Data Sc.",16504,19921,20067,23471,18817,18545,58898,78089,,,,,,,,
2023,R1,E097,"E097 C M R Institute of Technology  Bangalore","IE Info.Science",14257,16079,16976,26517,14928,15014,55612,73440,,,,,,,,
2023,R1,E098,"E098 Atria Institute of Technology  Bangalore","AI Artificial Intelligence",31716,32297,39098,38195,34999,32111,81247,115037,,,,,,,,
2023,R1,E098,"E098 Atria Institute of Technology  Bangalore","CD Computer Sc. and Design",49240,68727,59649,59682,54195,55596,140424,182309,,,,,,,,
2023,R1,E098,"E098 Atria Institute of Technology  Bangalore","CS Computers",24338,29683,28268,29040,25338,26744,75515,80747,,,,,,,,
2023,R1,E098,"E098 Atria Institute of Technology  Bangalore","DS Comp. Sc. Engg- Data Sc.",36141,36961,39303,40373,36173,45149,109099,140798,,,,,,,,
2023,R1,E098,"E098 Atria Institute of Technology  Bangalore","IE Info.Science",32992,37571,37895,38007,34071,33644,102906,153157,,,,,,,,
2023,R1,E099,"E099 New Horizon College of Engineering  Bangalore","AI Artificial Intelligence",12969,17907,17689,20721,13226,15904,56073,50354,,,,,,,,
2023,R1,E099,"E099 New Horizon College of Engineering  Bangalore","CS Computers",7270,10028,10975,15315,8918,9535,33013,36628,,,,,,,,
2023,R1,E099,"E099 New Horizon College of Engineering  Bangalore","DS Comp. Sc. Engg- Data Sc.",14909,19863,19874,20199,15355,15953,66587,65405,,,,,,,,
2023,R1,E099,"E099 New Horizon College of Engineering  Bangalore","IE Info.Science",10181,12445,13508,18555,11057,10807,49446,54621,,,,,,,,
2023,R1,E100,"E100 K N S Institute of Technology  Bangalore","AI Artificial Intelligence",57938,60004,61364,66803,58526,58054,122380,105315,,,,,,,,
2023,R1,E100,"E100 K N S Institute of Technology  Bangalore","CS Computers",44290,50269,51500,45585,44674,46029,84089,97729,,,,,,,,
2023,R1,E100,"E100 K N S Institute of Technology  Bangalore","IE Info.Science",53706,66226,64699,57085,,56565,127863,152970,,,,,,,,
2023,R1,E101,"E101 Channabasaveshwara Institute of Technology  Gubbi, Tumkur","AD Artificial Intel, Data Sc",51945,69535,53164,54901,56288,53368,101318,75702,,,,,,,,
2023,R1,E101,"E101 Channabasaveshwara Institute of Technology  Gubbi, Tumkur","CS Computers",33750,42969,45723,35721,37936,34131,78084,92516,,,,,,,,
2023,R1,E101,"E101 Channabasaveshwara Institute of Technology  Gubbi, Tumkur","IE Info.Science",41690,48328,47350,53275,,44305,102964,119159,,,,,,,,
2023,R1,E102,"E102 DONBOSCO Institute of Technology  Bangalore","AD Artificial Intel, Data Sc",34143,50018,39989,49806,34693,35339,78732,71115,,,,,,,,
2023,R1,E102,"E102 DONBOSCO Institute of Technology  Bangalore","CA CS (AI, Machine Learning)",36332,38390,45967,48795,37026,39747,113961,171267,,,,,,,,
2023,R1,E102,"E102 DONBOSCO Institute of Technology  Bangalore","CS Computers",27446,40025,31488,38581,27787,28834,77284,78798,,,,,,,,
2023,R1,E102,"E102 DONBOSCO Institute of Technology  Bangalore","IE Info.Science",33871,42973,39550,46334,34167,36569,105701,138013,,,,,,,,
2023,R1,E103,"E103 Global Academy of Technology  Bangalore","AD Artificial Intel, Data Sc",22707,,25127,38690,23676,24170,67143,102716,,,,,,,,
2023,R1,E103,"E103 Global Academy of Technology  Bangalore","AI Artificial Intelligence",21901,,24067,34842,22169,22197,89966,112888,,,,,,,,
2023,R1,E103,"E103 Global Academy of Technology  Bangalore","CA CS (AI, Machine Learning)",22040,24406,24856,38358,22445,23486,86499,140819,,,,,,,,
2023,R1,E103,"E103 Global Academy of Technology  Bangalore","CS Computers",16597,19508,19563,28216,16679,17690,51241,59540,,,,,,,,
2023,R1,E103,"E103 Global Academy of Technology  Bangalore","IE Info.Science",21278,22999,22909,34303,21417,21897,83122,111942,,,,,,,,
2023,R1,E104,"E104 Nagarjuna College of Engineering and Technology  Bangalore (R)","CA CS (AI, Machine Learning)",53191,60837,61358,61422,54087,54128,105140,,,,,,,,,
2023,R1,E104,"E104 Nagarjuna College of Engineering and Technology  Bangalore (R)","CS Computers",36654,40910,41537,48331,37594,36989,85415,95037,,,,,,,,
2023,R1,E104,"E104 Nagarjuna College of Engineering and Technology  Bangalore (R)","DS Comp. Sc. Engg- Data Sc.",57259,63296,67275,57535,58659,60577,141887,153268,,,,,,,,
2023,R1,E104,"E104 Nagarjuna College of Engineering and Technology  Bangalore (R)","IE Info.Science",42764,48119,45994,55813,44024,42868,96880,98399,,,,,,,,
2023,R1,E105,"E105 Nitte Meenakshi Institutute of Technology  Bangalore","AD Artificial Intel, Data Sc",9951,16180,13795,14851,10064,10382,44093,42906,,,,,,,,
2023,R1,E105,"E105 Nitte Meenakshi Institutute of Technology  Bangalore","AI Artificial Intelligence",9293,11307,13007,15358,10991,9774,38837,35909,,,,,,,,
2023,R1,E105,"E105 Nitte Meenakshi Institutute of Technology  Bangalore","CS Computers",6687,8973,8989,10630,7022,7145,27977,31919,,,,,,,,
2023,R1,E105,"E105 Nitte Meenakshi Institutute of Technology  Bangalore","IE Info.Science",9497,13064,11720,17014,9692,9625,42945,49349,,,,,,,,
2023,R1,E106,"E106 East West Institute of Technology  Bangalore","AD Artificial Intel, Data Sc",45939,58784,49606,58606,46206,46807,97783,127416,,,,,,,,
2023,R1,E106,"E106 East West Institute of Technology  Bangalore","AI Artificial Intelligence",41720,42952,48885,58175,,43268,101115,103547,,,,,,,,
2023,R1,E106,"E106 East West Institute of Technology  Bangalore","CA CS (AI, Machine Learning)",47063,,56585,58372,48901,49577,125271,173418,,,,,,,,
2023,R1,E106,"E106 East West Institute of Technology  Bangalore","CS Computers",31986,44160,39398,39112,33001,34723,89169,80307,,,,,,,,
2023,R1,E106,"E106 East West Institute of Technology  Bangalore","IE Info.Science",39458,49645,49029,56572,40156,42461,110544,150590,,,,,,,,
2023,R1,E107,"E107 B N M Institute of Technology  Bangalore","AI Artificial Intelligence",12209,15140,16975,25160,12343,13303,58194,67040,,,,,,,,
2023,R1,E107,"E107 B N M Institute of Technology  Bangalore","CS Computers",7892,13057,12121,12288,7990,8574,38450,43634,,,,,,,,
2023,R1,E107,"E107 B N M Institute of Technology  Bangalore","IE Info.Science",9122,14438,12978,21420,11858,10461,48891,61727,,,,,,,,
2023,R1,E108,"E108 Sapthagiri College of Engineering  Bangalore","CS Computers",19562,20372,23119,24047,19826,21415,59893,64154,,,,,,,,
2023,R1,E108,"E108 Sapthagiri College of Engineering  Bangalore","IE Info.Science",24732,25930,27635,40447,25376,26912,101733,128275,,,,,,,,
2023,R1,E109,"E109 City Engineering College  Bangalore","AI Artificial Intelligence",57156,72322,63090,68685,59550,57555,128002,139942,,,,,,,,
2023,R1,E109,"E109 City Engineering College  Bangalore","CS Computers",50520,59398,59644,58276,51775,52977,105043,112666,,,,,,,,
2023,R1,E111,"E111 Sri Venkateshwara College of Engineering  Bettahalsur(P), Bangalore","CF CS(Artificial Intel.)",46123,58558,61590,52258,51453,48273,110825,74878,,,,,,,,
2023,R1,E111,"E111 Sri Venkateshwara College of Engineering  Bettahalsur(P), Bangalore","CS Computers",35657,36923,41435,52489,37512,41014,89150,97877,,,,,,,,
2023,R1,E111,"E111 Sri Venkateshwara College of Engineering  Bettahalsur(P), Bangalore","CY CS- Cyber Security",59935,80719,67247,61517,61870,62355,113606,162894,,,,,,,,
2023,R1,E111,"E111 Sri Venkateshwara College of Engineering  Bettahalsur(P), Bangalore","DS Comp. Sc. Engg- Data Sc.",54407,73340,66439,87632,56580,60403,129314,110578,,,,,,,,
2023,R1,E111,"E111 Sri Venkateshwara College of Engineering  Bettahalsur(P), Bangalore","IE Info.Science",42059,57507,42667,59554,43333,42462,106087,137506,,,,,,,,
2023,R1,E112,"E112 Sri Krishna Institute of Technology  Bangalore","CS Computers",46750,48039,55923,53756,47284,47552,95460,111856,,,,,,,,
2023,R1,E112,"E112 Sri Krishna Institute of Technology  Bangalore","IE Info.Science",53328,60825,61103,76595,53547,53561,128764,169551,,,,,,,,
2023,R1,E113,"E113 Sambhram Institute of Technology  Bangalore","AI Artificial Intelligence",59021,66247,70229,71776,60084,64845,123794,162821,,,,,,,,
2023,R1,E113,"E113 Sambhram Institute of Technology  Bangalore","CS Computers",51929,56995,59710,60821,52231,53454,110160,113094,,,,,,,,
2023,R1,E113,"E113 Sambhram Institute of Technology  Bangalore","IE Info.Science",56776,,66036,71016,58585,57237,137183,182842,,,,,,,,
2023,R1,E114,"E114 G M Institute of Technology  Davanagere","AI Artificial Intelligence",42745,50926,50463,44088,47198,43606,127015,84914,,,,,,,,
2023,R1,E114,"E114 G M Institute of Technology  Davanagere","CS Computers",26943,32874,30411,29240,29600,27538,78969,53892,,,,,,,,
2023,R1,E114,"E114 G M Institute of Technology  Davanagere","IE Info.Science",30922,36607,34388,33752,39046,31490,110644,61585,,,,,,,,
2023,R1,E115,"E115 S J B Institute of Technology  Kengeri,Bangalore (ATNMS)","AI Artificial Intelligence",18406,27156,19841,32178,19172,19403,77750,125519,,,,,,,,
2023,R1,E115,"E115 S J B Institute of Technology  Kengeri,Bangalore (ATNMS)","CS Computers",14490,18960,18076,23748,14726,14688,51674,61753,,,,,,,,
2023,R1,E115,"E115 S J B Institute of Technology  Kengeri,Bangalore (ATNMS)","DS Comp. Sc. Engg- Data Sc.",20566,28867,22593,35586,,22187,84278,128906,,,,,,,,
2023,R1,E115,"E115 S J B Institute of Technology  Kengeri,Bangalore (ATNMS)","IE Info.Science",18058,22128,21607,30438,18227,18698,80355,98605,,,,,,,,
2023,R1,E116,"E116 R.L.Jalappa Institute of Technology  Bangalore Rural Dist","CS Computers",58293,65233,65668,65442,59523,59525,110254,113668,,,,,,,,
2023,R1,E118,"E118 RNS Institute of Technology  Bangalore","AD Artificial Intel, Data Sc",12647,14844,13429,28225,12648,12822,48227,55744,,,,,,,,
2023,R1,E118,"E118 RNS Institute of Technology  Bangalore","CA CS (AI, Machine Learning)",13872,19535,18935,27325,14433,15575,62445,95156,,,,,,,,
2023,R1,E118,"E118 RNS Institute of Technology  Bangalore","CS Computers",7554,10667,9947,17339,7851,8316,33373,38911,,,,,,,,
2023,R1,E118,"E118 RNS Institute of Technology  Bangalore","CY CS- Cyber Security",14226,21562,19168,22425,14723,15572,66264,82402,,,,,,,,
2023,R1,E118,"E118 RNS Institute of Technology  Bangalore","DS Comp. Sc. Engg- Data Sc.",14028,19517,18815,28128,14639,15020,69865,61359,,,,,,,,
2023,R1,E118,"E118 RNS Institute of Technology  Bangalore","IE Info.Science",10332,16311,12750,25425,11522,10596,47281,66716,,,,,,,,
2023,R1,E119,"E119 K C T Engineering College  Roza(B),Gulbarga","CS Computers",45454,,46938,,,55486,66344,,,,,,,,,
2023,R1,E121,"E121 Vivekananada College of Engineering Technology  D K DIST","AI Artificial Intelligence",37299,62263,65610,86411,44980,54481,109345,67889,,,,,,,,
2023,R1,E121,"E121 Vivekananada College of Engineering Technology  D K DIST","CS Computers",36650,49021,51106,55951,38250,48477,112585,65602,,,,,,,,
2023,R1,E121,"E121 Vivekananada College of Engineering Technology  D K DIST","DS Comp. Sc. Engg- Data Sc.",53417,75801,68362,85647,53947,54233,174508,116017,,,,,,,,
2023,R1,E123,"E123 Canara Engineering College Bantwal  DK DIST","AI Artificial Intelligence",48584,56985,52688,67877,50912,50301,179182,187665,,,,,,,,
2023,R1,E123,"E123 Canara Engineering College Bantwal  DK DIST","CS Computers",32674,36400,36440,36914,38424,35704,137427,120453,,,,,,,,
2023,R1,E123,"E123 Canara Engineering College Bantwal  DK DIST","IE Info.Science",43766,47234,45953,56020,47489,49689,153624,,,,,,,,,
2023,R1,E124,"E124 Rajiv Gandhi Institute of Technology  R.T Nagar Post, Bangalore","CS Computers",43513,60406,57187,45049,44204,44500,88598,90380,,,,,,,,
2023,R1,E126,"E126 B M S Institute of Technology and Management  Yelahanka, Bangalore","AI Artificial Intelligence",8299,10885,13097,13202,8884,9386,42031,54785,,,,,,,,
2023,R1,E126,"E126 B M S Institute of Technology and Management  Yelahanka, Bangalore","CS Computers",4744,8757,6689,10505,5029,5285,25206,23830,,,,,,,,
2023,R1,E126,"E126 B M S Institute of Technology and Management  Yelahanka, Bangalore","IE Info.Science",7023,11336,11117,14010,7543,7747,41456,46720,,,,,,,,
2023,R1,E127,"E127 M S Engineering College  Bangalore Urban","CS Computers",57333,64519,67163,66255,60046,59551,110271,119406,,,,,,,,
2023,R1,E128,"E128 Sharnbasva University(Formerly Appa Inst. of Tech.)  Brahmpur, Kalaburagi","AD Artificial Intel, Data Sc",44722,,57852,45677,,,76048,,,,,,,,,
2023,R1,E128,"E128 Sharnbasva University(Formerly Appa Inst. of Tech.)  Brahmpur, Kalaburagi","BW B Tech in CS",30090,38780,39060,38895,,32836,65845,73042,,,,,,,,
2023,R1,E128,"E128 Sharnbasva University(Formerly Appa Inst. of Tech.)  Brahmpur, Kalaburagi","CD Computer Sc. and Design",57428,85797,68540,,133047,,104471,73080,,,,,,,,
2023,R1,E129,"E129 St. Joseph Engineering College  Mangalore","AI Artificial Intelligence",18952,34212,26178,,,22514,121617,111908,,,,,,,,
2023,R1,E129,"E129 St. Joseph Engineering College  Mangalore","CS Computers",15354,24600,23264,25163,22439,15841,80251,69697,,,,,,,,
2023,R1,E129,"E129 St. Joseph Engineering College  Mangalore","DS Comp. Sc. Engg- Data Sc.",19566,32922,24255,27975,,23574,99575,31971,,,,,,,,
2023,R1,E130,"E130 Shridevi Institute of Engineering and Technology  Tumkur","CS Computers",54967,66230,62876,59318,56689,59081,103152,68855,,,,,,,,
2023,R1,E133,"E133 G S S S Institute of Engineering and Technology for Women  Mysore","AD Artificial Intel, Data Sc",27734,,32366,33755,28089,28170,66410,51858,,,,,,,,
2023,R1,E133,"E133 G S S S Institute of Engineering and Technology for Women  Mysore","CA CS (AI, Machine Learning)",23398,24758,27692,,24001,24973,68592,53845,,,,,,,,
2023,R1,E133,"E133 G S S S Institute of Engineering and Technology for Women  Mysore","CS Computers",16791,22031,21076,19518,17934,17187,44749,38941,,,,,,,,
2023,R1,E133,"E133 G S S S Institute of Engineering and Technology for Women  Mysore","IE Info.Science",20693,24306,23160,21579,20829,21815,61320,45345,,,,,,,,
2023,R1,E134,"E134 Smt. Kamala and Sri Venkappa M.Agadi College of Engg. and Tech.  Laxmeshwara-Tq, Gadag Dt.","CS Computers",33823,,42505,66362,51121,39845,98739,113378,,,,,,,,
2023,R1,E134,"E134 Smt. Kamala and Sri Venkappa M.Agadi College of Engg. and Tech.  Laxmeshwara-Tq, Gadag Dt.","IE Info.Science",59812,,67736,67600,,60788,131970,197069,,,,,,,,
2023,R1,E135,"E135 K L S Viswanathrao Deshpande Institute of Technology  Haliyal, Uttara Kannada -Dist","CA CS (AI, Machine Learning)",45995,51644,66945,46110,55347,46145,148141,,,,,,,,,
2023,R1,E135,"E135 K L S Viswanathrao Deshpande Institute of Technology  Haliyal, Uttara Kannada -Dist","CS Computers",29630,37953,35221,33878,37293,29681,92148,94420,,,,,,,,
2023,R1,E139,"E139 Impact College of Engineering and Applied Sciences  Bangalore","CS Computers",56754,61136,66441,60681,57314,56942,110964,121255,,,,,,,,
2023,R1,E141,"E141 P E S University (Electronic City Campus)  Bangalore","BW B Tech in CS",3796,8309,8069,11685,6109,5274,36841,50027,,,,,,,,
2023,R1,E142,"E142 Adichunchanagiri University(Formerly BGSIT)  Nagamangala Taluk,Mandya Dist.","AI Artificial Intelligence",46559,46731,65773,50617,,50882,124323,120901,,,,,,,,
2023,R1,E142,"E142 Adichunchanagiri University(Formerly BGSIT)  Nagamangala Taluk,Mandya Dist.","CS Computers",30684,51278,42616,39931,31240,34753,92253,95939,,,,,,,,
2023,R1,E142,"E142 Adichunchanagiri University(Formerly BGSIT)  Nagamangala Taluk,Mandya Dist.","IE Info.Science",38523,,52015,57189,39535,43344,117851,115724,,,,,,,,
2023,R1,E144,"E144 Srinivas Institute of Technology  Mangalore.","AD Artificial Intel, Data Sc",58476,76619,67408,84905,61844,61790,144046,164968,,,,,,,,
2023,R1,E144,"E144 Srinivas Institute of Technology  Mangalore.","AI Artificial Intelligence",52822,66995,68313,68271,,53126,128456,118864,,,,,,,,
2023,R1,E144,"E144 Srinivas Institute of Technology  Mangalore.","CS Computers",40864,43164,45033,41654,45782,47363,104463,89806,,,,,,,,
2023,R1,E144,"E144 Srinivas Institute of Technology  Mangalore.","IE Info.Science",48596,52018,52460,,,,140558,105545,,,,,,,,
2023,R1,E145,"E145 Rajarajeswari College of Engineering  Kumbalagodu,Bangalore","AI Artificial Intelligence",37248,38905,38277,43376,38495,39840,90409,85599,,,,,,,,
2023,R1,E145,"E145 Rajarajeswari College of Engineering  Kumbalagodu,Bangalore","CD Computer Sc. and Design",59765,74923,64875,,61926,65154,125654,,,,,,,,,
2023,R1,E145,"E145 Rajarajeswari College of Engineering  Kumbalagodu,Bangalore","CS Computers",29283,38152,33944,38284,29769,29701,73725,82197,,,,,,,,
2023,R1,E145,"E145 Rajarajeswari College of Engineering  Kumbalagodu,Bangalore","IC CS-IoT, Cyber Security",55758,,69991,62867,56973,60507,151019,,,,,,,,,
2023,R1,E145,"E145 Rajarajeswari College of Engineering  Kumbalagodu,Bangalore","IE Info.Science",34867,45326,36937,43459,35817,36711,95670,117373,,,,,,,,
2023,R1,E147,"E147 T.John Engineering College  Bangalore","AI Artificial Intelligence",53911,,60359,,,56221,122117,126322,,,,,,,,
2023,R1,E147,"E147 T.John Engineering College  Bangalore","CS Computers",46515,57956,55113,56827,48342,47022,85521,119502,,,,,,,,
2023,R1,E147,"E147 T.John Engineering College  Bangalore","IE Info.Science",58703,70923,61715,71171,59971,60627,134479,165118,,,,,,,,
2023,R1,E149,"E149 Cambridge Institutute of Technology  Bangalore","AI Artificial Intelligence",28631,32914,33892,35893,28839,30569,75246,136233,,,,,,,,
2023,R1,E149,"E149 Cambridge Institutute of Technology  Bangalore","CS Computers",20581,28172,23743,28344,22638,21841,62515,72389,,,,,,,,
2023,R1,E149,"E149 Cambridge Institutute of Technology  Bangalore","IC CS-IoT, Cyber Security",36969,41213,46019,57184,42220,37663,133056,129654,,,,,,,,
2023,R1,E149,"E149 Cambridge Institutute of Technology  Bangalore","IE Info.Science",28502,33079,33159,33567,28918,30848,90352,116532,,,,,,,,
2023,R1,E150,"E150 P E S Institute of Technology and Management  Shivamogga","AI Artificial Intelligence",37291,44973,39008,40607,38307,41811,108318,85861,,,,,,,,
2023,R1,E150,"E150 P E S Institute of Technology and Management  Shivamogga","CS Computers",28724,35924,34800,37596,28794,29573,69258,84575,,,,,,,,
2023,R1,E150,"E150 P E S Institute of Technology and Management  Shivamogga","DS Comp. Sc. Engg- Data Sc.",48837,60262,52966,,53346,50452,130010,139435,,,,,,,,
2023,R1,E150,"E150 P E S Institute of Technology and Management  Shivamogga","IE Info.Science",36415,43229,41084,41353,37195,37616,96459,120026,,,,,,,,
2023,R1,E151,"E151 Mangalore Institute of Technology and Engineering  Mangalore Tq,D.K","AI Artificial Intelligence",28265,31788,33364,29635,34695,30500,133582,120282,,,,,,,,
2023,R1,E151,"E151 Mangalore Institute of Technology and Engineering  Mangalore Tq,D.K","CA CS (AI, Machine Learning)",29955,,34956,31075,37214,31886,96850,116727,,,,,,,,
2023,R1,E151,"E151 Mangalore Institute of Technology and Engineering  Mangalore Tq,D.K","CS Computers",21106,30195,26110,31627,25752,22563,87411,72862,,,,,,,,
2023,R1,E151,"E151 Mangalore Institute of Technology and Engineering  Mangalore Tq,D.K","IC CS-IoT, Cyber Security",35616,56775,37636,36436,43163,37522,161666,70669,,,,,,,,
2023,R1,E151,"E151 Mangalore Institute of Technology and Engineering  Mangalore Tq,D.K","IE Info.Science",29430,31098,31464,32906,33283,31666,120477,175228,,,,,,,,
2023,R1,E152,"E152 S D M Institute of Tech.  Ujire,Dakshina Kannada","AD Artificial Intel, Data Sc",46104,64274,50424,72875,,50113,137150,132233,,,,,,,,
2023,R1,E152,"E152 S D M Institute of Tech.  Ujire,Dakshina Kannada","CS Computers",34471,41470,38878,44058,35613,36249,92185,90189,,,,,,,,
2023,R1,E152,"E152 S D M Institute of Tech.  Ujire,Dakshina Kannada","IE Info.Science",44039,50221,46125,47070,45432,47471,114752,165001,,,,,,,,
2023,R1,E153,"E153 S E A College of Engineering and Technology  K R puram bangalore","CS Computers",52739,59450,63517,59335,52823,54466,94603,124657,,,,,,,,
2023,R1,E154,"E154 Government Engineering College  Chamarajanagara","CS Computers",41537,55164,48854,49853,45891,43213,62840,60180,,,,,,,,
2023,R1,E155,"E155 Government Engineering College  Hassan","CS Computers",24618,31017,29888,26179,24861,27859,49145,38756,,,,,,,,
2023,R1,E156,"E156 Government Engineering College  K R Pet, Mandya DT.","CS Computers",38817,51417,47920,53682,42899,41951,61605,71308,,,,,,,,
2023,R1,E157,"E157 Government Engineering College  Ramanagara","CS Computers",44622,57665,54036,52698,49364,49698,66586,81611,,,,,,,,
2023,R1,E158,"E158 Maharaja Institute of Technology-Mysore  Belawadi, Mandya Dist","CA CS (AI, Machine Learning)",35452,44659,37525,39377,36039,35507,86910,110773,,,,,,,,
2023,R1,E158,"E158 Maharaja Institute of Technology-Mysore  Belawadi, Mandya Dist","CF CS(Artificial Intel.)",42051,46011,48196,47765,,43921,130671,92731,,,,,,,,
2023,R1,E158,"E158 Maharaja Institute of Technology-Mysore  Belawadi, Mandya Dist","CS Computers",26634,32498,33544,33333,26925,27608,66971,57857,,,,,,,,
2023,R1,E158,"E158 Maharaja Institute of Technology-Mysore  Belawadi, Mandya Dist","DS Comp. Sc. Engg- Data Sc.",43258,51801,52225,51933,43787,43371,132049,111243,,,,,,,,
2023,R1,E158,"E158 Maharaja Institute of Technology-Mysore  Belawadi, Mandya Dist","IE Info.Science",32213,37236,37122,50323,32503,32982,83255,98685,,,,,,,,
2023,R1,E160,"E160 Sahyadri College of Engg. and Management  Mangalore","CA CS (AI, Machine Learning)",23735,32848,26815,27944,26113,25837,144896,173566,,,,,,,,
2023,R1,E160,"E160 Sahyadri College of Engg. and Management  Mangalore","CS Computers",13470,20017,18423,19585,19013,15672,65997,34438,,,,,,,,
2023,R1,E160,"E160 Sahyadri College of Engg. and Management  Mangalore","IE Info.Science",19801,19953,22002,19860,23793,20877,86530,72818,,,,,,,,
2023,R1,E160,"E160 Sahyadri College of Engg. and Management  Mangalore","RA Robotics and Automation",46746,81334,61180,57658,72545,80118,199476,,,,,,,,,
2023,R1,E161,"E161 Government Engineering College  Kushalnagar,Kodagu Dist","CS Computers",49123,56491,59672,58127,49768,52349,75990,82724,,,,,,,,
2023,R1,E162,"E162 Government Engineering College  Raichur","CS Computers",40757,,54129,,54834,,66300,43014,,,,,,,,
2023,R1,E163,"E163 Government Engineering College  Devagiri,Haveri","CS Computers",44419,55901,56367,58235,46543,47222,76260,73989,,,,,,,,
2023,R1,E164,"E164 Government Engineering College  Huvina Hadagali,Bellary Dist.","CS Computers",55174,58630,63450,55955,,56871,69032,79990,,,,,,,,
2023,R1,E165,"E165 Yenepoya Institute of Technology  Thodar,Moodbidri","CS Computers",55618,63284,63677,59921,61066,61598,117941,106972,,,,,,,,
2023,R1,E166,"E166 K L E Institute of Technology  Hubli","CS Computers",17957,21164,21449,22764,21462,18762,48924,55390,,,,,,,,
2023,R1,E167,"E167 K L E Ss K L E College of Engineering and Technology  Chikkodi, Belgaum Dist.","AD Artificial Intel, Data Sc",42769,60819,56166,,52087,45192,133113,135326,,,,,,,,
2023,R1,E167,"E167 K L E Ss K L E College of Engineering and Technology  Chikkodi, Belgaum Dist.","CS Computers",29373,43493,36065,35827,36919,29772,81380,75645,,,,,,,,
2023,R1,E168,"E168 Amrutha Institute of Engineering and Mangement  Bidadi Indust. Estate,Ban'lore","CS Computers",58119,59178,68656,63932,59037,60629,116940,132013,,,,,,,,
2023,R1,E169,"E169 Alva`s Institute of Engineering and Technology  Moodabidri,","AI Artificial Intelligence",46333,,59201,,47190,51960,114110,138313,,,,,,,,
2023,R1,E169,"E169 Alva`s Institute of Engineering and Technology  Moodabidri,","CS Computers",35628,45819,40364,41368,36782,37935,90593,105379,,,,,,,,
2023,R1,E169,"E169 Alva`s Institute of Engineering and Technology  Moodabidri,","DS Comp. Sc. Engg- Data Sc.",54756,59656,63072,107382,,59224,113647,177714,,,,,,,,
2023,R1,E169,"E169 Alva`s Institute of Engineering and Technology  Moodabidri,","IE Info.Science",44170,51576,49986,45515,46353,45607,118478,116829,,,,,,,,
2023,R1,E171,"E171 Brindavan College of Engineering  Yelahanka, Bangalore","CS Computers",49728,51481,57199,56950,50304,51755,104561,123809,,,,,,,,
2023,R1,E171,"E171 Brindavan College of Engineering  Yelahanka, Bangalore","IE Info.Science",56300,59257,58845,75670,58357,56366,124064,165936,,,,,,,,
2023,R1,E172,"E172 R.R.Institute of Technology  Chikkabanavara, Bangalore","CS Computers",46239,56984,55680,58128,46971,49253,100100,100737,,,,,,,,
2023,R1,E172,"E172 R.R.Institute of Technology  Chikkabanavara, Bangalore","IE Info.Science",51979,64759,58063,61006,53059,52445,129736,180221,,,,,,,,
2023,R1,E173,"E173 Sai Vidya Institute of Technology  Bangalore","CA CS (AI, Machine Learning)",45683,56132,57284,55931,45715,50057,132266,200370,,,,,,,,
2023,R1,E173,"E173 Sai Vidya Institute of Technology  Bangalore","CS Computers",26796,28993,33106,42099,28434,29094,81195,105166,,,,,,,,
2023,R1,E173,"E173 Sai Vidya Institute of Technology  Bangalore","DS Comp. Sc. Engg- Data Sc.",55664,68690,64764,73729,56401,60503,143099,,,,,,,,,
2023,R1,E173,"E173 Sai Vidya Institute of Technology  Bangalore","IE Info.Science",36992,45592,40143,56780,37041,41175,113612,182934,,,,,,,,
2023,R1,E175,"E175 S.G.Balekundri Institute of Technology  Belgaum","AD Artificial Intel, Data Sc",56896,64413,67426,58362,70076,59087,141038,121299,,,,,,,,
2023,R1,E175,"E175 S.G.Balekundri Institute of Technology  Belgaum","CS Computers",36850,47457,43017,43330,50724,39779,103392,122618,,,,,,,,
2023,R1,E177,"E177 Rajeev Institute of Technology  Hassan","CS Computers",42015,54447,54226,50107,42971,43622,95324,110857,,,,,,,,
2023,R1,E177,"E177 Rajeev Institute of Technology  Hassan","IE Info.Science",53629,74836,62938,63419,55685,54588,114365,147517,,,,,,,,
2023,R1,E178,"E178 The National Institute of Engineering(NORTH CAMPUS)  Mysore","CA CS (AI, Machine Learning)",7603,15067,12140,13897,7631,8198,36525,45343,,,,,,,,
2023,R1,E178,"E178 The National Institute of Engineering(NORTH CAMPUS)  Mysore","CS Computers",4700,7195,7397,10198,4893,5050,19448,24650,,,,,,,,
2023,R1,E178,"E178 The National Institute of Engineering(NORTH CAMPUS)  Mysore","IE Info.Science",6607,13964,10679,14450,7150,7252,35760,31893,,,,,,,,
2023,R1,E185,"E185 Angadi Institute of Technology and Management  Belgaum","CS Computers",46424,57708,52477,49997,56118,47881,108570,95194,,,,,,,,
2023,R1,E186,"E186 ACS College of Engineering  Kengeri Hobli,Bangalore","CS Computers",39386,47012,49663,50690,40834,40470,96720,114954,,,,,,,,
2023,R1,E186,"E186 ACS College of Engineering  Kengeri Hobli,Bangalore","DS Comp. Sc. Engg- Data Sc.",57263,62582,64314,67786,57585,60062,134308,,,,,,,,,
2023,R1,E188,"E188 Vijaya Vittala Institute of Technology  Bangalore","CS Computers",59800,,65700,61201,61510,61254,112570,143323,,,,,,,,
2023,R1,E189,"E189 Navkis College of Engineering (Formerly NDRKIT)  Kandali, Hassan","AD Artificial Intel, Data Sc",59022,97457,74323,64419,61257,59302,151227,152443,,,,,,,,
2023,R1,E189,"E189 Navkis College of Engineering (Formerly NDRKIT)  Kandali, Hassan","AI Artificial Intelligence",56128,93339,73571,57161,59462,58533,130638,162276,,,,,,,,
2023,R1,E189,"E189 Navkis College of Engineering (Formerly NDRKIT)  Kandali, Hassan","CS Computers",38775,49649,55624,46772,40504,44017,102372,106874,,,,,,,,
2023,R1,E194,"E194 Government Engineering College  KARWAR","CS Computers",53377,60630,62262,58675,63475,58202,84216,81274,,,,,,,,
2023,R1,E196,"E196 Jain College of Engineering  Machche,Belgaum","CA CS (AI, Machine Learning)",39644,50762,47547,,68277,40661,132250,136666,,,,,,,,
2023,R1,E196,"E196 Jain College of Engineering  Machche,Belgaum","CS Computers",28127,35898,32749,29985,32730,29003,78809,81890,,,,,,,,
2023,R1,E198,"E198 Sharnbasva University College for Women(Formerly Godutai)  Gulbarga","BW B Tech in CS",49497,,80821,61120,56049,54915,86028,80791,,,,,,,,
2023,R1,E199,"E199 AGM Rural Engineering College  Hubli, Darward (D)","CS Computers",50121,58542,56628,53162,66283,51811,98240,87140,,,,,,,,
2023,R1,E201,"E201 Gopalan College of Engineering and Management  White Field, Bangalore","CS Computers",45580,57438,50347,47674,48782,46630,103541,133918,,,,,,,,
2023,R1,E201,"E201 Gopalan College of Engineering and Management  White Field, Bangalore","IE Info.Science",57575,74951,66503,63026,,62793,133818,150687,,,,,,,,
2023,R1,E203,"E203 K.S. School of Engineering And Management  Mallasandra, Bangalore","AD Artificial Intel, Data Sc",50598,57521,61416,55635,52660,51159,127568,155067,,,,,,,,
2023,R1,E203,"E203 K.S. School of Engineering And Management  Mallasandra, Bangalore","CS Computers",45996,48788,55310,50109,46972,46287,115715,128460,,,,,,,,
2023,R1,E204,"E204 Bangalore Technological  Institute  Sarjapura Rd, Bangalore","AI Artificial Intelligence",50896,59763,61048,53335,,56666,118514,184328,,,,,,,,
2023,R1,E204,"E204 Bangalore Technological  Institute  Sarjapura Rd, Bangalore","CS Computers",44519,47052,58598,49745,46048,46230,105108,116431,,,,,,,,
2023,R1,E205,"E205 ATME College of Engineering  Varun  hobli,Mysore","CA CS (AI, Machine Learning)",42001,,51266,43021,48892,43625,93916,104540,,,,,,,,
2023,R1,E205,"E205 ATME College of Engineering  Varun  hobli,Mysore","CS Computers",33717,36872,37401,36509,34127,35062,71194,78025,,,,,,,,
2023,R1,E205,"E205 ATME College of Engineering  Varun  hobli,Mysore","DS Comp. Sc. Engg- Data Sc.",50552,57804,55150,51394,51250,50931,98603,129353,,,,,,,,
2023,R1,E206,"E206 Shri Madhwa Vadiraja Institute of Technology and Management  Udupi Dist","AD Artificial Intel, Data Sc",47361,62542,48308,110824,84892,56070,173962,200925,,,,,,,,
2023,R1,E206,"E206 Shri Madhwa Vadiraja Institute of Technology and Management  Udupi Dist","AI Artificial Intelligence",56179,65693,58336,74954,75293,63316,170036,,,,,,,,,
2023,R1,E206,"E206 Shri Madhwa Vadiraja Institute of Technology and Management  Udupi Dist","CS Computers",35131,47975,43931,58403,70895,46107,150604,117313,,,,,,,,
2023,R1,E209,"E209 Jyothi Institute of Technology  Bangalore","AI Artificial Intelligence",42548,49225,49981,,44354,44053,145254,186025,,,,,,,,
2023,R1,E209,"E209 Jyothi Institute of Technology  Bangalore","CS Computers",32619,43265,42718,46997,33606,36492,109636,88728,,,,,,,,
2023,R1,E209,"E209 Jyothi Institute of Technology  Bangalore","IE Info.Science",39168,45749,47804,73832,41396,39740,141829,143352,,,,,,,,
2023,R1,E211,"E211 Jain Institute of Technology  Cross,Davanagere","CS Computers",44880,50701,57045,47825,49125,45270,106984,89911,,,,,,,,
2023,R1,E211,"E211 Jain Institute of Technology  Cross,Davanagere","IE Info.Science",58681,65913,62987,60587,58868,61204,133118,146392,,,,,,,,
2023,R1,E212,"E212 Dayananda Sagar Academy of Technology  Kanakapur Main Road Bangalore","AI Artificial Intelligence",14637,,19754,24554,15323,17747,57915,47117,,,,,,,,
2023,R1,E212,"E212 Dayananda Sagar Academy of Technology  Kanakapur Main Road Bangalore","CD Computer Sc. and Design",22831,37336,25878,28140,25506,27230,99800,96809,,,,,,,,
2023,R1,E212,"E212 Dayananda Sagar Academy of Technology  Kanakapur Main Road Bangalore","CF CS(Artificial Intel.)",17667,25183,20728,27107,20526,18916,66614,53024,,,,,,,,
2023,R1,E212,"E212 Dayananda Sagar Academy of Technology  Kanakapur Main Road Bangalore","CS Computers",13382,17554,16006,19887,13823,14444,48875,44020,,,,,,,,
2023,R1,E212,"E212 Dayananda Sagar Academy of Technology  Kanakapur Main Road Bangalore","CY CS- Cyber Security",20813,,25058,29220,22660,22930,77854,63722,,,,,,,,
2023,R1,E212,"E212 Dayananda Sagar Academy of Technology  Kanakapur Main Road Bangalore","DS Comp. Sc. Engg- Data Sc.",18972,19394,22444,28951,19122,19365,81051,62491,,,,,,,,
2023,R1,E212,"E212 Dayananda Sagar Academy of Technology  Kanakapur Main Road Bangalore","IC CS-IoT, Cyber Security",23978,30804,27224,27018,25263,26004,99483,179099,,,,,,,,
2023,R1,E212,"E212 Dayananda Sagar Academy of Technology  Kanakapur Main Road Bangalore","IE Info.Science",16565,18881,19252,29851,16793,17587,68757,90971,,,,,,,,
2023,R1,E216,"E216 Shetty Institute of Technology  Gulbarga","CS Computers",57919,64251,65946,,,,59057,,,,,,,,,
2023,R1,E220,"E220 Alliance University  Bangalore","BW B Tech in CS",40850,54714,49326,49764,43936,44894,121352,168770,,,,,,,,
2023,R1,E222,"E222 Cambridge Institutute of Technology-North Campus  Devanahalli(TQ),Bangalore(R)","CS Computers",42781,49924,51286,53784,45954,45929,98931,111300,,,,,,,,
2023,R1,E222,"E222 Cambridge Institutute of Technology-North Campus  Devanahalli(TQ),Bangalore(R)","CY CS- Cyber Security",57126,62144,64914,70845,58028,58157,132350,143286,,,,,,,,
2023,R1,E232,"E232 Reva University  Bangalore","BW B Tech in CS",12890,18493,17015,20011,13540,15470,48688,52141,,,,,,,,
2023,R1,E235,"E235 M.S. Ramaiah University of Applied Sciences  Bangalore","BW B Tech in CS",10518,17435,16086,21588,12208,12026,56379,58766,,,,,,,,
2023,R1,E237,"E237 Presidency University  Yelahanka, Bangalore","BW B Tech in CS",34108,47985,44645,44327,37321,38924,110944,131600,,,,,,,,
2023,R1,E237,"E237 Presidency University  Yelahanka, Bangalore","DM B.TECH IN CS NW",39274,68486,60058,66715,48732,44480,81110,183825,,,,,,,,
2023,R1,E238,"E238 Mysuru Royal Institute of Technology  Mandya (D)","CS Computers",57472,58320,70489,66892,58586,62664,104350,104731,,,,,,,,
2023,R1,E239,"E239 East West College of Engineering  Yelahanka New Town, Bangalore","CS Computers",40986,46930,50454,49864,41076,41686,98100,102572,,,,,,,,
2023,R1,E240,"E240 Dayananda Sagar University  Hosur Road, Bangalore","BW B Tech in CS",21343,30459,27908,32442,24116,23869,96078,101504,,,,,,,,
2023,R1,E241,"E241 KLE Technological University(Formerly BVBCET)  Dharward Dist","CF CS(Artificial Intel.)",7072,19107,8819,14321,8492,8367,33223,53014,,,,,,,,
2023,R1,E241,"E241 KLE Technological University(Formerly BVBCET)  Dharward Dist","CS Computers",4182,8816,6189,7220,5842,5389,20535,22988,,,,,,,,
2023,R1,E252,"E252 Mysore College of Engineering and Management  Mysore","CS Computers",52987,55137,62429,61102,53181,60134,88578,92835,,,,,,,,
2023,R1,E252,"E252 Mysore College of Engineering and Management  Mysore","IE Info.Science",57647,66277,63314,71575,,60646,97427,,,,,,,,,
2023,R1,E254,"E254 A J Institute Of Engineering And Technology  MANGALORE","AD Artificial Intel, Data Sc",52995,81313,61793,53438,58233,,147523,165300,,,,,,,,
2023,R1,E254,"E254 A J Institute Of Engineering And Technology  MANGALORE","CA CS (AI, Machine Learning)",50099,50605,54332,57173,,52600,143056,54331,,,,,,,,
2023,R1,E254,"E254 A J Institute Of Engineering And Technology  MANGALORE","CS Computers",38461,45342,43070,41490,40411,39729,94720,98638,,,,,,,,
2023,R1,E254,"E254 A J Institute Of Engineering And Technology  MANGALORE","IE Info.Science",45419,50856,49799,,50371,50422,143006,163373,,,,,,,,
2023,R1,E255,"E255 Gitam School Of Technology  BANGALORE RURAL DIST","CA CS (AI, Machine Learning)",52672,73688,60411,56472,55418,60012,125083,,,,,,,,,
2023,R1,E255,"E255 Gitam School Of Technology  BANGALORE RURAL DIST","CS Computers",42018,57266,53072,54925,43303,46079,106049,136209,,,,,,,,
2023,R1,E255,"E255 Gitam School Of Technology  BANGALORE RURAL DIST","CY CS- Cyber Security",55139,,55424,94013,,68398,150273,139817,,,,,,,,
2023,R1,E255,"E255 Gitam School Of Technology  BANGALORE RURAL DIST","DS Comp. Sc. Engg- Data Sc.",55674,74509,67655,91786,55817,60546,153962,164498,,,,,,,,
2023,R1,E257,"E257 CMR University  CHAGALATTI, BANGALORE","BW B Tech in CS",31107,44356,42151,39158,33684,36639,106674,144129,,,,,,,,
2023,R1,E257,"E257 CMR University  CHAGALATTI, BANGALORE","CA CS (AI, Machine Learning)",34209,48466,49024,54207,35411,41083,111640,197645,,,,,,,,
2023,R1,E258,"E258 Maharaja Institute of Technology  THANDAVAPURA, MYSORE","AD Artificial Intel, Data Sc",38001,71571,41466,50783,40159,47172,80717,83922,,,,,,,,
2023,R1,E258,"E258 Maharaja Institute of Technology  THANDAVAPURA, MYSORE","CA CS (AI, Machine Learning)",51089,76174,55767,52283,51163,52718,124049,98646,,,,,,,,
2023,R1,E258,"E258 Maharaja Institute of Technology  THANDAVAPURA, MYSORE","CS Computers",30403,38755,37641,30769,31170,31111,73081,62105,,,,,,,,
2023,R1,E265,"E265 Jain College of Engineering and Technology  Hubballi","AI Artificial Intelligence",44016,52873,55440,55768,52382,47637,115164,146971,,,,,,,,
2023,R1,E265,"E265 Jain College of Engineering and Technology  Hubballi","CS Computers",36741,44273,43807,37906,41070,38440,85929,97182,,,,,,,,
2023,R1,E269,"E269 Jain College of Engineering and Research  Udyambhag, Belgaum","CA CS (AI, Machine Learning)",56692,90449,67171,64526,74339,58050,170399,,,,,,,,,
2023,R1,E269,"E269 Jain College of Engineering and Research  Udyambhag, Belgaum","CS Computers",35884,51358,40563,44720,39936,38963,92652,102722,,,,,,,,
2023,R1,E272,"E272 Government Engineering College  Talakal,Koppal","CS Computers",46446,,57558,59319,,52120,76563,61617,,,,,,,,
2023,R1,E273,"E273 Government Engineering College  Viprasainagar, Gangavathi","CS Computers",56807,,58798,66477,59464,,63131,81543,,,,,,,,
2023,R1,E274,"E274 Government Engineering College  Moselehosahalli,Hassan","CS Computers",47108,53386,55369,52280,47293,52884,69071,83031,,,,,,,,
2023,R1,E275,"E275 R V Institute of Technology and Management  JP Nagar, Bengaluru","CS Computers",7076,12681,11478,15876,8441,8830,36670,42751,,,,,,,,
2023,R1,E275,"E275 R V Institute of Technology and Management  JP Nagar, Bengaluru","IE Info.Science",9106,16443,13684,24277,9294,10333,54908,44288,,,,,,,,
2023,R1,E279,"E279 Visvesvaraya Technological University  Belgaum","CS Computers",20281,25785,26015,29024,29217,25427,47317,57988,,,,,,,,
2023,R1,E281,"E281 Government Engineering College  Challakere,Chitradurga","AI Artificial Intelligence",56011,73987,74489,68304,68268,57880,90666,95782,,,,,,,,
2023,R1,E281,"E281 Government Engineering College  Challakere,Chitradurga","CS Computers",54646,55187,64386,69277,65463,55820,77362,72224,,,,,,,,
2023,R1,E283,"E283 University of Mysore  Mysore","AD Artificial Intel, Data Sc",41613,47226,51081,52795,46008,47755,95526,79234,,,,,,,,
2023,R1,E283,"E283 University of Mysore  Mysore","AI Artificial Intelligence",40410,51017,45450,52123,41004,40488,75370,53638,,,,,,,,
2023,R1,E283,"E283 University of Mysore  Mysore","CD Computer Sc. and Design",58249,63238,73806,65412,61480,66769,138443,131326,,,,,,,,
2023,R1,E284,"E284 Sri Jayachamarajendra College of Engineering(Const. of JSS Univ.)  Mysore","CS Computers",2408,4232,4260,7950,2585,2862,12172,10569,,,,,,,,
2023,R1,E285,"E285 R V University  Bangalore","BW B Tech in CS",6911,14293,14308,21402,8848,9828,53746,46098,,,,,,,,
2023,R1,E286,"E286 BGS College of Engineering and Technology  Mahalakshmipuram,Bangalore","AD Artificial Intel, Data Sc",38660,44286,44664,58607,39404,44443,104424,127011,,,,,,,,
2023,R1,E286,"E286 BGS College of Engineering and Technology  Mahalakshmipuram,Bangalore","AI Artificial Intelligence",37628,44804,41495,55969,38378,,116364,110250,,,,,,,,
2023,R1,E286,"E286 BGS College of Engineering and Technology  Mahalakshmipuram,Bangalore","CD Computer Sc. and Design",48577,56240,55383,,,53234,145749,199144,,,,,,,,
2023,R1,E286,"E286 BGS College of Engineering and Technology  Mahalakshmipuram,Bangalore","CS Computers",22422,28416,24351,29143,24107,22566,59586,53929,,,,,,,,
2023,R1,E286,"E286 BGS College of Engineering and Technology  Mahalakshmipuram,Bangalore","IE Info.Science",26993,,33331,42241,28372,28769,93099,149303,,,,,,,,
2023,R1,E288,"E288 Garden City University  Bangalore","CS Computers",48487,62791,64489,62065,50144,56817,102547,102992,,,,,,,,
2023,R1,E289,"E289 Visvesvaraya Technological University - Regional Center  Rajapur,Kalburgi","CS Computers",34063,,39603,37758,,,50129,50881,,,,,,,,
2023,R1,E290,"E290 Visvesvaraya Technological University - Regional Center  Mysore","CS Computers",25034,34637,28879,26565,26455,27873,46178,40622,,,,,,,,
2023,R1,E291,"E291 Government Engineering College  Naragund,Gadag","AD Artificial Intel, Data Sc",59427,64171,79615,69256,63271,73593,104223,122206,,,,,,,,
2023,R1,E291,"E291 Government Engineering College  Naragund,Gadag","CS Computers",59099,60517,66650,64779,65486,59403,86357,80658,,,,,,,,
2023,R1,E292,"E292 Government Engineering College  Bidar","CS Computers",42443,,48260,,62495,,62979,67474,,,,,,,,
2023,R1,E297,"E297 ADITYA COLLEGE OF ENGINEERING AND TECHNOLOGY  YELAHANKA, BANGALORE","CS Computers",56966,62008,71227,65267,61789,67653,107844,83374,,,,,,,,
2023,R1,E300,"E300 AKASH INTITUTE OF ENGINEERING AND TECHNOLOGY  KASABA HOBLI, BANGALORE RURAL","CS Computers",59997,65480,69316,62715,60353,63776,94869,94635,,,,,,,,
2023,R2,E001,"E001 University of Visvesvaraya College of Engineering  Bangalore ( PUBLIC UNIV. )","AI Artificial Intelligence",5267,10087,6918,12213,5487,6808,26148,24190,,,,,,,,
2023,R2,E001,"E001 University of Visvesvaraya College of Engineering  Bangalore ( PUBLIC UNIV. )","CS Computers",2929,5809,5052,4589,3400,3489,20160,15475,,,,,,,,
2023,R2,E001,"E001 University of Visvesvaraya College of Engineering  Bangalore ( PUBLIC UNIV. )","IE Info.Science",4009,8789,5943,8098,4247,4544,24284,24799,,,,,,,,
2023,R2,E002,"E002 S K S J T Institute of Engineering.  Bangalore","CS Computers",15261,20302,18841,22019,15815,17073,32790,32751,,,,,,,,
2023,R2,E004,"E004 Dr. Ambedkar Institute Of Technology  Bangalore","CS Computers",9059,10667,11124,9492,9486,9595,26488,25706,,,,,,,,
2023,R2,E005,"E005 R. V. College of Engineering  Bangalore","AI Artificial Intelligence",660,874,2269,1169,1213,1144,11988,11828,,,,,,,,
2023,R2,E005,"E005 R. V. College of Engineering  Bangalore","CS Computers",310,749,1092,1100,397,544,4008,7132,,,,,,,,
2023,R2,E005,"E005 R. V. College of Engineering  Bangalore","CY CS- Cyber Security",726,3047,2593,2508,1177,1384,16191,8463,,,,,,,,
2023,R2,E005,"E005 R. V. College of Engineering  Bangalore","DS Comp. Sc. Engg- Data Sc.",511,2027,1779,2221,839,1029,10767,17030,,,,,,,,
2023,R2,E005,"E005 R. V. College of Engineering  Bangalore","IE Info.Science",435,1402,1657,1628,659,707,8590,14359,,,,,,,,
2023,R2,E006,"E006 M S Ramaiah Institute of Technology  Bangalore","AD Artificial Intel, Data Sc",2860,7081,4955,9240,3678,3735,25771,14563,,,,,,,,
2023,R2,E006,"E006 M S Ramaiah Institute of Technology  Bangalore","AI Artificial Intelligence",2415,3049,4483,,2966,2808,24283,30605,,,,,,,,
2023,R2,E006,"E006 M S Ramaiah Institute of Technology  Bangalore","CA CS (AI, Machine Learning)",2230,5890,4378,3675,3293,3064,27597,27833,,,,,,,,
2023,R2,E006,"E006 M S Ramaiah Institute of Technology  Bangalore","CS Computers",1171,2426,2877,3412,1553,1931,12563,13465,,,,,,,,
2023,R2,E006,"E006 M S Ramaiah Institute of Technology  Bangalore","CY CS- Cyber Security",2762,5448,5286,5571,3764,3433,28789,31358,,,,,,,,
2023,R2,E006,"E006 M S Ramaiah Institute of Technology  Bangalore","IE Info.Science",1995,4148,3681,7184,2328,2241,18851,19392,,,,,,,,
2023,R2,E007,"E007 Dayananda Sagar College of Engineering  Bangalore","AI Artificial Intelligence",4892,6889,7144,10047,5459,4979,30413,35218,,,,,,,,
2023,R2,E007,"E007 Dayananda Sagar College of Engineering  Bangalore","CD Computer Sc. and Design",8863,12185,11400,13396,11288,11643,57878,64517,,,,,,,,
2023,R2,E007,"E007 Dayananda Sagar College of Engineering  Bangalore","CS Computers",3677,6236,5080,7344,4091,4234,23548,17034,,,,,,,,
2023,R2,E007,"E007 Dayananda Sagar College of Engineering  Bangalore","CY CS- Cyber Security",6538,10306,9553,8753,8509,7569,28870,10880,,,,,,,,
2023,R2,E007,"E007 Dayananda Sagar College of Engineering  Bangalore","DS Comp. Sc. Engg- Data Sc.",5839,8935,8663,10709,7102,6710,39173,38403,,,,,,,,
2023,R2,E007,"E007 Dayananda Sagar College of Engineering  Bangalore","IC CS-IoT, Cyber Security",8208,10560,13104,12789,9857,10689,45334,44487,,,,,,,,
2023,R2,E007,"E007 Dayananda Sagar College of Engineering  Bangalore","IE Info.Science",5528,8972,7316,10482,6038,5665,29150,31642,,,,,,,,
2023,R2,E007,"E007 Dayananda Sagar College of Engineering  Bangalore","RI Robotics and AI",12588,23418,17070,31687,16693,15790,63732,80209,,,,,,,,
2023,R2,E008,"E008 Bangalore Institute of Technology  Bangalore","AI Artificial Intelligence",6735,,9468,,7355,7407,38640,44755,,,,,,,,
2023,R2,E008,"E008 Bangalore Institute of Technology  Bangalore","CS Computers",5509,8142,7313,8750,5748,5793,30194,25430,,,,,,,,
2023,R2,E008,"E008 Bangalore Institute of Technology  Bangalore","DS Comp. Sc. Engg- Data Sc.",8122,10587,10095,13199,9433,8164,36358,55325,,,,,,,,
2023,R2,E008,"E008 Bangalore Institute of Technology  Bangalore","IC CS-IoT, Cyber Security",10775,15140,15706,14890,13217,11938,62526,99207,,,,,,,,
2023,R2,E008,"E008 Bangalore Institute of Technology  Bangalore","IE Info.Science",7440,9404,9619,10142,7597,8127,44407,40080,,,,,,,,
2023,R2,E008,"E008 Bangalore Institute of Technology  Bangalore","RI Robotics and AI",16915,23722,20051,32642,17170,21423,69359,199258,,,,,,,,
2023,R2,E009,"E009 P E S University (Ring Road Campus)  Bangalore","BW B Tech in CS",1124,3396,3314,5373,1614,1782,18065,18416,,,,,,,,
2023,R2,E011,"E011 M V J College of Engineering  Bangalore","AI Artificial Intelligence",21704,25889,23458,28012,,21932,74160,58707,,,,,,,,
2023,R2,E011,"E011 M V J College of Engineering  Bangalore","CD Computer Sc. and Design",33121,41213,40552,,33323,43938,98777,194619,,,,,,,,
2023,R2,E011,"E011 M V J College of Engineering  Bangalore","CS Computers",19389,23559,22275,27974,20455,20131,52186,53374,,,,,,,,
2023,R2,E011,"E011 M V J College of Engineering  Bangalore","DS Comp. Sc. Engg- Data Sc.",25338,26958,28879,32367,25365,25724,81544,127011,,,,,,,,
2023,R2,E011,"E011 M V J College of Engineering  Bangalore","IE Info.Science",22211,24919,25340,29872,24186,23089,77260,83374,,,,,,,,
2023,R2,E012,"E012 Sir M.Visveswaraya Institute of Technology  Hunasemaranahalli,Bangalore,","AI Artificial Intelligence",13622,15592,16528,16922,14225,13937,45684,37779,,,,,,,,
2023,R2,E012,"E012 Sir M.Visveswaraya Institute of Technology  Hunasemaranahalli,Bangalore,","CS Computers",9858,14995,12121,12274,10594,10355,38128,35529,,,,,,,,
2023,R2,E012,"E012 Sir M.Visveswaraya Institute of Technology  Hunasemaranahalli,Bangalore,","IC CS-IoT, Cyber Security",17947,22041,22447,29965,18390,22576,77316,31776,,,,,,,,
2023,R2,E012,"E012 Sir M.Visveswaraya Institute of Technology  Hunasemaranahalli,Bangalore,","IE Info.Science",12914,16429,14579,26461,12941,13928,51082,59850,,,,,,,,
2023,R2,E014,"E014 S J C Institute of Technology  Chickballapur","AD Artificial Intel, Data Sc",33747,48304,41731,53373,40132,44529,67381,89079,,,,,,,,
2023,R2,E014,"E014 S J C Institute of Technology  Chickballapur","CA CS (AI, Machine Learning)",36618,40166,40948,47205,39723,44874,85330,90703,,,,,,,,
2023,R2,E014,"E014 S J C Institute of Technology  Chickballapur","CS Computers",25222,26449,31614,32168,26691,29701,58783,53240,,,,,,,,
2023,R2,E014,"E014 S J C Institute of Technology  Chickballapur","IE Info.Science",35799,41982,38855,39126,36776,39715,106157,118841,,,,,,,,
2023,R2,E016,"E016 Siddaganga Institute of Technology  Tumkur","AD Artificial Intel, Data Sc",10054,22999,10977,15231,11605,10738,32495,42144,,,,,,,,
2023,R2,E016,"E016 Siddaganga Institute of Technology  Tumkur","CA CS (AI, Machine Learning)",9869,16482,11402,25555,10063,10072,30445,38933,,,,,,,,
2023,R2,E016,"E016 Siddaganga Institute of Technology  Tumkur","CS Computers",5328,7731,7703,12796,6454,5587,25206,19391,,,,,,,,
2023,R2,E016,"E016 Siddaganga Institute of Technology  Tumkur","IE Info.Science",8223,13737,10512,15324,8296,8498,32798,36113,,,,,,,,
2023,R2,E017,"E017 Sri Siddartha Institute of Technology  Tumkur","AI Artificial Intelligence",33389,49871,47249,45626,,34848,108399,67112,,,,,,,,
2023,R2,E017,"E017 Sri Siddartha Institute of Technology  Tumkur","CS Computers",27296,35090,35050,30038,28174,28992,64502,60180,,,,,,,,
2023,R2,E017,"E017 Sri Siddartha Institute of Technology  Tumkur","CY CS- Cyber Security",51848,70676,58147,74187,54216,56038,151597,106640,,,,,,,,
2023,R2,E017,"E017 Sri Siddartha Institute of Technology  Tumkur","DS Comp. Sc. Engg- Data Sc.",48429,50043,53902,61440,,56873,103622,105007,,,,,,,,
2023,R2,E017,"E017 Sri Siddartha Institute of Technology  Tumkur","IE Info.Science",34131,47232,41966,35721,34437,36619,74804,112890,,,,,,,,
2023,R2,E018,"E018 Kalpatharu Institute of Technology  Tiptur","CS Computers",50716,68273,63644,65638,56578,51215,110933,121631,,,,,,,,
2023,R2,E021,"E021 Sri Jayachamarajendra College of Engineering(Const. of JSS Univ.)  Mysore","CS Computers",1854,2255,4403,7950,2239,2077,11927,5174,,,,,,,,
2023,R2,E028,"E028 Tontadarya College of Engineering  Gadag","CS Computers",47427,58554,53459,67129,55223,51398,101729,119196,,,,,,,,
2023,R2,E029,"E029 Maratha Mandal Engineering College  Belgaum","CS Computers",59603,63633,75341,63668,73373,62797,125940,116406,,,,,,,,
2023,R2,E031,"E031 Basaveshwara Engineering College  Bagalkot","CS Computers",14950,19702,17953,21780,15194,17577,40925,40849,,,,,,,,
2023,R2,E033,"E033 Sri Taralabalu Jagadguru Institute of Technology.  Ranebennur","CS Computers",58547,75247,65996,59504,72042,63163,122938,102722,,,,,,,,
2023,R2,E034,"E034 Sri Dharmasthala Manjunatheswara College of Engineering  Dharwad","AI Artificial Intelligence",14819,22343,16107,17134,20686,14935,50697,50202,,,,,,,,
2023,R2,E034,"E034 Sri Dharmasthala Manjunatheswara College of Engineering  Dharwad","CS Computers",10164,13322,12241,14015,12878,10912,37632,29011,,,,,,,,
2023,R2,E034,"E034 Sri Dharmasthala Manjunatheswara College of Engineering  Dharwad","IE Info.Science",12508,,14825,19495,13294,13635,46115,51677,,,,,,,,
2023,R2,E036,"E036 KLE Technological University(Formerly KLE Dr.MS Sheshagiri Col.)  Belgaum","CF CS(Artificial Intel.)",19602,36988,29281,,35493,22954,99343,69378,,,,,,,,
2023,R2,E036,"E036 KLE Technological University(Formerly KLE Dr.MS Sheshagiri Col.)  Belgaum","CS Computers",16417,20058,18757,23222,21220,17632,52588,59581,,,,,,,,
2023,R2,E037,"E037 K.L.S. Gogte Institute of Technology  Belgaum","CS Computers",9207,16170,11630,14727,13528,11186,36377,31101,,,,,,,,
2023,R2,E037,"E037 K.L.S. Gogte Institute of Technology  Belgaum","IE Info.Science",15045,17241,18060,21253,16401,15401,63124,65241,,,,,,,,
2023,R2,E038,"E038 B L D E As V.P. Dr. P. G. Hallakatti College of Engg. and Tech.  vijayapur","CA CS (AI, Machine Learning)",42102,60195,48181,50060,66957,42378,68973,116785,,,,,,,,
2023,R2,E038,"E038 B L D E As V.P. Dr. P. G. Hallakatti College of Engg. and Tech.  vijayapur","CS Computers",28737,43056,33927,31792,36495,29171,57344,73164,,,,,,,,
2023,R2,E038,"E038 B L D E As V.P. Dr. P. G. Hallakatti College of Engg. and Tech.  vijayapur","DS Comp. Sc. Engg- Data Sc.",51625,58849,66479,59303,64198,55649,97197,196506,,,,,,,,
2023,R2,E038,"E038 B L D E As V.P. Dr. P. G. Hallakatti College of Engg. and Tech.  vijayapur","IE Info.Science",37919,52853,39848,46088,39222,38680,88520,,,,,,,,,
2023,R2,E040,"E040 Hira Sugar Institute of Technology  Belagavi District,","CS Computers",45121,49530,56082,56182,51221,49146,101426,111208,,,,,,,,
2023,R2,E042,"E042 Khaja Banda Nawaz University  Kalburgi","CS Computers",47454,68420,80832,,,65608,96076,,,,,,,,,
2023,R2,E043,"E043 Gurunanak Dev Engineering College  Bidar","AI Artificial Intelligence",53806,,83687,,,42511,100049,,,,,,,,,
2023,R2,E043,"E043 Gurunanak Dev Engineering College  Bidar","CS Computers",34650,,45612,41976,47945,44025,47694,41200,,,,,,,,
2023,R2,E043,"E043 Gurunanak Dev Engineering College  Bidar","DS Comp. Sc. Engg- Data Sc.",58930,82093,104743,,119347,,74715,,,,,,,,,
2023,R2,E044,"E044 Bheemanna Khandre Institute of Technology  Bhalki","CA CS (AI, Machine Learning)",59730,,90822,,98580,63751,137546,110754,,,,,,,,
2023,R2,E044,"E044 Bheemanna Khandre Institute of Technology  Bhalki","CS Computers",39688,74262,54345,,,52954,58503,67369,,,,,,,,
2023,R2,E045,"E045 Rao Bahadur Y.Mahabaleswarappa Engineering College  Bellari","CS Computers",44261,50270,50596,53818,58738,49668,75090,53586,,,,,,,,
2023,R2,E046,"E046 H K Es S L N College of Engineering  Raichur","CS Computers",59416,,63451,79902,,74618,101495,85208,,,,,,,,
2023,R2,E047,"E047 Malnad College of Engineering  Hassan","CA CS (AI, Machine Learning)",23935,43588,27692,,25139,30299,96264,128098,,,,,,,,
2023,R2,E047,"E047 Malnad College of Engineering  Hassan","CS Computers",15544,22595,19558,19887,15977,19156,45848,56293,,,,,,,,
2023,R2,E047,"E047 Malnad College of Engineering  Hassan","IE Info.Science",22651,29761,25073,27098,24566,23977,71344,90222,,,,,,,,
2023,R2,E048,"E048 B M S College of Engineering  Basavanagudi,Bangalore","AD Artificial Intel, Data Sc",2148,4149,4936,,,3641,26412,32060,,,,,,,,
2023,R2,E048,"E048 B M S College of Engineering  Basavanagudi,Bangalore","AI Artificial Intelligence",2399,6321,5072,7912,3113,3151,26254,32443,,,,,,,,
2023,R2,E048,"E048 B M S College of Engineering  Basavanagudi,Bangalore","CS Computers",1027,2623,2953,3844,1594,1838,13450,14210,,,,,,,,
2023,R2,E048,"E048 B M S College of Engineering  Basavanagudi,Bangalore","DS Comp. Sc. Engg- Data Sc.",1559,,4298,5602,2538,2733,28717,25839,,,,,,,,
2023,R2,E048,"E048 B M S College of Engineering  Basavanagudi,Bangalore","IC CS-IoT, Cyber Security",2368,,5796,,3885,3529,31831,45241,,,,,,,,
2023,R2,E048,"E048 B M S College of Engineering  Basavanagudi,Bangalore","IE Info.Science",1927,3939,4202,6438,2065,2220,22204,24825,,,,,,,,
2023,R2,E049,"E049 Basaveshwara Engineering College  Bagalkot","AI Artificial Intelligence",27798,48697,33269,36382,34488,29649,86932,92976,,,,,,,,
2023,R2,E049,"E049 Basaveshwara Engineering College  Bagalkot","CS Computers",19216,,21205,26035,23297,19470,58303,46564,,,,,,,,
2023,R2,E049,"E049 Basaveshwara Engineering College  Bagalkot","IE Info.Science",27243,40452,30406,30906,27976,28793,95045,90403,,,,,,,,
2023,R2,E054,"E054 K V G College of Engineering  Sullia,D.K District","CS Computers",59332,66287,74984,79598,59680,65087,128224,103866,,,,,,,,
2023,R2,E055,"E055 P A College of Engineering  Bantwal, Mangalore","CS Computers",59058,65866,81460,63578,77387,67970,149935,125335,,,,,,,,
2023,R2,E057,"E057 JSS Science and Technology University(Formerly SJCE)  Mysore","CS Computers",3063,4819,5921,10198,3227,3448,19827,16082,,,,,,,,
2023,R2,E057,"E057 JSS Science and Technology University(Formerly SJCE)  Mysore","IE Info.Science",3835,7403,6824,10421,4097,3889,23940,24693,,,,,,,,
2023,R2,E058,"E058 P E S College of Engineering  Mandya","CA CS (AI, Machine Learning)",22300,28223,27754,28959,22325,22376,56923,123988,,,,,,,,
2023,R2,E058,"E058 P E S College of Engineering  Mandya","CS Computers",16230,22522,20307,24166,16262,16843,45564,39832,,,,,,,,
2023,R2,E058,"E058 P E S College of Engineering  Mandya","DS Comp. Sc. Engg- Data Sc.",27404,29934,35679,32544,28286,27503,76926,108218,,,,,,,,
2023,R2,E058,"E058 P E S College of Engineering  Mandya","IE Info.Science",18223,24498,21424,33333,18259,18329,55588,60667,,,,,,,,
2023,R2,E059,"E059 P D A College of Engineering  Gulbarga","AI Artificial Intelligence",31385,,55896,32401,,,55810,116759,,,,,,,,
2023,R2,E059,"E059 P D A College of Engineering  Gulbarga","CD Computer Sc. and Design",50981,,58097,,120945,,76258,100345,,,,,,,,
2023,R2,E059,"E059 P D A College of Engineering  Gulbarga","CS Computers",24595,27438,27983,31180,31024,27958,41131,45666,,,,,,,,
2023,R2,E059,"E059 P D A College of Engineering  Gulbarga","IE Info.Science",39005,62572,40536,,,,78610,,,,,,,,,
2023,R2,E060,"E060 Dr. Ambedkar Institute Of Technology  Jnanabharathi Campus,Bangalore","AI Artificial Intelligence",15564,16205,19850,,16635,17696,36595,52560,,,,,,,,
2023,R2,E060,"E060 Dr. Ambedkar Institute Of Technology  Jnanabharathi Campus,Bangalore","CS Computers",12920,15533,14588,18576,13006,13208,34357,33953,,,,,,,,
2023,R2,E060,"E060 Dr. Ambedkar Institute Of Technology  Jnanabharathi Campus,Bangalore","IE Info.Science",14147,19366,17072,21014,14331,14202,41594,45406,,,,,,,,
2023,R2,E061,"E061 University B.D.T. college of Engineering  Davangere","CS Computers",18422,23587,21570,23213,22301,19743,37460,38756,,,,,,,,
2023,R2,E062,"E062 Bapuji Institute of Engineering and Technology  Davangere","AI Artificial Intelligence",31214,50249,38761,35248,34434,32844,94195,70042,,,,,,,,
2023,R2,E062,"E062 Bapuji Institute of Engineering and Technology  Davangere","CD Computer Sc. and Design",50240,53359,58661,79607,56774,53799,150812,78818,,,,,,,,
2023,R2,E062,"E062 Bapuji Institute of Engineering and Technology  Davangere","CS Computers",20450,28891,25072,26943,22986,21587,60038,43863,,,,,,,,
2023,R2,E062,"E062 Bapuji Institute of Engineering and Technology  Davangere","DS Comp. Sc. Engg- Data Sc.",35752,58346,41420,38486,37660,36396,86444,74519,,,,,,,,
2023,R2,E062,"E062 Bapuji Institute of Engineering and Technology  Davangere","IE Info.Science",27730,42858,32818,32570,36299,30574,109803,66278,,,,,,,,
2023,R2,E064,"E064 Adhichunchanagiri Institute of Technology  Chickmagalur","AI Artificial Intelligence",41174,50127,51867,41850,47486,42318,156485,146180,,,,,,,,
2023,R2,E064,"E064 Adhichunchanagiri Institute of Technology  Chickmagalur","CS Computers",30186,44010,36294,35440,31374,32360,73725,84606,,,,,,,,
2023,R2,E064,"E064 Adhichunchanagiri Institute of Technology  Chickmagalur","DS Comp. Sc. Engg- Data Sc.",55017,65109,65833,62360,56607,56669,156045,105565,,,,,,,,
2023,R2,E064,"E064 Adhichunchanagiri Institute of Technology  Chickmagalur","IE Info.Science",36429,44659,41937,,,43481,98261,133078,,,,,,,,
2023,R2,E065,"E065 Jawaharlal Nehru National College of Engineering  Shimoga","AI Artificial Intelligence",32678,35976,39008,39054,,33534,74371,61552,,,,,,,,
2023,R2,E065,"E065 Jawaharlal Nehru National College of Engineering  Shimoga","CS Computers",20835,22386,25636,27525,22649,23239,55715,69012,,,,,,,,
2023,R2,E065,"E065 Jawaharlal Nehru National College of Engineering  Shimoga","DS Comp. Sc. Engg- Data Sc.",37281,46317,46367,51830,,39484,111499,126322,,,,,,,,
2023,R2,E065,"E065 Jawaharlal Nehru National College of Engineering  Shimoga","IE Info.Science",29384,32053,35222,40607,29603,29784,93639,128275,,,,,,,,
2023,R2,E070,"E070 Bahubali College of Engineering  Hassan Dist,","CS Computers",58861,69826,71333,71955,62719,64748,109252,62844,,,,,,,,
2023,R2,E071,"E071 Vidya Vardhaka College of Engineering  Mysuru","CA CS (AI, Machine Learning)",16655,23545,21085,22129,17245,17012,51623,69321,,,,,,,,
2023,R2,E071,"E071 Vidya Vardhaka College of Engineering  Mysuru","CS Computers",11071,17575,13873,20952,11859,12028,40863,36437,,,,,,,,
2023,R2,E071,"E071 Vidya Vardhaka College of Engineering  Mysuru","IE Info.Science",14689,18716,19501,28845,15662,15793,52687,50854,,,,,,,,
2023,R2,E075,"E075 Ballari Institute of Technology and Management  Near Allipur Bellary","AI Artificial Intelligence",39627,53166,53819,51957,52430,55919,91525,63886,,,,,,,,
2023,R2,E075,"E075 Ballari Institute of Technology and Management  Near Allipur Bellary","CF CS(Artificial Intel.)",47643,,59107,59918,,58612,86943,111924,,,,,,,,
2023,R2,E075,"E075 Ballari Institute of Technology and Management  Near Allipur Bellary","CS Computers",20977,37129,24018,25612,21520,25363,40628,43374,,,,,,,,
2023,R2,E075,"E075 Ballari Institute of Technology and Management  Near Allipur Bellary","DS Comp. Sc. Engg- Data Sc.",42986,,61361,64751,67556,47519,144552,82377,,,,,,,,
2023,R2,E076,"E076 Proudadevaraya Institute of Technology  Indiranagar Hospet, Ballari DT","CS Computers",51864,,61358,83866,,52968,91569,103270,,,,,,,,
2023,R2,E077,"E077 Vidya Vikas Institute of Engineering and Technology  Mysuru","CS Computers",25249,36927,29375,29376,26063,27963,63818,64528,,,,,,,,
2023,R2,E077,"E077 Vidya Vikas Institute of Engineering and Technology  Mysuru","IE Info.Science",35452,46011,41836,38706,35667,37592,91275,102471,,,,,,,,
2023,R2,E078,"E078 The Oxford College of Engineering  Bangalore","AI Artificial Intelligence",29607,34109,36417,,30785,34538,88328,138331,,,,,,,,
2023,R2,E078,"E078 The Oxford College of Engineering  Bangalore","CS Computers",25465,32615,28321,32397,26462,28050,63462,71374,,,,,,,,
2023,R2,E078,"E078 The Oxford College of Engineering  Bangalore","IE Info.Science",32429,32954,36421,39441,33717,32499,103514,127542,,,,,,,,
2023,R2,E079,"E079 Acharya Institute of Technology  Bangalore","AI Artificial Intelligence",22180,27091,26018,29896,22627,23437,66419,84828,,,,,,,,
2023,R2,E079,"E079 Acharya Institute of Technology  Bangalore","CS Computers",15799,19799,18954,20212,16325,16925,48563,43683,,,,,,,,
2023,R2,E079,"E079 Acharya Institute of Technology  Bangalore","DS Comp. Sc. Engg- Data Sc.",23802,25485,25304,28016,24030,24050,77984,68282,,,,,,,,
2023,R2,E079,"E079 Acharya Institute of Technology  Bangalore","IE Info.Science",18999,22117,22278,27060,19574,19624,66771,74417,,,,,,,,
2023,R2,E082,"E082 J S S Academy of Technical Education  Bangalore","CA CS (AI, Machine Learning)",17248,19108,21607,26444,17250,17747,77693,122699,,,,,,,,
2023,R2,E082,"E082 J S S Academy of Technical Education  Bangalore","CS Computers",11394,17974,15547,21055,12343,12125,50893,45732,,,,,,,,
2023,R2,E082,"E082 J S S Academy of Technical Education  Bangalore","IE Info.Science",14867,21562,19378,28733,15736,15947,66982,84597,,,,,,,,
2023,R2,E082,"E082 J S S Academy of Technical Education  Bangalore","RA Robotics and Automation",35979,112675,49524,,,,76337,,,,,,,,,
2023,R2,E083,"E083 H.K.B.K.College of Engineering  Bangalore","AI Artificial Intelligence",50402,57026,58890,54212,52327,50825,113417,120347,,,,,,,,
2023,R2,E083,"E083 H.K.B.K.College of Engineering  Bangalore","CS Computers",40164,45181,50186,42000,40854,44488,86036,119406,,,,,,,,
2023,R2,E083,"E083 H.K.B.K.College of Engineering  Bangalore","IE Info.Science",50996,54243,58871,51185,51777,52416,120494,136546,,,,,,,,
2023,R2,E085,"E085 APS College of Engineering  Somanahalli, Bangalore","CA CS (AI, Machine Learning)",57997,,66989,,,62049,123775,160368,,,,,,,,
2023,R2,E085,"E085 APS College of Engineering  Somanahalli, Bangalore","CS Computers",40785,45756,45453,41400,41076,41686,84654,96664,,,,,,,,
2023,R2,E085,"E085 APS College of Engineering  Somanahalli, Bangalore","CY CS- Cyber Security",59011,,70377,90506,65829,,145683,,,,,,,,,
2023,R2,E085,"E085 APS College of Engineering  Somanahalli, Bangalore","IE Info.Science",54135,56504,59710,72106,56771,57004,126991,157250,,,,,,,,
2023,R2,E086,"E086 Sri Sairam College of Engineering(Formerly Shirdi Sai Engg)  Anekal,Bangalore","AI Artificial Intelligence",58865,60526,61569,,60718,63693,135744,111677,,,,,,,,
2023,R2,E086,"E086 Sri Sairam College of Engineering(Formerly Shirdi Sai Engg)  Anekal,Bangalore","CS Computers",43551,58130,50156,55838,44757,49198,85136,108897,,,,,,,,
2023,R2,E086,"E086 Sri Sairam College of Engineering(Formerly Shirdi Sai Engg)  Anekal,Bangalore","IE Info.Science",54640,69530,60899,67954,56056,55180,137215,99763,,,,,,,,
2023,R2,E087,"E087 Vivekananada Institute of Technology  Bangalore","AI Artificial Intelligence",44360,58324,55837,73511,47319,49265,103543,133301,,,,,,,,
2023,R2,E087,"E087 Vivekananada Institute of Technology  Bangalore","CS Computers",36342,48582,42271,49224,37801,38085,78868,95003,,,,,,,,
2023,R2,E087,"E087 Vivekananada Institute of Technology  Bangalore","IE Info.Science",48469,59398,57319,76037,49128,51172,121667,134788,,,,,,,,
2023,R2,E088,"E088 Bangalore College of Engineering and Technology  Chandapura, Bangalore","AI Artificial Intelligence",56581,77335,63881,74679,60949,61741,105390,161377,,,,,,,,
2023,R2,E088,"E088 Bangalore College of Engineering and Technology  Chandapura, Bangalore","CS Computers",39588,42394,42926,44164,39874,44048,90455,92731,,,,,,,,
2023,R2,E088,"E088 Bangalore College of Engineering and Technology  Chandapura, Bangalore","IE Info.Science",45234,67994,63440,,54151,,118381,166501,,,,,,,,
2023,R2,E090,"E090 Sri Revana Siddeswara Institute of Technology  Bangalore North","CS Computers",44684,64117,53815,56435,45556,47100,108384,79765,,,,,,,,
2023,R2,E091,"E091 K S Institute of Technology  Bangalore","AI Artificial Intelligence",30285,41309,35854,37015,31902,38173,79351,138418,,,,,,,,
2023,R2,E091,"E091 K S Institute of Technology  Bangalore","CD Computer Sc. and Design",37430,73228,57687,46155,46898,42878,152000,,,,,,,,,
2023,R2,E091,"E091 K S Institute of Technology  Bangalore","CS Computers",26369,35636,32022,31571,26778,29572,83743,102384,,,,,,,,
2023,R2,E091,"E091 K S Institute of Technology  Bangalore","IC CS-IoT, Cyber Security",39511,64340,58093,47649,44644,48391,163203,,,,,,,,,
2023,R2,E092,"E092 Vemana Institute of Technology  Bangalore","AI Artificial Intelligence",47497,55082,51595,58901,51554,51093,122105,136027,,,,,,,,
2023,R2,E092,"E092 Vemana Institute of Technology  Bangalore","CS Computers",37512,47975,43817,42205,39749,40119,85521,82639,,,,,,,,
2023,R2,E092,"E092 Vemana Institute of Technology  Bangalore","DS Comp. Sc. Engg- Data Sc.",56252,71571,68458,66551,56678,65491,122667,158143,,,,,,,,
2023,R2,E092,"E092 Vemana Institute of Technology  Bangalore","IE Info.Science",48682,54424,58691,64608,50053,50416,133032,174879,,,,,,,,
2023,R2,E093,"E093 Basavakalyana Engineering College  Basavakalyana, Bidar-Dist","CS Computers",53398,,61193,,76636,,110812,,,,,,,,,
2023,R2,E094,"E094 Coorg Institute of Technology  Kodagu","CS Computers",50890,55453,63198,91550,,53622,80887,101443,,,,,,,,
2023,R2,E095,"E095 AMC Engineering College  Bangalore","AI Artificial Intelligence",31865,39268,44793,38690,31900,32104,77682,92679,,,,,,,,
2023,R2,E095,"E095 AMC Engineering College  Bangalore","CA CS (AI, Machine Learning)",44985,53355,54358,50565,48223,49577,123462,188932,,,,,,,,
2023,R2,E095,"E095 AMC Engineering College  Bangalore","CS Computers",28949,34359,33839,36040,29946,31298,73081,66377,,,,,,,,
2023,R2,E095,"E095 AMC Engineering College  Bangalore","DS Comp. Sc. Engg- Data Sc.",46104,48873,53607,50879,51076,47866,128796,127134,,,,,,,,
2023,R2,E095,"E095 AMC Engineering College  Bangalore","IE Info.Science",38605,49099,42339,43833,39179,41367,127474,140888,,,,,,,,
2023,R2,E096,"E096 East Point College of Engineering and Technology  Bangalore","AD Artificial Intel, Data Sc",43781,57108,49209,52340,44789,48441,101318,77715,,,,,,,,
2023,R2,E096,"E096 East Point College of Engineering and Technology  Bangalore","CA CS (AI, Machine Learning)",43381,60016,57387,55663,44639,53051,87761,111823,,,,,,,,
2023,R2,E096,"E096 East Point College of Engineering and Technology  Bangalore","CS Computers",31447,35477,41203,35106,32547,32969,64337,76652,,,,,,,,
2023,R2,E096,"E096 East Point College of Engineering and Technology  Bangalore","IE Info.Science",46798,49814,53625,58145,47295,48231,117142,190355,,,,,,,,
2023,R2,E097,"E097 C M R Institute of Technology  Bangalore","AD Artificial Intel, Data Sc",19400,21730,23064,20653,19965,21041,61175,82393,,,,,,,,
2023,R2,E097,"E097 C M R Institute of Technology  Bangalore","AI Artificial Intelligence",18111,20494,20696,28225,19003,18663,51951,73768,,,,,,,,
2023,R2,E097,"E097 C M R Institute of Technology  Bangalore","CA CS (AI, Machine Learning)",16845,21238,21977,17581,17061,17109,45416,59362,,,,,,,,
2023,R2,E097,"E097 C M R Institute of Technology  Bangalore","CS Computers",11599,14970,14057,18350,12115,12231,39658,44127,,,,,,,,
2023,R2,E097,"E097 C M R Institute of Technology  Bangalore","DS Comp. Sc. Engg- Data Sc.",18260,24480,22323,23471,18817,18890,58898,78089,,,,,,,,
2023,R2,E097,"E097 C M R Institute of Technology  Bangalore","IE Info.Science",15584,19535,17845,26517,15758,16871,57962,73440,,,,,,,,
2023,R2,E098,"E098 Atria Institute of Technology  Bangalore","AI Artificial Intelligence",31840,32297,40805,38195,34999,32111,93931,105315,,,,,,,,
2023,R2,E098,"E098 Atria Institute of Technology  Bangalore","CD Computer Sc. and Design",52947,68727,63505,60557,56767,55596,144959,177213,,,,,,,,
2023,R2,E098,"E098 Atria Institute of Technology  Bangalore","CS Computers",25761,31530,30797,29242,26049,27996,80728,72369,,,,,,,,
2023,R2,E098,"E098 Atria Institute of Technology  Bangalore","DS Comp. Sc. Engg- Data Sc.",36291,36961,39303,40373,36939,45149,98905,119087,,,,,,,,
2023,R2,E098,"E098 Atria Institute of Technology  Bangalore","IE Info.Science",34361,37571,37895,38579,34941,36542,109636,182309,,,,,,,,
2023,R2,E099,"E099 New Horizon College of Engineering  Bangalore","AI Artificial Intelligence",14504,17907,17709,24523,15053,18374,57915,71338,,,,,,,,
2023,R2,E099,"E099 New Horizon College of Engineering  Bangalore","CS Computers",9034,11706,12658,15315,10607,9986,37302,37232,,,,,,,,
2023,R2,E099,"E099 New Horizon College of Engineering  Bangalore","DS Comp. Sc. Engg- Data Sc.",15764,19863,20438,22425,16963,18043,67414,72141,,,,,,,,
2023,R2,E099,"E099 New Horizon College of Engineering  Bangalore","IE Info.Science",11159,14975,14918,19332,12776,13613,52659,54621,,,,,,,,
2023,R2,E100,"E100 K N S Institute of Technology  Bangalore","AI Artificial Intelligence",58478,64125,68622,77879,61055,61237,134823,184328,,,,,,,,
2023,R2,E100,"E100 K N S Institute of Technology  Bangalore","CS Computers",52074,54714,63054,57085,52803,53356,92124,104215,,,,,,,,
2023,R2,E100,"E100 K N S Institute of Technology  Bangalore","IE Info.Science",59025,66226,69333,62097,,64265,135274,173553,,,,,,,,
2023,R2,E101,"E101 Channabasaveshwara Institute of Technology  Gubbi, Tumkur","AD Artificial Intel, Data Sc",53368,69535,54360,64948,56611,56101,109455,75702,,,,,,,,
2023,R2,E101,"E101 Channabasaveshwara Institute of Technology  Gubbi, Tumkur","CS Computers",35956,42969,47350,38538,37936,39225,102436,92516,,,,,,,,
2023,R2,E101,"E101 Channabasaveshwara Institute of Technology  Gubbi, Tumkur","IE Info.Science",44305,48328,51613,54901,,45929,131575,121095,,,,,,,,
2023,R2,E102,"E102 DONBOSCO Institute of Technology  Bangalore","AD Artificial Intel, Data Sc",39699,57618,41833,49806,40340,39747,86453,131093,,,,,,,,
2023,R2,E102,"E102 DONBOSCO Institute of Technology  Bangalore","CA CS (AI, Machine Learning)",42976,52714,52529,62006,43811,48729,125271,175906,,,,,,,,
2023,R2,E102,"E102 DONBOSCO Institute of Technology  Bangalore","CS Computers",28212,40025,31998,38581,28305,30044,81660,78798,,,,,,,,
2023,R2,E102,"E102 DONBOSCO Institute of Technology  Bangalore","IE Info.Science",37268,45705,45892,58606,38568,41974,119232,179837,,,,,,,,
2023,R2,E103,"E103 Global Academy of Technology  Bangalore","AD Artificial Intel, Data Sc",24170,,28023,41179,24516,25458,75882,102716,,,,,,,,
2023,R2,E103,"E103 Global Academy of Technology  Bangalore","AI Artificial Intelligence",22915,,28687,34842,23502,23622,89966,112888,,,,,,,,
2023,R2,E103,"E103 Global Academy of Technology  Bangalore","CA CS (AI, Machine Learning)",22621,26400,26316,40319,23523,23486,86499,122302,,,,,,,,
2023,R2,E103,"E103 Global Academy of Technology  Bangalore","CS Computers",17308,21564,20978,28216,17819,18667,58252,63937,,,,,,,,
2023,R2,E103,"E103 Global Academy of Technology  Bangalore","IE Info.Science",21956,24406,24542,39081,22445,22566,84089,111942,,,,,,,,
2023,R2,E104,"E104 Nagarjuna College of Engineering and Technology  Bangalore (R)","CA CS (AI, Machine Learning)",52627,60837,69896,61422,54087,57022,111460,,,,,,,,,
2023,R2,E104,"E104 Nagarjuna College of Engineering and Technology  Bangalore (R)","CS Computers",38726,51481,48009,50905,40041,41754,95405,95037,,,,,,,,
2023,R2,E104,"E104 Nagarjuna College of Engineering and Technology  Bangalore (R)","IE Info.Science",45124,55567,49131,55813,45864,45899,110946,98399,,,,,,,,
2023,R2,E105,"E105 Nitte Meenakshi Institutute of Technology  Bangalore","AD Artificial Intel, Data Sc",10580,16180,15010,14851,10991,10664,44093,47986,,,,,,,,
2023,R2,E105,"E105 Nitte Meenakshi Institutute of Technology  Bangalore","AI Artificial Intelligence",10517,15829,13753,15358,11384,10868,38837,35909,,,,,,,,
2023,R2,E105,"E105 Nitte Meenakshi Institutute of Technology  Bangalore","CS Computers",7145,9802,10117,10630,7748,8149,29566,31919,,,,,,,,
2023,R2,E105,"E105 Nitte Meenakshi Institutute of Technology  Bangalore","IE Info.Science",10183,14837,12700,18539,10968,10519,48420,51284,,,,,,,,
2023,R2,E106,"E106 East West Institute of Technology  Bangalore","AD Artificial Intel, Data Sc",47906,58784,60085,66646,53257,49947,97783,140798,,,,,,,,
2023,R2,E106,"E106 East West Institute of Technology  Bangalore","AI Artificial Intelligence",45179,59458,49981,66661,,46754,101115,150687,,,,,,,,
2023,R2,E106,"E106 East West Institute of Technology  Bangalore","CA CS (AI, Machine Learning)",51814,,62892,58372,55523,52427,130138,155642,,,,,,,,
2023,R2,E106,"E106 East West Institute of Technology  Bangalore","CS Computers",34318,44160,39642,52902,35781,35601,91217,80307,,,,,,,,
2023,R2,E106,"E106 East West Institute of Technology  Bangalore","IE Info.Science",42396,43979,49449,58755,42595,43174,120196,159863,,,,,,,,
2023,R2,E107,"E107 B N M Institute of Technology  Bangalore","AI Artificial Intelligence",13996,20372,19940,25160,14063,14126,59171,100248,,,,,,,,
2023,R2,E107,"E107 B N M Institute of Technology  Bangalore","CS Computers",9008,13657,13838,13451,9242,10356,48891,45169,,,,,,,,
2023,R2,E107,"E107 B N M Institute of Technology  Bangalore","IE Info.Science",10401,14438,14668,24277,12012,10596,50555,61727,,,,,,,,
2023,R2,E108,"E108 Sapthagiri College of Engineering  Bangalore","CS Computers",21522,23831,24303,32511,22242,23441,62833,64154,,,,,,,,
2023,R2,E108,"E108 Sapthagiri College of Engineering  Bangalore","IE Info.Science",25708,28438,28909,40447,26120,28026,105584,137584,,,,,,,,
2023,R2,E109,"E109 City Engineering College  Bangalore","CS Computers",56468,61272,67328,62258,56902,59816,109099,125853,,,,,,,,
2023,R2,E111,"E111 Sri Venkateshwara College of Engineering  Bettahalsur(P), Bangalore","CF CS(Artificial Intel.)",47194,73340,63142,52258,51453,51579,123175,74878,,,,,,,,
2023,R2,E111,"E111 Sri Venkateshwara College of Engineering  Bettahalsur(P), Bangalore","CS Computers",37537,42059,42667,54110,39063,41014,96185,87602,,,,,,,,
2023,R2,E111,"E111 Sri Venkateshwara College of Engineering  Bettahalsur(P), Bangalore","CY CS- Cyber Security",60932,82740,73815,61517,61870,48273,127191,141463,,,,,,,,
2023,R2,E111,"E111 Sri Venkateshwara College of Engineering  Bettahalsur(P), Bangalore","DS Comp. Sc. Engg- Data Sc.",56580,76875,69439,76547,59314,60403,146916,110578,,,,,,,,
2023,R2,E111,"E111 Sri Venkateshwara College of Engineering  Bettahalsur(P), Bangalore","IE Info.Science",42543,57507,46537,59554,43333,45988,106087,163703,,,,,,,,
2023,R2,E112,"E112 Sri Krishna Institute of Technology  Bangalore","CS Computers",47375,48039,59623,58770,49991,52158,99762,128071,,,,,,,,
2023,R2,E112,"E112 Sri Krishna Institute of Technology  Bangalore","IE Info.Science",55251,60825,64699,76595,57812,56719,128764,,,,,,,,,
2023,R2,E113,"E113 Sambhram Institute of Technology  Bangalore","CS Computers",53781,56995,63595,70206,57937,57178,114955,126215,,,,,,,,
2023,R2,E114,"E114 G M Institute of Technology  Davanagere","AI Artificial Intelligence",46702,50926,50873,50421,48791,48591,144007,136791,,,,,,,,
2023,R2,E114,"E114 G M Institute of Technology  Davanagere","CS Computers",27244,32874,31093,33752,37671,27538,80251,53892,,,,,,,,
2023,R2,E114,"E114 G M Institute of Technology  Davanagere","IE Info.Science",33363,36607,39705,34576,39046,33843,110644,61585,,,,,,,,
2023,R2,E115,"E115 S J B Institute of Technology  Kengeri,Bangalore (ATNMS)","AI Artificial Intelligence",20566,27156,23349,32178,20661,20961,77750,125519,,,,,,,,
2023,R2,E115,"E115 S J B Institute of Technology  Kengeri,Bangalore (ATNMS)","CS Computers",15434,18960,19459,23748,15807,17690,55582,62660,,,,,,,,
2023,R2,E115,"E115 S J B Institute of Technology  Kengeri,Bangalore (ATNMS)","DS Comp. Sc. Engg- Data Sc.",21405,28867,25127,35586,,22187,84278,140819,,,,,,,,
2023,R2,E115,"E115 S J B Institute of Technology  Kengeri,Bangalore (ATNMS)","IE Info.Science",19058,23680,23194,30438,19506,20792,80708,98605,,,,,,,,
2023,R2,E118,"E118 RNS Institute of Technology  Bangalore","AD Artificial Intel, Data Sc",13837,14844,14011,28284,14048,14901,43141,55744,,,,,,,,
2023,R2,E118,"E118 RNS Institute of Technology  Bangalore","CA CS (AI, Machine Learning)",14193,19728,19841,28501,14473,16292,63752,95156,,,,,,,,
2023,R2,E118,"E118 RNS Institute of Technology  Bangalore","CS Computers",8222,12778,11029,17339,8603,8596,35233,38911,,,,,,,,
2023,R2,E118,"E118 RNS Institute of Technology  Bangalore","CY CS- Cyber Security",15274,21651,20609,28584,15940,15572,66264,82402,,,,,,,,
2023,R2,E118,"E118 RNS Institute of Technology  Bangalore","DS Comp. Sc. Engg- Data Sc.",15021,19921,19851,28128,15912,15953,73389,96809,,,,,,,,
2023,R2,E118,"E118 RNS Institute of Technology  Bangalore","IE Info.Science",11410,16311,13120,25425,11858,11634,52361,70096,,,,,,,,
2023,R2,E119,"E119 K C T Engineering College  Roza(B),Gulbarga","CS Computers",47544,,69328,,,56720,114206,,,,,,,,,
2023,R2,E121,"E121 Vivekananada College of Engineering Technology  D K DIST","AI Artificial Intelligence",37299,62263,73928,89869,64141,77431,185349,82707,,,,,,,,
2023,R2,E121,"E121 Vivekananada College of Engineering Technology  D K DIST","CS Computers",38250,66567,58613,79777,47144,49549,121627,65602,,,,,,,,
2023,R2,E121,"E121 Vivekananada College of Engineering Technology  D K DIST","DS Comp. Sc. Engg- Data Sc.",55373,75801,70686,85647,61051,58476,190518,116017,,,,,,,,
2023,R2,E123,"E123 Canara Engineering College Bantwal  DK DIST","AI Artificial Intelligence",50301,56985,64591,67877,50912,56179,197847,187665,,,,,,,,
2023,R2,E123,"E123 Canara Engineering College Bantwal  DK DIST","CS Computers",34330,39318,36610,41368,44268,42607,142302,120453,,,,,,,,
2023,R2,E123,"E123 Canara Engineering College Bantwal  DK DIST","IE Info.Science",44994,47234,48834,56020,54620,54645,198804,,,,,,,,,
2023,R2,E124,"E124 Rajiv Gandhi Institute of Technology  R.T Nagar Post, Bangalore","CS Computers",49103,61137,58831,56228,50137,50381,96240,111155,,,,,,,,
2023,R2,E126,"E126 B M S Institute of Technology and Management  Yelahanka, Bangalore","AI Artificial Intelligence",8960,10885,13519,13202,9209,10602,48125,51968,,,,,,,,
2023,R2,E126,"E126 B M S Institute of Technology and Management  Yelahanka, Bangalore","CS Computers",5164,9380,6951,10873,6229,5821,31208,26429,,,,,,,,
2023,R2,E126,"E126 B M S Institute of Technology and Management  Yelahanka, Bangalore","IE Info.Science",7693,11617,11720,14631,8299,7983,44422,49500,,,,,,,,
2023,R2,E128,"E128 Sharnbasva University(Formerly Appa Inst. of Tech.)  Brahmpur, Kalaburagi","AD Artificial Intel, Data Sc",44722,,58183,45677,,,89754,,,,,,,,,
2023,R2,E128,"E128 Sharnbasva University(Formerly Appa Inst. of Tech.)  Brahmpur, Kalaburagi","BW B Tech in CS",31510,47428,40691,38895,,32836,76048,73042,,,,,,,,
2023,R2,E128,"E128 Sharnbasva University(Formerly Appa Inst. of Tech.)  Brahmpur, Kalaburagi","CD Computer Sc. and Design",57945,85797,68540,,133047,,104471,73080,,,,,,,,
2023,R2,E129,"E129 St. Joseph Engineering College  Mangalore","AI Artificial Intelligence",19405,34212,27548,,,22514,121617,111908,,,,,,,,
2023,R2,E129,"E129 St. Joseph Engineering College  Mangalore","CS Computers",15972,24600,24863,25163,27939,16947,84695,72022,,,,,,,,
2023,R2,E129,"E129 St. Joseph Engineering College  Mangalore","DS Comp. Sc. Engg- Data Sc.",20210,32922,30621,29565,,23574,145812,31971,,,,,,,,
2023,R2,E130,"E130 Shridevi Institute of Engineering and Technology  Tumkur","CS Computers",58951,78354,62876,59318,59793,63135,111096,105549,,,,,,,,
2023,R2,E133,"E133 G S S S Institute of Engineering and Technology for Women  Mysore","AD Artificial Intel, Data Sc",27734,,32366,33755,28089,28170,66410,51858,,,,,,,,
2023,R2,E133,"E133 G S S S Institute of Engineering and Technology for Women  Mysore","CA CS (AI, Machine Learning)",24282,24758,32988,,24393,24973,68592,53845,,,,,,,,
2023,R2,E133,"E133 G S S S Institute of Engineering and Technology for Women  Mysore","CS Computers",17421,22031,22171,19518,17934,17903,51070,38941,,,,,,,,
2023,R2,E133,"E133 G S S S Institute of Engineering and Technology for Women  Mysore","IE Info.Science",21092,24306,23160,21579,22003,21815,64829,45345,,,,,,,,
2023,R2,E134,"E134 Smt. Kamala and Sri Venkappa M.Agadi College of Engg. and Tech.  Laxmeshwara-Tq, Gadag Dt.","CS Computers",38840,,44568,66362,51121,39845,98739,97689,,,,,,,,
2023,R2,E135,"E135 K L S Viswanathrao Deshpande Institute of Technology  Haliyal, Uttara Kannada -Dist","CA CS (AI, Machine Learning)",46145,51644,66945,62196,56591,50696,148141,,,,,,,,,
2023,R2,E135,"E135 K L S Viswanathrao Deshpande Institute of Technology  Haliyal, Uttara Kannada -Dist","CS Computers",30324,46034,35986,33878,37293,30518,97544,94420,,,,,,,,
2023,R2,E141,"E141 P E S University (Electronic City Campus)  Bangalore","BW B Tech in CS",4370,9668,8710,12313,6473,6561,39065,51698,,,,,,,,
2023,R2,E142,"E142 Adichunchanagiri University(Formerly BGSIT)  Nagamangala Taluk,Mandya Dist.","AI Artificial Intelligence",46813,66487,65773,50617,,52513,124323,120901,,,,,,,,
2023,R2,E142,"E142 Adichunchanagiri University(Formerly BGSIT)  Nagamangala Taluk,Mandya Dist.","CS Computers",33547,51278,46229,39931,34265,43344,92253,120982,,,,,,,,
2023,R2,E142,"E142 Adichunchanagiri University(Formerly BGSIT)  Nagamangala Taluk,Mandya Dist.","IE Info.Science",39590,,55693,58128,41497,43622,122110,177216,,,,,,,,
2023,R2,E144,"E144 Srinivas Institute of Technology  Mangalore.","AI Artificial Intelligence",54692,93650,74780,73449,,65291,158242,118864,,,,,,,,
2023,R2,E144,"E144 Srinivas Institute of Technology  Mangalore.","CS Computers",41500,43164,50860,41654,52580,48219,130208,89806,,,,,,,,
2023,R2,E144,"E144 Srinivas Institute of Technology  Mangalore.","IE Info.Science",52460,54793,60553,,,,175742,105545,,,,,,,,
2023,R2,E145,"E145 Rajarajeswari College of Engineering  Kumbalagodu,Bangalore","AI Artificial Intelligence",38905,49400,44392,43950,39143,39840,90409,85599,,,,,,,,
2023,R2,E145,"E145 Rajarajeswari College of Engineering  Kumbalagodu,Bangalore","CS Computers",29478,40012,35015,38284,30643,30657,78213,83453,,,,,,,,
2023,R2,E145,"E145 Rajarajeswari College of Engineering  Kumbalagodu,Bangalore","IC CS-IoT, Cyber Security",56507,,74291,62867,56973,60674,154500,,,,,,,,,
2023,R2,E145,"E145 Rajarajeswari College of Engineering  Kumbalagodu,Bangalore","IE Info.Science",35257,51195,38712,43459,36076,36711,92695,117373,,,,,,,,
2023,R2,E147,"E147 T.John Engineering College  Bangalore","AI Artificial Intelligence",57423,,60359,,,58857,136760,165965,,,,,,,,
2023,R2,E147,"E147 T.John Engineering College  Bangalore","CS Computers",48477,48676,57984,56827,51454,55204,92378,133357,,,,,,,,
2023,R2,E147,"E147 T.John Engineering College  Bangalore","IE Info.Science",59971,71006,63515,71171,60853,61417,154356,165118,,,,,,,,
2023,R2,E149,"E149 Cambridge Institutute of Technology  Bangalore","AI Artificial Intelligence",29409,32914,34344,42212,30958,30569,75246,136233,,,,,,,,
2023,R2,E149,"E149 Cambridge Institutute of Technology  Bangalore","CS Computers",21920,28172,25550,28392,23537,22483,63059,72389,,,,,,,,
2023,R2,E149,"E149 Cambridge Institutute of Technology  Bangalore","IC CS-IoT, Cyber Security",37663,47863,47261,57184,39636,38170,133056,167206,,,,,,,,
2023,R2,E149,"E149 Cambridge Institutute of Technology  Bangalore","IE Info.Science",29636,33079,33159,33567,30639,30936,93714,153157,,,,,,,,
2023,R2,E150,"E150 P E S Institute of Technology and Management  Shivamogga","AI Artificial Intelligence",41875,44973,49956,50567,42157,44009,109094,85861,,,,,,,,
2023,R2,E150,"E150 P E S Institute of Technology and Management  Shivamogga","CS Computers",30766,35924,41351,37954,31117,32828,71911,81481,,,,,,,,
2023,R2,E150,"E150 P E S Institute of Technology and Management  Shivamogga","DS Comp. Sc. Engg- Data Sc.",59740,60262,72327,,61097,63223,130202,139435,,,,,,,,
2023,R2,E150,"E150 P E S Institute of Technology and Management  Shivamogga","IE Info.Science",37195,43229,44331,48837,38307,43571,97559,120026,,,,,,,,
2023,R2,E151,"E151 Mangalore Institute of Technology and Engineering  Mangalore Tq,D.K","AI Artificial Intelligence",30500,31788,37346,36914,38860,31483,136083,120282,,,,,,,,
2023,R2,E151,"E151 Mangalore Institute of Technology and Engineering  Mangalore Tq,D.K","CA CS (AI, Machine Learning)",30622,,34956,39626,37214,33644,172816,116727,,,,,,,,
2023,R2,E151,"E151 Mangalore Institute of Technology and Engineering  Mangalore Tq,D.K","CS Computers",21392,30195,28189,31909,28369,26389,87411,77672,,,,,,,,
2023,R2,E151,"E151 Mangalore Institute of Technology and Engineering  Mangalore Tq,D.K","IC CS-IoT, Cyber Security",36436,56775,37983,45515,43163,42719,181919,70669,,,,,,,,
2023,R2,E151,"E151 Mangalore Institute of Technology and Engineering  Mangalore Tq,D.K","IE Info.Science",30618,31098,33126,32906,33283,32883,126486,175228,,,,,,,,
2023,R2,E152,"E152 S D M Institute of Tech.  Ujire,Dakshina Kannada","AD Artificial Intel, Data Sc",48878,69536,53790,72875,,50113,158124,132233,,,,,,,,
2023,R2,E152,"E152 S D M Institute of Tech.  Ujire,Dakshina Kannada","CS Computers",36249,41470,40232,44058,41204,41898,101131,90189,,,,,,,,
2023,R2,E152,"E152 S D M Institute of Tech.  Ujire,Dakshina Kannada","IE Info.Science",45432,50221,50065,47070,48696,48340,161356,165001,,,,,,,,
2023,R2,E153,"E153 S E A College of Engineering and Technology  K R puram bangalore","CS Computers",59335,59450,68966,70382,59800,63317,113903,146564,,,,,,,,
2023,R2,E154,"E154 Government Engineering College  Chamarajanagara","CS Computers",48192,57431,64355,54775,55332,54669,80628,82724,,,,,,,,
2023,R2,E155,"E155 Government Engineering College  Hassan","CS Computers",25605,31017,34056,26179,27193,29680,50505,48799,,,,,,,,
2023,R2,E156,"E156 Government Engineering College  K R Pet, Mandya DT.","CS Computers",42735,51417,51660,58675,46426,52783,72736,71308,,,,,,,,
2023,R2,E157,"E157 Government Engineering College  Ramanagara","CS Computers",48371,57665,61069,71236,49803,55591,78335,85007,,,,,,,,
2023,R2,E158,"E158 Maharaja Institute of Technology-Mysore  Belawadi, Mandya Dist","CA CS (AI, Machine Learning)",36508,68750,37525,47111,36723,39650,86910,110773,,,,,,,,
2023,R2,E158,"E158 Maharaja Institute of Technology-Mysore  Belawadi, Mandya Dist","CF CS(Artificial Intel.)",45134,48030,52225,47765,,47484,130671,83561,,,,,,,,
2023,R2,E158,"E158 Maharaja Institute of Technology-Mysore  Belawadi, Mandya Dist","CS Computers",27291,32498,33898,36509,28245,28423,68500,62105,,,,,,,,
2023,R2,E158,"E158 Maharaja Institute of Technology-Mysore  Belawadi, Mandya Dist","DS Comp. Sc. Engg- Data Sc.",43371,51801,52603,52398,43787,47027,132049,111243,,,,,,,,
2023,R2,E158,"E158 Maharaja Institute of Technology-Mysore  Belawadi, Mandya Dist","IE Info.Science",32518,37236,37122,50323,32696,33391,84981,98685,,,,,,,,
2023,R2,E160,"E160 Sahyadri College of Engg. and Management  Mangalore","CA CS (AI, Machine Learning)",24444,32848,28036,28641,26469,26855,153024,173566,,,,,,,,
2023,R2,E160,"E160 Sahyadri College of Engg. and Management  Mangalore","CS Computers",13970,20017,18797,19585,23793,15672,68623,37535,,,,,,,,
2023,R2,E160,"E160 Sahyadri College of Engg. and Management  Mangalore","IE Info.Science",19876,19953,22370,27975,26592,22675,102152,72818,,,,,,,,
2023,R2,E161,"E161 Government Engineering College  Kushalnagar,Kodagu Dist","CS Computers",50533,56491,68110,58127,52794,55278,85626,88353,,,,,,,,
2023,R2,E162,"E162 Government Engineering College  Raichur","CS Computers",44440,,65927,,54834,,60765,67706,,,,,,,,
2023,R2,E163,"E163 Government Engineering College  Devagiri,Haveri","CS Computers",48854,60630,59175,64779,63663,54359,81903,75196,,,,,,,,
2023,R2,E165,"E165 Yenepoya Institute of Technology  Thodar,Moodbidri","CS Computers",59705,63284,70769,69621,64583,66446,132538,149489,,,,,,,,
2023,R2,E166,"E166 K L E Institute of Technology  Hubli","CS Computers",20146,21471,23555,22764,25111,20828,52949,60591,,,,,,,,
2023,R2,E167,"E167 K L E Ss K L E College of Engineering and Technology  Chikkodi, Belgaum Dist.","AD Artificial Intel, Data Sc",45675,60819,56166,,54959,47942,172214,141537,,,,,,,,
2023,R2,E167,"E167 K L E Ss K L E College of Engineering and Technology  Chikkodi, Belgaum Dist.","CS Computers",30638,51160,39436,35827,37463,31859,81380,82490,,,,,,,,
2023,R2,E169,"E169 Alva`s Institute of Engineering and Technology  Moodabidri,","AI Artificial Intelligence",49302,,59241,,54541,51960,114110,138313,,,,,,,,
2023,R2,E169,"E169 Alva`s Institute of Engineering and Technology  Moodabidri,","CS Computers",37449,48508,43807,68304,39638,39623,92614,105379,,,,,,,,
2023,R2,E169,"E169 Alva`s Institute of Engineering and Technology  Moodabidri,","IE Info.Science",48101,51576,56219,73738,50501,49407,130470,116829,,,,,,,,
2023,R2,E171,"E171 Brindavan College of Engineering  Yelahanka, Bangalore","CS Computers",53063,64144,60786,56950,54162,55120,113492,131987,,,,,,,,
2023,R2,E171,"E171 Brindavan College of Engineering  Yelahanka, Bangalore","IE Info.Science",59167,77521,67743,75670,60344,59584,127924,165936,,,,,,,,
2023,R2,E172,"E172 R.R.Institute of Technology  Chikkabanavara, Bangalore","CS Computers",48702,60836,56860,63558,49063,50915,114338,100737,,,,,,,,
2023,R2,E172,"E172 R.R.Institute of Technology  Chikkabanavara, Bangalore","IE Info.Science",56942,64759,61286,65442,57259,58238,137183,180221,,,,,,,,
2023,R2,E173,"E173 Sai Vidya Institute of Technology  Bangalore","CA CS (AI, Machine Learning)",46747,58558,59483,63210,46971,54128,128175,160168,,,,,,,,
2023,R2,E173,"E173 Sai Vidya Institute of Technology  Bangalore","CS Computers",29113,32005,33374,45102,30720,32408,89377,105166,,,,,,,,
2023,R2,E173,"E173 Sai Vidya Institute of Technology  Bangalore","DS Comp. Sc. Engg- Data Sc.",56401,68690,65598,73729,58440,60629,143154,,,,,,,,,
2023,R2,E173,"E173 Sai Vidya Institute of Technology  Bangalore","IE Info.Science",38763,45592,40143,56780,42664,41703,126830,182934,,,,,,,,
2023,R2,E175,"E175 S.G.Balekundri Institute of Technology  Belgaum","AD Artificial Intel, Data Sc",56986,106600,67426,58362,79180,59087,181987,183825,,,,,,,,
2023,R2,E175,"E175 S.G.Balekundri Institute of Technology  Belgaum","CS Computers",39419,65654,45276,43330,50724,39987,105562,150024,,,,,,,,
2023,R2,E177,"E177 Rajeev Institute of Technology  Hassan","CS Computers",47184,54447,64921,50107,48643,50414,101997,146971,,,,,,,,
2023,R2,E177,"E177 Rajeev Institute of Technology  Hassan","IE Info.Science",57315,76283,70778,63419,57389,57362,122228,147517,,,,,,,,
2023,R2,E178,"E178 The National Institute of Engineering(NORTH CAMPUS)  Mysore","CA CS (AI, Machine Learning)",8664,18813,12798,13897,9155,9873,40982,45343,,,,,,,,
2023,R2,E178,"E178 The National Institute of Engineering(NORTH CAMPUS)  Mysore","CS Computers",5061,7195,8593,13409,5719,5564,26663,27813,,,,,,,,
2023,R2,E178,"E178 The National Institute of Engineering(NORTH CAMPUS)  Mysore","IE Info.Science",7603,13964,11687,18586,7812,8837,36412,31893,,,,,,,,
2023,R2,E185,"E185 Angadi Institute of Technology and Management  Belgaum","CS Computers",47584,69230,52477,49997,56118,49035,108570,95194,,,,,,,,
2023,R2,E186,"E186 ACS College of Engineering  Kengeri Hobli,Bangalore","CS Computers",41543,47012,51106,50690,42467,46205,96720,103282,,,,,,,,
2023,R2,E186,"E186 ACS College of Engineering  Kengeri Hobli,Bangalore","DS Comp. Sc. Engg- Data Sc.",57263,62582,64320,85400,57585,60062,151853,,,,,,,,,
2023,R2,E189,"E189 Navkis College of Engineering (Formerly NDRKIT)  Kandali, Hassan","AD Artificial Intel, Data Sc",59152,113978,74392,64419,62537,72859,163616,152443,,,,,,,,
2023,R2,E189,"E189 Navkis College of Engineering (Formerly NDRKIT)  Kandali, Hassan","AI Artificial Intelligence",58148,102141,73571,72460,59462,58533,163736,85002,,,,,,,,
2023,R2,E189,"E189 Navkis College of Engineering (Formerly NDRKIT)  Kandali, Hassan","CS Computers",40346,49649,55624,55989,42015,44017,102430,106874,,,,,,,,
2023,R2,E194,"E194 Government Engineering College  KARWAR","CS Computers",59014,68793,66650,76358,64500,60187,89913,97877,,,,,,,,
2023,R2,E196,"E196 Jain College of Engineering  Machche,Belgaum","CA CS (AI, Machine Learning)",40661,69729,52144,,73833,42071,153746,136666,,,,,,,,
2023,R2,E196,"E196 Jain College of Engineering  Machche,Belgaum","CS Computers",28924,35898,35085,31948,36919,29142,81397,81890,,,,,,,,
2023,R2,E198,"E198 Sharnbasva University College for Women(Formerly Godutai)  Gulbarga","BW B Tech in CS",49497,,63415,61120,56049,54915,86028,180197,,,,,,,,
2023,R2,E199,"E199 AGM Rural Engineering College  Hubli, Darward (D)","CS Computers",55777,58542,64901,60883,68830,58047,106858,87782,,,,,,,,
2023,R2,E201,"E201 Gopalan College of Engineering and Management  White Field, Bangalore","CS Computers",47577,57438,54470,47674,49786,56465,103061,146533,,,,,,,,
2023,R2,E203,"E203 K.S. School of Engineering And Management  Mallasandra, Bangalore","AD Artificial Intel, Data Sc",56221,57521,63446,72332,58337,58054,146492,176094,,,,,,,,
2023,R2,E203,"E203 K.S. School of Engineering And Management  Mallasandra, Bangalore","CS Computers",46671,48788,56800,50109,46972,51159,118514,111856,,,,,,,,
2023,R2,E204,"E204 Bangalore Technological  Institute  Sarjapura Rd, Bangalore","CS Computers",53475,60406,61724,60681,54758,55245,110294,117007,,,,,,,,
2023,R2,E205,"E205 ATME College of Engineering  Varun  hobli,Mysore","CA CS (AI, Machine Learning)",44395,,52367,56795,51250,45172,103612,104540,,,,,,,,
2023,R2,E205,"E205 ATME College of Engineering  Varun  hobli,Mysore","CS Computers",37617,40404,42202,38762,38091,39527,71194,78025,,,,,,,,
2023,R2,E205,"E205 ATME College of Engineering  Varun  hobli,Mysore","DS Comp. Sc. Engg- Data Sc.",55889,57804,66677,63002,56112,61805,109133,129353,,,,,,,,
2023,R2,E206,"E206 Shri Madhwa Vadiraja Institute of Technology and Management  Udupi Dist","AD Artificial Intel, Data Sc",48656,62542,56506,111156,84892,56070,183861,,,,,,,,,
2023,R2,E206,"E206 Shri Madhwa Vadiraja Institute of Technology and Management  Udupi Dist","AI Artificial Intelligence",59724,65693,72936,74954,75293,63316,,,,,,,,,,
2023,R2,E206,"E206 Shri Madhwa Vadiraja Institute of Technology and Management  Udupi Dist","CS Computers",35975,49129,45033,59059,70895,46984,156934,117313,,,,,,,,
2023,R2,E209,"E209 Jyothi Institute of Technology  Bangalore","AI Artificial Intelligence",42548,49225,54577,,44354,44053,148031,191238,,,,,,,,
2023,R2,E209,"E209 Jyothi Institute of Technology  Bangalore","CS Computers",34377,44797,47962,46997,35747,37292,107844,109472,,,,,,,,
2023,R2,E209,"E209 Jyothi Institute of Technology  Bangalore","IE Info.Science",39168,45749,52257,75004,41396,45404,141829,180758,,,,,,,,
2023,R2,E211,"E211 Jain Institute of Technology  Cross,Davanagere","CS Computers",48487,54848,61918,56566,50234,49467,106984,92206,,,,,,,,
2023,R2,E212,"E212 Dayananda Sagar Academy of Technology  Kanakapur Main Road Bangalore","AI Artificial Intelligence",15535,,22027,24554,16613,18903,65439,47117,,,,,,,,
2023,R2,E212,"E212 Dayananda Sagar Academy of Technology  Kanakapur Main Road Bangalore","CD Computer Sc. and Design",23436,37336,31853,28140,25971,27230,99800,139817,,,,,,,,
2023,R2,E212,"E212 Dayananda Sagar Academy of Technology  Kanakapur Main Road Bangalore","CF CS(Artificial Intel.)",19365,26234,23219,27107,20526,22835,66614,53024,,,,,,,,
2023,R2,E212,"E212 Dayananda Sagar Academy of Technology  Kanakapur Main Road Bangalore","CS Computers",14466,18881,17138,26141,14905,15291,50989,50285,,,,,,,,
2023,R2,E212,"E212 Dayananda Sagar Academy of Technology  Kanakapur Main Road Bangalore","CY CS- Cyber Security",21512,,25058,29337,22660,22930,77854,63722,,,,,,,,
2023,R2,E212,"E212 Dayananda Sagar Academy of Technology  Kanakapur Main Road Bangalore","DS Comp. Sc. Engg- Data Sc.",19394,25908,22444,28951,21861,21771,81051,62491,,,,,,,,
2023,R2,E212,"E212 Dayananda Sagar Academy of Technology  Kanakapur Main Road Bangalore","IC CS-IoT, Cyber Security",24370,30804,29757,27018,25263,26004,104788,179099,,,,,,,,
2023,R2,E212,"E212 Dayananda Sagar Academy of Technology  Kanakapur Main Road Bangalore","IE Info.Science",17667,23259,20735,29851,18226,18053,73902,90971,,,,,,,,
2023,R2,E216,"E216 Shetty Institute of Technology  Gulbarga","CS Computers",59057,80124,75964,,,,94006,,,,,,,,,
2023,R2,E220,"E220 Alliance University  Bangalore","BW B Tech in CS",43936,60642,56473,61006,48589,48303,134766,175301,,,,,,,,
2023,R2,E222,"E222 Cambridge Institutute of Technology-North Campus  Devanahalli(TQ),Bangalore(R)","CS Computers",45600,59178,51286,53784,48527,47304,99699,125136,,,,,,,,
2023,R2,E222,"E222 Cambridge Institutute of Technology-North Campus  Devanahalli(TQ),Bangalore(R)","CY CS- Cyber Security",58815,62144,69316,75213,64175,62318,144418,143286,,,,,,,,
2023,R2,E232,"E232 Reva University  Bangalore","BW B Tech in CS",14440,20767,17694,20011,16024,16074,52779,52141,,,,,,,,
2023,R2,E235,"E235 M.S. Ramaiah University of Applied Sciences  Bangalore","BW B Tech in CS",12376,23136,18214,21588,14470,13595,58582,85328,,,,,,,,
2023,R2,E237,"E237 Presidency University  Yelahanka, Bangalore","BW B Tech in CS",35552,48281,46001,44327,37413,42391,112716,134399,,,,,,,,
2023,R2,E237,"E237 Presidency University  Yelahanka, Bangalore","DM B.TECH IN CS NW",45758,81891,71559,66715,48732,60285,122394,,,,,,,,,
2023,R2,E239,"E239 East West College of Engineering  Yelahanka New Town, Bangalore","CS Computers",42442,46930,50566,49864,42622,42772,99751,108044,,,,,,,,
2023,R2,E240,"E240 Dayananda Sagar University  Hosur Road, Bangalore","BW B Tech in CS",23442,31848,31063,34698,25700,24715,103541,114120,,,,,,,,
2023,R2,E241,"E241 KLE Technological University(Formerly BVBCET)  Dharward Dist","CF CS(Artificial Intel.)",7479,19107,10429,14321,8492,8367,33824,53014,,,,,,,,
2023,R2,E241,"E241 KLE Technological University(Formerly BVBCET)  Dharward Dist","CS Computers",4326,8816,6515,9580,7630,5389,23210,24650,,,,,,,,
2023,R2,E254,"E254 A J Institute Of Engineering And Technology  MANGALORE","AD Artificial Intel, Data Sc",56159,81313,61793,60456,59311,,147523,132612,,,,,,,,
2023,R2,E254,"E254 A J Institute Of Engineering And Technology  MANGALORE","CA CS (AI, Machine Learning)",50605,52732,54332,57173,,52600,143056,54331,,,,,,,,
2023,R2,E254,"E254 A J Institute Of Engineering And Technology  MANGALORE","CS Computers",38461,49021,43944,42112,40411,39729,103687,143235,,,,,,,,
2023,R2,E254,"E254 A J Institute Of Engineering And Technology  MANGALORE","IE Info.Science",46794,50856,49799,,61066,50422,150255,163373,,,,,,,,
2023,R2,E255,"E255 Gitam School Of Technology  BANGALORE RURAL DIST","CA CS (AI, Machine Learning)",53120,73688,65259,70845,57347,60012,147705,,,,,,,,,
2023,R2,E255,"E255 Gitam School Of Technology  BANGALORE RURAL DIST","CS Computers",45130,63156,54226,62607,46846,48474,106049,136209,,,,,,,,
2023,R2,E255,"E255 Gitam School Of Technology  BANGALORE RURAL DIST","CY CS- Cyber Security",59919,,65566,94013,,68398,151285,,,,,,,,,
2023,R2,E255,"E255 Gitam School Of Technology  BANGALORE RURAL DIST","DS Comp. Sc. Engg- Data Sc.",55817,74509,70217,91786,59145,60546,164936,,,,,,,,,
2023,R2,E257,"E257 CMR University  CHAGALATTI, BANGALORE","BW B Tech in CS",36031,48466,48354,42340,39407,40355,114284,156604,,,,,,,,
2023,R2,E257,"E257 CMR University  CHAGALATTI, BANGALORE","CA CS (AI, Machine Learning)",39184,60004,52276,54207,42928,45065,105431,197645,,,,,,,,
2023,R2,E258,"E258 Maharaja Institute of Technology  THANDAVAPURA, MYSORE","AD Artificial Intel, Data Sc",41606,48075,54378,50783,42166,49345,80717,111117,,,,,,,,
2023,R2,E258,"E258 Maharaja Institute of Technology  THANDAVAPURA, MYSORE","CA CS (AI, Machine Learning)",52385,76174,56258,55986,52997,52718,124049,98646,,,,,,,,
2023,R2,E258,"E258 Maharaja Institute of Technology  THANDAVAPURA, MYSORE","CS Computers",31816,38755,43051,38897,33641,34074,74027,94688,,,,,,,,
2023,R2,E265,"E265 Jain College of Engineering and Technology  Hubballi","AI Artificial Intelligence",51156,53246,70426,55768,64625,55842,151934,171914,,,,,,,,
2023,R2,E265,"E265 Jain College of Engineering and Technology  Hubballi","CS Computers",40084,50603,48115,43984,50509,42857,88771,97182,,,,,,,,
2023,R2,E269,"E269 Jain College of Engineering and Research  Udyambhag, Belgaum","CS Computers",39493,50701,43052,52102,45097,41789,96216,88666,,,,,,,,
2023,R2,E272,"E272 Government Engineering College  Talakal,Koppal","CS Computers",47728,,62783,59319,,52120,79167,61617,,,,,,,,
2023,R2,E274,"E274 Government Engineering College  Moselehosahalli,Hassan","CS Computers",49413,53386,61280,53682,49723,54083,73469,91098,,,,,,,,
2023,R2,E275,"E275 R V Institute of Technology and Management  JP Nagar, Bengaluru","CS Computers",8655,16443,11897,15876,9294,10308,42028,43778,,,,,,,,
2023,R2,E275,"E275 R V Institute of Technology and Management  JP Nagar, Bengaluru","IE Info.Science",10217,18493,13684,24705,11207,10687,54908,58817,,,,,,,,
2023,R2,E279,"E279 Visvesvaraya Technological University  Belgaum","CS Computers",24463,25785,33112,45445,30002,26923,51827,57988,,,,,,,,
2023,R2,E283,"E283 University of Mysore  Mysore","AD Artificial Intel, Data Sc",47226,77391,51081,52795,50872,47755,95526,83922,,,,,,,,
2023,R2,E283,"E283 University of Mysore  Mysore","AI Artificial Intelligence",41004,51017,56304,52123,49371,42753,88501,53638,,,,,,,,
2023,R2,E284,"E284 Sri Jayachamarajendra College of Engineering(Const. of JSS Univ.)  Mysore","CS Computers",2700,4232,4541,9850,2765,2862,19448,10569,,,,,,,,
2023,R2,E285,"E285 R V University  Bangalore","BW B Tech in CS",8017,17871,15563,21402,9202,10395,53746,53528,,,,,,,,
2023,R2,E286,"E286 BGS College of Engineering and Technology  Mahalakshmipuram,Bangalore","AD Artificial Intel, Data Sc",40736,44286,50476,58607,41191,46230,129449,180320,,,,,,,,
2023,R2,E286,"E286 BGS College of Engineering and Technology  Mahalakshmipuram,Bangalore","AI Artificial Intelligence",38586,44804,47262,55969,40129,39703,120231,163058,,,,,,,,
2023,R2,E286,"E286 BGS College of Engineering and Technology  Mahalakshmipuram,Bangalore","CD Computer Sc. and Design",55613,57013,72271,,,61312,154126,199144,,,,,,,,
2023,R2,E286,"E286 BGS College of Engineering and Technology  Mahalakshmipuram,Bangalore","CS Computers",22707,39180,24351,29143,24107,22741,64545,53929,,,,,,,,
2023,R2,E286,"E286 BGS College of Engineering and Technology  Mahalakshmipuram,Bangalore","IE Info.Science",28796,47767,38550,42241,28880,29099,137165,200370,,,,,,,,
2023,R2,E288,"E288 Garden City University  Bangalore","CS Computers",54114,62791,70104,62065,59055,60842,102547,102992,,,,,,,,
2023,R2,E289,"E289 Visvesvaraya Technological University - Regional Center  Rajapur,Kalburgi","CS Computers",35084,,46938,37758,,,71747,50881,,,,,,,,
2023,R2,E290,"E290 Visvesvaraya Technological University - Regional Center  Mysore","CS Computers",28344,35332,33311,30214,29189,29927,50868,47376,,,,,,,,
2023,R2,E292,"E292 Government Engineering College  Bidar","CS Computers",42929,,67133,,72800,,62979,78887,,,,,,,,
2023,R3,E001,"E001 University of Visvesvaraya College of Engineering  Bangalore ( PUBLIC UNIV. )","AI Artificial Intelligence",6935,10087,9302,12213,7188,7791,26148,24190,,,,,,,,
2023,R3,E001,"E001 University of Visvesvaraya College of Engineering  Bangalore ( PUBLIC UNIV. )","CS Computers",4344,5809,5835,7166,4749,4889,20990,15475,,,,,,,,
2023,R3,E001,"E001 University of Visvesvaraya College of Engineering  Bangalore ( PUBLIC UNIV. )","IE Info.Science",5695,8789,7228,8098,5783,5808,24284,24799,,,,,,,,
2023,R3,E002,"E002 S K S J T Institute of Engineering.  Bangalore","CS Computers",23163,24899,28336,,23794,25299,32790,34511,,,,,,,,
2023,R3,E004,"E004 Dr. Ambedkar Institute Of Technology  Bangalore","CS Computers",10609,10667,12279,14601,12629,11363,26488,25706,,,,,,,,
2023,R3,E005,"E005 R. V. College of Engineering  Bangalore","AI Artificial Intelligence",1143,3358,2269,1169,1213,1468,11742,11268,,,,,,,,
2023,R3,E005,"E005 R. V. College of Engineering  Bangalore","CS Computers",360,749,1092,1100,397,544,6380,7132,,,,,,,,
2023,R3,E005,"E005 R. V. College of Engineering  Bangalore","CY CS- Cyber Security",1339,,2593,2508,1954,1384,12957,8463,,,,,,,,
2023,R3,E005,"E005 R. V. College of Engineering  Bangalore","DS Comp. Sc. Engg- Data Sc.",899,2027,1779,2221,1382,1029,10583,17030,,,,,,,,
2023,R3,E005,"E005 R. V. College of Engineering  Bangalore","IE Info.Science",663,1402,1657,1628,723,947,8590,14359,,,,,,,,
2023,R3,E006,"E006 M S Ramaiah Institute of Technology  Bangalore","AD Artificial Intel, Data Sc",4594,7698,4955,9240,4801,5541,25771,14563,,,,,,,,
2023,R3,E006,"E006 M S Ramaiah Institute of Technology  Bangalore","AI Artificial Intelligence",4178,,5872,,4368,,24283,30605,,,,,,,,
2023,R3,E006,"E006 M S Ramaiah Institute of Technology  Bangalore","CA CS (AI, Machine Learning)",3342,5890,5732,3675,3764,3830,27597,27833,,,,,,,,
2023,R3,E006,"E006 M S Ramaiah Institute of Technology  Bangalore","CS Computers",1859,3085,2877,3412,2479,2128,12563,13465,,,,,,,,
2023,R3,E006,"E006 M S Ramaiah Institute of Technology  Bangalore","CY CS- Cyber Security",4810,5448,5286,5571,5487,6464,28789,,,,,,,,,
2023,R3,E006,"E006 M S Ramaiah Institute of Technology  Bangalore","IE Info.Science",2634,4148,3804,7184,2797,2808,18790,19085,,,,,,,,
2023,R3,E007,"E007 Dayananda Sagar College of Engineering  Bangalore","AI Artificial Intelligence",5840,6889,7868,10047,6671,,30413,35218,,,,,,,,
2023,R3,E007,"E007 Dayananda Sagar College of Engineering  Bangalore","CD Computer Sc. and Design",11288,12185,14337,13396,15564,11643,57878,64517,,,,,,,,
2023,R3,E007,"E007 Dayananda Sagar College of Engineering  Bangalore","CS Computers",4424,7081,6434,7819,5047,6098,23711,17034,,,,,,,,
2023,R3,E007,"E007 Dayananda Sagar College of Engineering  Bangalore","CY CS- Cyber Security",8195,10306,9575,11825,8509,9986,28870,10880,,,,,,,,
2023,R3,E007,"E007 Dayananda Sagar College of Engineering  Bangalore","DS Comp. Sc. Engg- Data Sc.",7360,8935,10975,10709,7486,9582,39173,38403,,,,,,,,
2023,R3,E007,"E007 Dayananda Sagar College of Engineering  Bangalore","IC CS-IoT, Cyber Security",10560,13387,13363,12789,12020,10689,45334,44487,,,,,,,,
2023,R3,E007,"E007 Dayananda Sagar College of Engineering  Bangalore","IE Info.Science",6665,8972,9383,10482,6875,8574,29150,31642,,,,,,,,
2023,R3,E007,"E007 Dayananda Sagar College of Engineering  Bangalore","RI Robotics and AI",15790,23418,29348,31687,18390,16860,63732,80209,,,,,,,,
2023,R3,E008,"E008 Bangalore Institute of Technology  Bangalore","AI Artificial Intelligence",8627,,9468,,9959,9117,38381,43873,,,,,,,,
2023,R3,E008,"E008 Bangalore Institute of Technology  Bangalore","CS Computers",6708,8862,10449,10142,7311,7483,30194,28628,,,,,,,,
2023,R3,E008,"E008 Bangalore Institute of Technology  Bangalore","DS Comp. Sc. Engg- Data Sc.",10325,10587,14240,13199,11016,12567,36358,,,,,,,,,
2023,R3,E008,"E008 Bangalore Institute of Technology  Bangalore","IC CS-IoT, Cyber Security",13217,15140,17214,14890,16644,14188,62526,120714,,,,,,,,
2023,R3,E008,"E008 Bangalore Institute of Technology  Bangalore","IE Info.Science",9132,9404,12535,9976,9309,9386,44407,40080,,,,,,,,
2023,R3,E008,"E008 Bangalore Institute of Technology  Bangalore","RI Robotics and AI",21426,27073,31112,32642,21655,26888,65304,199258,,,,,,,,
2023,R3,E009,"E009 P E S University (Ring Road Campus)  Bangalore","BW B Tech in CS",1643,3396,4139,5373,1903,2367,18065,18416,,,,,,,,
2023,R3,E011,"E011 M V J College of Engineering  Bangalore","AI Artificial Intelligence",27539,31618,31751,,,28238,74160,58707,,,,,,,,
2023,R3,E011,"E011 M V J College of Engineering  Bangalore","CD Computer Sc. and Design",38092,74166,56152,,39224,43938,98777,194619,,,,,,,,
2023,R3,E011,"E011 M V J College of Engineering  Bangalore","CS Computers",21787,28172,27155,29143,24497,23089,54080,53374,,,,,,,,
2023,R3,E011,"E011 M V J College of Engineering  Bangalore","DS Comp. Sc. Engg- Data Sc.",28780,31291,35796,35106,33323,29373,81544,127011,,,,,,,,
2023,R3,E011,"E011 M V J College of Engineering  Bangalore","IE Info.Science",26640,30995,30965,,27971,27882,77260,83374,,,,,,,,
2023,R3,E012,"E012 Sir M.Visveswaraya Institute of Technology  Hunasemaranahalli,Bangalore,","AI Artificial Intelligence",16922,21699,22896,28584,16996,20071,45684,37779,,,,,,,,
2023,R3,E012,"E012 Sir M.Visveswaraya Institute of Technology  Hunasemaranahalli,Bangalore,","CS Computers",13629,14995,14832,17299,14017,15065,37542,35529,,,,,,,,
2023,R3,E012,"E012 Sir M.Visveswaraya Institute of Technology  Hunasemaranahalli,Bangalore,","IC CS-IoT, Cyber Security",22976,25908,27182,29965,24008,29053,77316,31776,,,,,,,,
2023,R3,E012,"E012 Sir M.Visveswaraya Institute of Technology  Hunasemaranahalli,Bangalore,","IE Info.Science",16682,,18861,26461,16978,17521,51082,64874,,,,,,,,
2023,R3,E014,"E014 S J C Institute of Technology  Chickballapur","AD Artificial Intel, Data Sc",45074,48304,58030,53373,50884,54679,78794,89079,,,,,,,,
2023,R3,E014,"E014 S J C Institute of Technology  Chickballapur","CA CS (AI, Machine Learning)",44510,52060,68580,47205,48071,44874,85330,,,,,,,,,
2023,R3,E014,"E014 S J C Institute of Technology  Chickballapur","CS Computers",29701,57507,38527,32168,31693,37933,67573,53283,,,,,,,,
2023,R3,E014,"E014 S J C Institute of Technology  Chickballapur","IE Info.Science",41686,,48543,53882,,46630,106157,118841,,,,,,,,
2023,R3,E016,"E016 Siddaganga Institute of Technology  Tumkur","AD Artificial Intel, Data Sc",11265,22999,12672,15231,13425,11606,32495,,,,,,,,,
2023,R3,E016,"E016 Siddaganga Institute of Technology  Tumkur","CA CS (AI, Machine Learning)",10658,16482,11402,25555,11990,10829,30445,38933,,,,,,,,
2023,R3,E016,"E016 Siddaganga Institute of Technology  Tumkur","CS Computers",5821,7731,8986,12796,6911,6896,24932,19391,,,,,,,,
2023,R3,E016,"E016 Siddaganga Institute of Technology  Tumkur","IE Info.Science",8952,13737,10977,15324,9295,9149,32798,36457,,,,,,,,
2023,R3,E017,"E017 Sri Siddartha Institute of Technology  Tumkur","AI Artificial Intelligence",36010,,49050,45626,,38658,108399,67112,,,,,,,,
2023,R3,E017,"E017 Sri Siddartha Institute of Technology  Tumkur","CS Computers",28545,37838,36415,30670,29600,34131,64502,60180,,,,,,,,
2023,R3,E017,"E017 Sri Siddartha Institute of Technology  Tumkur","CY CS- Cyber Security",57457,70676,58147,74187,65470,60677,151597,106640,,,,,,,,
2023,R3,E017,"E017 Sri Siddartha Institute of Technology  Tumkur","DS Comp. Sc. Engg- Data Sc.",49162,150235,58955,,,57346,103622,105007,,,,,,,,
2023,R3,E017,"E017 Sri Siddartha Institute of Technology  Tumkur","IE Info.Science",36695,52817,54470,50948,44771,38876,74804,112890,,,,,,,,
2023,R3,E018,"E018 Kalpatharu Institute of Technology  Tiptur","CS Computers",58372,70617,80958,65638,76962,62052,114727,143895,,,,,,,,
2023,R3,E021,"E021 Sri Jayachamarajendra College of Engineering(Const. of JSS Univ.)  Mysore","CS Computers",2077,6018,4541,7950,2239,2862,10528,5174,,,,,,,,
2023,R3,E028,"E028 Tontadarya College of Engineering  Gadag","CS Computers",55223,58554,75964,67129,76780,65015,101729,117520,,,,,,,,
2023,R3,E031,"E031 Basaveshwara Engineering College  Bagalkot","CS Computers",16243,24852,18918,26035,17619,17577,40925,40849,,,,,,,,
2023,R3,E034,"E034 Sri Dharmasthala Manjunatheswara College of Engineering  Dharwad","AI Artificial Intelligence",15056,24319,16107,17134,20686,15671,50697,50202,,,,,,,,
2023,R3,E034,"E034 Sri Dharmasthala Manjunatheswara College of Engineering  Dharwad","CS Computers",12241,13322,14166,,13294,13568,37632,29011,,,,,,,,
2023,R3,E034,"E034 Sri Dharmasthala Manjunatheswara College of Engineering  Dharwad","IE Info.Science",14026,,15588,19495,17292,14527,46115,51677,,,,,,,,
2023,R3,E036,"E036 KLE Technological University(Formerly KLE Dr.MS Sheshagiri Col.)  Belgaum","CF CS(Artificial Intel.)",19844,36988,29488,,35493,22954,99343,69378,,,,,,,,
2023,R3,E036,"E036 KLE Technological University(Formerly KLE Dr.MS Sheshagiri Col.)  Belgaum","CS Computers",17632,18094,21374,24323,22510,19990,52588,59581,,,,,,,,
2023,R3,E037,"E037 K.L.S. Gogte Institute of Technology  Belgaum","CS Computers",10633,16170,12919,20323,13528,11186,37794,31101,,,,,,,,
2023,R3,E037,"E037 K.L.S. Gogte Institute of Technology  Belgaum","IE Info.Science",15910,25250,18060,21253,17625,16546,63124,65241,,,,,,,,
2023,R3,E038,"E038 B L D E As V.P. Dr. P. G. Hallakatti College of Engg. and Tech.  vijayapur","CA CS (AI, Machine Learning)",43100,65179,50065,64197,,48350,68973,116785,,,,,,,,
2023,R3,E038,"E038 B L D E As V.P. Dr. P. G. Hallakatti College of Engg. and Tech.  vijayapur","CS Computers",30796,43056,36698,35323,50939,33693,56677,73164,,,,,,,,
2023,R3,E038,"E038 B L D E As V.P. Dr. P. G. Hallakatti College of Engg. and Tech.  vijayapur","DS Comp. Sc. Engg- Data Sc.",58849,88780,66479,59303,64198,,97197,196506,,,,,,,,
2023,R3,E038,"E038 B L D E As V.P. Dr. P. G. Hallakatti College of Engg. and Tech.  vijayapur","IE Info.Science",40401,52853,48181,58276,61441,43813,88520,,,,,,,,,
2023,R3,E040,"E040 Hira Sugar Institute of Technology  Belagavi District,","CS Computers",53523,,77541,83866,58643,55702,114358,145073,,,,,,,,
2023,R3,E043,"E043 Gurunanak Dev Engineering College  Bidar","CS Computers",38748,,62046,,47945,50776,56188,41200,,,,,,,,
2023,R3,E044,"E044 Bheemanna Khandre Institute of Technology  Bhalki","CS Computers",52140,64758,72392,,,,79381,,,,,,,,,
2023,R3,E045,"E045 Rao Bahadur Y.Mahabaleswarappa Engineering College  Bellari","CS Computers",46198,50270,55375,56278,62828,,76846,65001,,,,,,,,
2023,R3,E047,"E047 Malnad College of Engineering  Hassan","CA CS (AI, Machine Learning)",26383,43588,32177,,32839,,96264,128098,,,,,,,,
2023,R3,E047,"E047 Malnad College of Engineering  Hassan","CS Computers",18287,22595,25708,28658,19557,22067,45848,56293,,,,,,,,
2023,R3,E047,"E047 Malnad College of Engineering  Hassan","IE Info.Science",25968,29761,32011,27098,27781,28121,71344,90222,,,,,,,,
2023,R3,E048,"E048 B M S College of Engineering  Basavanagudi,Bangalore","AD Artificial Intel, Data Sc",2911,4149,4037,,,5324,26412,32060,,,,,,,,
2023,R3,E048,"E048 B M S College of Engineering  Basavanagudi,Bangalore","AI Artificial Intelligence",3607,6321,5072,7912,3742,4209,26254,32443,,,,,,,,
2023,R3,E048,"E048 B M S College of Engineering  Basavanagudi,Bangalore","CS Computers",1037,2623,2953,3860,1594,1977,13450,14210,,,,,,,,
2023,R3,E048,"E048 B M S College of Engineering  Basavanagudi,Bangalore","DS Comp. Sc. Engg- Data Sc.",2153,,4416,5602,2538,3433,28717,25839,,,,,,,,
2023,R3,E048,"E048 B M S College of Engineering  Basavanagudi,Bangalore","IC CS-IoT, Cyber Security",3885,,5796,,7237,6667,31831,45241,,,,,,,,
2023,R3,E048,"E048 B M S College of Engineering  Basavanagudi,Bangalore","IE Info.Science",2034,3939,4335,6438,2301,2792,22204,24825,,,,,,,,
2023,R3,E049,"E049 Basaveshwara Engineering College  Bagalkot","AI Artificial Intelligence",30048,48697,34555,36382,39222,33499,86932,92976,,,,,,,,
2023,R3,E049,"E049 Basaveshwara Engineering College  Bagalkot","CS Computers",21205,,29381,26564,,,58303,46564,,,,,,,,
2023,R3,E049,"E049 Basaveshwara Engineering College  Bagalkot","IE Info.Science",29843,40452,33331,30906,34488,31131,95045,90403,,,,,,,,
2023,R3,E057,"E057 JSS Science and Technology University(Formerly SJCE)  Mysore","CS Computers",3525,7101,6844,10198,4097,4714,19827,25402,,,,,,,,
2023,R3,E057,"E057 JSS Science and Technology University(Formerly SJCE)  Mysore","IE Info.Science",4283,7403,7011,10421,4556,5200,23940,24693,,,,,,,,
2023,R3,E058,"E058 P E S College of Engineering  Mandya","CA CS (AI, Machine Learning)",26650,46138,29180,28959,26928,27291,65323,123988,,,,,,,,
2023,R3,E058,"E058 P E S College of Engineering  Mandya","CS Computers",17729,28223,22319,28392,19273,19666,46829,39832,,,,,,,,
2023,R3,E058,"E058 P E S College of Engineering  Mandya","DS Comp. Sc. Engg- Data Sc.",30932,40404,35679,32544,32354,34721,76926,108218,,,,,,,,
2023,R3,E058,"E058 P E S College of Engineering  Mandya","IE Info.Science",23854,30683,25989,33333,23882,24267,59913,60667,,,,,,,,
2023,R3,E059,"E059 P D A College of Engineering  Gulbarga","AI Artificial Intelligence",31385,,55896,32401,,,55810,116759,,,,,,,,
2023,R3,E059,"E059 P D A College of Engineering  Gulbarga","CD Computer Sc. and Design",50981,,58097,,120945,,76258,100345,,,,,,,,
2023,R3,E059,"E059 P D A College of Engineering  Gulbarga","CS Computers",26287,27438,33733,31180,40753,27958,42525,48332,,,,,,,,
2023,R3,E059,"E059 P D A College of Engineering  Gulbarga","IE Info.Science",43501,71662,49020,,,,80105,,,,,,,,,
2023,R3,E060,"E060 Dr. Ambedkar Institute Of Technology  Jnanabharathi Campus,Bangalore","AI Artificial Intelligence",18685,20710,21923,,19924,21217,47390,55009,,,,,,,,
2023,R3,E060,"E060 Dr. Ambedkar Institute Of Technology  Jnanabharathi Campus,Bangalore","CS Computers",14803,15533,18720,26444,14926,15416,35430,33953,,,,,,,,
2023,R3,E060,"E060 Dr. Ambedkar Institute Of Technology  Jnanabharathi Campus,Bangalore","IE Info.Science",16568,,19119,21014,18366,17696,41594,45406,,,,,,,,
2023,R3,E061,"E061 University B.D.T. college of Engineering  Davangere","CS Computers",19330,23587,21570,23213,26597,19751,37460,44711,,,,,,,,
2023,R3,E062,"E062 Bapuji Institute of Engineering and Technology  Davangere","AI Artificial Intelligence",35248,50249,38761,54242,38484,39676,94195,70042,,,,,,,,
2023,R3,E062,"E062 Bapuji Institute of Engineering and Technology  Davangere","CD Computer Sc. and Design",50240,53359,58661,83692,107581,53799,150086,78818,,,,,,,,
2023,R3,E062,"E062 Bapuji Institute of Engineering and Technology  Davangere","CS Computers",21204,28891,28447,27974,22610,23495,60038,43863,,,,,,,,
2023,R3,E062,"E062 Bapuji Institute of Engineering and Technology  Davangere","DS Comp. Sc. Engg- Data Sc.",37344,58346,44812,38486,50585,40286,86444,74519,,,,,,,,
2023,R3,E062,"E062 Bapuji Institute of Engineering and Technology  Davangere","IE Info.Science",29927,42858,35544,32549,36299,32135,109803,65085,,,,,,,,
2023,R3,E064,"E064 Adhichunchanagiri Institute of Technology  Chickmagalur","AI Artificial Intelligence",48131,,65574,62360,53661,49577,156485,146180,,,,,,,,
2023,R3,E064,"E064 Adhichunchanagiri Institute of Technology  Chickmagalur","CS Computers",32080,44010,54495,35440,32263,33102,83762,80097,,,,,,,,
2023,R3,E064,"E064 Adhichunchanagiri Institute of Technology  Chickmagalur","DS Comp. Sc. Engg- Data Sc.",56669,81271,75564,,61000,58179,156045,105565,,,,,,,,
2023,R3,E064,"E064 Adhichunchanagiri Institute of Technology  Chickmagalur","IE Info.Science",40444,,64162,,,43481,98261,133078,,,,,,,,
2023,R3,E065,"E065 Jawaharlal Nehru National College of Engineering  Shimoga","AI Artificial Intelligence",35513,35976,39008,39054,,39484,74371,61552,,,,,,,,
2023,R3,E065,"E065 Jawaharlal Nehru National College of Engineering  Shimoga","CS Computers",21576,24401,26667,21797,29270,24071,55715,69012,,,,,,,,
2023,R3,E065,"E065 Jawaharlal Nehru National College of Engineering  Shimoga","DS Comp. Sc. Engg- Data Sc.",40881,46317,46367,51830,,,111499,126322,,,,,,,,
2023,R3,E065,"E065 Jawaharlal Nehru National College of Engineering  Shimoga","IE Info.Science",31176,50221,37895,40924,38510,37944,93639,128275,,,,,,,,
2023,R3,E071,"E071 Vidya Vardhaka College of Engineering  Mysuru","CA CS (AI, Machine Learning)",17912,23545,21085,22129,19161,19514,51623,69321,,,,,,,,
2023,R3,E071,"E071 Vidya Vardhaka College of Engineering  Mysuru","CS Computers",12126,17757,14172,20952,13247,13406,40863,36437,,,,,,,,
2023,R3,E071,"E071 Vidya Vardhaka College of Engineering  Mysuru","IE Info.Science",16543,23560,19700,28845,17935,17462,52687,50854,,,,,,,,
2023,R3,E075,"E075 Ballari Institute of Technology and Management  Near Allipur Bellary","AI Artificial Intelligence",41790,53166,53819,51957,59109,59895,79999,81150,,,,,,,,
2023,R3,E075,"E075 Ballari Institute of Technology and Management  Near Allipur Bellary","CF CS(Artificial Intel.)",51135,,67888,59918,64594,58612,86943,111924,,,,,,,,
2023,R3,E075,"E075 Ballari Institute of Technology and Management  Near Allipur Bellary","CS Computers",21520,38638,24018,,33913,31680,40628,43374,,,,,,,,
2023,R3,E075,"E075 Ballari Institute of Technology and Management  Near Allipur Bellary","DS Comp. Sc. Engg- Data Sc.",47519,,66125,64751,67556,49634,144552,83213,,,,,,,,
2023,R3,E076,"E076 Proudadevaraya Institute of Technology  Indiranagar Hospet, Ballari DT","CS Computers",54832,,92139,91550,,93146,151422,111090,,,,,,,,
2023,R3,E077,"E077 Vidya Vikas Institute of Engineering and Technology  Mysuru","CS Computers",34127,36927,41090,,35667,37935,63818,77347,,,,,,,,
2023,R3,E077,"E077 Vidya Vikas Institute of Engineering and Technology  Mysuru","IE Info.Science",42428,65382,60744,51954,43254,43623,91275,124326,,,,,,,,
2023,R3,E078,"E078 The Oxford College of Engineering  Bangalore","AI Artificial Intelligence",34827,,41107,,41677,38458,88328,138331,,,,,,,,
2023,R3,E078,"E078 The Oxford College of Engineering  Bangalore","CS Computers",28057,32615,33321,31904,28840,30956,69599,90168,,,,,,,,
2023,R3,E078,"E078 The Oxford College of Engineering  Bangalore","IE Info.Science",36623,47767,39313,39441,40851,,103514,127542,,,,,,,,
2023,R3,E079,"E079 Acharya Institute of Technology  Bangalore","AI Artificial Intelligence",25539,27091,28933,31266,25644,26104,66419,84828,,,,,,,,
2023,R3,E079,"E079 Acharya Institute of Technology  Bangalore","CS Computers",17678,24281,21015,26621,18190,18225,53339,43683,,,,,,,,
2023,R3,E079,"E079 Acharya Institute of Technology  Bangalore","DS Comp. Sc. Engg- Data Sc.",25304,29661,29625,28016,25305,26991,75343,68282,,,,,,,,
2023,R3,E079,"E079 Acharya Institute of Technology  Bangalore","IE Info.Science",22099,26443,26370,29376,23797,23654,66771,74824,,,,,,,,
2023,R3,E082,"E082 J S S Academy of Technical Education  Bangalore","CA CS (AI, Machine Learning)",19356,26400,22906,29896,19812,19365,77693,122699,,,,,,,,
2023,R3,E082,"E082 J S S Academy of Technical Education  Bangalore","CS Computers",13726,17974,18786,21055,15303,15412,50893,47028,,,,,,,,
2023,R3,E082,"E082 J S S Academy of Technical Education  Bangalore","IE Info.Science",18014,21837,22619,30438,18747,18846,66982,84597,,,,,,,,
2023,R3,E082,"E082 J S S Academy of Technical Education  Bangalore","RA Robotics and Automation",41190,,49524,,,,76337,,,,,,,,,
2023,R3,E083,"E083 H.K.B.K.College of Engineering  Bangalore","AI Artificial Intelligence",55482,65672,70988,,56295,,113417,120347,,,,,,,,
2023,R3,E083,"E083 H.K.B.K.College of Engineering  Bangalore","CS Computers",44217,48508,52694,47674,48527,47876,86036,119406,,,,,,,,
2023,R3,E083,"E083 H.K.B.K.College of Engineering  Bangalore","IE Info.Science",59113,61370,68811,68451,60046,60507,120494,136546,,,,,,,,
2023,R3,E085,"E085 APS College of Engineering  Somanahalli, Bangalore","CS Computers",54347,56504,65827,,,59595,,96664,,,,,,,,
2023,R3,E086,"E086 Sri Sairam College of Engineering(Formerly Shirdi Sai Engg)  Anekal,Bangalore","CS Computers",55180,64117,62753,55838,55414,60842,101289,108897,,,,,,,,
2023,R3,E087,"E087 Vivekananada Institute of Technology  Bangalore","CS Computers",50634,54243,59624,,52355,53051,85136,95003,,,,,,,,
2023,R3,E091,"E091 K S Institute of Technology  Bangalore","AI Artificial Intelligence",34578,45707,46462,37015,35965,47736,79351,138418,,,,,,,,
2023,R3,E091,"E091 K S Institute of Technology  Bangalore","CD Computer Sc. and Design",42637,73228,58093,64714,46898,42878,152000,,,,,,,,,
2023,R3,E091,"E091 K S Institute of Technology  Bangalore","CS Computers",30062,40594,37898,41400,31646,32408,83743,102384,,,,,,,,
2023,R3,E091,"E091 K S Institute of Technology  Bangalore","IC CS-IoT, Cyber Security",53997,84370,60217,96461,56035,54516,149359,,,,,,,,,
2023,R3,E092,"E092 Vemana Institute of Technology  Bangalore","AI Artificial Intelligence",55065,55082,60971,58901,56494,56666,122105,136027,,,,,,,,
2023,R3,E092,"E092 Vemana Institute of Technology  Bangalore","CS Computers",40856,,52272,42205,41120,53561,94241,78236,,,,,,,,
2023,R3,E092,"E092 Vemana Institute of Technology  Bangalore","IE Info.Science",52739,71571,64007,66646,55849,60815,133032,174879,,,,,,,,
2023,R3,E095,"E095 AMC Engineering College  Bangalore","AI Artificial Intelligence",38690,39268,46024,48863,44830,46079,77682,92679,,,,,,,,
2023,R3,E095,"E095 AMC Engineering College  Bangalore","CA CS (AI, Machine Learning)",46895,54424,62207,50565,51086,51307,123462,188932,,,,,,,,
2023,R3,E095,"E095 AMC Engineering College  Bangalore","CS Computers",32991,36774,40896,38142,35009,37292,73081,67637,,,,,,,,
2023,R3,E095,"E095 AMC Engineering College  Bangalore","DS Comp. Sc. Engg- Data Sc.",51776,58715,56894,58606,53754,54675,128796,127134,,,,,,,,
2023,R3,E095,"E095 AMC Engineering College  Bangalore","IE Info.Science",41700,42472,49765,48367,42942,43437,127347,146533,,,,,,,,
2023,R3,E096,"E096 East Point College of Engineering and Technology  Bangalore","AD Artificial Intel, Data Sc",45484,57108,51188,53275,51189,48441,78202,77715,,,,,,,,
2023,R3,E096,"E096 East Point College of Engineering and Technology  Bangalore","CA CS (AI, Machine Learning)",47700,60016,51071,55663,48782,60725,88762,111823,,,,,,,,
2023,R3,E096,"E096 East Point College of Engineering and Technology  Bangalore","CS Computers",37342,43267,44278,37596,40219,40862,64337,86694,,,,,,,,
2023,R3,E096,"E096 East Point College of Engineering and Technology  Bangalore","IE Info.Science",51620,58320,58886,56218,52284,55176,117142,190355,,,,,,,,
2023,R3,E097,"E097 C M R Institute of Technology  Bangalore","AD Artificial Intel, Data Sc",20653,21730,23863,29794,21414,23329,61175,82393,,,,,,,,
2023,R3,E097,"E097 C M R Institute of Technology  Bangalore","AI Artificial Intelligence",20766,25691,23666,28225,,21381,51951,73768,,,,,,,,
2023,R3,E097,"E097 C M R Institute of Technology  Bangalore","CA CS (AI, Machine Learning)",18213,21238,22134,28180,18817,18843,45416,59362,,,,,,,,
2023,R3,E097,"E097 C M R Institute of Technology  Bangalore","CS Computers",13866,14970,15957,18350,14841,15478,40015,43388,,,,,,,,
2023,R3,E097,"E097 C M R Institute of Technology  Bangalore","DS Comp. Sc. Engg- Data Sc.",20411,24480,26781,23471,21153,,58898,78089,,,,,,,,
2023,R3,E097,"E097 C M R Institute of Technology  Bangalore","IE Info.Science",17583,23635,20817,26517,17882,18663,57962,73440,,,,,,,,
2023,R3,E098,"E098 Atria Institute of Technology  Bangalore","AI Artificial Intelligence",32111,32297,40805,38195,34999,40508,93931,105315,,,,,,,,
2023,R3,E098,"E098 Atria Institute of Technology  Bangalore","CD Computer Sc. and Design",58617,68727,71562,59682,65079,73026,144959,177213,,,,,,,,
2023,R3,E098,"E098 Atria Institute of Technology  Bangalore","CS Computers",28445,37571,38240,29872,29769,29687,80728,72369,,,,,,,,
2023,R3,E098,"E098 Atria Institute of Technology  Bangalore","DS Comp. Sc. Engg- Data Sc.",38066,48466,39303,41283,40854,45149,98905,119087,,,,,,,,
2023,R3,E098,"E098 Atria Institute of Technology  Bangalore","IE Info.Science",38535,47974,41917,41561,39564,41158,109636,182309,,,,,,,,
2023,R3,E099,"E099 New Horizon College of Engineering  Bangalore","AI Artificial Intelligence",15820,17907,17689,24523,17379,18903,57915,74655,,,,,,,,
2023,R3,E099,"E099 New Horizon College of Engineering  Bangalore","CS Computers",9034,15067,13035,19332,10607,11085,39418,37232,,,,,,,,
2023,R3,E099,"E099 New Horizon College of Engineering  Bangalore","DS Comp. Sc. Engg- Data Sc.",17539,19863,20438,22425,17748,18875,67414,72141,,,,,,,,
2023,R3,E099,"E099 New Horizon College of Engineering  Bangalore","IE Info.Science",12776,16429,15527,19465,14006,15600,52659,54621,,,,,,,,
2023,R3,E101,"E101 Channabasaveshwara Institute of Technology  Gubbi, Tumkur","CS Computers",39595,42969,47350,40918,47520,45929,99335,92516,,,,,,,,
2023,R3,E101,"E101 Channabasaveshwara Institute of Technology  Gubbi, Tumkur","IE Info.Science",51947,54680,54452,61647,,62408,131575,125786,,,,,,,,
2023,R3,E102,"E102 DONBOSCO Institute of Technology  Bangalore","AD Artificial Intel, Data Sc",40398,68273,57291,49806,44115,45065,86453,131093,,,,,,,,
2023,R3,E102,"E102 DONBOSCO Institute of Technology  Bangalore","CA CS (AI, Machine Learning)",48169,56590,54486,66164,50804,49947,125271,175906,,,,,,,,
2023,R3,E102,"E102 DONBOSCO Institute of Technology  Bangalore","CS Computers",30323,44587,36166,44997,31090,32699,81660,88274,,,,,,,,
2023,R3,E102,"E102 DONBOSCO Institute of Technology  Bangalore","IE Info.Science",42281,51576,51846,61169,43614,45373,119232,179837,,,,,,,,
2023,R3,E103,"E103 Global Academy of Technology  Bangalore","AD Artificial Intel, Data Sc",28111,,34602,41179,28299,28968,75882,,,,,,,,,
2023,R3,E103,"E103 Global Academy of Technology  Bangalore","AI Artificial Intelligence",25698,,28687,34842,27305,28691,89966,112888,,,,,,,,
2023,R3,E103,"E103 Global Academy of Technology  Bangalore","CA CS (AI, Machine Learning)",24856,29268,33482,40319,25494,28743,86499,122302,,,,,,,,
2023,R3,E103,"E103 Global Academy of Technology  Bangalore","CS Computers",20079,24289,24309,28216,20545,22344,58252,63937,,,,,,,,
2023,R3,E103,"E103 Global Academy of Technology  Bangalore","IE Info.Science",24542,38221,30313,39081,25925,28115,86723,111942,,,,,,,,
2023,R3,E104,"E104 Nagarjuna College of Engineering and Technology  Bangalore (R)","CS Computers",44954,51481,58870,58614,48710,50982,95405,95240,,,,,,,,
2023,R3,E104,"E104 Nagarjuna College of Engineering and Technology  Bangalore (R)","IE Info.Science",56606,,58115,77637,58427,57022,102552,98399,,,,,,,,
2023,R3,E105,"E105 Nitte Meenakshi Institutute of Technology  Bangalore","AD Artificial Intel, Data Sc",13937,16180,15288,18576,14136,,44093,,,,,,,,,
2023,R3,E105,"E105 Nitte Meenakshi Institutute of Technology  Bangalore","AI Artificial Intelligence",11384,15829,15637,15358,12540,13208,38837,35909,,,,,,,,
2023,R3,E105,"E105 Nitte Meenakshi Institutute of Technology  Bangalore","CS Computers",8854,11617,11798,15315,9540,9109,29566,31919,,,,,,,,
2023,R3,E105,"E105 Nitte Meenakshi Institutute of Technology  Bangalore","IE Info.Science",11525,14837,14579,18539,11975,12709,48420,51608,,,,,,,,
2023,R3,E106,"E106 East West Institute of Technology  Bangalore","AD Artificial Intel, Data Sc",56199,58784,60085,88827,56238,59894,140590,158404,,,,,,,,
2023,R3,E106,"E106 East West Institute of Technology  Bangalore","AI Artificial Intelligence",49606,59458,65064,77622,,50402,101115,150687,,,,,,,,
2023,R3,E106,"E106 East West Institute of Technology  Bangalore","CS Computers",39091,58139,42682,,40535,42461,93449,105942,,,,,,,,
2023,R3,E106,"E106 East West Institute of Technology  Bangalore","IE Info.Science",50511,66226,58168,73782,51777,50959,119037,150590,,,,,,,,
2023,R3,E107,"E107 B N M Institute of Technology  Bangalore","AI Artificial Intelligence",18029,20372,21540,25160,18994,18263,62475,100248,,,,,,,,
2023,R3,E107,"E107 B N M Institute of Technology  Bangalore","CS Computers",12005,14438,15225,13451,12210,13463,48891,43761,,,,,,,,
2023,R3,E107,"E107 B N M Institute of Technology  Bangalore","IE Info.Science",12646,15890,17013,24277,12873,13959,50555,61727,,,,,,,,
2023,R3,E108,"E108 Sapthagiri College of Engineering  Bangalore","CS Computers",24351,28438,31885,42099,25589,27300,60034,64154,,,,,,,,
2023,R3,E108,"E108 Sapthagiri College of Engineering  Bangalore","IE Info.Science",30640,42382,38208,40447,31157,,105584,114954,,,,,,,,
2023,R3,E111,"E111 Sri Venkateshwara College of Engineering  Bettahalsur(P), Bangalore","CF CS(Artificial Intel.)",51579,81960,71611,,52132,69116,123175,74878,,,,,,,,
2023,R3,E111,"E111 Sri Venkateshwara College of Engineering  Bettahalsur(P), Bangalore","CS Computers",40655,42059,53390,62006,42268,47786,96185,87602,,,,,,,,
2023,R3,E111,"E111 Sri Venkateshwara College of Engineering  Bettahalsur(P), Bangalore","IE Info.Science",46747,63656,57341,59554,47359,51548,106087,163703,,,,,,,,
2023,R3,E112,"E112 Sri Krishna Institute of Technology  Bangalore","CS Computers",54854,,72187,71480,55673,60275,99762,128071,,,,,,,,
2023,R3,E114,"E114 G M Institute of Technology  Davanagere","AI Artificial Intelligence",50873,50926,61918,58742,,52641,143657,136791,,,,,,,,
2023,R3,E114,"E114 G M Institute of Technology  Davanagere","CS Computers",28267,32874,35889,33752,37671,29864,80251,54034,,,,,,,,
2023,R3,E114,"E114 G M Institute of Technology  Davanagere","IE Info.Science",34615,51614,42755,40409,39046,36396,110644,61585,,,,,,,,
2023,R3,E115,"E115 S J B Institute of Technology  Kengeri,Bangalore (ATNMS)","AI Artificial Intelligence",23954,29730,26387,32178,24732,,77750,125519,,,,,,,,
2023,R3,E115,"E115 S J B Institute of Technology  Kengeri,Bangalore (ATNMS)","CS Computers",16637,18960,20999,23748,17540,18034,55582,62660,,,,,,,,
2023,R3,E115,"E115 S J B Institute of Technology  Kengeri,Bangalore (ATNMS)","DS Comp. Sc. Engg- Data Sc.",24068,28867,31155,49080,,24425,84278,108848,,,,,,,,
2023,R3,E115,"E115 S J B Institute of Technology  Kengeri,Bangalore (ATNMS)","IE Info.Science",21849,23680,25340,33239,21947,22741,80708,89974,,,,,,,,
2023,R3,E118,"E118 RNS Institute of Technology  Bangalore","AD Artificial Intel, Data Sc",14901,21511,20105,,16274,15079,43141,55744,,,,,,,,
2023,R3,E118,"E118 RNS Institute of Technology  Bangalore","CA CS (AI, Machine Learning)",15172,19728,20488,28501,16675,17252,63752,95156,,,,,,,,
2023,R3,E118,"E118 RNS Institute of Technology  Bangalore","CS Computers",9112,12527,11783,18460,10594,10516,37140,38911,,,,,,,,
2023,R3,E118,"E118 RNS Institute of Technology  Bangalore","CY CS- Cyber Security",17697,21651,23265,33020,19701,19195,66264,82402,,,,,,,,
2023,R3,E118,"E118 RNS Institute of Technology  Bangalore","DS Comp. Sc. Engg- Data Sc.",16915,19921,23242,28128,19469,17993,73389,96809,,,,,,,,
2023,R3,E118,"E118 RNS Institute of Technology  Bangalore","IE Info.Science",12988,17241,16439,25425,13424,13613,52361,70096,,,,,,,,
2023,R3,E121,"E121 Vivekananada College of Engineering Technology  D K DIST","CS Computers",47144,66567,83605,,99430,84367,143696,65602,,,,,,,,
2023,R3,E123,"E123 Canara Engineering College Bantwal  DK DIST","AI Artificial Intelligence",54902,81496,77783,110278,60653,69177,172909,187665,,,,,,,,
2023,R3,E123,"E123 Canara Engineering College Bantwal  DK DIST","CS Computers",36979,39844,43315,45542,44268,42607,142302,134130,,,,,,,,
2023,R3,E123,"E123 Canara Engineering College Bantwal  DK DIST","IE Info.Science",49880,57778,60421,56020,56530,64713,198804,,,,,,,,,
2023,R3,E126,"E126 B M S Institute of Technology and Management  Yelahanka, Bangalore","AI Artificial Intelligence",11163,20998,16090,13202,12409,12350,48125,51968,,,,,,,,
2023,R3,E126,"E126 B M S Institute of Technology and Management  Yelahanka, Bangalore","CS Computers",6262,10028,7508,10873,7229,7983,31208,23817,,,,,,,,
2023,R3,E126,"E126 B M S Institute of Technology and Management  Yelahanka, Bangalore","IE Info.Science",9744,11728,12032,14631,10968,10461,46031,49500,,,,,,,,
2023,R3,E128,"E128 Sharnbasva University(Formerly Appa Inst. of Tech.)  Brahmpur, Kalaburagi","AD Artificial Intel, Data Sc",45677,,58183,60466,,,89754,,,,,,,,,
2023,R3,E128,"E128 Sharnbasva University(Formerly Appa Inst. of Tech.)  Brahmpur, Kalaburagi","BW B Tech in CS",33085,48721,40691,40540,,39703,76048,73042,,,,,,,,
2023,R3,E129,"E129 St. Joseph Engineering College  Mangalore","AI Artificial Intelligence",22514,34212,28265,,,29035,121617,111908,,,,,,,,
2023,R3,E129,"E129 St. Joseph Engineering College  Mangalore","CS Computers",16947,30341,29491,25163,27939,21286,84695,72022,,,,,,,,
2023,R3,E129,"E129 St. Joseph Engineering College  Mangalore","DS Comp. Sc. Engg- Data Sc.",23574,32922,30621,29565,,28324,145812,31971,,,,,,,,
2023,R3,E133,"E133 G S S S Institute of Engineering and Technology for Women  Mysore","AD Artificial Intel, Data Sc",29624,,32366,33755,30923,32472,66410,51858,,,,,,,,
2023,R3,E133,"E133 G S S S Institute of Engineering and Technology for Women  Mysore","CA CS (AI, Machine Learning)",28080,37236,32988,,,31970,68592,53845,,,,,,,,
2023,R3,E133,"E133 G S S S Institute of Engineering and Technology for Women  Mysore","CS Computers",20485,22031,27734,36487,20829,23958,51070,38941,,,,,,,,
2023,R3,E133,"E133 G S S S Institute of Engineering and Technology for Women  Mysore","IE Info.Science",23107,24306,27755,43104,23806,24973,64829,45345,,,,,,,,
2023,R3,E134,"E134 Smt. Kamala and Sri Venkappa M.Agadi College of Engg. and Tech.  Laxmeshwara-Tq, Gadag Dt.","CS Computers",41021,,42505,67600,99724,,98739,97689,,,,,,,,
2023,R3,E135,"E135 K L S Viswanathrao Deshpande Institute of Technology  Haliyal, Uttara Kannada -Dist","CA CS (AI, Machine Learning)",57606,91086,82585,62196,120190,58790,148141,,,,,,,,,
2023,R3,E135,"E135 K L S Viswanathrao Deshpande Institute of Technology  Haliyal, Uttara Kannada -Dist","CS Computers",33504,46034,44937,33878,37293,,97544,94420,,,,,,,,
2023,R3,E141,"E141 P E S University (Electronic City Campus)  Bangalore","BW B Tech in CS",5600,12470,9573,12313,7728,7888,39065,51698,,,,,,,,
2023,R3,E142,"E142 Adichunchanagiri University(Formerly BGSIT)  Nagamangala Taluk,Mandya Dist.","AI Artificial Intelligence",51554,66487,69035,,,67277,138634,120901,,,,,,,,
2023,R3,E142,"E142 Adichunchanagiri University(Formerly BGSIT)  Nagamangala Taluk,Mandya Dist.","CS Computers",35859,51278,57131,39931,38045,43344,92253,134841,,,,,,,,
2023,R3,E142,"E142 Adichunchanagiri University(Formerly BGSIT)  Nagamangala Taluk,Mandya Dist.","IE Info.Science",44423,,65773,58128,45233,52513,151820,177216,,,,,,,,
2023,R3,E144,"E144 Srinivas Institute of Technology  Mangalore.","CS Computers",48219,50856,68013,57810,,78421,130208,89806,,,,,,,,
2023,R3,E144,"E144 Srinivas Institute of Technology  Mangalore.","IE Info.Science",58722,84874,77151,,,,140558,105545,,,,,,,,
2023,R3,E145,"E145 Rajarajeswari College of Engineering  Kumbalagodu,Bangalore","AI Artificial Intelligence",39840,,44392,43950,43281,46790,97996,85599,,,,,,,,
2023,R3,E145,"E145 Rajarajeswari College of Engineering  Kumbalagodu,Bangalore","CS Computers",33794,38152,42953,38284,35681,35601,68200,83453,,,,,,,,
2023,R3,E145,"E145 Rajarajeswari College of Engineering  Kumbalagodu,Bangalore","IC CS-IoT, Cyber Security",58607,,80428,62867,65769,,154500,,,,,,,,,
2023,R3,E145,"E145 Rajarajeswari College of Engineering  Kumbalagodu,Bangalore","IE Info.Science",40216,,43285,43459,40239,40451,92695,117373,,,,,,,,
2023,R3,E147,"E147 T.John Engineering College  Bangalore","CS Computers",58705,,77389,62110,63361,68868,92378,,,,,,,,,
2023,R3,E149,"E149 Cambridge Institutute of Technology  Bangalore","AI Artificial Intelligence",30958,32914,35485,42212,31214,35842,71985,103579,,,,,,,,
2023,R3,E149,"E149 Cambridge Institutute of Technology  Bangalore","CS Computers",23063,35141,29377,26674,24055,25628,63059,72389,,,,,,,,
2023,R3,E149,"E149 Cambridge Institutute of Technology  Bangalore","IC CS-IoT, Cyber Security",39435,62144,51118,57184,39636,,133056,,,,,,,,,
2023,R3,E149,"E149 Cambridge Institutute of Technology  Bangalore","IE Info.Science",31257,36903,34596,33567,32896,35690,93714,153157,,,,,,,,
2023,R3,E150,"E150 P E S Institute of Technology and Management  Shivamogga","AI Artificial Intelligence",50567,77101,73179,62754,,52021,109094,85861,,,,,,,,
2023,R3,E150,"E150 P E S Institute of Technology and Management  Shivamogga","CS Computers",37616,50716,45849,37954,,41014,90745,81481,,,,,,,,
2023,R3,E150,"E150 P E S Institute of Technology and Management  Shivamogga","IE Info.Science",44925,59705,55611,48837,50850,49105,97559,120026,,,,,,,,
2023,R3,E151,"E151 Mangalore Institute of Technology and Engineering  Mangalore Tq,D.K","AI Artificial Intelligence",33503,59718,43532,45560,44059,40117,145865,120282,,,,,,,,
2023,R3,E151,"E151 Mangalore Institute of Technology and Engineering  Mangalore Tq,D.K","CA CS (AI, Machine Learning)",34115,,41380,39626,39581,34323,170956,116727,,,,,,,,
2023,R3,E151,"E151 Mangalore Institute of Technology and Engineering  Mangalore Tq,D.K","CS Computers",25281,31788,34665,36464,32957,32492,88901,181771,,,,,,,,
2023,R3,E151,"E151 Mangalore Institute of Technology and Engineering  Mangalore Tq,D.K","IC CS-IoT, Cyber Security",37508,56775,43361,89673,43163,42719,181919,70669,,,,,,,,
2023,R3,E151,"E151 Mangalore Institute of Technology and Engineering  Mangalore Tq,D.K","IE Info.Science",32479,43409,44223,45515,45656,32883,126486,175228,,,,,,,,
2023,R3,E152,"E152 S D M Institute of Tech.  Ujire,Dakshina Kannada","AD Artificial Intel, Data Sc",53026,155445,90244,101405,72388,,158124,132233,,,,,,,,
2023,R3,E152,"E152 S D M Institute of Tech.  Ujire,Dakshina Kannada","CS Computers",39409,45342,43738,50774,41204,41981,104892,90189,,,,,,,,
2023,R3,E152,"E152 S D M Institute of Tech.  Ujire,Dakshina Kannada","IE Info.Science",51459,61481,65149,,,58476,176988,172828,,,,,,,,
2023,R3,E155,"E155 Government Engineering College  Hassan","CS Computers",26703,37886,34388,39115,27193,34447,50505,38588,,,,,,,,
2023,R3,E156,"E156 Government Engineering College  K R Pet, Mandya DT.","CS Computers",52245,55567,76665,55916,56360,,72736,71308,,,,,,,,
2023,R3,E157,"E157 Government Engineering College  Ramanagara","CS Computers",56703,58324,74209,65391,66326,67970,70880,85007,,,,,,,,
2023,R3,E158,"E158 Maharaja Institute of Technology-Mysore  Belawadi, Mandya Dist","CA CS (AI, Machine Learning)",38741,73688,48136,47111,39483,40400,86910,110773,,,,,,,,
2023,R3,E158,"E158 Maharaja Institute of Technology-Mysore  Belawadi, Mandya Dist","CF CS(Artificial Intel.)",45134,48030,52603,47765,,47484,130671,83561,,,,,,,,
2023,R3,E158,"E158 Maharaja Institute of Technology-Mysore  Belawadi, Mandya Dist","CS Computers",30564,38222,38717,38897,32696,34246,68500,62105,,,,,,,,
2023,R3,E158,"E158 Maharaja Institute of Technology-Mysore  Belawadi, Mandya Dist","DS Comp. Sc. Engg- Data Sc.",46312,51801,55150,51933,,47027,132049,111243,,,,,,,,
2023,R3,E158,"E158 Maharaja Institute of Technology-Mysore  Belawadi, Mandya Dist","IE Info.Science",36120,46011,46229,50323,36876,38501,84981,98685,,,,,,,,
2023,R3,E160,"E160 Sahyadri College of Engg. and Management  Mangalore","CA CS (AI, Machine Learning)",25071,32848,28446,28852,26469,26855,144896,173566,,,,,,,,
2023,R3,E160,"E160 Sahyadri College of Engg. and Management  Mangalore","CS Computers",14828,20017,20367,19585,23793,19722,68623,37535,,,,,,,,
2023,R3,E160,"E160 Sahyadri College of Engg. and Management  Mangalore","IE Info.Science",20877,29633,24924,27975,33998,24930,102152,72818,,,,,,,,
2023,R3,E161,"E161 Government Engineering College  Kushalnagar,Kodagu Dist","CS Computers",57336,80009,76702,85047,60688,66006,102935,88353,,,,,,,,
2023,R3,E162,"E162 Government Engineering College  Raichur","CS Computers",54141,,70504,79204,54834,72578,81987,80747,,,,,,,,
2023,R3,E166,"E166 K L E Institute of Technology  Hubli","CS Computers",22456,32151,27457,26858,25437,23347,48924,60591,,,,,,,,
2023,R3,E167,"E167 K L E Ss K L E College of Engineering and Technology  Chikkodi, Belgaum Dist.","AD Artificial Intel, Data Sc",57303,75187,67401,,,,172214,141537,,,,,,,,
2023,R3,E167,"E167 K L E Ss K L E College of Engineering and Technology  Chikkodi, Belgaum Dist.","CS Computers",42993,51160,50518,43755,50954,,99396,92304,,,,,,,,
2023,R3,E169,"E169 Alva`s Institute of Engineering and Technology  Moodabidri,","AI Artificial Intelligence",55477,,94245,117667,77109,71361,114110,138313,,,,,,,,
2023,R3,E169,"E169 Alva`s Institute of Engineering and Technology  Moodabidri,","CS Computers",47514,59450,70690,68304,60746,53143,92614,102199,,,,,,,,
2023,R3,E172,"E172 R.R.Institute of Technology  Chikkabanavara, Bangalore","CS Computers",57812,67306,70688,61446,58872,67951,116783,107624,,,,,,,,
2023,R3,E173,"E173 Sai Vidya Institute of Technology  Bangalore","CA CS (AI, Machine Learning)",51754,58558,61011,,56364,55117,128175,160168,,,,,,,,
2023,R3,E173,"E173 Sai Vidya Institute of Technology  Bangalore","CS Computers",32114,46930,37681,54110,34070,35395,89377,105766,,,,,,,,
2023,R3,E173,"E173 Sai Vidya Institute of Technology  Bangalore","DS Comp. Sc. Engg- Data Sc.",59628,74950,68477,83002,63915,60629,149651,,,,,,,,,
2023,R3,E173,"E173 Sai Vidya Institute of Technology  Bangalore","IE Info.Science",43969,49814,53462,56780,44505,45947,126830,182934,,,,,,,,
2023,R3,E175,"E175 S.G.Balekundri Institute of Technology  Belgaum","AD Artificial Intel, Data Sc",58362,106600,69129,60367,79180,63746,156052,135326,,,,,,,,
2023,R3,E175,"E175 S.G.Balekundri Institute of Technology  Belgaum","CS Computers",45995,63617,54742,51855,54126,46557,108570,150024,,,,,,,,
2023,R3,E177,"E177 Rajeev Institute of Technology  Hassan","CS Computers",51588,54447,69538,53682,59793,54637,102974,135014,,,,,,,,
2023,R3,E178,"E178 The National Institute of Engineering(NORTH CAMPUS)  Mysore","CA CS (AI, Machine Learning)",9871,18813,13614,17339,10008,10192,34553,45343,,,,,,,,
2023,R3,E178,"E178 The National Institute of Engineering(NORTH CAMPUS)  Mysore","CS Computers",5802,13712,9335,13409,7150,6355,26663,27813,,,,,,,,
2023,R3,E178,"E178 The National Institute of Engineering(NORTH CAMPUS)  Mysore","IE Info.Science",8245,15298,12798,18586,8762,9983,36412,31893,,,,,,,,
2023,R3,E185,"E185 Angadi Institute of Technology and Management  Belgaum","CS Computers",55195,70601,62842,60456,69927,57650,119285,95194,,,,,,,,
2023,R3,E186,"E186 ACS College of Engineering  Kengeri Hobli,Bangalore","CS Computers",47012,59398,60143,68516,51540,53084,108950,103282,,,,,,,,
2023,R3,E189,"E189 Navkis College of Engineering (Formerly NDRKIT)  Kandali, Hassan","AD Artificial Intel, Data Sc",59152,59683,110616,64419,62537,72859,163616,152443,,,,,,,,
2023,R3,E189,"E189 Navkis College of Engineering (Formerly NDRKIT)  Kandali, Hassan","CS Computers",43955,49649,73571,55989,46197,50414,102430,165303,,,,,,,,
2023,R3,E196,"E196 Jain College of Engineering  Machche,Belgaum","CA CS (AI, Machine Learning)",42602,90895,55262,,,46221,175602,136666,,,,,,,,
2023,R3,E196,"E196 Jain College of Engineering  Machche,Belgaum","CS Computers",32200,35898,36371,36204,37908,33448,81397,81890,,,,,,,,
2023,R3,E198,"E198 Sharnbasva University College for Women(Formerly Godutai)  Gulbarga","BW B Tech in CS",54728,,63415,61120,,54915,112240,180197,,,,,,,,
2023,R3,E201,"E201 Gopalan College of Engineering and Management  White Field, Bangalore","CS Computers",58770,60691,73609,,63564,64077,103061,119567,,,,,,,,
2023,R3,E203,"E203 K.S. School of Engineering And Management  Mallasandra, Bangalore","CS Computers",52651,74923,64606,90029,57250,58054,118514,111856,,,,,,,,
2023,R3,E205,"E205 ATME College of Engineering  Varun  hobli,Mysore","CA CS (AI, Machine Learning)",48089,,60650,56795,51250,48664,132969,104540,,,,,,,,
2023,R3,E205,"E205 ATME College of Engineering  Varun  hobli,Mysore","CS Computers",42064,,60911,44649,44373,44282,85839,91534,,,,,,,,
2023,R3,E206,"E206 Shri Madhwa Vadiraja Institute of Technology and Management  Udupi Dist","CS Computers",39746,49129,72936,59059,80312,46984,159782,117313,,,,,,,,
2023,R3,E209,"E209 Jyothi Institute of Technology  Bangalore","AI Artificial Intelligence",48968,49225,61569,,49063,53820,148031,186025,,,,,,,,
2023,R3,E209,"E209 Jyothi Institute of Technology  Bangalore","CS Computers",37390,44797,54264,46855,41397,45566,107844,109472,,,,,,,,
2023,R3,E209,"E209 Jyothi Institute of Technology  Bangalore","IE Info.Science",47161,61233,47804,75004,48418,47395,141829,,,,,,,,,
2023,R3,E211,"E211 Jain Institute of Technology  Cross,Davanagere","CS Computers",56720,64978,73598,,58868,58394,106984,106703,,,,,,,,
2023,R3,E212,"E212 Dayananda Sagar Academy of Technology  Kanakapur Main Road Bangalore","AI Artificial Intelligence",19442,,22346,,20063,21539,72341,47117,,,,,,,,
2023,R3,E212,"E212 Dayananda Sagar Academy of Technology  Kanakapur Main Road Bangalore","CD Computer Sc. and Design",26406,37336,34591,28140,26874,27230,99800,139817,,,,,,,,
2023,R3,E212,"E212 Dayananda Sagar Academy of Technology  Kanakapur Main Road Bangalore","CF CS(Artificial Intel.)",20526,26234,26132,29337,20813,22898,58391,53024,,,,,,,,
2023,R3,E212,"E212 Dayananda Sagar Academy of Technology  Kanakapur Main Road Bangalore","CS Computers",15168,18881,20638,28971,16203,18422,50989,53681,,,,,,,,
2023,R3,E212,"E212 Dayananda Sagar Academy of Technology  Kanakapur Main Road Bangalore","CY CS- Cyber Security",25337,,32483,36634,,27538,78694,63722,,,,,,,,
2023,R3,E212,"E212 Dayananda Sagar Academy of Technology  Kanakapur Main Road Bangalore","DS Comp. Sc. Engg- Data Sc.",20734,35332,25253,28951,21861,21771,81051,62491,,,,,,,,
2023,R3,E212,"E212 Dayananda Sagar Academy of Technology  Kanakapur Main Road Bangalore","IC CS-IoT, Cyber Security",27750,30804,33696,42988,33324,29901,104788,179099,,,,,,,,
2023,R3,E212,"E212 Dayananda Sagar Academy of Technology  Kanakapur Main Road Bangalore","IE Info.Science",19908,23259,25255,29851,22753,22835,73902,90971,,,,,,,,
2023,R3,E220,"E220 Alliance University  Bangalore","BW B Tech in CS",49429,58678,66923,60096,55107,57004,135191,175301,,,,,,,,
2023,R3,E222,"E222 Cambridge Institutute of Technology-North Campus  Devanahalli(TQ),Bangalore(R)","CS Computers",52384,63249,67161,64524,57432,56910,114338,111300,,,,,,,,
2023,R3,E232,"E232 Reva University  Bangalore","BW B Tech in CS",16299,20767,19926,20011,17676,18040,52779,53620,,,,,,,,
2023,R3,E235,"E235 M.S. Ramaiah University of Applied Sciences  Bangalore","BW B Tech in CS",16656,23136,20910,25286,18838,18862,58582,85328,,,,,,,,
2023,R3,E237,"E237 Presidency University  Yelahanka, Bangalore","BW B Tech in CS",38551,49332,50719,46616,42532,46404,112716,134399,,,,,,,,
2023,R3,E237,"E237 Presidency University  Yelahanka, Bangalore","DM B.TECH IN CS NW",50726,81891,78145,66715,78848,60285,122041,,,,,,,,,
2023,R3,E239,"E239 East West College of Engineering  Yelahanka New Town, Bangalore","CS Computers",54653,54714,69143,60681,59118,58202,99751,113343,,,,,,,,
2023,R3,E240,"E240 Dayananda Sagar University  Hosur Road, Bangalore","BW B Tech in CS",26339,34478,34490,35586,30954,30616,100552,114120,,,,,,,,
2023,R3,E241,"E241 KLE Technological University(Formerly BVBCET)  Dharward Dist","CF CS(Artificial Intel.)",7827,19107,13024,14321,11522,8367,33824,53014,,,,,,,,
2023,R3,E241,"E241 KLE Technological University(Formerly BVBCET)  Dharward Dist","CS Computers",4504,8816,6696,9580,9369,5389,23210,24650,,,,,,,,
2023,R3,E254,"E254 A J Institute Of Engineering And Technology  MANGALORE","AD Artificial Intel, Data Sc",58404,82731,77460,,74686,,59463,132612,,,,,,,,
2023,R3,E254,"E254 A J Institute Of Engineering And Technology  MANGALORE","CA CS (AI, Machine Learning)",52732,120520,64964,57173,,62049,158375,54331,,,,,,,,
2023,R3,E254,"E254 A J Institute Of Engineering And Technology  MANGALORE","CS Computers",40423,49021,54412,41490,66275,55404,103687,143235,,,,,,,,
2023,R3,E254,"E254 A J Institute Of Engineering And Technology  MANGALORE","IE Info.Science",49781,60581,65368,,68363,60835,169674,163373,,,,,,,,
2023,R3,E255,"E255 Gitam School Of Technology  BANGALORE RURAL DIST","CA CS (AI, Machine Learning)",56681,93177,73531,83971,58560,68075,147705,,,,,,,,,
2023,R3,E255,"E255 Gitam School Of Technology  BANGALORE RURAL DIST","CS Computers",49210,63156,60411,62607,52471,63975,106049,136209,,,,,,,,
2023,R3,E257,"E257 CMR University  CHAGALATTI, BANGALORE","BW B Tech in CS",42032,49111,56529,49336,47553,45208,114284,156604,,,,,,,,
2023,R3,E257,"E257 CMR University  CHAGALATTI, BANGALORE","CA CS (AI, Machine Learning)",50214,60004,64247,54207,54859,56917,116302,197645,,,,,,,,
2023,R3,E258,"E258 Maharaja Institute of Technology  THANDAVAPURA, MYSORE","AD Artificial Intel, Data Sc",55153,72059,81363,55635,,55709,103307,151208,,,,,,,,
2023,R3,E258,"E258 Maharaja Institute of Technology  THANDAVAPURA, MYSORE","CS Computers",41006,64703,52556,52294,41606,47939,82801,111938,,,,,,,,
2023,R3,E265,"E265 Jain College of Engineering and Technology  Hubballi","CS Computers",44302,57431,51480,54799,50791,46693,106647,105586,,,,,,,,
2023,R3,E269,"E269 Jain College of Engineering and Research  Udyambhag, Belgaum","CS Computers",41805,47457,54790,52102,45097,,96216,88666,,,,,,,,
2023,R3,E272,"E272 Government Engineering College  Talakal,Koppal","CS Computers",58631,,89292,72301,,66116,105467,61617,,,,,,,,
2023,R3,E274,"E274 Government Engineering College  Moselehosahalli,Hassan","CS Computers",55592,69536,67335,90497,60092,73139,79726,97877,,,,,,,,
2023,R3,E275,"E275 R V Institute of Technology and Management  JP Nagar, Bengaluru","CS Computers",10575,16443,13066,13994,11826,10974,42814,53240,,,,,,,,
2023,R3,E275,"E275 R V Institute of Technology and Management  JP Nagar, Bengaluru","IE Info.Science",12685,18493,15813,24705,12852,12996,60964,58817,,,,,,,,
2023,R3,E279,"E279 Visvesvaraya Technological University  Belgaum","CS Computers",29260,37548,45802,45445,40158,35246,51827,57988,,,,,,,,
2023,R3,E283,"E283 University of Mysore  Mysore","AD Artificial Intel, Data Sc",52795,,57986,54461,,67430,115032,83922,,,,,,,,
2023,R3,E283,"E283 University of Mysore  Mysore","AI Artificial Intelligence",52123,63238,67171,58604,56712,62392,88501,53638,,,,,,,,
2023,R3,E284,"E284 Sri Jayachamarajendra College of Engineering(Const. of JSS Univ.)  Mysore","CS Computers",3134,4232,4910,9850,3492,3889,19448,10569,,,,,,,,
2023,R3,E285,"E285 R V University  Bangalore","BW B Tech in CS",8891,18077,15644,21402,11207,10395,53746,43324,,,,,,,,
2023,R3,E286,"E286 BGS College of Engineering and Technology  Mahalakshmipuram,Bangalore","AD Artificial Intel, Data Sc",46061,76875,50476,,53071,46230,129449,180320,,,,,,,,
2023,R3,E286,"E286 BGS College of Engineering and Technology  Mahalakshmipuram,Bangalore","AI Artificial Intelligence",40390,44804,48126,55969,42257,49265,120231,163058,,,,,,,,
2023,R3,E286,"E286 BGS College of Engineering and Technology  Mahalakshmipuram,Bangalore","CD Computer Sc. and Design",57966,85986,74892,,,61312,154126,199144,,,,,,,,
2023,R3,E286,"E286 BGS College of Engineering and Technology  Mahalakshmipuram,Bangalore","CS Computers",28318,39180,31807,41048,29069,29099,63624,53929,,,,,,,,
2023,R3,E286,"E286 BGS College of Engineering and Technology  Mahalakshmipuram,Bangalore","IE Info.Science",28880,64519,41028,42241,30768,36868,137165,200370,,,,,,,,
2023,R3,E288,"E288 Garden City University  Bangalore","CS Computers",58873,73498,78583,62065,60473,69184,101872,102992,,,,,,,,
2023,R3,E289,"E289 Visvesvaraya Technological University - Regional Center  Rajapur,Kalburgi","CS Computers",37758,,53072,38895,,,71747,65936,,,,,,,,
2023,R3,E290,"E290 Visvesvaraya Technological University - Regional Center  Mysore","CS Computers",39536,42440,48260,44058,40568,43213,56912,64528,,,,,,,,
2023,R3,E292,"E292 Government Engineering College  Bidar","CS Computers",49040,73510,68148,,,65525,85410,80036,,,,,,,,
2024,R1,E001,"E001 University of Visvesvaraya College of Engineering  Bangalore ( PUBLIC UNIV. )","AI Artificial Intelligence",,,,,,,,,6057,,8229,,,,26938,
2024,R1,E001,"E001 University of Visvesvaraya College of Engineering  Bangalore ( PUBLIC UNIV. )","CS Computers",,,,,,,,,4311,,7279,11081,6003,,22940,
2024,R1,E001,"E001 University of Visvesvaraya College of Engineering  Bangalore ( PUBLIC UNIV. )","IE Info.Science",,,,,,,,,5874,,11546,,,,36173,
2024,R1,E002,"E002 S K S J T Institute of Engineering.  Bangalore","CS Computers",,,,,,,,,16632,,22179,,,,40337,
2024,R1,E004,"E004 Dr. Ambedkar Institute Of Technology  Bangalore","CS Computers",,,,,,,,,10083,,12396,,11929,,,
2024,R1,E005,"E005 R. V. College of Engineering  Bangalore","CA CS (AI, Machine Learning)",,,,,,,,,1096,,2067,,,,10586,
2024,R1,E005,"E005 R. V. College of Engineering  Bangalore","CS Computers",,,,,,,,,554,,1063,,,923,4398,11793
2024,R1,E005,"E005 R. V. College of Engineering  Bangalore","CY CS- Cyber Security",,,,,,,,,1622,,,,,,,12910
2024,R1,E005,"E005 R. V. College of Engineering  Bangalore","DS Comp. Sc. Engg- Data Sc.",,,,,,,,,1516,,,,,,12522,
2024,R1,E005,"E005 R. V. College of Engineering  Bangalore","IE Info.Science",,,,,,,,,930,,2492,,,,12319,
2024,R1,E006,"E006 M S Ramaiah Institute of Technology  Bangalore","AD Artificial Intel, Data Sc",,,,,,,,,3716,,,,,4430,,
2024,R1,E006,"E006 M S Ramaiah Institute of Technology  Bangalore","AI Artificial Intelligence",,,,,,,,,,7551,,,,,,
2024,R1,E006,"E006 M S Ramaiah Institute of Technology  Bangalore","CA CS (AI, Machine Learning)",,,,,,,,,2394,,7390,,,,22448,
2024,R1,E006,"E006 M S Ramaiah Institute of Technology  Bangalore","CS Computers",,,,,,,,,1939,,3596,,,,14290,19471
2024,R1,E006,"E006 M S Ramaiah Institute of Technology  Bangalore","CY CS- Cyber Security",,,,,,,,,4161,,,,,,,30912
2024,R1,E006,"E006 M S Ramaiah Institute of Technology  Bangalore","IE Info.Science",,,,,,,,,3477,,5821,,,,20001,
2024,R1,E007,"E007 Dayananda Sagar College of Engineering  Bangalore","AI Artificial Intelligence",,,,,,,,,5215,,,,,,35290,
2024,R1,E007,"E007 Dayananda Sagar College of Engineering  Bangalore","CD Computer Sc. and Design",,,,,,,,,8759,,,,,,,
2024,R1,E007,"E007 Dayananda Sagar College of Engineering  Bangalore","CS Computers",,,,,,,,,4714,,7427,,,,30857,32818
2024,R1,E007,"E007 Dayananda Sagar College of Engineering  Bangalore","CY CS- Cyber Security",,,,,,,,,6566,,14927,,,,,
2024,R1,E007,"E007 Dayananda Sagar College of Engineering  Bangalore","DS Comp. Sc. Engg- Data Sc.",,,,,,,,,4937,,,11832,,,,
2024,R1,E007,"E007 Dayananda Sagar College of Engineering  Bangalore","IC CS-IoT, Cyber Security",,,,,,,,,7088,,,,,9103,,
2024,R1,E007,"E007 Dayananda Sagar College of Engineering  Bangalore","IE Info.Science",,,,,,,,,6372,,10085,,,,42501,41891
2024,R1,E007,"E007 Dayananda Sagar College of Engineering  Bangalore","RI Robotics and AI",,,,,,,,,11120,,,,,,62608,
2024,R1,E008,"E008 Bangalore Institute of Technology  Bangalore","AI Artificial Intelligence",,,,,,,,,7404,,,20579,,,,
2024,R1,E008,"E008 Bangalore Institute of Technology  Bangalore","CS Computers",,,,,,,,,6662,,9186,,,,38447,38498
2024,R1,E008,"E008 Bangalore Institute of Technology  Bangalore","DS Comp. Sc. Engg- Data Sc.",,,,,,,,,8910,,,,,9652,,
2024,R1,E008,"E008 Bangalore Institute of Technology  Bangalore","IC CS-IoT, Cyber Security",,,,,,,,,11775,,,,,,,
2024,R1,E008,"E008 Bangalore Institute of Technology  Bangalore","IE Info.Science",,,,,,,,,7979,,13409,,,9849,64326,
2024,R1,E008,"E008 Bangalore Institute of Technology  Bangalore","RI Robotics and AI",,,,,,,,,,,,,26492,,,
2024,R1,E009,"E009 P E S University (Ring Road Campus)  Bangalore","BW B Tech in CS",,,,,,,,,1860,4255,4205,8489,2020,2295,25646,27503
2024,R1,E011,"E011 M V J College of Engineering  Bangalore","AI Artificial Intelligence",,,,,,,,,23947,,,,,,74221,
2024,R1,E011,"E011 M V J College of Engineering  Bangalore","CD Computer Sc. and Design",,,,,,,,,30529,,,,,,,
2024,R1,E011,"E011 M V J College of Engineering  Bangalore","CS Computers",,,,,,,,,21838,,25839,,,,69048,61841
2024,R1,E011,"E011 M V J College of Engineering  Bangalore","DS Comp. Sc. Engg- Data Sc.",,,,,,,,,26766,,,,,,,74106
2024,R1,E011,"E011 M V J College of Engineering  Bangalore","IE Info.Science",,,,,,,,,26328,,,,,,110663,
2024,R1,E012,"E012 Sir M.Visveswaraya Institute of Technology  Hunasemaranahalli,Bangalore,","AI Artificial Intelligence",,,,,,,,,14113,,,,,15007,,
2024,R1,E012,"E012 Sir M.Visveswaraya Institute of Technology  Hunasemaranahalli,Bangalore,","CS Computers",,,,,,,,,13978,,17997,,,,53024,42171
2024,R1,E012,"E012 Sir M.Visveswaraya Institute of Technology  Hunasemaranahalli,Bangalore,","DS Comp. Sc. Engg- Data Sc.",,,,,,,,,18274,,,,,,,
2024,R1,E012,"E012 Sir M.Visveswaraya Institute of Technology  Hunasemaranahalli,Bangalore,","IC CS-IoT, Cyber Security",,,,,,,,,19429,,,,,,84469,
2024,R1,E012,"E012 Sir M.Visveswaraya Institute of Technology  Hunasemaranahalli,Bangalore,","IE Info.Science",,,,,,,,,16373,,22651,,,,81038,
2024,R1,E012,"E012 Sir M.Visveswaraya Institute of Technology  Hunasemaranahalli,Bangalore,","RI Robotics and AI",,,,,,,,,26832,,,,,31380,,
2024,R1,E014,"E014 S J C Institute of Technology  Chickballapur","AD Artificial Intel, Data Sc",,,,,,,,,50260,,,,,,,
2024,R1,E014,"E014 S J C Institute of Technology  Chickballapur","CA CS (AI, Machine Learning)",,,,,,,,,41947,,,,,,,
2024,R1,E014,"E014 S J C Institute of Technology  Chickballapur","CS Computers",,,,,,,,,41366,,55176,,,,105644,105807
2024,R1,E014,"E014 S J C Institute of Technology  Chickballapur","IE Info.Science",,,,,,,,,47935,,73401,,,,154568,
2024,R1,E016,"E016 Siddaganga Institute of Technology  Tumkur","AD Artificial Intel, Data Sc",,,,,,,,,11136,,,,,12558,,
2024,R1,E016,"E016 Siddaganga Institute of Technology  Tumkur","CA CS (AI, Machine Learning)",,,,,,,,,,,,,12285,,,
2024,R1,E016,"E016 Siddaganga Institute of Technology  Tumkur","CS Computers",,,,,,,,,7249,,11766,,,,36423,43739
2024,R1,E016,"E016 Siddaganga Institute of Technology  Tumkur","IE Info.Science",,,,,,,,,10153,,14244,,,,54317,
2024,R1,E017,"E017 Sri Siddartha Institute of Technology  Tumkur","AI Artificial Intelligence",,,,,,,,,41114,,,,,,105183,
2024,R1,E017,"E017 Sri Siddartha Institute of Technology  Tumkur","CS Computers",,,,,,,,,42852,,53259,,,,142741,
2024,R1,E017,"E017 Sri Siddartha Institute of Technology  Tumkur","CY CS- Cyber Security",,,,,,,,,51152,,,,,,,96315
2024,R1,E017,"E017 Sri Siddartha Institute of Technology  Tumkur","DS Comp. Sc. Engg- Data Sc.",,,,,,,,,56138,,,,,,,148588
2024,R1,E017,"E017 Sri Siddartha Institute of Technology  Tumkur","IE Info.Science",,,,,,,,,48277,,,74333,,,,
2024,R1,E021,"E021 Sri Jayachamarajendra College of Engineering(Const. of JSS Univ.)  Mysore","CS Computers",,,,,,,,,2915,,,,7149,,,24413
2024,R1,E031,"E031 Basaveshwara Engineering College  Bagalkot","CS Computers",,,,,,,,,18251,,26722,,,,60669,
2024,R1,E034,"E034 Sri Dharmasthala Manjunatheswara College of Engineering  Dharwad","AI Artificial Intelligence",,,,,,,,,19336,,,,,,,62751
2024,R1,E034,"E034 Sri Dharmasthala Manjunatheswara College of Engineering  Dharwad","CS Computers",,,,,,,,,12570,,,,,,48880,
2024,R1,E034,"E034 Sri Dharmasthala Manjunatheswara College of Engineering  Dharwad","IE Info.Science",,,,,,,,,17359,,,,,,91922,
2024,R1,E036,"E036 KLE Technological University(Formerly KLE Dr.MS Sheshagiri Col.)  Belgaum","CF CS(Artificial Intel.)",,,,,,,,,,,,,28071,,,
2024,R1,E036,"E036 KLE Technological University(Formerly KLE Dr.MS Sheshagiri Col.)  Belgaum","CS Computers",,,,,,,,,27434,,28944,,,,83479,
2024,R1,E037,"E037 K.L.S. Gogte Institute of Technology  Belgaum","CA CS (AI, Machine Learning)",,,,,,,,,18858,29756,,,,,,
2024,R1,E037,"E037 K.L.S. Gogte Institute of Technology  Belgaum","CS Computers",,,,,,,,,12170,,23709,,,,47667,67055
2024,R1,E037,"E037 K.L.S. Gogte Institute of Technology  Belgaum","IE Info.Science",,,,,,,,,19207,,,,,24304,88194,
2024,R1,E038,"E038 B L D E As V.P. Dr. P. G. Hallakatti College of Engg. and Tech.  vijayapur","CA CS (AI, Machine Learning)",,,,,,,,,55454,,,,,,,
2024,R1,E038,"E038 B L D E As V.P. Dr. P. G. Hallakatti College of Engg. and Tech.  vijayapur","CS Computers",,,,,,,,,46955,,60809,,,,94566,94456
2024,R1,E043,"E043 Gurunanak Dev Engineering College  Bidar","CS Computers",,,,,,,,,58590,86236,88465,71659,89688,62364,100367,73796
2024,R1,E047,"E047 Malnad College of Engineering  Hassan","CA CS (AI, Machine Learning)",,,,,,,,,,85891,,,,,,
2024,R1,E047,"E047 Malnad College of Engineering  Hassan","CS Computers",,,,,,,,,28998,,35413,,,,112847,80438
2024,R1,E047,"E047 Malnad College of Engineering  Hassan","IE Info.Science",,,,,,,,,39553,,43992,,,48950,169909,
2024,R1,E048,"E048 B M S College of Engineering  Basavanagudi,Bangalore","AD Artificial Intel, Data Sc",,,,,,,,,,,,11265,,,,
2024,R1,E048,"E048 B M S College of Engineering  Basavanagudi,Bangalore","AI Artificial Intelligence",,,,,,,,,4332,,6870,,4451,,35552,32360
2024,R1,E048,"E048 B M S College of Engineering  Basavanagudi,Bangalore","CS Computers",,,,,,,,,3137,5556,6291,9428,3565,4145,27726,23627
2024,R1,E048,"E048 B M S College of Engineering  Basavanagudi,Bangalore","DS Comp. Sc. Engg- Data Sc.",,,,,,,,,3281,,,,,,34407,
2024,R1,E048,"E048 B M S College of Engineering  Basavanagudi,Bangalore","IC CS-IoT, Cyber Security",,,,,,,,,3517,,,,,,,40868
2024,R1,E049,"E049 Basaveshwara Engineering College  Bagalkot","AI Artificial Intelligence",,,,,,,,,35757,,,,,37449,,
2024,R1,E049,"E049 Basaveshwara Engineering College  Bagalkot","CS Computers",,,,,,,,,29017,,35718,,,,94665,
2024,R1,E049,"E049 Basaveshwara Engineering College  Bagalkot","IE Info.Science",,,,,,,,,37328,,46316,,,,173967,113943
2024,R1,E057,"E057 JSS Science and Technology University(Formerly SJCE)  Mysore","CS Computers Mgmt.",,,,,,,,,6025,,8435,,,,42473,
2024,R1,E057,"E057 JSS Science and Technology University(Formerly SJCE)  Mysore","IE Info.Science",,,,,,,,,,,,,,5438,,
2024,R1,E058,"E058 P E S College of Engineering  Mandya","CA CS (AI, Machine Learning)",,,,,,,,,41410,,,,42541,,,
2024,R1,E058,"E058 P E S College of Engineering  Mandya","CS Computers",,,,,,,,,29323,,34025,,,,78600,100780
2024,R1,E058,"E058 P E S College of Engineering  Mandya","DS Comp. Sc. Engg- Data Sc.",,,,,,,,,39399,,,,,,119705,
2024,R1,E058,"E058 P E S College of Engineering  Mandya","IE Info.Science",,,,,,,,,35878,,,,,47002,,
2024,R1,E059,"E059 P D A College of Engineering  Gulbarga","AI Artificial Intelligence",,,,,,,,,55980,76613,73629,57093,66731,59383,131304,152282
2024,R1,E059,"E059 P D A College of Engineering  Gulbarga","CS Computers",,,,,,,,,40449,56621,54548,43167,56285,45460,82938,100003
2024,R1,E060,"E060 Dr. Ambedkar Institute Of Technology  Jnanabharathi Campus,Bangalore","AI Artificial Intelligence",,,,,,,,,,22018,,,,,,
2024,R1,E060,"E060 Dr. Ambedkar Institute Of Technology  Jnanabharathi Campus,Bangalore","CS Computers",,,,,,,,,15790,,22797,,,,58484,51207
2024,R1,E060,"E060 Dr. Ambedkar Institute Of Technology  Jnanabharathi Campus,Bangalore","IE Info.Science",,,,,,,,,19527,,24606,,,,78636,
2024,R1,E061,"E061 University B.D.T. college of Engineering  Davangere","CS Computers",,,,,,,,,22536,,35642,,,,53246,
2024,R1,E062,"E062 Bapuji Institute of Engineering and Technology  Davangere","AI Artificial Intelligence",,,,,,,,,44684,,50750,,,,124116,106467
2024,R1,E062,"E062 Bapuji Institute of Engineering and Technology  Davangere","CS Computers",,,,,,,,,31853,,34609,,,32591,103128,77429
2024,R1,E062,"E062 Bapuji Institute of Engineering and Technology  Davangere","DS Comp. Sc. Engg- Data Sc.",,,,,,,,,,83296,,,,,,
2024,R1,E062,"E062 Bapuji Institute of Engineering and Technology  Davangere","IE Info.Science",,,,,,,,,47331,,51013,,,49101,165192,131149
2024,R1,E065,"E065 Jawaharlal Nehru National College of Engineering  Shimoga","AI Artificial Intelligence",,,,,,,,,45414,53659,,,,,,
2024,R1,E065,"E065 Jawaharlal Nehru National College of Engineering  Shimoga","CS Computers",,,,,,,,,37899,,52533,,,,154204,116062
2024,R1,E065,"E065 Jawaharlal Nehru National College of Engineering  Shimoga","DS Comp. Sc. Engg- Data Sc.",,,,,,,,,57051,,,,61775,,,
2024,R1,E065,"E065 Jawaharlal Nehru National College of Engineering  Shimoga","IE Info.Science",,,,,,,,,47664,,87070,,,,251381,208508
2024,R1,E066,"E066 University B.D.T. college of Engineering, (H.GOV)  Davangere","CS Computers",,,,,,,,,41406,,55185,,,,91442,98918
2024,R1,E071,"E071 Vidya Vardhaka College of Engineering  Mysuru","CA CS (AI, Machine Learning)",,,,,,,,,25150,,32917,,,26384,96347,
2024,R1,E071,"E071 Vidya Vardhaka College of Engineering  Mysuru","CS Computers",,,,,,,,,21618,26044,27996,35400,21863,22988,74659,84074
2024,R1,E071,"E071 Vidya Vardhaka College of Engineering  Mysuru","IE Info.Science",,,,,,,,,24369,37415,33224,,,,115467,
2024,R1,E075,"E075 Ballari Institute of Technology and Management  Near Allipur Bellary","CF CS(Artificial Intel.)",,,,,,,,,57890,63371,75349,68693,65574,61710,126334,116170
2024,R1,E075,"E075 Ballari Institute of Technology and Management  Near Allipur Bellary","CS Computers",,,,,,,,,37502,62097,55210,44869,49284,39001,114507,70527
2024,R1,E077,"E077 Vidya Vikas Institute of Engineering and Technology  Mysuru","CS Computers",,,,,,,,,32984,,43125,,,,,
2024,R1,E077,"E077 Vidya Vikas Institute of Engineering and Technology  Mysuru","IE Info.Science",,,,,,,,,59374,,60545,,,,,
2024,R1,E078,"E078 The Oxford College of Engineering  Bangalore","AI Artificial Intelligence",,,,,,,,,30828,,,,,,120562,
2024,R1,E078,"E078 The Oxford College of Engineering  Bangalore","CS Computers",,,,,,,,,31832,,34917,,,,97159,
2024,R1,E078,"E078 The Oxford College of Engineering  Bangalore","IE Info.Science",,,,,,,,,37571,47196,,,,,,
2024,R1,E079,"E079 Acharya Institute of Technology  Bangalore","AI Artificial Intelligence",,,,,,,,,24237,,31066,,,,75813,
2024,R1,E079,"E079 Acharya Institute of Technology  Bangalore","CS Computers",,,,,,,,,20256,,24947,,,,68449,62063
2024,R1,E079,"E079 Acharya Institute of Technology  Bangalore","DS Comp. Sc. Engg- Data Sc.",,,,,,,,,25526,,28999,,,,,
2024,R1,E079,"E079 Acharya Institute of Technology  Bangalore","IE Info.Science",,,,,,,,,25623,,29570,,,26109,96438,90961
2024,R1,E082,"E082 J S S Academy of Technical Education  Bangalore","CA CS (AI, Machine Learning)",,,,,,,,,17676,,,,,,108499,
2024,R1,E082,"E082 J S S Academy of Technical Education  Bangalore","CS Computers",,,,,,,,,15646,,24625,,,,73195,73949
2024,R1,E082,"E082 J S S Academy of Technical Education  Bangalore","IE Info.Science",,,,,,,,,18565,,25727,,,,87733,104861
2024,R1,E083,"E083 H.K.B.K.College of Engineering  Bangalore","AI Artificial Intelligence",,,,,,,,,56099,76426,,,,,151686,
2024,R1,E083,"E083 H.K.B.K.College of Engineering  Bangalore","CS Computers",,,,,,,,,51441,,72102,,,55050,130026,110654
2024,R1,E085,"E085 APS College of Engineering  Somanahalli, Bangalore","CS Computers",,,,,,,,,51161,,60447,,,,96466,
2024,R1,E086,"E086 Sri Sairam College of Engineering(Formerly Shirdi Sai Engg)  Anekal,Bangalore","CS Computers",,,,,,,,,56181,,75800,,,,116517,
2024,R1,E087,"E087 Vivekananada Institute of Technology  Bangalore","AI Artificial Intelligence",,,,,,,,,59953,,,99292,,,,
2024,R1,E087,"E087 Vivekananada Institute of Technology  Bangalore","CS Computers",,,,,,,,,53376,,64598,,,,125051,115433
2024,R1,E088,"E088 Bangalore College of Engineering and Technology  Chandapura, Bangalore","CS Computers",,,,,,,,,48046,,,81672,,,,
2024,R1,E091,"E091 K S Institute of Technology  Bangalore","AI Artificial Intelligence",,,,,,,,,36591,,,,,44372,147676,
2024,R1,E091,"E091 K S Institute of Technology  Bangalore","CD Computer Sc. and Design",,,,,,,,,51677,211876,,,,,,
2024,R1,E091,"E091 K S Institute of Technology  Bangalore","CS Computers",,,,,,,,,34839,,38800,,,,124034,124346
2024,R1,E091,"E091 K S Institute of Technology  Bangalore","IC CS-IoT, Cyber Security",,,,,,,,,55802,,,146302,,,,
2024,R1,E092,"E092 Vemana Institute of Technology  Bangalore","AI Artificial Intelligence",,,,,,,,,53462,,,92738,,,,
2024,R1,E092,"E092 Vemana Institute of Technology  Bangalore","CS Computers",,,,,,,,,48697,,65483,,,,129493,
2024,R1,E092,"E092 Vemana Institute of Technology  Bangalore","DS Comp. Sc. Engg- Data Sc.",,,,,,,,,59488,,,,,64675,,
2024,R1,E095,"E095 AMC Engineering College  Bangalore","AI Artificial Intelligence",,,,,,,,,44009,,58007,,,,138332,122843
2024,R1,E095,"E095 AMC Engineering College  Bangalore","CA CS (AI, Machine Learning)",,,,,,,,,46739,,62663,,,,154283,188903
2024,R1,E095,"E095 AMC Engineering College  Bangalore","CS Computers",,,,,,,,,37743,,41838,,,40211,118019,119138
2024,R1,E095,"E095 AMC Engineering College  Bangalore","DS Comp. Sc. Engg- Data Sc.",,,,,,,,,48608,,,52652,52213,,,
2024,R1,E095,"E095 AMC Engineering College  Bangalore","IE Info.Science",,,,,,,,,50278,58929,61433,,,,149167,
2024,R1,E096,"E096 East Point College of Engineering and Technology  Bangalore","AD Artificial Intel, Data Sc",,,,,,,,,43299,,,,,,,
2024,R1,E096,"E096 East Point College of Engineering and Technology  Bangalore","CA CS (AI, Machine Learning)",,,,,,,,,44643,84015,,,,,,
2024,R1,E096,"E096 East Point College of Engineering and Technology  Bangalore","CS Computers",,,,,,,,,41612,,49942,,,42781,107212,
2024,R1,E097,"E097 C M R Institute of Technology  Bangalore","AD Artificial Intel, Data Sc",,,,,,,,,18910,,24977,28096,,,,
2024,R1,E097,"E097 C M R Institute of Technology  Bangalore","AI Artificial Intelligence",,,,,,,,,18599,,,,,,73519,
2024,R1,E097,"E097 C M R Institute of Technology  Bangalore","CA CS (AI, Machine Learning)",,,,,,,,,17491,26660,,,,,,
2024,R1,E097,"E097 C M R Institute of Technology  Bangalore","CS Computers",,,,,,,,,15594,,19224,,,,57468,57651
2024,R1,E097,"E097 C M R Institute of Technology  Bangalore","DS Comp. Sc. Engg- Data Sc.",,,,,,,,,18098,,,,18536,,,
2024,R1,E097,"E097 C M R Institute of Technology  Bangalore","IE Info.Science",,,,,,,,,19548,,25121,,,20000,82447,
2024,R1,E098,"E098 Atria Institute of Technology  Bangalore","AI Artificial Intelligence",,,,,,,,,35791,,42794,,,,137243,
2024,R1,E098,"E098 Atria Institute of Technology  Bangalore","CS Computers",,,,,,,,,32423,,37199,,,32946,136737,112358
2024,R1,E098,"E098 Atria Institute of Technology  Bangalore","DS Comp. Sc. Engg- Data Sc.",,,,,,,,,48939,68743,,61977,,,,
2024,R1,E098,"E098 Atria Institute of Technology  Bangalore","IE Info.Science",,,,,,,,,43402,,51708,,,46834,159842,176986
2024,R1,E099,"E099 New Horizon College of Engineering  Bangalore","AI Artificial Intelligence",,,,,,,,,15697,,21095,,,,68140,
2024,R1,E099,"E099 New Horizon College of Engineering  Bangalore","CS Computers",,,,,,,,,14785,,18558,,,15416,66390,59976
2024,R1,E099,"E099 New Horizon College of Engineering  Bangalore","DS Comp. Sc. Engg- Data Sc.",,,,,,,,,17257,,23078,,,,87172,
2024,R1,E102,"E102 DONBOSCO Institute of Technology  Bangalore","AD Artificial Intel, Data Sc",,,,,,,,,42082,,,91955,,,,
2024,R1,E102,"E102 DONBOSCO Institute of Technology  Bangalore","CA CS (AI, Machine Learning)",,,,,,,,,39803,,63813,,,,131130,
2024,R1,E102,"E102 DONBOSCO Institute of Technology  Bangalore","CS Computers",,,,,,,,,34593,,39911,,,39916,124074,106448
2024,R1,E102,"E102 DONBOSCO Institute of Technology  Bangalore","IE Info.Science",,,,,,,,,46503,,56518,,,,164859,184076
2024,R1,E103,"E103 Global Academy of Technology  Bangalore","AD Artificial Intel, Data Sc",,,,,,,,,29020,,33578,,,,123424,
2024,R1,E103,"E103 Global Academy of Technology  Bangalore","AI Artificial Intelligence",,,,,,,,,27318,65866,,,,,,
2024,R1,E103,"E103 Global Academy of Technology  Bangalore","CA CS (AI, Machine Learning)",,,,,,,,,28268,,35738,,,,127668,
2024,R1,E103,"E103 Global Academy of Technology  Bangalore","CS Computers",,,,,,,,,24133,,30683,,,26349,111970,105425
2024,R1,E103,"E103 Global Academy of Technology  Bangalore","IE Info.Science",,,,,,,,,28556,,37984,,28954,,127687,
2024,R1,E104,"E104 Nagarjuna College of Engineering and Technology  Bangalore (R)","CS Computers",,,,,,,,,55661,,64610,,,,136865,132250
2024,R1,E105,"E105 Nitte Meenakshi Institutute of Technology  Bangalore","AD Artificial Intel, Data Sc",,,,,,,,,12619,,,,,,,
2024,R1,E105,"E105 Nitte Meenakshi Institutute of Technology  Bangalore","AI Artificial Intelligence",,,,,,,,,12200,,,,13144,,,
2024,R1,E105,"E105 Nitte Meenakshi Institutute of Technology  Bangalore","CS Computers",,,,,,,,,10513,,14183,,,10901,56281,43238
2024,R1,E105,"E105 Nitte Meenakshi Institutute of Technology  Bangalore","IE Info.Science",,,,,,,,,13117,,17559,,,,67409,66705
2024,R1,E106,"E106 East West Institute of Technology  Bangalore","AD Artificial Intel, Data Sc",,,,,,,,,55061,93151,,,,,,
2024,R1,E106,"E106 East West Institute of Technology  Bangalore","AI Artificial Intelligence",,,,,,,,,52036,,,,,,126699,
2024,R1,E106,"E106 East West Institute of Technology  Bangalore","CA CS (AI, Machine Learning)",,,,,,,,,56304,,,,,,195326,
2024,R1,E106,"E106 East West Institute of Technology  Bangalore","CS Computers",,,,,,,,,47382,,55103,,,,136731,136475
2024,R1,E106,"E106 East West Institute of Technology  Bangalore","IE Info.Science",,,,,,,,,57834,,69200,,,,210008,165756
2024,R1,E107,"E107 B N M Institute of Technology  Bangalore","AI Artificial Intelligence",,,,,,,,,16531,,,,,18869,75519,
2024,R1,E107,"E107 B N M Institute of Technology  Bangalore","CS Computers",,,,,,,,,14617,,20789,,,,70603,72495
2024,R1,E107,"E107 B N M Institute of Technology  Bangalore","IE Info.Science",,,,,,,,,15643,,,,17483,,,
2024,R1,E108,"E108 Sapthagiri NPS College of Engineering  Bangalore","CA CS (AI, Machine Learning)",,,,,,,,,53693,69154,64385,103231,55343,55719,206459,227507
2024,R1,E108,"E108 Sapthagiri NPS College of Engineering  Bangalore","DS Comp. Sc. Engg- Data Sc.",,,,,,,,,56284,,75085,,,57761,194762,245480
2024,R1,E111,"E111 Sri Venkateshwara College of Engineering  Bettahalsur(P), Bangalore","CF CS(Artificial Intel.)",,,,,,,,,58379,,,,,,,
2024,R1,E111,"E111 Sri Venkateshwara College of Engineering  Bettahalsur(P), Bangalore","CS Computers",,,,,,,,,53925,,69720,,,,147325,139720
2024,R1,E114,"E114 G M Institute of Technology  Davanagere","AI Artificial Intelligence",,,,,,,,,51101,,,,,,148415,135890
2024,R1,E114,"E114 G M Institute of Technology  Davanagere","CS Computers",,,,,,,,,35645,,50961,,,39726,,
2024,R1,E114,"E114 G M Institute of Technology  Davanagere","IE Info.Science Automation",,,,,,,,,51776,,,,,,,
2024,R1,E115,"E115 S J B Institute of Technology  Kengeri,Bangalore (ATNMS)","AI Artificial Intelligence",,,,,,,,,,33676,,,,,,
2024,R1,E115,"E115 S J B Institute of Technology  Kengeri,Bangalore (ATNMS)","CS Computers",,,,,,,,,20613,,25498,,,,108956,88612
2024,R1,E115,"E115 S J B Institute of Technology  Kengeri,Bangalore (ATNMS)","DS Comp. Sc. Engg- Data Sc.",,,,,,,,,,,,,25181,,,
2024,R1,E115,"E115 S J B Institute of Technology  Kengeri,Bangalore (ATNMS)","IE Info.Science",,,,,,,,,24372,,34072,,,27694,134319,
2024,R1,E118,"E118 RNS Institute of Technology  Bangalore","Intel, Data Sc CA CS (AI, Machine Learning)",,,,,,,,,16233,,21573,,,,86768,76131
2024,R1,E118,"E118 RNS Institute of Technology  Bangalore","CS Computers",,,,,,,,,13704,22944,19941,29645,15821,14251,72999,67618
2024,R1,E118,"E118 RNS Institute of Technology  Bangalore","CY CS- Cyber Security",,,,,,,,,17310,,,,,17962,,
2024,R1,E118,"E118 RNS Institute of Technology  Bangalore","DS Comp. Sc. Engg- Data Sc.",,,,,,,,,15914,,21897,,,,89278,
2024,R1,E124,"E124 Rajiv Gandhi Institute of Technology  R.T Nagar Post, Bangalore","CS Computers",,,,,,,,,56292,,81686,,,,149117,
2024,R1,E126,"E126 B M S Institute of Technology and Management  Yelahanka, Bangalore","AI Artificial Intelligence",,,,,,,,,11528,,19489,,,11987,67274,60506
2024,R1,E126,"E126 B M S Institute of Technology and Management  Yelahanka, Bangalore","CS Computers",,,,,,,,,10186,20768,15969,24195,11007,10377,60964,55455
2024,R1,E128,"E128 Sharnbasva University(Formerly Appa Inst. of Tech.)  Brahmpur, Kalaburagi","BW B Tech in CS and Design",,,,,,,,,46695,82183,72984,50046,101210,48597,136784,126160
2024,R1,E129,"E129 St. Joseph Engineering College  Mangalore","CS Computers",,,,,,,,,39219,,57963,,,,141239,149530
2024,R1,E129,"E129 St. Joseph Engineering College  Mangalore","DS Comp. Sc. Engg- Data Sc.",,,,,,,,,40763,,,,,,159478,
2024,R1,E133,"E133 G S S S Institute of Engineering and Technology for Women  Mysore","AD Artificial Intel, Data Sc",,,,,,,,,,,,,64886,,,
2024,R1,E133,"E133 G S S S Institute of Engineering and Technology for Women  Mysore","CA CS (AI, Machine Learning)",,,,,,,,,30487,,,,,38409,,
2024,R1,E133,"E133 G S S S Institute of Engineering and Technology for Women  Mysore","CS Computers",,,,,,,,,22472,,34517,,,,148028,
2024,R1,E133,"E133 G S S S Institute of Engineering and Technology for Women  Mysore","IE Info.Science",,,,,,,,,27997,53417,,,,,,
2024,R1,E134,"E134 Smt. Kamala and Sri Venkappa M.Agadi College of Engg. and Tech.  Laxmeshwara-Tq, Gadag Dt.","CS Computers",,,,,,,,,59449,,83953,,,,,
2024,R1,E141,"E141 P E S University (Electronic City Campus)  Bangalore","BW B Tech in CS",,,,,,,,,7213,13254,10993,14878,7641,7283,56726,56169
2024,R1,E145,"E145 Rajarajeswari College of Engineering  Kumbalagodu,Bangalore","AI Artificial Intelligence",,,,,,,,,42806,,,,56013,,,
2024,R1,E145,"E145 Rajarajeswari College of Engineering  Kumbalagodu,Bangalore","CD Computer Sc. and Design",,,,,,,,,57287,,,,,,187655,
2024,R1,E145,"E145 Rajarajeswari College of Engineering  Kumbalagodu,Bangalore","CS Computers",,,,,,,,,39585,,42173,,,,119732,98159
2024,R1,E145,"E145 Rajarajeswari College of Engineering  Kumbalagodu,Bangalore","IC CS-IoT, Cyber Security",,,,,,,,,57164,,,,,57596,,
2024,R1,E145,"E145 Rajarajeswari College of Engineering  Kumbalagodu,Bangalore","IE Info.Science",,,,,,,,,49193,,53886,,,,168251,
2024,R1,E149,"E149 Cambridge Institutute of Technology  Bangalore","AI Artificial Intelligence",,,,,,,,,31723,,37507,,,,137694,
2024,R1,E149,"E149 Cambridge Institutute of Technology  Bangalore","CS Computers",,,,,,,,,29550,,30262,,,,95473,101342
2024,R1,E149,"E149 Cambridge Institutute of Technology  Bangalore","DS Comp. Sc. Engg- Data Sc.",,,,,,,,,33562,,,49840,,,,
2024,R1,E149,"E149 Cambridge Institutute of Technology  Bangalore","IC CS-IoT, Cyber Security",,,,,,,,,35948,,,,,,,
2024,R1,E149,"E149 Cambridge Institutute of Technology  Bangalore","IE Info.Science",,,,,,,,,33477,,38137,,,40213,137573,
2024,R1,E150,"E150 P E S Institute of Technology and Management  Shivamogga","AI Artificial Intelligence",,,,,,,,,51252,,,,,,165491,
2024,R1,E150,"E150 P E S Institute of Technology and Management  Shivamogga","CS Computers",,,,,,,,,45809,,63185,,,,118261,166046
2024,R1,E151,"E151 Mangalore Institute of Technology and Engineering  Mangalore Tq,D.K","AI Artificial Intelligence",,,,,,,,,44753,,58672,,,,,
2024,R1,E151,"E151 Mangalore Institute of Technology and Engineering  Mangalore Tq,D.K","CA CS (AI, Machine Learning)",,,,,,,,,33547,,,,,54374,,
2024,R1,E151,"E151 Mangalore Institute of Technology and Engineering  Mangalore Tq,D.K","CS Computers",,,,,,,,,53422,,56277,,,,149162,140946
2024,R1,E154,"E154 Government Engineering College  Chamarajanagara","CS Computers",,,,,,,,,51644,,,78827,76471,,,
2024,R1,E155,"E155 Government Engineering College  Hassan","AI Artificial Intelligence",,,,,,,,,44082,,,58491,87248,,,
2024,R1,E155,"E155 Government Engineering College  Hassan","CS Computers",,,,,,,,,41812,,58551,,,45857,87979,71849
2024,R1,E158,"E158 Maharaja Institute of Technology-Mysore  Belawadi, Mandya Dist","CS Computers",,,,,,,,,47067,,66402,,,,129305,133506
2024,R1,E160,"E160 Sahyadri College of Engg. and Management  Mangalore","CA CS (AI, Machine Learning)",,,,,,,,,41899,,43907,,,50696,152581,
2024,R1,E160,"E160 Sahyadri College of Engg. and Management  Mangalore","CS Computers",,,,,,,,,28792,,36615,,,,132815,110022
2024,R1,E160,"E160 Sahyadri College of Engg. and Management  Mangalore","IE Info.Science",,,,,,,,,38523,,,,69101,,199553,
2024,R1,E166,"E166 K L E Institute of Technology  Hubli","CS Computers",,,,,,,,,21498,,26004,,,24674,72384,
2024,R1,E167,"E167 K L E Ss K L E College of Engineering and Technology  Chikkodi, Belgaum Dist.","CS Computers",,,,,,,,,41203,,68661,,,,96744,
2024,R1,E173,"E173 Sai Vidya Institute of Technology  Bangalore","CA CS (AI, Machine Learning)",,,,,,,,,53858,71121,75757,,,,,
2024,R1,E173,"E173 Sai Vidya Institute of Technology  Bangalore","CS Computers",,,,,,,,,42903,,63860,,,,159931,168887
2024,R1,E173,"E173 Sai Vidya Institute of Technology  Bangalore","IE Info.Science",,,,,,,,,54907,,,,,62934,187120,
2024,R1,E178,"E178 The National Institute of Engineering(NORTH CAMPUS)  Mysore","CA CS (AI, Machine Learning)",,,,,,,,,9951,,13927,,,,52562,
2024,R1,E178,"E178 The National Institute of Engineering(NORTH CAMPUS)  Mysore","CS Computers",,,,,,,,,7976,,9683,,,,42962,50801
2024,R1,E178,"E178 The National Institute of Engineering(NORTH CAMPUS)  Mysore","IE Info.Science",,,,,,,,,10381,,12597,,,11894,50316,57404
2024,R1,E186,"E186 ACS College of Engineering  Kengeri Hobli,Bangalore","CS Computers",,,,,,,,,59336,,70258,,,65596,147177,171480
2024,R1,E196,"E196 Jain College of Engineering  Machche,Belgaum","CS Computers",,,,,,,,,45719,,57199,,,46552,110811,
2024,R1,E198,"E198 Sharnbasva University College for Women(Formerly Godutai)  Gulbarga","BW B Tech in CS",,,,,,,,,58443,88789,104646,61947,91434,68494,144410,169554
2024,R1,E203,"E203 K.S. School of Engineering And Management  Mallasandra, Bangalore","CS Computers",,,,,,,,,54110,,61609,,,,196789,
2024,R1,E205,"E205 ATME College of Engineering  Varun  hobli,Mysore","CA CS (AI, Machine Learning)",,,,,,,,,54785,,,,,75043,,
2024,R1,E209,"E209 Jyothi Institute of Technology  Bangalore","CS Computers",,,,,,,,,44548,,55546,,,,174372,198737
2024,R1,E209,"E209 Jyothi Institute of Technology  Bangalore","IE Info.Science",,,,,,,,,59138,,,,,76340,,
2024,R1,E212,"E212 Dayananda Sagar Academy of Technology  Kanakapur Main Road Bangalore","AI Artificial Intelligence",,,,,,,,,21602,,,,,,,
2024,R1,E212,"E212 Dayananda Sagar Academy of Technology  Kanakapur Main Road Bangalore","CD Computer Sc. and Design",,,,,,,,,24739,,40998,,,,,
2024,R1,E212,"E212 Dayananda Sagar Academy of Technology  Kanakapur Main Road Bangalore","CF CS(Artificial Intel.)",,,,,,,,,22793,,,,,,94940,
2024,R1,E212,"E212 Dayananda Sagar Academy of Technology  Kanakapur Main Road Bangalore","CS Computers",,,,,,,,,17425,,24637,,,21367,78252,78695
2024,R1,E212,"E212 Dayananda Sagar Academy of Technology  Kanakapur Main Road Bangalore","CY CS- Cyber Security",,,,,,,,,,,,,25429,,,
2024,R1,E212,"E212 Dayananda Sagar Academy of Technology  Kanakapur Main Road Bangalore","DS Comp. Sc. Engg- Data Sc.",,,,,,,,,23063,,,48206,,,,
2024,R1,E212,"E212 Dayananda Sagar Academy of Technology  Kanakapur Main Road Bangalore","IC CS-IoT, Cyber Security",,,,,,,,,,34074,,,,,,
2024,R1,E212,"E212 Dayananda Sagar Academy of Technology  Kanakapur Main Road Bangalore","IE Info.Science",,,,,,,,,21740,,26010,,,,108219,107791
2024,R1,E220,"E220 Alliance University  Bangalore","BW B Tech in CS",,,,,,,,,43796,70669,57697,,,44231,152069,146642
2024,R1,E222,"E222 Cambridge Institutute of Technology-North Campus  Devanahalli(TQ),Bangalore(R)","CS Computers",,,,,,,,,51003,,59963,,,,147544,129379
2024,R1,E232,"E232 Reva University  Bangalore","BW B Tech in CS",,,,,,,,,19954,,23996,,,20014,78456,82908
2024,R1,E235,"E235 M.S. Ramaiah University of Applied Sciences  Bangalore","BW B Tech in CS",,,,,,,,,16196,,20244,,,,68527,84075
2024,R1,E237,"E237 Presidency University  Yelahanka, Bangalore","BW B Tech in CS",,,,,,,,,46032,57279,53812,57165,46601,46940,151048,163277
2024,R1,E237,"E237 Presidency University  Yelahanka, Bangalore","DM B.TECH IN CS NW",,,,,,,,,57641,,,112666,,,,
2024,R1,E239,"E239 East West College of Engineering  Yelahanka New Town, Bangalore","CS Computers",,,,,,,,,52424,,66938,,,,120939,
2024,R1,E240,"E240 Dayananda Sagar University  Hosur Road, Bangalore","BW B Tech in CS",,,,,,,,,27292,36723,35624,38925,30539,28621,116426,130655
2024,R1,E241,"E241 KLE Technological University(Formerly BVBCET)  Dharward Dist","CF CS(Artificial Intel.)",,,,,,,,,9486,,,27135,,,,
2024,R1,E241,"E241 KLE Technological University(Formerly BVBCET)  Dharward Dist","CS Computers",,,,,,,,,8602,,10328,,,9001,41627,41469
2024,R1,E255,"E255 Gandhi Institute of Technology and MNGT.,Gitam off Campus  BANGALORE RURAL DIST","CA CS (AI, Machine Learning)",,,,,,,,,53623,,64635,,,,192536,
2024,R1,E257,"E257 CMR University  CHAGALATTI, BANGALORE","BW B Tech in CS",,,,,,,,,41417,,49744,,,42700,168437,137356
2024,R1,E258,"E258 Maharaja Institute of Technology  THANDAVAPURA, MYSORE","CS Computers",,,,,,,,,47520,,58166,,,,165478,
2024,R1,E265,"E265 Jain College of Engineering and Technology  Hubballi","AI Artificial Intelligence",,,,,,,,,58527,,,,,,,
2024,R1,E269,"E269 Jain College of Engineering and Research  Udyambhag, Belgaum","CS Computers",,,,,,,,,54283,,66940,,,,188346,
2024,R1,E275,"E275 R V Institute of Technology and Management  JP Nagar, Bengaluru","CS Computers",,,,,,,,,8338,,15866,,,,44512,58735
2024,R1,E275,"E275 R V Institute of Technology and Management  JP Nagar, Bengaluru","IE Info.Science",,,,,,,,,10327,21495,,,,,65224,
2024,R1,E279,"E279 Visvesvaraya Technological University  Belgaum","BW B Tech in CS Bus Sys.",,,,,,,,,42032,,58031,,,42315,142435,166025
2024,R1,E283,"E283 University of Mysore  HUNSUR ROAD, MYSORE","AD Artificial Intel, Data Sc",,,,,,,,,50665,,,,,,184129,
2024,R1,E283,"E283 University of Mysore  HUNSUR ROAD, MYSORE","AI Artificial Intelligence",,,,,,,,,43213,,65563,,,,,
2024,R1,E284,"E284 Sri Jayachamarajendra College of Engineering(Const. of JSS Univ.)  Mysore","CS Computers",,,,,,,,,6012,,7475,,,,,
2024,R1,E285,"E285 R V University  Bangalore","BW B Tech in CS",,,,,,,,,11961,,21132,,13703,12562,78610,62981
2024,R1,E286,"E286 BGS College of Engineering and Technology  Mahalakshmipuram,Bangalore","AD Artificial Intel, Data Sc",,,,,,,,,46434,,73256,,,,,
2024,R1,E286,"E286 BGS College of Engineering and Technology  Mahalakshmipuram,Bangalore","AI Artificial Intelligence",,,,,,,,,36663,,,,,,175657,
2024,R1,E286,"E286 BGS College of Engineering and Technology  Mahalakshmipuram,Bangalore","CS Computers",,,,,,,,,25481,,,,,,,
2024,R1,E286,"E286 BGS College of Engineering and Technology  Mahalakshmipuram,Bangalore","IE Info.Science",,,,,,,,,37782,,62202,,,,,
2024,R1,E290,"E290 Visvesvaraya Technological University - Regional Center  Mysore","CS Computers",,,,,,,,,39238,,56709,,,40627,82951,74431
2024,R1,E306,"E306 THE CHANAKYA UNIVERSITY  HARALUR ROAD DEVANHALLI","BW B Tech in CS",,,,,,,,,35094,,,,,,,
2024,R2,E001,"E001 University of Visvesvaraya College of Engineering  Bangalore ( PUBLIC UNIV. )","AI Artificial Intelligence",6491,10362,10866,12715,7157,7979,27948,32536,,,,,,,,
2024,R2,E001,"E001 University of Visvesvaraya College of Engineering  Bangalore ( PUBLIC UNIV. )","CS Computers",4723,7835,6831,10578,5476,6057,22940,25405,,,,,,,,
2024,R2,E001,"E001 University of Visvesvaraya College of Engineering  Bangalore ( PUBLIC UNIV. )","IE Info.Science",6756,8646,8508,11837,6958,6907,29554,35462,,,,,,,,
2024,R2,E002,"E002 S K S J T Institute of Engineering.  Bangalore","CS Computers",18691,26747,26171,30184,20456,23725,46373,46082,,,,,,,,
2024,R2,E004,"E004 Dr. Ambedkar Institute Of Technology  Bangalore","CS Computers",11929,15294,15175,16306,12403,13282,36141,39630,,,,,,,,
2024,R2,E005,"E005 R. V. College of Engineering  Bangalore","CA CS (AI, Machine Learning)",738,1856,2085,2177,1640,1437,9060,12978,,,,,,,,
2024,R2,E005,"E005 R. V. College of Engineering  Bangalore","CS Computers",419,1177,1348,1201,945,866,4706,9438,,,,,,,,
2024,R2,E005,"E005 R. V. College of Engineering  Bangalore","CY CS- Cyber Security",771,1652,2400,2156,2001,1518,10365,12910,,,,,,,,
2024,R2,E005,"E005 R. V. College of Engineering  Bangalore","DS Comp. Sc. Engg- Data Sc.",664,2307,1996,2077,1681,1389,9135,10267,,,,,,,,
2024,R2,E005,"E005 R. V. College of Engineering  Bangalore","IE Info.Science",657,1566,1628,2039,1239,1234,9896,12532,,,,,,,,
2024,R2,E006,"E006 M S Ramaiah Institute of Technology  Bangalore","AD Artificial Intel, Data Sc",4371,5667,6352,8933,4673,4872,25646,13531,,,,,,,,
2024,R2,E006,"E006 M S Ramaiah Institute of Technology  Bangalore","AI Artificial Intelligence",3963,6900,5497,8232,3988,4922,27283,16813,,,,,,,,
2024,R2,E006,"E006 M S Ramaiah Institute of Technology  Bangalore","CA CS (AI, Machine Learning)",3236,4258,5403,7208,3552,4891,19046,22302,,,,,,,,
2024,R2,E006,"E006 M S Ramaiah Institute of Technology  Bangalore","CS Computers",1626,2410,3276,3512,2217,2363,14053,15288,,,,,,,,
2024,R2,E006,"E006 M S Ramaiah Institute of Technology  Bangalore","CY CS- Cyber Security",4296,,6036,9753,4868,4955,28625,30912,,,,,,,,
2024,R2,E006,"E006 M S Ramaiah Institute of Technology  Bangalore","IE Info.Science",3105,6255,5396,5141,3462,4088,26964,31273,,,,,,,,
2024,R2,E007,"E007 Dayananda Sagar College of Engineering  Bangalore","AI Artificial Intelligence",6236,7375,9467,,7329,6588,30795,39831,,,,,,,,
2024,R2,E007,"E007 Dayananda Sagar College of Engineering  Bangalore","CD Computer Sc. and Design",11421,18589,16277,16324,11731,12174,54210,51428,,,,,,,,
2024,R2,E007,"E007 Dayananda Sagar College of Engineering  Bangalore","CS Computers",5430,8404,7581,10998,6017,6006,28318,31499,,,,,,,,
2024,R2,E007,"E007 Dayananda Sagar College of Engineering  Bangalore","CY CS- Cyber Security",8090,,11694,15791,9317,8128,33945,46189,,,,,,,,
2024,R2,E007,"E007 Dayananda Sagar College of Engineering  Bangalore","DS Comp. Sc. Engg- Data Sc.",7213,11313,10110,9332,7594,7215,36061,40851,,,,,,,,
2024,R2,E007,"E007 Dayananda Sagar College of Engineering  Bangalore","IC CS-IoT, Cyber Security",10938,20721,15778,16073,11276,11037,52704,48831,,,,,,,,
2024,R2,E007,"E007 Dayananda Sagar College of Engineering  Bangalore","IE Info.Science",7681,13694,10085,15734,8496,8747,39096,39322,,,,,,,,
2024,R2,E007,"E007 Dayananda Sagar College of Engineering  Bangalore","RI Robotics and AI",14439,19375,20127,32746,16229,14923,69855,60801,,,,,,,,
2024,R2,E008,"E008 Bangalore Institute of Technology  Bangalore","AI Artificial Intelligence",8753,13254,12409,15730,8919,10529,41628,38112,,,,,,,,
2024,R2,E008,"E008 Bangalore Institute of Technology  Bangalore","CS Computers",7749,12482,10593,13046,8057,9028,35711,35922,,,,,,,,
2024,R2,E008,"E008 Bangalore Institute of Technology  Bangalore","DS Comp. Sc. Engg- Data Sc.",9470,12799,15079,16061,9548,10719,46512,56823,,,,,,,,
2024,R2,E008,"E008 Bangalore Institute of Technology  Bangalore","IC CS-IoT, Cyber Security",12932,18637,18944,21425,13572,14755,67086,57851,,,,,,,,
2024,R2,E008,"E008 Bangalore Institute of Technology  Bangalore","IE Info.Science",10551,14573,13409,23474,10902,11045,51782,48585,,,,,,,,
2024,R2,E008,"E008 Bangalore Institute of Technology  Bangalore","RI Robotics and AI",17277,24727,20450,35302,19004,17599,56341,64521,,,,,,,,
2024,R2,E009,"E009 P E S University (Ring Road Campus)  Bangalore","BW B Tech in CS",1570,4030,4049,6275,2813,2764,22545,27262,,,,,,,,
2024,R2,E011,"E011 M V J College of Engineering  Bangalore","AI Artificial Intelligence",29408,,30653,33299,31243,29956,79754,54089,,,,,,,,
2024,R2,E011,"E011 M V J College of Engineering  Bangalore","CD Computer Sc. and Design",38424,48430,41460,40985,,39727,113491,96831,,,,,,,,
2024,R2,E011,"E011 M V J College of Engineering  Bangalore","CS Computers",27208,32572,32575,32510,28705,28187,71334,82144,,,,,,,,
2024,R2,E011,"E011 M V J College of Engineering  Bangalore","DS Comp. Sc. Engg- Data Sc.",31334,39399,35651,,33221,32293,77814,94331,,,,,,,,
2024,R2,E011,"E011 M V J College of Engineering  Bangalore","IE Info.Science",32470,36198,36964,53644,33084,33976,99121,110971,,,,,,,,
2024,R2,E012,"E012 Sir M.Visveswaraya Institute of Technology  Hunasemaranahalli,Bangalore,","AI Artificial Intelligence",16903,20728,23013,25958,18002,17985,44631,44222,,,,,,,,
2024,R2,E012,"E012 Sir M.Visveswaraya Institute of Technology  Hunasemaranahalli,Bangalore,","CS Computers",17016,25808,22728,27844,18411,17577,59270,45076,,,,,,,,
2024,R2,E012,"E012 Sir M.Visveswaraya Institute of Technology  Hunasemaranahalli,Bangalore,","DS Comp. Sc. Engg- Data Sc.",21363,26924,26870,,,22491,60319,74098,,,,,,,,
2024,R2,E012,"E012 Sir M.Visveswaraya Institute of Technology  Hunasemaranahalli,Bangalore,","IC CS-IoT, Cyber Security",22644,32757,26874,32558,24076,23543,83867,85952,,,,,,,,
2024,R2,E012,"E012 Sir M.Visveswaraya Institute of Technology  Hunasemaranahalli,Bangalore,","IE Info.Science",20660,26704,25839,28123,20739,21107,78234,72528,,,,,,,,
2024,R2,E012,"E012 Sir M.Visveswaraya Institute of Technology  Hunasemaranahalli,Bangalore,","RI Robotics and AI",28986,45095,34609,34859,29773,31189,98214,96142,,,,,,,,
2024,R2,E014,"E014 S J C Institute of Technology  Chickballapur","AD Artificial Intel, Data Sc",54073,57597,82841,66990,57295,77759,104762,87166,,,,,,,,
2024,R2,E014,"E014 S J C Institute of Technology  Chickballapur","CA CS (AI, Machine Learning)",49615,61635,58930,55267,51727,64030,120695,109699,,,,,,,,
2024,R2,E014,"E014 S J C Institute of Technology  Chickballapur","CS Computers",37421,46107,53379,41245,40162,55949,97875,102756,,,,,,,,
2024,R2,E014,"E014 S J C Institute of Technology  Chickballapur","IE Info.Science",56352,65894,75293,92849,58079,69183,135226,142757,,,,,,,,
2024,R2,E016,"E016 Siddaganga Institute of Technology  Tumkur","AD Artificial Intel, Data Sc",12395,18124,15249,25650,13822,12664,55073,34460,,,,,,,,
2024,R2,E016,"E016 Siddaganga Institute of Technology  Tumkur","CA CS (AI, Machine Learning)",11369,12835,15177,19357,11953,12575,41504,30193,,,,,,,,
2024,R2,E016,"E016 Siddaganga Institute of Technology  Tumkur","CS Computers",7758,10899,11766,21268,8314,8800,35835,25350,,,,,,,,
2024,R2,E016,"E016 Siddaganga Institute of Technology  Tumkur","IE Info.Science",10154,15415,13236,23801,11012,10791,52734,33116,,,,,,,,
2024,R2,E017,"E017 Sri Siddartha Institute of Technology  Tumkur","AI Artificial Intelligence",41869,43628,53985,,53590,51152,90172,119848,,,,,,,,
2024,R2,E017,"E017 Sri Siddartha Institute of Technology  Tumkur","CS Computers",41593,47034,56240,48977,44901,44630,92919,109778,,,,,,,,
2024,R2,E017,"E017 Sri Siddartha Institute of Technology  Tumkur","DS Comp. Sc. Engg- Data Sc.",52791,66492,66548,57067,56368,55715,111558,116302,,,,,,,,
2024,R2,E021,"E021 Sri Jayachamarajendra College of Engineering(Const. of JSS Univ.)  Mysore","CS Computers",2983,7301,5424,6370,4137,3950,15804,12769,,,,,,,,
2024,R2,E031,"E031 Basaveshwara Engineering College  Bagalkot","CS Computers",21640,35352,24762,27750,24398,23608,53735,61545,,,,,,,,
2024,R2,E034,"E034 Sri Dharmasthala Manjunatheswara College of Engineering  Dharwad","AI Artificial Intelligence",20037,27329,21518,35574,22445,20880,67821,61522,,,,,,,,
2024,R2,E034,"E034 Sri Dharmasthala Manjunatheswara College of Engineering  Dharwad","CS Computers",13666,16814,17788,16718,13677,14233,44964,57215,,,,,,,,
2024,R2,E034,"E034 Sri Dharmasthala Manjunatheswara College of Engineering  Dharwad","IE Info.Science",18913,21570,19335,,22999,19135,72060,69250,,,,,,,,
2024,R2,E036,"E036 KLE Technological University(Formerly KLE Dr.MS Sheshagiri Col.)  Belgaum","CF CS(Artificial Intel.)",26920,33687,32621,37082,29681,27923,81287,85158,,,,,,,,
2024,R2,E036,"E036 KLE Technological University(Formerly KLE Dr.MS Sheshagiri Col.)  Belgaum","CS Computers",23904,33447,29627,40153,29395,25286,78744,81563,,,,,,,,
2024,R2,E037,"E037 K.L.S. Gogte Institute of Technology  Belgaum","CA CS (AI, Machine Learning)",18298,25298,25370,28414,20348,19850,54524,49667,,,,,,,,
2024,R2,E037,"E037 K.L.S. Gogte Institute of Technology  Belgaum","CS Computers",12020,17063,15900,17512,13552,13205,39873,67055,,,,,,,,
2024,R2,E037,"E037 K.L.S. Gogte Institute of Technology  Belgaum","IE Info.Science",20406,26138,28245,31621,25964,21289,88194,98921,,,,,,,,
2024,R2,E038,"E038 B L D E As V.P. Dr. P. G. Hallakatti College of Engg. and Tech.  vijayapur","CA CS (AI, Machine Learning)",44610,48857,52595,64944,68587,52053,93711,101302,,,,,,,,
2024,R2,E038,"E038 B L D E As V.P. Dr. P. G. Hallakatti College of Engg. and Tech.  vijayapur","CS Computers",39402,62247,52871,49947,58507,45671,77112,76997,,,,,,,,
2024,R2,E038,"E038 B L D E As V.P. Dr. P. G. Hallakatti College of Engg. and Tech.  vijayapur","IE Info.Science",59962,60729,64241,80657,64330,62856,118668,81424,,,,,,,,
2024,R2,E043,"E043 Gurunanak Dev Engineering College  Bidar","CS Computers",45273,73793,85789,67390,,71423,85622,77931,,,,,,,,
2024,R2,E044,"E044 Bheemanna Khandre Institute of Technology  Bhalki","CS Computers",53989,,80544,,90994,80797,94994,79896,,,,,,,,
2024,R2,E047,"E047 Malnad College of Engineering  Hassan","CA CS (AI, Machine Learning)",35047,79646,42995,48472,35215,36329,130164,63634,,,,,,,,
2024,R2,E047,"E047 Malnad College of Engineering  Hassan","CS Computers",26755,47204,42249,41999,30700,34845,83657,88795,,,,,,,,
2024,R2,E047,"E047 Malnad College of Engineering  Hassan","IE Info.Science",41001,58667,47957,46907,41349,45483,141684,111576,,,,,,,,
2024,R2,E048,"E048 B M S College of Engineering  Basavanagudi,Bangalore","AD Artificial Intel, Data Sc",2609,4050,5924,8309,3713,5334,27697,26331,,,,,,,,
2024,R2,E048,"E048 B M S College of Engineering  Basavanagudi,Bangalore","AI Artificial Intelligence",4580,8227,7402,10906,4958,5472,31264,31284,,,,,,,,
2024,R2,E048,"E048 B M S College of Engineering  Basavanagudi,Bangalore","CS Computers",2950,5766,5704,9044,3654,4348,23700,23627,,,,,,,,
2024,R2,E048,"E048 B M S College of Engineering  Basavanagudi,Bangalore","DS Comp. Sc. Engg- Data Sc.",3558,5647,6467,10720,3996,4715,25670,24592,,,,,,,,
2024,R2,E048,"E048 B M S College of Engineering  Basavanagudi,Bangalore","IC CS-IoT, Cyber Security",4312,10369,7415,,,4402,39965,36991,,,,,,,,
2024,R2,E049,"E049 Basaveshwara Engineering College  Bagalkot","AI Artificial Intelligence",36480,53708,42107,43285,41122,40307,106919,105523,,,,,,,,
2024,R2,E049,"E049 Basaveshwara Engineering College  Bagalkot","CS Computers",29663,48320,34990,41318,33144,31457,84642,80304,,,,,,,,
2024,R2,E049,"E049 Basaveshwara Engineering College  Bagalkot","IE Info.Science",43145,70684,48805,87897,46152,47367,163242,113943,,,,,,,,
2024,R2,E057,"E057 JSS Science and Technology University(Formerly SJCE)  Mysore","CS Computers",4794,12347,8799,12730,6041,5991,28553,26974,,,,,,,,
2024,R2,E057,"E057 JSS Science and Technology University(Formerly SJCE)  Mysore","IE Info.Science",6518,11700,10269,20779,7382,7249,34725,34450,,,,,,,,
2024,R2,E058,"E058 P E S College of Engineering  Mandya","CA CS (AI, Machine Learning)",35365,44880,42087,45858,35904,39928,65270,95940,,,,,,,,
2024,R2,E058,"E058 P E S College of Engineering  Mandya","CS Computers",29302,39862,35870,41085,30275,31426,76831,80830,,,,,,,,
2024,R2,E058,"E058 P E S College of Engineering  Mandya","DS Comp. Sc. Engg- Data Sc.",38087,45949,44634,43694,39297,40159,100703,115144,,,,,,,,
2024,R2,E058,"E058 P E S College of Engineering  Mandya","IE Info.Science",32033,35716,37687,43476,32349,33212,85512,89227,,,,,,,,
2024,R2,E059,"E059 P D A College of Engineering  Gulbarga","AI Artificial Intelligence",48405,98484,66702,,,65860,100823,115878,,,,,,,,
2024,R2,E059,"E059 P D A College of Engineering  Gulbarga","CS Computers",36181,56621,53221,47960,60104,46194,67614,72086,,,,,,,,
2024,R2,E060,"E060 Dr. Ambedkar Institute Of Technology  Jnanabharathi Campus,Bangalore","AI Artificial Intelligence",20915,,23478,28762,21813,24070,36237,32362,,,,,,,,
2024,R2,E060,"E060 Dr. Ambedkar Institute Of Technology  Jnanabharathi Campus,Bangalore","CS Computers",18498,22987,22797,29829,19252,19263,54221,52294,,,,,,,,
2024,R2,E060,"E060 Dr. Ambedkar Institute Of Technology  Jnanabharathi Campus,Bangalore","IE Info.Science",23568,29783,28851,29717,24019,24411,68956,80225,,,,,,,,
2024,R2,E061,"E061 University B.D.T. college of Engineering  Davangere","CS Computers",23339,23629,29973,25276,28259,26624,46555,43231,,,,,,,,
2024,R2,E061,"E061 University B.D.T. college of Engineering  Davangere","RI Robotics and AI",54561,103884,77203,102683,97876,56034,136195,101394,,,,,,,,
2024,R2,E062,"E062 Bapuji Institute of Engineering and Technology  Davangere","AI Artificial Intelligence",45955,76872,59973,66947,67900,49546,123711,100493,,,,,,,,
2024,R2,E062,"E062 Bapuji Institute of Engineering and Technology  Davangere","CS Computers",31391,40887,42173,47453,41141,35176,86413,68516,,,,,,,,
2024,R2,E062,"E062 Bapuji Institute of Engineering and Technology  Davangere","DS Comp. Sc. Engg- Data Sc.",47786,79106,58113,54066,65964,49732,136333,72123,,,,,,,,
2024,R2,E062,"E062 Bapuji Institute of Engineering and Technology  Davangere","IE Info.Science",46982,60411,59166,71952,61144,48558,146996,114831,,,,,,,,
2024,R2,E064,"E064 Adhichunchanagiri Institute of Technology  Chickmagalur","AI Artificial Intelligence",55412,73729,94304,93621,56486,68517,142158,218082,,,,,,,,
2024,R2,E064,"E064 Adhichunchanagiri Institute of Technology  Chickmagalur","CS Computers",53288,81960,64031,71756,54877,58714,102504,135651,,,,,,,,
2024,R2,E065,"E065 Jawaharlal Nehru National College of Engineering  Shimoga","AI Artificial Intelligence",32618,46035,40534,,42217,35804,78638,84377,,,,,,,,
2024,R2,E065,"E065 Jawaharlal Nehru National College of Engineering  Shimoga","CS Computers",27679,31646,33867,31191,29109,37913,83997,56027,,,,,,,,
2024,R2,E065,"E065 Jawaharlal Nehru National College of Engineering  Shimoga","DS Comp. Sc. Engg- Data Sc.",41111,55440,62083,72620,43271,42046,121029,97610,,,,,,,,
2024,R2,E065,"E065 Jawaharlal Nehru National College of Engineering  Shimoga","IE Info.Science",40527,53008,51539,62122,56174,44331,130172,115501,,,,,,,,
2024,R2,E066,"E066 University B.D.T. college of Engineering, (H.GOV)  Davangere","CS Computers",47280,53509,56404,67177,52358,52379,92238,87703,,,,,,,,
2024,R2,E071,"E071 Vidya Vardhaka College of Engineering  Mysuru","CA CS (AI, Machine Learning)",22622,28224,28297,39024,23626,26471,66949,67881,,,,,,,,
2024,R2,E071,"E071 Vidya Vardhaka College of Engineering  Mysuru","CS Computers",17682,29230,24425,33610,19266,22079,60804,56340,,,,,,,,
2024,R2,E071,"E071 Vidya Vardhaka College of Engineering  Mysuru","IE Info.Science",24162,33451,29167,36312,25811,26238,72441,74175,,,,,,,,
2024,R2,E075,"E075 Ballari Institute of Technology and Management  Near Allipur Bellary","AI Artificial Intelligence",57807,80148,69223,92535,79060,75079,109148,74707,,,,,,,,
2024,R2,E075,"E075 Ballari Institute of Technology and Management  Near Allipur Bellary","CF CS(Artificial Intel.)",48130,,63045,68001,,62299,117738,105929,,,,,,,,
2024,R2,E075,"E075 Ballari Institute of Technology and Management  Near Allipur Bellary","CS Computers",31700,43372,44402,,37223,44244,60512,55704,,,,,,,,
2024,R2,E075,"E075 Ballari Institute of Technology and Management  Near Allipur Bellary","DS Comp. Sc. Engg- Data Sc.",59533,88282,72337,81283,,,165106,133350,,,,,,,,
2024,R2,E077,"E077 Vidya Vikas Institute of Engineering and Technology  Mysuru","CS Computers",42130,51178,55947,59505,43152,42708,93015,101064,,,,,,,,
2024,R2,E077,"E077 Vidya Vikas Institute of Engineering and Technology  Mysuru","IE Info.Science",57608,63947,63447,68701,,59585,124026,125769,,,,,,,,
2024,R2,E078,"E078 The Oxford College of Engineering  Bangalore","AI Artificial Intelligence",35917,,47963,43784,42239,39803,98713,98721,,,,,,,,
2024,R2,E078,"E078 The Oxford College of Engineering  Bangalore","CS Computers",38433,45541,43591,45411,40390,40275,97159,88445,,,,,,,,
2024,R2,E078,"E078 The Oxford College of Engineering  Bangalore","IE Info.Science",47196,61571,52598,57927,49782,49654,111651,113281,,,,,,,,
2024,R2,E079,"E079 Acharya Institute of Technology  Bangalore","AI Artificial Intelligence",29257,33382,35273,41490,30067,29942,78295,71923,,,,,,,,
2024,R2,E079,"E079 Acharya Institute of Technology  Bangalore","CS Computers",24588,26784,30858,34349,25111,25707,69524,59989,,,,,,,,
2024,R2,E079,"E079 Acharya Institute of Technology  Bangalore","DS Comp. Sc. Engg- Data Sc.",27543,29915,35909,44718,27672,31056,82068,72299,,,,,,,,
2024,R2,E079,"E079 Acharya Institute of Technology  Bangalore","IE Info.Science",32058,37940,36185,47459,32827,32623,96992,87926,,,,,,,,
2024,R2,E082,"E082 J S S Academy of Technical Education  Bangalore","CA CS (AI, Machine Learning)",22522,24642,28227,40199,22671,23446,79037,99899,,,,,,,,
2024,R2,E082,"E082 J S S Academy of Technical Education  Bangalore","CS Computers",17652,24921,22066,30410,18021,18329,62917,73949,,,,,,,,
2024,R2,E082,"E082 J S S Academy of Technical Education  Bangalore","IE Info.Science",22555,28104,29920,45046,24001,24058,91563,95882,,,,,,,,
2024,R2,E082,"E082 J S S Academy of Technical Education  Bangalore","RA Robotics and Automation",34118,65123,38011,80534,,47279,160245,163792,,,,,,,,
2024,R2,E091,"E091 K S Institute of Technology  Bangalore","AI Artificial Intelligence",44228,49305,49657,57008,44803,45969,144150,168887,,,,,,,,
2024,R2,E091,"E091 K S Institute of Technology  Bangalore","CS Computers",37311,48568,45177,60049,39113,40792,118762,126259,,,,,,,,
2024,R2,E091,"E091 K S Institute of Technology  Bangalore","IC CS-IoT, Cyber Security",54192,94284,80859,77721,58282,63307,162659,179259,,,,,,,,
2024,R2,E092,"E092 Vemana Institute of Technology  Bangalore","AI Artificial Intelligence",53462,62835,76517,83545,55415,74969,134448,155567,,,,,,,,
2024,R2,E092,"E092 Vemana Institute of Technology  Bangalore","CS Computers",53916,71253,63539,56980,58872,64138,127991,131628,,,,,,,,
2024,R2,E095,"E095 AMC Engineering College  Bangalore","AI Artificial Intelligence",47455,51712,64635,54303,47816,59189,120981,124797,,,,,,,,
2024,R2,E095,"E095 AMC Engineering College  Bangalore","CA CS (AI, Machine Learning)",48139,58227,65498,62054,50083,54208,121355,229418,,,,,,,,
2024,R2,E095,"E095 AMC Engineering College  Bangalore","CS Computers",41881,53801,51492,55428,45395,46731,96154,109591,,,,,,,,
2024,R2,E095,"E095 AMC Engineering College  Bangalore","DS Comp. Sc. Engg- Data Sc.",53314,72260,66124,62580,60769,61058,139079,190613,,,,,,,,
2024,R2,E095,"E095 AMC Engineering College  Bangalore","IE Info.Science",55558,72594,70007,65517,57917,59565,148437,247027,,,,,,,,
2024,R2,E096,"E096 East Point College of Engineering and Technology  Bangalore","AD Artificial Intel, Data Sc",45833,67774,63588,55852,50929,65514,110799,114288,,,,,,,,
2024,R2,E096,"E096 East Point College of Engineering and Technology  Bangalore","CA CS (AI, Machine Learning)",53577,84015,63008,65357,55748,59762,116147,176354,,,,,,,,
2024,R2,E096,"E096 East Point College of Engineering and Technology  Bangalore","CS Computers",49189,52247,60900,65447,54494,54101,110101,137036,,,,,,,,
2024,R2,E097,"E097 C M R Institute of Technology  Bangalore","AD Artificial Intel, Data Sc",24738,26553,29006,28096,25446,25740,74960,81743,,,,,,,,
2024,R2,E097,"E097 C M R Institute of Technology  Bangalore","AI Artificial Intelligence",22802,29978,28817,31837,23839,25027,68975,47415,,,,,,,,
2024,R2,E097,"E097 C M R Institute of Technology  Bangalore","CA CS (AI, Machine Learning)",19814,20379,23688,29434,20144,22276,68520,47489,,,,,,,,
2024,R2,E097,"E097 C M R Institute of Technology  Bangalore","CS Computers",17256,22087,23401,22449,18545,19817,59791,53682,,,,,,,,
2024,R2,E097,"E097 C M R Institute of Technology  Bangalore","DS Comp. Sc. Engg- Data Sc.",24049,26945,26520,27754,24806,25279,72376,53930,,,,,,,,
2024,R2,E097,"E097 C M R Institute of Technology  Bangalore","IE Info.Science",23372,26246,28261,34145,24047,25224,83089,85344,,,,,,,,
2024,R2,E098,"E098 Atria Institute of Technology  Bangalore","AI Artificial Intelligence",45313,59779,56692,51055,48126,49392,111573,185988,,,,,,,,
2024,R2,E098,"E098 Atria Institute of Technology  Bangalore","CS Computers",37397,53082,45643,47529,39084,41612,115715,109769,,,,,,,,
2024,R2,E098,"E098 Atria Institute of Technology  Bangalore","DS Comp. Sc. Engg- Data Sc.",48825,59445,58479,60571,53001,63015,159842,199253,,,,,,,,
2024,R2,E098,"E098 Atria Institute of Technology  Bangalore","IE Info.Science",52809,80695,61616,66666,58709,64481,163546,165456,,,,,,,,
2024,R2,E099,"E099 New Horizon College of Engineering  Bangalore","AI Artificial Intelligence",19791,23099,23785,23355,20181,20816,63365,77865,,,,,,,,
2024,R2,E099,"E099 New Horizon College of Engineering  Bangalore","CS Computers",15834,22294,22154,30648,16304,18471,58753,61629,,,,,,,,
2024,R2,E099,"E099 New Horizon College of Engineering  Bangalore","DS Comp. Sc. Engg- Data Sc.",21149,25099,26237,31306,23124,22291,69696,75979,,,,,,,,
2024,R2,E101,"E101 Channabasaveshwara Institute of Technology  Gubbi, Tumkur","CS Computers",53563,78556,65372,71627,67382,58434,122891,137578,,,,,,,,
2024,R2,E102,"E102 DONBOSCO Institute of Technology  Bangalore","AD Artificial Intel, Data Sc",47772,51436,52879,58165,50879,49088,114539,158546,,,,,,,,
2024,R2,E102,"E102 DONBOSCO Institute of Technology  Bangalore","CA CS (AI, Machine Learning)",47493,67375,58297,92261,47982,52091,150525,190023,,,,,,,,
2024,R2,E102,"E102 DONBOSCO Institute of Technology  Bangalore","CS Computers",40316,49570,48021,46716,43194,43931,105267,114840,,,,,,,,
2024,R2,E103,"E103 Global Academy of Technology  Bangalore","AD Artificial Intel, Data Sc",35999,39229,41252,37013,38181,37089,122635,152552,,,,,,,,
2024,R2,E103,"E103 Global Academy of Technology  Bangalore","AI Artificial Intelligence",33700,42736,36475,42342,,36700,90530,60000,,,,,,,,
2024,R2,E103,"E103 Global Academy of Technology  Bangalore","CA CS (AI, Machine Learning)",34272,37528,38545,51766,35323,39545,127687,137227,,,,,,,,
2024,R2,E103,"E103 Global Academy of Technology  Bangalore","CS Computers",28786,36272,34849,45427,30467,33646,102036,103260,,,,,,,,
2024,R2,E103,"E103 Global Academy of Technology  Bangalore","IE Info.Science",36520,40815,40446,67738,37165,37571,152069,139163,,,,,,,,
2024,R2,E105,"E105 Nitte Meenakshi Institutute of Technology  Bangalore","AD Artificial Intel, Data Sc",14948,17061,20361,22731,15942,15495,59553,57141,,,,,,,,
2024,R2,E105,"E105 Nitte Meenakshi Institutute of Technology  Bangalore","AI Artificial Intelligence",13535,21022,17170,19930,13636,13832,48268,44701,,,,,,,,
2024,R2,E105,"E105 Nitte Meenakshi Institutute of Technology  Bangalore","CS Computers",12227,16901,17841,22842,12889,13516,46763,43238,,,,,,,,
2024,R2,E105,"E105 Nitte Meenakshi Institutute of Technology  Bangalore","IE Info.Science",15577,19386,21313,27242,15895,16573,67205,64243,,,,,,,,
2024,R2,E106,"E106 East West Institute of Technology  Bangalore","CA CS (AI, Machine Learning)",55603,77281,85054,61171,57495,63479,142812,151440,,,,,,,,
2024,R2,E106,"E106 East West Institute of Technology  Bangalore","CS Computers",53279,67952,64251,67464,57344,57213,134853,133506,,,,,,,,
2024,R2,E107,"E107 B N M Institute of Technology  Bangalore","AI Artificial Intelligence",16523,23824,22834,23991,18160,17994,75519,67980,,,,,,,,
2024,R2,E107,"E107 B N M Institute of Technology  Bangalore","CS Computers",13679,19255,21336,28508,14840,14381,71632,61247,,,,,,,,
2024,R2,E107,"E107 B N M Institute of Technology  Bangalore","IE Info.Science",15422,26753,22843,30429,16430,17187,80480,78511,,,,,,,,
2024,R2,E108,"E108 Sapthagiri NPS College of Engineering  Bangalore","CA CS (AI, Machine Learning)",59050,104924,91288,112844,64055,73560,214843,260670,,,,,,,,
2024,R2,E111,"E111 Sri Venkateshwara College of Engineering  Bettahalsur(P), Bangalore","CS Computers",59526,88238,83616,95506,64852,77039,139602,127784,,,,,,,,
2024,R2,E114,"E114 G M Institute of Technology  Davanagere","AI Artificial Intelligence",57517,90888,74741,73889,77008,62453,129917,109923,,,,,,,,
2024,R2,E114,"E114 G M Institute of Technology  Davanagere","CS Computers",34780,43615,49063,48228,46120,37217,95658,81135,,,,,,,,
2024,R2,E114,"E114 G M Institute of Technology  Davanagere","IE Info.Science",54577,65298,78607,72799,58601,57154,168970,83279,,,,,,,,
2024,R2,E115,"E115 S J B Institute of Technology  Kengeri,Bangalore (ATNMS)","AI Artificial Intelligence",26980,30816,30625,41452,27970,27086,91136,95398,,,,,,,,
2024,R2,E115,"E115 S J B Institute of Technology  Kengeri,Bangalore (ATNMS)","CS Computers",23921,31595,30973,48278,24389,25911,97572,94764,,,,,,,,
2024,R2,E115,"E115 S J B Institute of Technology  Kengeri,Bangalore (ATNMS)","DS Comp. Sc. Engg- Data Sc.",31162,36184,34201,59856,31976,31643,119928,104572,,,,,,,,
2024,R2,E115,"E115 S J B Institute of Technology  Kengeri,Bangalore (ATNMS)","IE Info.Science",31011,38766,37045,63964,31528,35023,140688,142104,,,,,,,,
2024,R2,E118,"E118 RNS Institute of Technology  Bangalore","Intel, Data Sc CA CS (AI, Machine Learning)",17404,23774,23624,36152,18572,19945,76700,81201,,,,,,,,
2024,R2,E118,"E118 RNS Institute of Technology  Bangalore","CS Computers",14875,22944,20399,29645,15706,16818,69867,67216,,,,,,,,
2024,R2,E118,"E118 RNS Institute of Technology  Bangalore","CY CS- Cyber Security",19001,28213,25366,40387,19841,19152,75754,66050,,,,,,,,
2024,R2,E118,"E118 RNS Institute of Technology  Bangalore","DS Comp. Sc. Engg- Data Sc.",18798,25775,23751,33496,19795,20683,79643,87382,,,,,,,,
2024,R2,E123,"E123 Canara Engineering College Bantwal  DK DIST","CS Computers",42915,60081,50587,63883,68903,57750,270139,137550,,,,,,,,
2024,R2,E126,"E126 B M S Institute of Technology and Management  Yelahanka, Bangalore","AI Artificial Intelligence",14712,22968,20863,26218,15509,16186,64532,73076,,,,,,,,
2024,R2,E126,"E126 B M S Institute of Technology and Management  Yelahanka, Bangalore","CS Computers",11681,17385,17455,26464,13422,13499,54398,53415,,,,,,,,
2024,R2,E128,"E128 Sharnbasva University(Formerly Appa Inst. of Tech.)  Brahmpur, Kalaburagi","BW B Tech in CS and Design",39085,82183,66231,,101210,48945,74294,82302,,,,,,,,
2024,R2,E129,"E129 St. Joseph Engineering College  Mangalore","AI Artificial Intelligence",23770,35597,28199,28110,,24552,98155,109306,,,,,,,,
2024,R2,E129,"E129 St. Joseph Engineering College  Mangalore","CS Computers",18100,38265,26828,32506,28531,19318,106062,107362,,,,,,,,
2024,R2,E129,"E129 St. Joseph Engineering College  Mangalore","DS Comp. Sc. Engg- Data Sc.",26890,44247,29313,,31165,29438,145965,120802,,,,,,,,
2024,R2,E133,"E133 G S S S Institute of Engineering and Technology for Women  Mysore","AD Artificial Intel, Data Sc",31612,51354,41976,45353,33269,32677,80384,106480,,,,,,,,
2024,R2,E133,"E133 G S S S Institute of Engineering and Technology for Women  Mysore","CA CS (AI, Machine Learning)",29549,,41718,38440,31567,32243,74819,102439,,,,,,,,
2024,R2,E133,"E133 G S S S Institute of Engineering and Technology for Women  Mysore","CS Computers",22862,29153,32260,38626,24996,26034,73344,66436,,,,,,,,
2024,R2,E133,"E133 G S S S Institute of Engineering and Technology for Women  Mysore","IE Info.Science",28902,39548,35800,38630,30397,31179,65951,66642,,,,,,,,
2024,R2,E135,"E135 K L S Viswanathrao Deshpande Institute of Technology  Haliyal, Uttara Kannada -Dist","CS Computers",51801,93852,66139,55116,75509,54914,170428,113074,,,,,,,,
2024,R2,E141,"E141 P E S University (Electronic City Campus)  Bangalore","BW B Tech in CS",5235,12547,11384,13449,7694,7488,56705,56169,,,,,,,,
2024,R2,E142,"E142 Adichunchanagiri University(Formerly BGSIT)  Nagamangala Taluk,Mandya Dist.","AI Artificial Intelligence",53541,,95254,107930,66299,77911,131519,168032,,,,,,,,
2024,R2,E145,"E145 Rajarajeswari College of Engineering  Kumbalagodu,Bangalore","AI Artificial Intelligence",43308,61558,48009,68161,48065,55992,108580,193682,,,,,,,,
2024,R2,E145,"E145 Rajarajeswari College of Engineering  Kumbalagodu,Bangalore","CS Computers",45825,61465,54943,55844,47900,49331,109872,111941,,,,,,,,
2024,R2,E145,"E145 Rajarajeswari College of Engineering  Kumbalagodu,Bangalore","IC CS-IoT, Cyber Security",57164,107962,76267,111243,61752,77973,211365,78451,,,,,,,,
2024,R2,E145,"E145 Rajarajeswari College of Engineering  Kumbalagodu,Bangalore","IE Info.Science",59782,76216,70944,70537,60193,65745,153069,172232,,,,,,,,
2024,R2,E149,"E149 Cambridge Institutute of Technology  Bangalore","AI Artificial Intelligence",32834,48506,43715,34254,36111,39159,78658,126962,,,,,,,,
2024,R2,E149,"E149 Cambridge Institutute of Technology  Bangalore","CS Computers",29826,38793,37532,44909,36037,32000,88196,106448,,,,,,,,
2024,R2,E149,"E149 Cambridge Institutute of Technology  Bangalore","DS Comp. Sc. Engg- Data Sc.",35752,54233,45534,43505,39557,39427,93242,108489,,,,,,,,
2024,R2,E149,"E149 Cambridge Institutute of Technology  Bangalore","IC CS-IoT, Cyber Security",45333,58292,52289,50233,48617,53529,135646,153319,,,,,,,,
2024,R2,E149,"E149 Cambridge Institutute of Technology  Bangalore","IE Info.Science",40436,54779,49805,53484,42152,42724,114820,157330,,,,,,,,
2024,R2,E150,"E150 P E S Institute of Technology and Management  Shivamogga","AI Artificial Intelligence",53677,,60638,84147,61013,58142,104059,172960,,,,,,,,
2024,R2,E150,"E150 P E S Institute of Technology and Management  Shivamogga","CS Computers",53298,74598,73586,61833,66845,56213,123953,113963,,,,,,,,
2024,R2,E151,"E151 Mangalore Institute of Technology and Engineering  Mangalore Tq,D.K","AI Artificial Intelligence",43729,48888,59691,,53348,52082,134358,166794,,,,,,,,
2024,R2,E151,"E151 Mangalore Institute of Technology and Engineering  Mangalore Tq,D.K","CA CS (AI, Machine Learning)",33547,49333,47239,41077,47744,36561,108712,85827,,,,,,,,
2024,R2,E151,"E151 Mangalore Institute of Technology and Engineering  Mangalore Tq,D.K","CS Computers",35876,44034,47452,48582,43314,41767,139119,137311,,,,,,,,
2024,R2,E151,"E151 Mangalore Institute of Technology and Engineering  Mangalore Tq,D.K","IC CS-IoT, Cyber Security",49218,53970,60533,59790,61850,70492,262299,197861,,,,,,,,
2024,R2,E151,"E151 Mangalore Institute of Technology and Engineering  Mangalore Tq,D.K","IE Info.Science",58804,70481,68925,74456,65970,68021,246428,262056,,,,,,,,
2024,R2,E155,"E155 Government Engineering College  Hassan","AI Artificial Intelligence",46461,73637,60652,58491,50767,61892,89149,88861,,,,,,,,
2024,R2,E155,"E155 Government Engineering College  Hassan","CS Computers",41166,57375,51130,51195,45925,48166,80654,66096,,,,,,,,
2024,R2,E158,"E158 Maharaja Institute of Technology-Mysore  Belawadi, Mandya Dist","CA CS (AI, Machine Learning)",39960,,52310,44739,49115,45904,115303,80086,,,,,,,,
2024,R2,E158,"E158 Maharaja Institute of Technology-Mysore  Belawadi, Mandya Dist","CF CS(Artificial Intel.)",55126,70778,67254,78082,58059,65306,137187,107085,,,,,,,,
2024,R2,E158,"E158 Maharaja Institute of Technology-Mysore  Belawadi, Mandya Dist","CS Computers",41054,54063,48478,48292,41959,45639,88407,96088,,,,,,,,
2024,R2,E158,"E158 Maharaja Institute of Technology-Mysore  Belawadi, Mandya Dist","DS Comp. Sc. Engg- Data Sc.",54267,70206,61402,57698,58818,54819,143334,110581,,,,,,,,
2024,R2,E158,"E158 Maharaja Institute of Technology-Mysore  Belawadi, Mandya Dist","IE Info.Science",52313,61979,59987,53052,55678,55937,125058,150546,,,,,,,,
2024,R2,E160,"E160 Sahyadri College of Engg. and Management  Mangalore","CA CS (AI, Machine Learning)",29629,41390,37733,32871,34395,35123,130922,104210,,,,,,,,
2024,R2,E160,"E160 Sahyadri College of Engg. and Management  Mangalore","CS Computers",21259,26572,27682,28659,25675,26617,107666,94252,,,,,,,,
2024,R2,E160,"E160 Sahyadri College of Engg. and Management  Mangalore","IE Info.Science",31169,39664,36276,35453,38593,36115,185014,104908,,,,,,,,
2024,R2,E166,"E166 K L E Institute of Technology  Hubli","CS Computers",26212,31853,31406,33151,30078,27119,69732,80020,,,,,,,,
2024,R2,E167,"E167 K L E Ss K L E College of Engineering and Technology  Chikkodi, Belgaum Dist.","AD Artificial Intel, Data Sc",59844,98284,80007,123938,82600,65249,141606,114499,,,,,,,,
2024,R2,E167,"E167 K L E Ss K L E College of Engineering and Technology  Chikkodi, Belgaum Dist.","CS Computers",46275,50898,56666,48671,60117,49983,135095,125246,,,,,,,,
2024,R2,E173,"E173 Sai Vidya Institute of Technology  Bangalore","CS Computers",50160,65319,65004,88416,54216,59722,148846,186119,,,,,,,,
2024,R2,E175,"E175 S.G.Balekundri Institute of Technology  Belgaum","CS Computers",52460,64032,68620,61917,66781,60884,160736,185933,,,,,,,,
2024,R2,E178,"E178 The National Institute of Engineering(NORTH CAMPUS)  Mysore","CA CS (AI, Machine Learning)",10787,15642,17149,25785,11025,11424,49169,43956,,,,,,,,
2024,R2,E178,"E178 The National Institute of Engineering(NORTH CAMPUS)  Mysore","CS Computers",8223,14124,11195,16423,9292,9063,33281,39986,,,,,,,,
2024,R2,E178,"E178 The National Institute of Engineering(NORTH CAMPUS)  Mysore","IE Info.Science",11066,18248,17093,28673,13172,11695,53542,50594,,,,,,,,
2024,R2,E196,"E196 Jain College of Engineering  Machche,Belgaum","CA CS (AI, Machine Learning)",43355,46666,44195,43441,50953,43808,173052,139644,,,,,,,,
2024,R2,E196,"E196 Jain College of Engineering  Machche,Belgaum","CS Computers",39830,44467,52115,41243,46331,40811,111872,128375,,,,,,,,
2024,R2,E198,"E198 Sharnbasva University College for Women(Formerly Godutai)  Gulbarga","BW B Tech in CS",53805,77050,73868,,81266,72322,110281,204874,,,,,,,,
2024,R2,E206,"E206 Shri Madhwa Vadiraja Institute of Technology and Management  Udupi Dist","CS Computers",58599,82189,84059,99085,109751,106429,258811,147864,,,,,,,,
2024,R2,E209,"E209 Jyothi Institute of Technology  Bangalore","AI Artificial Intelligence",56374,118493,67307,67636,63876,69083,147964,145396,,,,,,,,
2024,R2,E209,"E209 Jyothi Institute of Technology  Bangalore","CS Computers",48847,85479,58841,76708,54633,56416,157395,272287,,,,,,,,
2024,R2,E212,"E212 Dayananda Sagar Academy of Technology  Kanakapur Main Road Bangalore","AI Artificial Intelligence",22914,27566,27241,33365,24291,23752,61080,72116,,,,,,,,
2024,R2,E212,"E212 Dayananda Sagar Academy of Technology  Kanakapur Main Road Bangalore","CD Computer Sc. and Design",29568,40885,33524,45368,33038,32864,103479,108983,,,,,,,,
2024,R2,E212,"E212 Dayananda Sagar Academy of Technology  Kanakapur Main Road Bangalore","CF CS(Artificial Intel.)",24984,28114,31607,39680,26131,25411,68481,71366,,,,,,,,
2024,R2,E212,"E212 Dayananda Sagar Academy of Technology  Kanakapur Main Road Bangalore","CS Computers",20877,27101,26088,33541,23959,22793,74774,77675,,,,,,,,
2024,R2,E212,"E212 Dayananda Sagar Academy of Technology  Kanakapur Main Road Bangalore","CY CS- Cyber Security",27525,31389,34072,39546,28627,29539,73035,105807,,,,,,,,
2024,R2,E212,"E212 Dayananda Sagar Academy of Technology  Kanakapur Main Road Bangalore","DS Comp. Sc. Engg- Data Sc.",26119,32543,28925,33921,,27905,78194,93132,,,,,,,,
2024,R2,E212,"E212 Dayananda Sagar Academy of Technology  Kanakapur Main Road Bangalore","IC CS-IoT, Cyber Security",30041,34074,36461,45655,31390,31512,103139,84701,,,,,,,,
2024,R2,E212,"E212 Dayananda Sagar Academy of Technology  Kanakapur Main Road Bangalore","IE Info.Science",26865,33713,31188,48944,28127,27903,93053,107791,,,,,,,,
2024,R2,E220,"E220 Alliance University  Bangalore","BW B Tech in CS",45896,53649,65675,60413,52677,58615,126050,184961,,,,,,,,
2024,R2,E232,"E232 Reva University  Bangalore","BW B Tech in CS",20886,30560,26096,31257,21253,22745,69448,71689,,,,,,,,
2024,R2,E235,"E235 M.S. Ramaiah University of Applied Sciences  Bangalore","BW B Tech in CS",18431,27344,23439,32107,21070,20099,67735,82801,,,,,,,,
2024,R2,E237,"E237 Presidency University  Yelahanka, Bangalore","BW B Tech in CS",46601,70606,61285,61734,51153,52159,130160,149971,,,,,,,,
2024,R2,E237,"E237 Presidency University  Yelahanka, Bangalore","DM B.TECH IN CS NW",57641,82107,71237,74317,66961,69597,180772,118992,,,,,,,,
2024,R2,E240,"E240 Dayananda Sagar University  Hosur Road, Bangalore","BW B Tech in CS",29701,44633,38241,42759,35165,35557,105087,124670,,,,,,,,
2024,R2,E241,"E241 KLE Technological University(Formerly BVBCET)  Dharward Dist","CF CS(Artificial Intel.)",8786,13745,12828,9340,13565,10176,58088,60324,,,,,,,,
2024,R2,E241,"E241 KLE Technological University(Formerly BVBCET)  Dharward Dist","CS Computers",6859,14462,9950,13148,11962,7859,36450,39540,,,,,,,,
2024,R2,E254,"E254 A J Institute Of Engineering And Technology  MANGALORE","AD Artificial Intel, Data Sc",54597,65009,67953,80162,57168,62771,210511,150104,,,,,,,,
2024,R2,E254,"E254 A J Institute Of Engineering And Technology  MANGALORE","CS Computers",53374,63144,70247,65079,103693,81929,202768,146413,,,,,,,,
2024,R2,E257,"E257 CMR University  CHAGALATTI, BANGALORE","BW B Tech in CS",52018,80710,70042,74302,54827,62231,193920,153410,,,,,,,,
2024,R2,E258,"E258 Maharaja Institute of Technology  THANDAVAPURA, MYSORE","CS Computers",54638,64762,64553,66127,60025,57952,111359,118520,,,,,,,,
2024,R2,E265,"E265 Jain College of Engineering and Technology  Hubballi","CS Computers",59618,69026,66791,72583,78664,62303,118152,104100,,,,,,,,
2024,R2,E269,"E269 Jain College of Engineering and Research  Udyambhag, Belgaum","CS Computers",48014,54833,57508,53195,73417,54315,135463,137469,,,,,,,,
2024,R2,E275,"E275 R V Institute of Technology and Management  JP Nagar, Bengaluru","CS Computers",10023,18765,17862,14563,11241,13664,44512,49704,,,,,,,,
2024,R2,E275,"E275 R V Institute of Technology and Management  JP Nagar, Bengaluru","IE Info.Science",13702,23772,20650,14959,14561,15110,67396,69964,,,,,,,,
2024,R2,E279,"E279 Visvesvaraya Technological University  Belgaum","BW B Tech in CS Bus Sys.",45460,54808,59573,72265,61808,49910,112216,124510,,,,,,,,
2024,R2,E283,"E283 University of Mysore  HUNSUR ROAD, MYSORE","AI Artificial Intelligence",58610,90945,72036,61495,61825,72611,109800,153752,,,,,,,,
2024,R2,E284,"E284 Sri Jayachamarajendra College of Engineering(Const. of JSS Univ.)  Mysore","CS Computers",3533,9822,6785,15139,5153,5660,19327,30424,,,,,,,,
2024,R2,E285,"E285 R V University  Bangalore","BW B Tech in CS",8482,16599,18169,24195,11498,11858,57408,75925,,,,,,,,
2024,R2,E286,"E286 BGS College of Engineering and Technology  Mahalakshmipuram,Bangalore","AD Artificial Intel, Data Sc",40321,,56927,87363,46893,46822,92095,138296,,,,,,,,
2024,R2,E286,"E286 BGS College of Engineering and Technology  Mahalakshmipuram,Bangalore","AI Artificial Intelligence",42110,53407,47192,,44797,46434,99749,157024,,,,,,,,
2024,R2,E286,"E286 BGS College of Engineering and Technology  Mahalakshmipuram,Bangalore","CD Computer Sc. and Design",53269,86820,80557,86029,,63852,227235,193002,,,,,,,,
2024,R2,E286,"E286 BGS College of Engineering and Technology  Mahalakshmipuram,Bangalore","CS Computers",29071,42721,36188,41443,30886,34398,80084,115740,,,,,,,,
2024,R2,E286,"E286 BGS College of Engineering and Technology  Mahalakshmipuram,Bangalore","IE Info.Science",43903,64355,51767,87472,44152,45439,131155,176969,,,,,,,,
2024,R2,E289,"E289 Visvesvaraya Technological University - Regional Center  Rajapur,Kalburgi","CS Computers",50528,66754,72269,66460,75197,55480,83853,96434,,,,,,,,
2024,R2,E290,"E290 Visvesvaraya Technological University - Regional Center  Mysore","CS Computers",41518,56656,61373,52054,45346,49122,87167,75709,,,,,,,,
2024,R2,E292,"E292 Government Engineering College  Bidar","CS Computers",49901,75685,72463,70632,,69457,82425,66983,,,,,,,,
2024,R2,E306,"E306 THE CHANAKYA UNIVERSITY  HARALUR ROAD DEVANHALLI","BW B Tech in CS",35094,99559,86886,103231,,61476,132606,126919,,,,,,,,
2024,R3,E001,"E001 University of Visvesvaraya College of Engineering  Bangalore ( PUBLIC UNIV. )","AI Artificial Intelligence",7157,10362,11146,12715,8838,9285,27948,35989,,,,,,,,
2024,R3,E001,"E001 University of Visvesvaraya College of Engineering  Bangalore ( PUBLIC UNIV. )","CS Computers",4914,8646,7279,10578,6017,6600,22940,37113,,,,,,,,
2024,R3,E001,"E001 University of Visvesvaraya College of Engineering  Bangalore ( PUBLIC UNIV. )","IE Info.Science",6958,12586,8508,11837,8314,9246,35459,36505,,,,,,,,
2024,R3,E002,"E002 S K S J T Institute of Engineering.  Bangalore","CS Computers",24048,31182,35645,30184,27273,28228,53473,65492,,,,,,,,
2024,R3,E004,"E004 Dr. Ambedkar Institute Of Technology  Bangalore","CS Computers",12255,15294,17559,16306,17579,14603,37377,39630,,,,,,,,
2024,R3,E005,"E005 R. V. College of Engineering  Bangalore","CA CS (AI, Machine Learning)",888,1856,2287,2177,1640,1518,9060,12978,,,,,,,,
2024,R3,E005,"E005 R. V. College of Engineering  Bangalore","CS Computers",501,2410,1421,1201,1239,1096,5143,9438,,,,,,,,
2024,R3,E005,"E005 R. V. College of Engineering  Bangalore","CY CS- Cyber Security",1017,1652,3089,2156,2001,1956,10365,12910,,,,,,,,
2024,R3,E005,"E005 R. V. College of Engineering  Bangalore","DS Comp. Sc. Engg- Data Sc.",745,2307,1996,2077,1681,1389,9135,10267,,,,,,,,
2024,R3,E005,"E005 R. V. College of Engineering  Bangalore","IE Info.Science",795,3342,2492,2039,1808,1234,10354,18937,,,,,,,,
2024,R3,E006,"E006 M S Ramaiah Institute of Technology  Bangalore","AD Artificial Intel, Data Sc",4390,5667,6953,8933,6635,5357,25646,13531,,,,,,,,
2024,R3,E006,"E006 M S Ramaiah Institute of Technology  Bangalore","AI Artificial Intelligence",4243,6900,5497,8232,5183,5034,32466,16813,,,,,,,,
2024,R3,E006,"E006 M S Ramaiah Institute of Technology  Bangalore","CA CS (AI, Machine Learning)",3963,8334,5534,7208,4060,4891,22199,22302,,,,,,,,
2024,R3,E006,"E006 M S Ramaiah Institute of Technology  Bangalore","CS Computers",2012,4889,5134,3512,2217,3382,14378,15288,,,,,,,,
2024,R3,E006,"E006 M S Ramaiah Institute of Technology  Bangalore","CY CS- Cyber Security",4776,,6099,9753,4868,4955,28625,30912,,,,,,,,
2024,R3,E006,"E006 M S Ramaiah Institute of Technology  Bangalore","IE Info.Science",3712,6521,5396,5141,3988,4524,26964,32856,,,,,,,,
2024,R3,E007,"E007 Dayananda Sagar College of Engineering  Bangalore","AI Artificial Intelligence",7404,14654,12216,,7879,9742,36061,39831,,,,,,,,
2024,R3,E007,"E007 Dayananda Sagar College of Engineering  Bangalore","CD Computer Sc. and Design",12852,18589,18773,16324,12895,13832,54210,51428,,,,,,,,
2024,R3,E007,"E007 Dayananda Sagar College of Engineering  Bangalore","CS Computers",5996,9558,8335,11832,7594,7629,30857,32818,,,,,,,,
2024,R3,E007,"E007 Dayananda Sagar College of Engineering  Bangalore","CY CS- Cyber Security",10393,,13938,15791,11276,12174,33945,46189,,,,,,,,
2024,R3,E007,"E007 Dayananda Sagar College of Engineering  Bangalore","DS Comp. Sc. Engg- Data Sc.",8159,16250,12731,9332,10049,8768,41855,40851,,,,,,,,
2024,R3,E007,"E007 Dayananda Sagar College of Engineering  Bangalore","IC CS-IoT, Cyber Security",13365,20721,18400,16073,17483,14317,52704,48831,,,,,,,,
2024,R3,E007,"E007 Dayananda Sagar College of Engineering  Bangalore","IE Info.Science",8795,13985,11754,15851,9223,10428,51900,39322,,,,,,,,
2024,R3,E007,"E007 Dayananda Sagar College of Engineering  Bangalore","RI Robotics and AI",14439,19375,24933,32746,22288,14923,69855,60801,,,,,,,,
2024,R3,E008,"E008 Bangalore Institute of Technology  Bangalore","AI Artificial Intelligence",9152,15444,13220,15730,9548,10529,42114,38112,,,,,,,,
2024,R3,E008,"E008 Bangalore Institute of Technology  Bangalore","CS Computers",8598,13997,12167,13046,10123,10408,38447,35922,,,,,,,,
2024,R3,E008,"E008 Bangalore Institute of Technology  Bangalore","DS Comp. Sc. Engg- Data Sc.",12951,20534,18944,16061,14054,14323,44383,62476,,,,,,,,
2024,R3,E008,"E008 Bangalore Institute of Technology  Bangalore","IC CS-IoT, Cyber Security",14755,22720,18982,35302,17688,23543,67086,57851,,,,,,,,
2024,R3,E008,"E008 Bangalore Institute of Technology  Bangalore","IE Info.Science",12233,21621,15257,23474,13218,13743,57207,57916,,,,,,,,
2024,R3,E008,"E008 Bangalore Institute of Technology  Bangalore","RI Robotics and AI",19268,24727,39968,42759,19867,27635,56341,64521,,,,,,,,
2024,R3,E009,"E009 P E S University (Ring Road Campus)  Bangalore","BW B Tech in CS",2009,9089,4553,7167,3741,3390,25540,27262,,,,,,,,
2024,R3,E011,"E011 M V J College of Engineering  Bangalore","AI Artificial Intelligence",31541,,39204,39780,33938,37627,79754,54089,,,,,,,,
2024,R3,E011,"E011 M V J College of Engineering  Bangalore","CD Computer Sc. and Design",41265,69779,62916,106636,,60546,144947,96831,,,,,,,,
2024,R3,E011,"E011 M V J College of Engineering  Bangalore","CS Computers",28400,58002,34025,42204,31702,33755,104527,89657,,,,,,,,
2024,R3,E011,"E011 M V J College of Engineering  Bangalore","DS Comp. Sc. Engg- Data Sc.",35651,51312,49373,,41769,47173,128483,101287,,,,,,,,
2024,R3,E011,"E011 M V J College of Engineering  Bangalore","IE Info.Science",35367,36198,47886,53644,41993,38424,115715,110971,,,,,,,,
2024,R3,E012,"E012 Sir M.Visveswaraya Institute of Technology  Hunasemaranahalli,Bangalore,","AI Artificial Intelligence",21795,30816,28227,40894,23576,26756,55337,50497,,,,,,,,
2024,R3,E012,"E012 Sir M.Visveswaraya Institute of Technology  Hunasemaranahalli,Bangalore,","CS Computers",18898,31295,27410,28192,22473,21084,66855,64389,,,,,,,,
2024,R3,E012,"E012 Sir M.Visveswaraya Institute of Technology  Hunasemaranahalli,Bangalore,","DS Comp. Sc. Engg- Data Sc.",25840,32757,31607,,,26999,60319,86033,,,,,,,,
2024,R3,E012,"E012 Sir M.Visveswaraya Institute of Technology  Hunasemaranahalli,Bangalore,","IC CS-IoT, Cyber Security",28960,38330,47005,64273,28986,32407,75170,85952,,,,,,,,
2024,R3,E012,"E012 Sir M.Visveswaraya Institute of Technology  Hunasemaranahalli,Bangalore,","IE Info.Science",24878,40436,33225,52842,27674,26382,80415,88333,,,,,,,,
2024,R3,E012,"E012 Sir M.Visveswaraya Institute of Technology  Hunasemaranahalli,Bangalore,","RI Robotics and AI",34517,45095,68068,64062,35289,61985,98214,96142,,,,,,,,
2024,R3,E014,"E014 S J C Institute of Technology  Chickballapur","AD Artificial Intel, Data Sc",55595,57597,136501,66990,57295,77759,104762,87166,,,,,,,,
2024,R3,E014,"E014 S J C Institute of Technology  Chickballapur","CA CS (AI, Machine Learning)",51823,61635,89348,76152,68948,86608,187352,109699,,,,,,,,
2024,R3,E014,"E014 S J C Institute of Technology  Chickballapur","CS Computers",43752,46107,83491,147474,51727,76533,105644,102756,,,,,,,,
2024,R3,E014,"E014 S J C Institute of Technology  Chickballapur","IE Info.Science",58440,87318,114424,91838,65924,124964,135226,213253,,,,,,,,
2024,R3,E016,"E016 Siddaganga Institute of Technology  Tumkur","AD Artificial Intel, Data Sc",13924,18124,15249,28994,19251,14446,55073,34460,,,,,,,,
2024,R3,E016,"E016 Siddaganga Institute of Technology  Tumkur","CA CS (AI, Machine Learning)",12835,20021,15177,19357,13987,13640,40508,30193,,,,,,,,
2024,R3,E016,"E016 Siddaganga Institute of Technology  Tumkur","CS Computers",8266,10899,12123,21268,9674,8800,35835,25350,,,,,,,,
2024,R3,E016,"E016 Siddaganga Institute of Technology  Tumkur","IE Info.Science",10908,15415,16239,23801,11012,12062,55997,33116,,,,,,,,
2024,R3,E017,"E017 Sri Siddartha Institute of Technology  Tumkur","AI Artificial Intelligence",51152,94840,110748,,64345,61417,90172,119848,,,,,,,,
2024,R3,E017,"E017 Sri Siddartha Institute of Technology  Tumkur","CS Computers",44001,49878,77918,100821,60366,57443,92919,129707,,,,,,,,
2024,R3,E017,"E017 Sri Siddartha Institute of Technology  Tumkur","DS Comp. Sc. Engg- Data Sc.",56368,66492,97164,57067,78895,84407,183243,116302,,,,,,,,
2024,R3,E021,"E021 Sri Jayachamarajendra College of Engineering(Const. of JSS Univ.)  Mysore","CS Computers",2983,7301,5424,6370,4137,3950,15804,12769,,,,,,,,
2024,R3,E031,"E031 Basaveshwara Engineering College  Bagalkot","CS Computers",21776,35352,26722,27750,25876,25020,53735,63841,,,,,,,,
2024,R3,E034,"E034 Sri Dharmasthala Manjunatheswara College of Engineering  Dharwad","AI Artificial Intelligence",21518,27329,26322,35574,28985,23930,67821,87776,,,,,,,,
2024,R3,E034,"E034 Sri Dharmasthala Manjunatheswara College of Engineering  Dharwad","CS Computers",13737,16814,18423,16718,14614,16547,44964,57215,,,,,,,,
2024,R3,E034,"E034 Sri Dharmasthala Manjunatheswara College of Engineering  Dharwad","IE Info.Science",18913,54320,19335,,22999,19135,72060,133660,,,,,,,,
2024,R3,E036,"E036 KLE Technological University(Formerly KLE Dr.MS Sheshagiri Col.)  Belgaum","CF CS(Artificial Intel.)",29885,41292,37292,37082,52444,33940,81287,85158,,,,,,,,
2024,R3,E036,"E036 KLE Technological University(Formerly KLE Dr.MS Sheshagiri Col.)  Belgaum","CS Computers",27430,33447,36645,40291,33801,32403,78744,84417,,,,,,,,
2024,R3,E037,"E037 K.L.S. Gogte Institute of Technology  Belgaum","CA CS (AI, Machine Learning)",18858,36272,27567,28414,20348,19850,54524,49667,,,,,,,,
2024,R3,E037,"E037 K.L.S. Gogte Institute of Technology  Belgaum","CS Computers",12020,17063,17132,17512,13552,13205,39873,67055,,,,,,,,
2024,R3,E037,"E037 K.L.S. Gogte Institute of Technology  Belgaum","IE Info.Science",20490,26138,28427,31621,26257,21289,88194,98921,,,,,,,,
2024,R3,E038,"E038 B L D E As V.P. Dr. P. G. Hallakatti College of Engg. and Tech.  vijayapur","CA CS (AI, Machine Learning)",48115,48857,65806,80657,68587,52053,93711,101302,,,,,,,,
2024,R3,E038,"E038 B L D E As V.P. Dr. P. G. Hallakatti College of Engg. and Tech.  vijayapur","CS Computers",39642,62247,52871,88562,58507,45671,77112,76997,,,,,,,,
2024,R3,E043,"E043 Gurunanak Dev Engineering College  Bidar","CS Computers",45273,73793,100340,67390,,76053,88576,77931,,,,,,,,
2024,R3,E044,"E044 Bheemanna Khandre Institute of Technology  Bhalki","CS Computers",59009,,183353,,90994,86581,95259,93283,,,,,,,,
2024,R3,E047,"E047 Malnad College of Engineering  Hassan","CA CS (AI, Machine Learning)",33860,88588,42995,48472,35215,39574,130164,63634,,,,,,,,
2024,R3,E047,"E047 Malnad College of Engineering  Hassan","CS Computers",27057,47204,44255,64318,36408,35347,85075,88795,,,,,,,,
2024,R3,E047,"E047 Malnad College of Engineering  Hassan","IE Info.Science",43034,58667,61189,46907,50767,49591,141684,126205,,,,,,,,
2024,R3,E048,"E048 B M S College of Engineering  Basavanagudi,Bangalore","AD Artificial Intel, Data Sc",3306,4050,7030,8309,3713,5616,27697,26331,,,,,,,,
2024,R3,E048,"E048 B M S College of Engineering  Basavanagudi,Bangalore","AI Artificial Intelligence",4835,8227,7911,11412,5007,6006,32960,32360,,,,,,,,
2024,R3,E048,"E048 B M S College of Engineering  Basavanagudi,Bangalore","CS Computers",2995,8105,6035,9428,4673,4937,23700,24713,,,,,,,,
2024,R3,E048,"E048 B M S College of Engineering  Basavanagudi,Bangalore","DS Comp. Sc. Engg- Data Sc.",3558,5647,7662,10720,3996,4715,25670,24592,,,,,,,,
2024,R3,E048,"E048 B M S College of Engineering  Basavanagudi,Bangalore","IC CS-IoT, Cyber Security",4610,11499,9323,,,5927,39965,36991,,,,,,,,
2024,R3,E049,"E049 Basaveshwara Engineering College  Bagalkot","AI Artificial Intelligence",36942,53708,49168,43285,41122,44588,106919,105523,,,,,,,,
2024,R3,E049,"E049 Basaveshwara Engineering College  Bagalkot","CS Computers",30586,66440,39210,41318,39744,31457,84642,80304,,,,,,,,
2024,R3,E049,"E049 Basaveshwara Engineering College  Bagalkot","IE Info.Science",52358,166767,82154,202928,94399,72905,209995,266443,,,,,,,,
2024,R3,E057,"E057 JSS Science and Technology University(Formerly SJCE)  Mysore","CS Computers",5248,12347,9187,12730,7382,7368,28553,26974,,,,,,,,
2024,R3,E057,"E057 JSS Science and Technology University(Formerly SJCE)  Mysore","IE Info.Science",7249,11700,11124,20779,10548,8477,34725,34450,,,,,,,,
2024,R3,E058,"E058 P E S College of Engineering  Mandya","CA CS (AI, Machine Learning)",35904,61403,44769,45858,36810,40159,65270,115144,,,,,,,,
2024,R3,E058,"E058 P E S College of Engineering  Mandya","CS Computers",29325,39399,43482,54641,30881,35646,78599,80830,,,,,,,,
2024,R3,E058,"E058 P E S College of Engineering  Mandya","DS Comp. Sc. Engg- Data Sc.",42834,59445,97127,43694,42970,43086,100703,119738,,,,,,,,
2024,R3,E058,"E058 P E S College of Engineering  Mandya","IE Info.Science",35716,44880,37687,63297,35836,37809,85512,89227,,,,,,,,
2024,R3,E059,"E059 P D A College of Engineering  Gulbarga","AI Artificial Intelligence",49221,50625,80310,,,67791,100823,159428,,,,,,,,
2024,R3,E059,"E059 P D A College of Engineering  Gulbarga","CS Computers",36211,56621,53221,47960,60104,46194,67614,72086,,,,,,,,
2024,R3,E060,"E060 Dr. Ambedkar Institute Of Technology  Jnanabharathi Campus,Bangalore","AI Artificial Intelligence",23478,,35492,44081,27606,29956,40338,32362,,,,,,,,
2024,R3,E060,"E060 Dr. Ambedkar Institute Of Technology  Jnanabharathi Campus,Bangalore","CS Computers",19645,25946,28231,30403,22885,22385,54718,65467,,,,,,,,
2024,R3,E060,"E060 Dr. Ambedkar Institute Of Technology  Jnanabharathi Campus,Bangalore","IE Info.Science",28311,39214,37819,52056,28342,29752,74638,84315,,,,,,,,
2024,R3,E061,"E061 University B.D.T. college of Engineering  Davangere","CS Computers",23339,23629,29973,25276,28259,26624,49500,43231,,,,,,,,
2024,R3,E062,"E062 Bapuji Institute of Engineering and Technology  Davangere","AI Artificial Intelligence",47278,76872,69107,66947,95070,52612,124116,100493,,,,,,,,
2024,R3,E062,"E062 Bapuji Institute of Engineering and Technology  Davangere","CS Computers",32000,40887,43504,59618,41141,35505,94021,68516,,,,,,,,
2024,R3,E062,"E062 Bapuji Institute of Engineering and Technology  Davangere","DS Comp. Sc. Engg- Data Sc.",49187,79106,93502,54066,65964,49732,139762,72123,,,,,,,,
2024,R3,E062,"E062 Bapuji Institute of Engineering and Technology  Davangere","IE Info.Science",49365,100739,81687,75268,88081,57646,146996,114831,,,,,,,,
2024,R3,E064,"E064 Adhichunchanagiri Institute of Technology  Chickmagalur","CS Computers",56062,81960,110593,71756,75168,58714,214673,178767,,,,,,,,
2024,R3,E065,"E065 Jawaharlal Nehru National College of Engineering  Shimoga","AI Artificial Intelligence",34225,46035,40534,,42217,35804,78638,84377,,,,,,,,
2024,R3,E065,"E065 Jawaharlal Nehru National College of Engineering  Shimoga","CS Computers",27679,31923,34049,31191,34469,43138,83997,56027,,,,,,,,
2024,R3,E065,"E065 Jawaharlal Nehru National College of Engineering  Shimoga","DS Comp. Sc. Engg- Data Sc.",41111,55440,62083,72620,66778,42046,123326,97610,,,,,,,,
2024,R3,E065,"E065 Jawaharlal Nehru National College of Engineering  Shimoga","IE Info.Science",41046,115989,70247,62122,56174,49306,130172,172318,,,,,,,,
2024,R3,E066,"E066 University B.D.T. college of Engineering, (H.GOV)  Davangere","CS Computers",47291,53509,74547,72381,59574,52464,101129,87703,,,,,,,,
2024,R3,E071,"E071 Vidya Vardhaka College of Engineering  Mysuru","CA CS (AI, Machine Learning)",26143,40815,35413,41085,32622,33107,79775,72990,,,,,,,,
2024,R3,E071,"E071 Vidya Vardhaka College of Engineering  Mysuru","CS Computers",18044,29230,27996,35400,20261,25236,66182,56340,,,,,,,,
2024,R3,E071,"E071 Vidya Vardhaka College of Engineering  Mysuru","IE Info.Science",26618,41620,39571,39681,30279,31513,85118,74250,,,,,,,,
2024,R3,E075,"E075 Ballari Institute of Technology and Management  Near Allipur Bellary","AI Artificial Intelligence",57807,80148,81289,92535,86908,75079,117851,88155,,,,,,,,
2024,R3,E075,"E075 Ballari Institute of Technology and Management  Near Allipur Bellary","CF CS(Artificial Intel.)",48763,,63085,68001,,63374,117738,105929,,,,,,,,
2024,R3,E075,"E075 Ballari Institute of Technology and Management  Near Allipur Bellary","CS Computers",31700,43372,50678,,37223,44244,60512,55704,,,,,,,,
2024,R3,E075,"E075 Ballari Institute of Technology and Management  Near Allipur Bellary","DS Comp. Sc. Engg- Data Sc.",59533,88282,76512,81283,94321,,165106,133350,,,,,,,,
2024,R3,E077,"E077 Vidya Vikas Institute of Engineering and Technology  Mysuru","CS Computers",49111,63947,65594,81855,51536,58759,107560,101064,,,,,,,,
2024,R3,E078,"E078 The Oxford College of Engineering  Bangalore","AI Artificial Intelligence",41791,,60671,43784,42239,59219,100630,98721,,,,,,,,
2024,R3,E078,"E078 The Oxford College of Engineering  Bangalore","CS Computers",40803,51824,56642,57927,44805,49653,99853,88445,,,,,,,,
2024,R3,E078,"E078 The Oxford College of Engineering  Bangalore","IE Info.Science",56294,69315,85013,106625,59761,57952,184517,173192,,,,,,,,
2024,R3,E079,"E079 Acharya Institute of Technology  Bangalore","AI Artificial Intelligence",29601,39867,37507,41490,30067,33241,78295,71923,,,,,,,,
2024,R3,E079,"E079 Acharya Institute of Technology  Bangalore","CS Computers",25707,31960,35805,40861,29152,30174,69524,61863,,,,,,,,
2024,R3,E079,"E079 Acharya Institute of Technology  Bangalore","DS Comp. Sc. Engg- Data Sc.",31102,34713,38412,69456,31365,36962,107354,143803,,,,,,,,
2024,R3,E079,"E079 Acharya Institute of Technology  Bangalore","IE Info.Science",37573,51731,56220,69098,41768,42651,133595,145157,,,,,,,,
2024,R3,E082,"E082 J S S Academy of Technical Education  Bangalore","CA CS (AI, Machine Learning)",24476,24642,33072,50853,24942,25411,109052,127839,,,,,,,,
2024,R3,E082,"E082 J S S Academy of Technical Education  Bangalore","CS Computers",19589,31543,28978,47459,22284,23144,78399,73949,,,,,,,,
2024,R3,E082,"E082 J S S Academy of Technical Education  Bangalore","IE Info.Science",26042,28104,37774,45046,27712,30098,103527,99728,,,,,,,,
2024,R3,E082,"E082 J S S Academy of Technical Education  Bangalore","RA Robotics and Automation",56183,149057,61048,80534,,92552,247050,163792,,,,,,,,
2024,R3,E091,"E091 K S Institute of Technology  Bangalore","AI Artificial Intelligence",46964,70431,73641,133315,47234,61946,192193,137094,,,,,,,,
2024,R3,E091,"E091 K S Institute of Technology  Bangalore","CS Computers",43257,83905,64462,113068,45294,49331,181854,133882,,,,,,,,
2024,R3,E091,"E091 K S Institute of Technology  Bangalore","IC CS-IoT, Cyber Security",57559,94284,111491,77721,80170,120262,229739,179259,,,,,,,,
2024,R3,E092,"E092 Vemana Institute of Technology  Bangalore","AI Artificial Intelligence",55415,87852,117337,124460,66500,74969,134448,155567,,,,,,,,
2024,R3,E092,"E092 Vemana Institute of Technology  Bangalore","CS Computers",53940,86016,82900,56980,58872,79337,127991,131628,,,,,,,,
2024,R3,E095,"E095 AMC Engineering College  Bangalore","AI Artificial Intelligence",50377,90809,76222,66450,58282,59189,158585,122843,,,,,,,,
2024,R3,E095,"E095 AMC Engineering College  Bangalore","CA CS (AI, Machine Learning)",49928,98632,83323,65357,50376,59700,128377,249007,,,,,,,,
2024,R3,E095,"E095 AMC Engineering College  Bangalore","CS Computers",43913,71475,61652,58404,47195,56099,108243,109591,,,,,,,,
2024,R3,E095,"E095 AMC Engineering College  Bangalore","DS Comp. Sc. Engg- Data Sc.",57031,92661,105833,62580,60769,61058,182617,207468,,,,,,,,
2024,R3,E096,"E096 East Point College of Engineering and Technology  Bangalore","CA CS (AI, Machine Learning)",54181,132718,70345,96724,55748,68612,116147,176354,,,,,,,,
2024,R3,E096,"E096 East Point College of Engineering and Technology  Bangalore","CS Computers",54035,103952,68631,105620,60193,63494,143538,168887,,,,,,,,
2024,R3,E097,"E097 C M R Institute of Technology  Bangalore","AD Artificial Intel, Data Sc",27303,28329,40341,40601,29821,32293,79313,81795,,,,,,,,
2024,R3,E097,"E097 C M R Institute of Technology  Bangalore","AI Artificial Intelligence",25740,36072,34742,33365,26725,29500,68975,111430,,,,,,,,
2024,R3,E097,"E097 C M R Institute of Technology  Bangalore","CA CS (AI, Machine Learning)",20379,33382,26870,29434,22612,23475,79037,47489,,,,,,,,
2024,R3,E097,"E097 C M R Institute of Technology  Bangalore","CS Computers",17905,26945,24924,22449,21961,19817,61218,53682,,,,,,,,
2024,R3,E097,"E097 C M R Institute of Technology  Bangalore","DS Comp. Sc. Engg- Data Sc.",25279,33451,34588,27754,26872,28886,91876,92880,,,,,,,,
2024,R3,E097,"E097 C M R Institute of Technology  Bangalore","IE Info.Science",24796,31599,36251,34145,30445,31881,89278,97677,,,,,,,,
2024,R3,E098,"E098 Atria Institute of Technology  Bangalore","AI Artificial Intelligence",46376,71253,75566,51055,59998,66504,91256,185988,,,,,,,,
2024,R3,E098,"E098 Atria Institute of Technology  Bangalore","CS Computers",41137,53082,50539,47529,49467,47438,185967,109769,,,,,,,,
2024,R3,E098,"E098 Atria Institute of Technology  Bangalore","DS Comp. Sc. Engg- Data Sc.",53001,73053,113629,60571,62434,70495,180814,225077,,,,,,,,
2024,R3,E099,"E099 New Horizon College of Engineering  Bangalore","AI Artificial Intelligence",20238,27664,25788,23355,24585,22491,65748,87382,,,,,,,,
2024,R3,E099,"E099 New Horizon College of Engineering  Bangalore","CS Computers",15962,25808,24623,30648,17073,20103,65297,64484,,,,,,,,
2024,R3,E099,"E099 New Horizon College of Engineering  Bangalore","DS Comp. Sc. Engg- Data Sc.",22574,25099,28842,31306,26666,28599,69696,103806,,,,,,,,
2024,R3,E101,"E101 Channabasaveshwara Institute of Technology  Gubbi, Tumkur","CS Computers",55190,78556,82473,71627,67382,86232,128094,137578,,,,,,,,
2024,R3,E102,"E102 DONBOSCO Institute of Technology  Bangalore","AD Artificial Intel, Data Sc",51444,121546,99671,58165,57845,58966,123485,158546,,,,,,,,
2024,R3,E102,"E102 DONBOSCO Institute of Technology  Bangalore","CA CS (AI, Machine Learning)",51778,141212,92257,92261,53265,63531,185122,197750,,,,,,,,
2024,R3,E102,"E102 DONBOSCO Institute of Technology  Bangalore","CS Computers",43775,76426,68276,46716,46446,47082,118274,111173,,,,,,,,
2024,R3,E103,"E103 Global Academy of Technology  Bangalore","AD Artificial Intel, Data Sc",37089,48829,55562,93243,40975,50696,128260,245279,,,,,,,,
2024,R3,E103,"E103 Global Academy of Technology  Bangalore","AI Artificial Intelligence",34162,42736,52296,42342,,36700,90530,60000,,,,,,,,
2024,R3,E103,"E103 Global Academy of Technology  Bangalore","CA CS (AI, Machine Learning)",36469,37528,44266,51766,38004,46867,153100,177819,,,,,,,,
2024,R3,E103,"E103 Global Academy of Technology  Bangalore","CS Computers",30663,48506,39164,67738,34570,35561,113843,130071,,,,,,,,
2024,R3,E103,"E103 Global Academy of Technology  Bangalore","IE Info.Science",39515,65081,57823,110941,41668,47409,162980,170368,,,,,,,,
2024,R3,E105,"E105 Nitte Meenakshi Institutute of Technology  Bangalore","AD Artificial Intel, Data Sc",16531,17061,20361,22731,19795,20816,59553,57141,,,,,,,,
2024,R3,E105,"E105 Nitte Meenakshi Institutute of Technology  Bangalore","AI Artificial Intelligence",13535,21022,20395,25958,13636,18166,48268,44701,,,,,,,,
2024,R3,E105,"E105 Nitte Meenakshi Institutute of Technology  Bangalore","CS Computers",13141,22294,19381,24919,14666,16031,46763,43238,,,,,,,,
2024,R3,E105,"E105 Nitte Meenakshi Institutute of Technology  Bangalore","IE Info.Science",17040,26753,25240,27242,19099,21210,71086,64243,,,,,,,,
2024,R3,E107,"E107 B N M Institute of Technology  Bangalore","AI Artificial Intelligence",18160,30003,31538,23991,20183,24774,75519,105654,,,,,,,,
2024,R3,E107,"E107 B N M Institute of Technology  Bangalore","CS Computers",14957,29978,21817,28508,17527,20895,71632,61247,,,,,,,,
2024,R3,E107,"E107 B N M Institute of Technology  Bangalore","IE Info.Science",15977,30494,26128,30429,18691,21107,97057,78511,,,,,,,,
2024,R3,E114,"E114 G M Institute of Technology  Davanagere","AI Artificial Intelligence",57517,90888,74741,73889,153652,63584,139364,109923,,,,,,,,
2024,R3,E114,"E114 G M Institute of Technology  Davanagere","CS Computers",36189,50220,49063,48228,46120,42499,111097,81135,,,,,,,,
2024,R3,E114,"E114 G M Institute of Technology  Davanagere","IE Info.Science",57154,65298,81311,107383,90552,63506,168970,122841,,,,,,,,
2024,R3,E115,"E115 S J B Institute of Technology  Kengeri,Bangalore (ATNMS)","AI Artificial Intelligence",29471,45949,32645,41452,33869,30726,91136,250936,,,,,,,,
2024,R3,E115,"E115 S J B Institute of Technology  Kengeri,Bangalore (ATNMS)","CS Computers",25204,39082,36005,50000,27088,26297,99098,99478,,,,,,,,
2024,R3,E115,"E115 S J B Institute of Technology  Kengeri,Bangalore (ATNMS)","DS Comp. Sc. Engg- Data Sc.",33544,36184,43170,71648,36118,34265,140364,172232,,,,,,,,
2024,R3,E115,"E115 S J B Institute of Technology  Kengeri,Bangalore (ATNMS)","IE Info.Science",35098,39731,49805,126196,36550,45654,157830,213209,,,,,,,,
2024,R3,E118,"E118 RNS Institute of Technology  Bangalore","Intel, Data Sc CA CS (AI, Machine Learning)",18002,25085,27533,36152,20148,19945,88720,81201,,,,,,,,
2024,R3,E118,"E118 RNS Institute of Technology  Bangalore","CS Computers",15492,28779,21643,29829,16229,18890,71150,67618,,,,,,,,
2024,R3,E118,"E118 RNS Institute of Technology  Bangalore","CY CS- Cyber Security",21415,33121,26227,63796,23124,22952,91965,66050,,,,,,,,
2024,R3,E118,"E118 RNS Institute of Technology  Bangalore","DS Comp. Sc. Engg- Data Sc.",19791,25775,24977,37368,19841,20683,79643,97727,,,,,,,,
2024,R3,E123,"E123 Canara Engineering College Bantwal  DK DIST","CS Computers",45868,60081,93127,63883,55390,66309,265405,166794,,,,,,,,
2024,R3,E126,"E126 B M S Institute of Technology and Management  Yelahanka, Bangalore","AI Artificial Intelligence",16017,25298,26273,27113,19702,22793,65200,73076,,,,,,,,
2024,R3,E126,"E126 B M S Institute of Technology and Management  Yelahanka, Bangalore","CS Computers",12689,19262,20979,28805,15895,17187,54642,53415,,,,,,,,
2024,R3,E128,"E128 Sharnbasva University(Formerly Appa Inst. of Tech.)  Brahmpur, Kalaburagi","BW B Tech in CS and Design",39370,82183,66231,,101210,56943,74294,82302,,,,,,,,
2024,R3,E129,"E129 St. Joseph Engineering College  Mangalore","AI Artificial Intelligence",23770,35597,28199,28110,,24552,98155,196976,,,,,,,,
2024,R3,E129,"E129 St. Joseph Engineering College  Mangalore","CS Computers",18245,38265,26828,59044,28531,24883,220355,188223,,,,,,,,
2024,R3,E129,"E129 St. Joseph Engineering College  Mangalore","DS Comp. Sc. Engg- Data Sc.",29313,44247,35573,,31165,29438,145965,,,,,,,,,
2024,R3,E133,"E133 G S S S Institute of Engineering and Technology for Women  Mysore","AD Artificial Intel, Data Sc",31612,65000,52759,45353,40123,32677,124227,106480,,,,,,,,
2024,R3,E133,"E133 G S S S Institute of Engineering and Technology for Women  Mysore","CA CS (AI, Machine Learning)",29549,,44523,38440,34522,32243,74819,102439,,,,,,,,
2024,R3,E133,"E133 G S S S Institute of Engineering and Technology for Women  Mysore","CS Computers",24838,29153,37214,38626,30397,29612,73344,66436,,,,,,,,
2024,R3,E133,"E133 G S S S Institute of Engineering and Technology for Women  Mysore","IE Info.Science",30432,56974,39795,42101,33084,31850,65951,66642,,,,,,,,
2024,R3,E141,"E141 P E S University (Electronic City Campus)  Bangalore","BW B Tech in CS",5770,12547,11992,13073,8888,10348,56726,56823,,,,,,,,
2024,R3,E145,"E145 Rajarajeswari College of Engineering  Kumbalagodu,Bangalore","AI Artificial Intelligence",46697,61558,52679,87027,48065,69867,134761,246002,,,,,,,,
2024,R3,E145,"E145 Rajarajeswari College of Engineering  Kumbalagodu,Bangalore","CS Computers",48971,61465,59654,55844,57249,59645,119732,111941,,,,,,,,
2024,R3,E149,"E149 Cambridge Institutute of Technology  Bangalore","AI Artificial Intelligence",34525,51150,51981,43505,39557,43411,78658,126962,,,,,,,,
2024,R3,E149,"E149 Cambridge Institutute of Technology  Bangalore","CS Computers",30262,45096,42125,65253,36037,33959,88196,106448,,,,,,,,
2024,R3,E149,"E149 Cambridge Institutute of Technology  Bangalore","DS Comp. Sc. Engg- Data Sc.",37212,54233,49355,67913,50728,49708,93242,108489,,,,,,,,
2024,R3,E149,"E149 Cambridge Institutute of Technology  Bangalore","IC CS-IoT, Cyber Security",49077,58292,74886,50233,54852,53529,150677,153319,,,,,,,,
2024,R3,E149,"E149 Cambridge Institutute of Technology  Bangalore","IE Info.Science",46001,61965,69827,76206,52271,57723,134044,218536,,,,,,,,
2024,R3,E150,"E150 P E S Institute of Technology and Management  Shivamogga","CS Computers",57191,112092,93016,76045,94285,84610,222243,171480,,,,,,,,
2024,R3,E151,"E151 Mangalore Institute of Technology and Engineering  Mangalore Tq,D.K","AI Artificial Intelligence",44481,48888,75386,,59802,155545,134358,,,,,,,,,
2024,R3,E151,"E151 Mangalore Institute of Technology and Engineering  Mangalore Tq,D.K","CA CS (AI, Machine Learning)",36561,49333,76335,41077,,68290,108712,85827,,,,,,,,
2024,R3,E151,"E151 Mangalore Institute of Technology and Engineering  Mangalore Tq,D.K","CS Computers",36064,60659,73198,48582,46886,60884,245497,140946,,,,,,,,
2024,R3,E155,"E155 Government Engineering College  Hassan","AI Artificial Intelligence",46961,87196,61021,58491,65811,61892,89149,92951,,,,,,,,
2024,R3,E155,"E155 Government Engineering College  Hassan","CS Computers",42464,57375,58369,51195,55895,48166,80654,66096,,,,,,,,
2024,R3,E158,"E158 Maharaja Institute of Technology-Mysore  Belawadi, Mandya Dist","CA CS (AI, Machine Learning)",44003,,71250,57698,49115,59585,115303,80086,,,,,,,,
2024,R3,E158,"E158 Maharaja Institute of Technology-Mysore  Belawadi, Mandya Dist","CS Computers",44761,56834,89312,53052,48076,45639,88407,96088,,,,,,,,
2024,R3,E158,"E158 Maharaja Institute of Technology-Mysore  Belawadi, Mandya Dist","DS Comp. Sc. Engg- Data Sc.",58963,221641,98379,113932,70310,85124,143334,110581,,,,,,,,
2024,R3,E158,"E158 Maharaja Institute of Technology-Mysore  Belawadi, Mandya Dist","IE Info.Science",58234,186836,156666,83716,63842,65772,127767,150546,,,,,,,,
2024,R3,E160,"E160 Sahyadri College of Engg. and Management  Mangalore","CA CS (AI, Machine Learning)",32473,68353,49332,59570,91513,52082,230480,104210,,,,,,,,
2024,R3,E160,"E160 Sahyadri College of Engg. and Management  Mangalore","CS Computers",21553,26572,35273,30459,26327,26617,114802,107431,,,,,,,,
2024,R3,E160,"E160 Sahyadri College of Engg. and Management  Mangalore","IE Info.Science",34813,62056,47452,35453,69311,68771,257266,231297,,,,,,,,
2024,R3,E166,"E166 K L E Institute of Technology  Hubli","CS Computers",29110,54628,33509,52151,32085,31997,111897,112316,,,,,,,,
2024,R3,E167,"E167 K L E Ss K L E College of Engineering and Technology  Chikkodi, Belgaum Dist.","CS Computers",47228,189501,99760,48671,60117,57682,135300,125246,,,,,,,,
2024,R3,E173,"E173 Sai Vidya Institute of Technology  Bangalore","CS Computers",53626,119120,100972,151161,55459,74076,180139,149993,,,,,,,,
2024,R3,E175,"E175 S.G.Balekundri Institute of Technology  Belgaum","CS Computers",54960,93246,71146,79962,66781,61955,198428,223179,,,,,,,,
2024,R3,E178,"E178 The National Institute of Engineering(NORTH CAMPUS)  Mysore","CA CS (AI, Machine Learning)",11312,15642,17170,25785,12089,11783,49169,43956,,,,,,,,
2024,R3,E178,"E178 The National Institute of Engineering(NORTH CAMPUS)  Mysore","CS Computers",8726,16911,11896,16423,10692,10189,33281,39986,,,,,,,,
2024,R3,E178,"E178 The National Institute of Engineering(NORTH CAMPUS)  Mysore","IE Info.Science",11690,21570,19194,28673,14403,12853,55983,59855,,,,,,,,
2024,R3,E196,"E196 Jain College of Engineering  Machche,Belgaum","CA CS (AI, Machine Learning)",44837,46666,70270,145761,83813,47561,194360,139644,,,,,,,,
2024,R3,E196,"E196 Jain College of Engineering  Machche,Belgaum","CS Computers",44521,80854,72242,71254,82311,54315,142012,233225,,,,,,,,
2024,R3,E198,"E198 Sharnbasva University College for Women(Formerly Godutai)  Gulbarga","BW B Tech in CS",53805,77050,73868,,81266,72322,110281,204874,,,,,,,,
2024,R3,E212,"E212 Dayananda Sagar Academy of Technology  Kanakapur Main Road Bangalore","AI Artificial Intelligence",26119,34138,31188,45368,27370,30071,61080,72116,,,,,,,,
2024,R3,E212,"E212 Dayananda Sagar Academy of Technology  Kanakapur Main Road Bangalore","CD Computer Sc. and Design",38138,57436,53411,46048,43271,55992,103479,108983,,,,,,,,
2024,R3,E212,"E212 Dayananda Sagar Academy of Technology  Kanakapur Main Road Bangalore","CF CS(Artificial Intel.)",26414,28114,46333,39680,28556,27905,68481,71366,,,,,,,,
2024,R3,E212,"E212 Dayananda Sagar Academy of Technology  Kanakapur Main Road Bangalore","CS Computers",22062,27101,29964,41489,26325,27350,77031,77675,,,,,,,,
2024,R3,E212,"E212 Dayananda Sagar Academy of Technology  Kanakapur Main Road Bangalore","CY CS- Cyber Security",31862,47604,48539,39546,32437,34139,73035,118037,,,,,,,,
2024,R3,E212,"E212 Dayananda Sagar Academy of Technology  Kanakapur Main Road Bangalore","DS Comp. Sc. Engg- Data Sc.",28017,32543,39379,33921,,33113,78194,93132,,,,,,,,
2024,R3,E212,"E212 Dayananda Sagar Academy of Technology  Kanakapur Main Road Bangalore","IC CS-IoT, Cyber Security",34074,81034,49563,41443,47961,39364,103139,84701,,,,,,,,
2024,R3,E212,"E212 Dayananda Sagar Academy of Technology  Kanakapur Main Road Bangalore","IE Info.Science",31692,43466,42089,55653,32827,36520,98510,109637,,,,,,,,
2024,R3,E220,"E220 Alliance University  Bangalore","BW B Tech in CS",49926,76824,78561,70537,59787,62570,165045,184961,,,,,,,,
2024,R3,E232,"E232 Reva University  Bangalore","BW B Tech in CS",21017,32388,28702,29209,22679,24133,69448,71689,,,,,,,,
2024,R3,E235,"E235 M.S. Ramaiah University of Applied Sciences  Bangalore","BW B Tech in CS",19249,30378,30038,36277,23959,23389,67735,82801,,,,,,,,
2024,R3,E237,"E237 Presidency University  Yelahanka, Bangalore","BW B Tech in CS",48034,93960,78479,76031,55738,53488,130160,190613,,,,,,,,
2024,R3,E240,"E240 Dayananda Sagar University  Kanakapura road, Ramanagar","BW B Tech in CS",31161,48079,51894,51568,41013,42040,111251,124670,,,,,,,,
2024,R3,E241,"E241 KLE Technological University(Formerly BVBCET)  Dharward Dist","CF CS(Artificial Intel.)",8786,13745,13660,9340,13565,13411,58088,61522,,,,,,,,
2024,R3,E241,"E241 KLE Technological University(Formerly BVBCET)  Dharward Dist","CS Computers",7498,14462,12604,13148,13677,8214,36450,39540,,,,,,,,
2024,R3,E254,"E254 A J Institute Of Engineering And Technology  MANGALORE","CS Computers",55475,63144,102702,65079,106428,81929,249085,146413,,,,,,,,
2024,R3,E258,"E258 Maharaja Institute of Technology  THANDAVAPURA, MYSORE","CS Computers",56125,109813,84352,74790,60025,64143,124311,120478,,,,,,,,
2024,R3,E269,"E269 Jain College of Engineering and Research  Udyambhag, Belgaum","CS Computers",53615,89281,81402,96618,83104,62746,170037,137469,,,,,,,,
2024,R3,E275,"E275 R V Institute of Technology and Management  JP Nagar, Bengaluru","CS Computers",12063,22917,22760,14563,14728,19391,44512,49704,,,,,,,,
2024,R3,E275,"E275 R V Institute of Technology and Management  JP Nagar, Bengaluru","IE Info.Science",14959,23824,25197,35166,16964,21548,67396,99899,,,,,,,,
2024,R3,E279,"E279 Visvesvaraya Technological University  Belgaum","BW B Tech in CS Bus Sys.",46626,80345,75669,68992,61808,56153,130070,124510,,,,,,,,
2024,R3,E284,"E284 Sri Jayachamarajendra College of Engineering(Const. of JSS Univ.)  Mysore","CS Computers",4026,13557,6785,15139,9823,6075,19327,30424,,,,,,,,
2024,R3,E285,"E285 R V University  Bangalore","BW B Tech in CS",8961,16599,18410,24195,13703,13664,67539,85104,,,,,,,,
2024,R3,E286,"E286 BGS College of Engineering and Technology  Mahalakshmipuram,Bangalore","AD Artificial Intel, Data Sc",40116,,68347,137923,46893,46822,92095,138296,,,,,,,,
2024,R3,E286,"E286 BGS College of Engineering and Technology  Mahalakshmipuram,Bangalore","AI Artificial Intelligence",42532,53407,58522,,45070,46434,99749,157024,,,,,,,,
2024,R3,E286,"E286 BGS College of Engineering and Technology  Mahalakshmipuram,Bangalore","CS Computers",33392,59269,41036,62054,34956,49261,80084,115740,,,,,,,,
2024,R3,E286,"E286 BGS College of Engineering and Technology  Mahalakshmipuram,Bangalore","IE Info.Science",57609,90366,83837,119563,60859,59659,183312,118535,,,,,,,,
2024,R3,E289,"E289 Visvesvaraya Technological University - Regional Center  Rajapur,Kalburgi","CS Computers",51484,72600,75854,66460,75197,55480,83853,96434,,,,,,,,
2024,R3,E290,"E290 Visvesvaraya Technological University - Regional Center  Mysore","CS Computers",44222,69653,92126,88432,64581,55069,88543,79766,,,,,,,,
2024,R3,E292,"E292 Government Engineering College  Bidar","CS Computers",50154,75685,72536,70632,,69457,82425,66983,,,,,,,,
2024,R3,E306,"E306 THE CHANAKYA UNIVERSITY  HARALUR ROAD DEVANHALLI","BW B Tech in CS",35094,99559,86886,151948,,61476,132606,126919,,,,,,,,
2025,R1,,"(E001)Univesity of Visvesvaraya College of Engineering (A State Autonomous Public University on IIT Model) K R Circle, Bangalore","ARTIFICIAL INTELLIGENCE AND DATA SCIENCE",4628,7516,6634,11136,5191,4788,26335,17943,,,,,,,,
2025,R1,,"(E001)Univesity of Visvesvaraya College of Engineering (A State Autonomous Public University on IIT Model) K R Circle, Bangalore","COMPUTER SCIENCE AND ENGINEERING",3473,6560.5,5714,8937,4061,4329,21248,16132,,,,,,,,
2025,R1,,"(E001)Univesity of Visvesvaraya College of Engineering (A State Autonomous Public University on IIT Model) K R Circle, Bangalore","INFORMATION SCIENCE AND ENGINEERING",4625.5,7596,7224,13063,4832,5030.5,29415,26057,,,,,,,,
2025,R1,,"(E002)Govt.S K S J T Institute of Engineering, Bangalore AMBEDKAR VEEDHI, K.R. CIRCLE, BANGALORE-01","COMPUTER SCIENCE AND ENGINEERING",14802.5,17441,17931,24262.5,15989,15139,36382,35798,,,,,,,,
2025,R1,,"(E004)Dr. Ambedkar Institute of Technology, Bangalore(AUTONOMOUS) OUTER RING ROAD,NEAR JNANA BHARATHI CAMPUS,MALLATHAHALLI,BANGALORE-560056","COMPUTER SCIENCE AND ENGINEERING",8212,12218,10664,17547,9104,8811,31020,31849,,,,,,,,
2025,R1,,"(E005)R. V. College of Engineering, Bangalore(AUTONOMOUS) R.V. VIDYANIKETAN POST, MYSORE ROAD,BANGALORE","COMPUTER SCIENCE AND ENGG(ARTIFICIAL INTELLIGENCE AND MACHINE LEARNING)",429,1637,1398,2350,787,949,5918.5,7579,,,,,,,,
2025,R1,,"(E005)R. V. College of Engineering, Bangalore(AUTONOMOUS) R.V. VIDYANIKETAN POST, MYSORE ROAD,BANGALORE","COMPUTER SCIENCE AND ENGINEERING",234,514,985,1720,526.5,721,5091,5593,,,,,,,,
2025,R1,,"(E005)R. V. College of Engineering, Bangalore(AUTONOMOUS) R.V. VIDYANIKETAN POST, MYSORE ROAD,BANGALORE","COMPUTER SCIENCE AND ENGINEERING (CYBER SECURITY)",508,1660,1636,3044,1073,1189,8078,7312,,,,,,,,
2025,R1,,"(E005)R. V. College of Engineering, Bangalore(AUTONOMOUS) R.V. VIDYANIKETAN POST, MYSORE ROAD,BANGALORE","COMPUTER SCIENCE AND ENGINEERING(DAT A SCIENCE)",367,1122,1389,1847,1031,986,7543,5848,,,,,,,,
2025,R1,,"(E006)M S Ramaiah Institute of Technology, Bangalore(AUTONOMOUS) VIDYA SOUDHA,MSR NAGAR,MSRIT POST,BANGALORE - 560054.","ARTIFICIAL INTELLIGENCE AND DATA SCIENCE",2063,4846,4119,3270,3132,3273,13337,16320,,,,,,,,
2025,R1,,"(E006)M S Ramaiah Institute of Technology, Bangalore(AUTONOMOUS) VIDYA SOUDHA,MSR NAGAR,MSRIT POST,BANGALORE - 560054.","ARTIFICIAL INTELLIGENCE AND MACHINE LEARNING",1910.5,3626,3676,4697,3392,2855,11314,15951,,,,,,,,
2025,R1,,"(E006)M S Ramaiah Institute of Technology, Bangalore(AUTONOMOUS) VIDYA SOUDHA,MSR NAGAR,MSRIT POST,BANGALORE - 560054.","COMPUTER SCIENCE AND ENGG(ARTIFICIAL INTELLIGENCE AND MACHINE LEARNING)",1694,3675,3304,3248,2094,2366,11785,13666,,,,,,,,
2025,R1,,"(E006)M S Ramaiah Institute of Technology, Bangalore(AUTONOMOUS) VIDYA SOUDHA,MSR NAGAR,MSRIT POST,BANGALORE - 560054.","COMPUTER SCIENCE AND ENGINEERING",1100,3437,2387,2657,1713,1566,10220,11687,,,,,,,,
2025,R1,,"(E006)M S Ramaiah Institute of Technology, Bangalore(AUTONOMOUS) VIDYA SOUDHA,MSR NAGAR,MSRIT POST,BANGALORE - 560054.","COMPUTER SCIENCE AND ENGINEERING (CYBER SECURITY)",1915,4483,4363,4781,3091,3311,14971,21441,,,,,,,,
2025,R1,,"(E006)M S Ramaiah Institute of Technology, Bangalore(AUTONOMOUS) VIDYA SOUDHA,MSR NAGAR,MSRIT POST,BANGALORE - 560054.","INFORMATION SCIENCE AND ENGINEERING",2473,3478,4481,3863,3597,3252,17905,22430,,,,,,,,
2025,R1,,"(E007)Dayananda Sagar College of Engineering, Bangalore(AUTONOMOUS) SHAVIGE MALLESHWARA HILLS, KUMARASWAMY LAYOUT, BANGALORE-560078","ARTIFICIAL INTELLIGENCE AND MACHINE LEARNING",4768,7052,7115,9122,5224,5339,22963,26534,,,,,,,,
2025,R1,,"(E007)Dayananda Sagar College of Engineering, Bangalore(AUTONOMOUS) SHAVIGE MALLESHWARA HILLS, KUMARASWAMY LAYOUT, BANGALORE-560078","COMPUTER SCIENCE AND DESIGN",6465.5,14169,10148,16319,8709,8705,40067,38870,,,,,,,,
2025,R1,,"(E007)Dayananda Sagar College of Engineering, Bangalore(AUTONOMOUS) SHAVIGE MALLESHWARA HILLS, KUMARASWAMY LAYOUT, BANGALORE-560078","COMPUTER SCIENCE AND ENGG(INTERNET OF THINGS & CYBER SECURITY INCLUDING BLOCK CHAIN TECH)",6111,10874,9032,13551,7019,6846,31625,28144.87,,,,,,,,
2025,R1,,"(E007)Dayananda Sagar College of Engineering, Bangalore(AUTONOMOUS) SHAVIGE MALLESHWARA HILLS, KUMARASWAMY LAYOUT, BANGALORE-560078","COMPUTER SCIENCE AND ENGINEERING",4080,6869,6718,9884,5201,5001.5,23303,23941,,,,,,,,
2025,R1,,"(E007)Dayananda Sagar College of Engineering, Bangalore(AUTONOMOUS) SHAVIGE MALLESHWARA HILLS, KUMARASWAMY LAYOUT, BANGALORE-560078","COMPUTER SCIENCE AND ENGINEERING (CYBER SECURITY)",5170.5,7805,8331,13558,,6238,29080,24334,,,,,,,,
2025,R1,,"(E007)Dayananda Sagar College of Engineering, Bangalore(AUTONOMOUS) SHAVIGE MALLESHWARA HILLS, KUMARASWAMY LAYOUT, BANGALORE-560078","COMPUTER SCIENCE AND ENGINEERING(DAT A SCIENCE)",4718,7584,7515,11786,5267,6391,24725,27988,,,,,,,,
2025,R1,,"(E007)Dayananda Sagar College of Engineering, Bangalore(AUTONOMOUS) SHAVIGE MALLESHWARA HILLS, KUMARASWAMY LAYOUT, BANGALORE-560078","INFORMATION SCIENCE AND ENGINEERING",5707,8502,8570,11727,6682,6722,33475,36752,,,,,,,,
2025,R1,,"(E007)Dayananda Sagar College of Engineering, Bangalore(AUTONOMOUS) SHAVIGE MALLESHWARA HILLS, KUMARASWAMY LAYOUT, BANGALORE-560078","ROBOTICS AND ARTIFICIAL INTELLIGENCE",7362,,11311,,8941,8516,37171,28913,,,,,,,,
2025,R1,,"(E008)Bangalore Institute of Technology, K.R.Road, Bangalore (AUTONOMOUS) K.R.ROAD, V.V.PURA, BANGALORE-560004","ARTIFICIAL INTELLIGENCE AND MACHINE LEARNING",6577,9612,9008,13522,7594,7555,32748,31224,,,,,,,,
2025,R1,,"(E008)Bangalore Institute of Technology, K.R.Road, Bangalore (AUTONOMOUS) K.R.ROAD, V.V.PURA, BANGALORE-560004","COMPUTER SCIENCE AND ENGG(INTERNET OF THINGS & CYBER SECURITY INCLUDING BLOCK CHAIN TECH)",7481.5,12506,9339,17411,7968,8626,40049.5,33593,,,,,,,,
2025,R1,,"(E008)Bangalore Institute of Technology, K.R.Road, Bangalore (AUTONOMOUS) K.R.ROAD, V.V.PURA, BANGALORE-560004","COMPUTER SCIENCE AND ENGINEERING",5036,8162,8235,12215,5893,5990,31558,33821,,,,,,,,
2025,R1,,"(E008)Bangalore Institute of Technology, K.R.Road, Bangalore (AUTONOMOUS) K.R.ROAD, V.V.PURA, BANGALORE-560004","COMPUTER SCIENCE AND ENGINEERING(DAT A SCIENCE)",6051,8918,9005,12056,7989,7296,34270,30194,,,,,,,,
2025,R1,,"(E008)Bangalore Institute of Technology, K.R.Road, Bangalore (AUTONOMOUS) K.R.ROAD, V.V.PURA, BANGALORE-560004","INFORMATION SCIENCE AND ENGINEERING",7581,11952,9820,15153,8210,8356,40811,44478,,,,,,,,
2025,R1,,"(E008)Bangalore Institute of Technology, K.R.Road, Bangalore (AUTONOMOUS) K.R.ROAD, V.V.PURA, BANGALORE-560004","ROBOTICS AND ARTIFICIAL INTELLIGENCE",9015,,13671,22619,9101,10796,46297,45355,,,,,,,,
2025,R1,,"(E009)PES University 100 Feet Ring Road, Banashankari, 3rd Stage, Hosakerehalli, Near DSERT, , Bangalore KARNATAKA, pin code -560085","B TECH IN COMPUTER SCIENCE & ENGINEERING (ARTIFICAL INTELLIGENCE & MACHINE LEARNING)",1494,4037,3782,6288,2482,2177,19945,23461,,,,,,,,
2025,R1,,"(E009)PES University 100 Feet Ring Road, Banashankari, 3rd Stage, Hosakerehalli, Near DSERT, , Bangalore KARNATAKA, pin code -560085","B TECH IN COMPUTER SCIENCE AND ENGINEERING",934,3067,2560,4851.5,1814,1492,14822,15240,,,,,,,,
2025,R1,,"(E011)M V J College of Engineering, Bangalore(AUTONOMOUS) NEAR ITPB,CHANNASANDRA,KADUGODI POST,BANGALORE","ARTIFICIAL INTELLIGENCE AND MACHINE LEARNING",19218,26541,19753,23654,19927,19423,46397,44438,,,,,,,,
2025,R1,,"(E011)M V J College of Engineering, Bangalore(AUTONOMOUS) NEAR ITPB,CHANNASANDRA,KADUGODI POST,BANGALORE","COMPUTER SCIENCE AND DESIGN",24794,26212,28723,41125,27816,26786.5,86997,72948,,,,,,,,
2025,R1,,"(E011)M V J College of Engineering, Bangalore(AUTONOMOUS) NEAR ITPB,CHANNASANDRA,KADUGODI POST,BANGALORE","COMPUTER SCIENCE AND ENGINEERING",20402,22197,23283,28417.5,21138,21161,62273,55062,,,,,,,,
2025,R1,,"(E011)M V J College of Engineering, Bangalore(AUTONOMOUS) NEAR ITPB,CHANNASANDRA,KADUGODI POST,BANGALORE","COMPUTER SCIENCE AND ENGINEERING(DAT A SCIENCE)",21907,24703,23925,30523,22576,22377,67978,45911.5,,,,,,,,
2025,R1,,"(E011)M V J College of Engineering, Bangalore(AUTONOMOUS) NEAR ITPB,CHANNASANDRA,KADUGODI POST,BANGALORE","INFORMATION SCIENCE AND ENGINEERING",24957,27573,27061,31632,25623,26003,83323.5,83126,,,,,,,,
2025,R1,,"(E012)Sir M.Visvesvaraya Institute of Technology, Bangalore KRISHNADEVARAYANAGAR, HUNASAMARANAHALLI, VIA YELAHANKA,BANGALORE - 562 157","ARTIFICIAL INTELLIGENCE AND MACHINE LEARNING",10390,15223.87,14550,19186,10803,10558,33237,37266,,,,,,,,
2025,R1,,"(E012)Sir M.Visvesvaraya Institute of Technology, Bangalore KRISHNADEVARAYANAGAR, HUNASAMARANAHALLI, VIA YELAHANKA,BANGALORE - 562 157","COMPUTER SCIENCE AND ENGG(INTERNET OF THINGS & CYBER SECURITY INCLUDING BLOCK CHAIN TECH)",15676,21372,19787,27827,15957,17589.5,51534,38838,,,,,,,,
2025,R1,,"(E012)Sir M.Visvesvaraya Institute of Technology, Bangalore KRISHNADEVARAYANAGAR, HUNASAMARANAHALLI, VIA YELAHANKA,BANGALORE - 562 157","COMPUTER SCIENCE AND ENGINEERING",11715,16331,14907,21159,12376,12597,47991,38829,,,,,,,,
2025,R1,,"(E012)Sir M.Visvesvaraya Institute of Technology, Bangalore KRISHNADEVARAYANAGAR, HUNASAMARANAHALLI, VIA YELAHANKA,BANGALORE - 562 157","COMPUTER SCIENCE AND ENGINEERING(DAT A SCIENCE)",13525,16966,16693,21562,,13828,50127,33751.5,,,,,,,,
2025,R1,,"(E012)Sir M.Visvesvaraya Institute of Technology, Bangalore KRISHNADEVARAYANAGAR, HUNASAMARANAHALLI, VIA YELAHANKA,BANGALORE - 562 157","ELECTRONICS & COMPUTER ENGINEERING",20737.5,,30624,,27178,21289,70218,106548.5,,,,,,,,
2025,R1,,"(E012)Sir M.Visvesvaraya Institute of Technology, Bangalore KRISHNADEVARAYANAGAR, HUNASAMARANAHALLI, VIA YELAHANKA,BANGALORE - 562 157","INFORMATION SCIENCE AND ENGINEERING",16184,18741,17338,27624,16620,16688,56891,69998,,,,,,,,
2025,R1,,"(E012)Sir M.Visvesvaraya Institute of Technology, Bangalore KRISHNADEVARAYANAGAR, HUNASAMARANAHALLI, VIA YELAHANKA,BANGALORE - 562 157","ROBOTICS AND ARTIFICIAL INTELLIGENCE",17170,23226,25998,,18325,19545,66420,76450,,,,,,,,
2025,R1,,"(E013)Ghousia Engineering College, Ramanagara BANGALORE - MYSORE ROAD,RAMANAGARA","ARTIFICIAL INTELLIGENCE AND MACHINE LEARNING",47721,80745,55298,48099,47811,59054,69417.5,65140,,,,,,,,
2025,R1,,"(E014)S J C Institute of Technology, Chickkaballapur(AUTONOMOUS) P B NO. 20, B B ROAD, CHICKBALLAPUR, CHICKBALLAPUR (DISTRICT)","ARTIFICIAL INTELLIGENCE AND DATA SCIENCE",40378,55751,42963,48342,41666,43286,83207,69314,,,,,,,,
2025,R1,,"(E014)S J C Institute of Technology, Chickkaballapur(AUTONOMOUS) P B NO. 20, B B ROAD, CHICKBALLAPUR, CHICKBALLAPUR (DISTRICT)","COMPUTER SCIENCE AND ENGG(ARTIFICIAL INTELLIGENCE AND MACHINE LEARNING)",36411,36539,41342,46156,43235,44414,101061,70369,,,,,,,,
2025,R1,,"(E014)S J C Institute of Technology, Chickkaballapur(AUTONOMOUS) P B NO. 20, B B ROAD, CHICKBALLAPUR, CHICKBALLAPUR (DISTRICT)","COMPUTER SCIENCE AND ENGINEERING",38986,55753,51005,51108.5,43043,42801.5,91441,86586,,,,,,,,
2025,R1,,"(E014)S J C Institute of Technology, Chickkaballapur(AUTONOMOUS) P B NO. 20, B B ROAD, CHICKBALLAPUR, CHICKBALLAPUR (DISTRICT)","INFORMATION SCIENCE AND ENGINEERING",52331,77338,59258,59352,53495,59427,128969,135587,,,,,,,,
2025,R1,,"(E016)Siddaganga Institute of Technology,Tumkur","COMPUTER SCIENCE AND ENGG(ARTIFICIAL INTELLIGENCE AND MACHINE LEARNING)",8638,10726,10145,20382,8704,8720,31854.75,25461,,,,,,,,
2025,R1,,"(E016)Siddaganga Institute of Technology,Tumkur","COMPUTER SCIENCE AND ENGINEERING",7683,10090,9827,18321,8459,9051,35279,35117,,,,,,,,
2025,R1,,"(E016)Siddaganga Institute of Technology,Tumkur","INFORMATION SCIENCE AND ENGINEERING",9449,10152,11318,18354.75,9451,9502,45314,41152,,,,,,,,
2025,R1,,"(E017)Sri Siddhartha Institute of Technology MARALUR ,TUMKUR","ARTIFICIAL INTELLIGENCE AND MACHINE LEARNING",29565,31895,32431,37426,35435,31461,66728,44893,,,,,,,,
2025,R1,,"(E017)Sri Siddhartha Institute of Technology MARALUR ,TUMKUR","COMPUTER SCIENCE AND ENGINEERING",27919,38439,36836,34384,37404.5,34814,84416,76763,,,,,,,,
2025,R1,,"(E017)Sri Siddhartha Institute of Technology MARALUR ,TUMKUR","COMPUTER SCIENCE AND ENGINEERING (CYBER SECURITY)",44963,45676,54553,,49804,50024,89839,130976,,,,,,,,
2025,R1,,"(E017)Sri Siddhartha Institute of Technology MARALUR ,TUMKUR","COMPUTER SCIENCE AND ENGINEERING(DAT A SCIENCE)",35557,,44959,41096,49049,37157,90768,45522,,,,,,,,
2025,R1,,"(E017)Sri Siddhartha Institute of Technology MARALUR ,TUMKUR","INFORMATION SCIENCE AND ENGINEERING",41276,48373,53783,41506,42102,45774,115810,103137,,,,,,,,
2025,R1,,"(E017)Sri Siddhartha Institute of Technology MARALUR ,TUMKUR","ROBOTICS AND ARTIFICIAL INTELLIGENCE",53002,58476,63932,,56812,54114,118426,153632,,,,,,,,
2025,R1,,"(E021)Sri Jayachamarajendra College of Engineering(Constituent College of JSS Science & Technology University), Mysore JSS TECHNICAL INSTITUTIONS CAMPUS,MANASAGANGOTHRI PO,MYSORE","COMPUTER SCIENCE AND ENGINEERING",2704,4683,5540,8526,3671,4182,14975,7239,,,,,,,,
2025,R1,,"(E031)B V V Sangha`s Basaveshwara Engineering College , Bagalkote (AUTONOMOUS) NIJALINGAPPA ROAD,BAGALKOT 587102","COMPUTER SCIENCE AND ENGINEERING",19827.5,25042,21942,28261,21059,20603,55301,58357,,,,,,,,
2025,R1,,"(E034)SDM College of Engineering, Dharwad (AUTONOMOUS) DHAVALAGIRI,KALGHATGI ROAD,DHARWAD","ARTIFICIAL INTELLIGENCE AND MACHINE LEARNING",14657,22346,17381,19660,15408,14918,55881,47194,,,,,,,,
2025,R1,,"(E034)SDM College of Engineering, Dharwad (AUTONOMOUS) DHAVALAGIRI,KALGHATGI ROAD,DHARWAD","COMPUTER SCIENCE AND ENGINEERING",13118,18635,15858,16731,14389,13754,49462,56171,,,,,,,,
2025,R1,,"(E034)SDM College of Engineering, Dharwad (AUTONOMOUS) DHAVALAGIRI,KALGHATGI ROAD,DHARWAD","INFORMATION SCIENCE AND ENGINEERING",15237,19230,16841,26314.37,18015,15348,63302,70702,,,,,,,,
2025,R1,,"(E036)K L E Technological Univeristy, Belgaum Campus (Formerly KLE Dr M.S.Sheshagiri College of Engineering and Technology) UDYAMBAGH,BELGAUM","COMPUTER SCIENCE AND ENGG (ARTIFICIAL INTELLIGENCE)",19959,22911,23044,23850,25004,20895,57172,60164,,,,,,,,
2025,R1,,"(E036)K L E Technological Univeristy, Belgaum Campus (Formerly KLE Dr M.S.Sheshagiri College of Engineering and Technology) UDYAMBAGH,BELGAUM","COMPUTER SCIENCE AND ENGINEERING",18233,24342,22181,25250,20508,18983,62352,61375,,,,,,,,
2025,R1,,"(E037)K.L.S. Gogte Institute of Technology, Belgaum.(AUTONOMOUS) ""JNANA GANGA"", UDYAMBAG,BELGAUM","COMPUTER SCIENCE AND ENGG(ARTIFICIAL INTELLIGENCE AND MACHINE LEARNING)",13810,15720,15835,17558,17694,14238,48838,35481,,,,,,,,
2025,R1,,"(E037)K.L.S. Gogte Institute of Technology, Belgaum.(AUTONOMOUS) ""JNANA GANGA"", UDYAMBAG,BELGAUM","COMPUTER SCIENCE AND ENGINEERING",12936,14627.5,15832.5,19725,16633,13164,49756,48822,,,,,,,,
2025,R1,,"(E038)BLDEA's VP. Dr.P.G. Hallakatti College of Engineering & Technology, Bijapur ASHRAM ROAD,BIJAPUR - 586103","COMPUTER SCIENCE AND ENGG(ARTIFICIAL INTELLIGENCE AND MACHINE LEARNING)",39460,48813,45659,43169.5,57322,41843,71630,118875.5,,,,,,,,
2025,R1,,"(E038)BLDEA's VP. Dr.P.G. Hallakatti College of Engineering & Technology, Bijapur ASHRAM ROAD,BIJAPUR - 586103","COMPUTER SCIENCE AND ENGINEERING",34038,51747,42627,38721,53331,36121,81427,102055,,,,,,,,
2025,R1,,"(E038)BLDEA's VP. Dr.P.G. Hallakatti College of Engineering & Technology, Bijapur ASHRAM ROAD,BIJAPUR - 586103","COMPUTER SCIENCE AND ENGINEERING(DAT A SCIENCE)",54700,81652,55792,57520,67376,55215,91536,178454,,,,,,,,
2025,R1,,"(E038)BLDEA's VP. Dr.P.G. Hallakatti College of Engineering & Technology, Bijapur ASHRAM ROAD,BIJAPUR - 586103","INFORMATION SCIENCE AND ENGINEERING",50861,54687.5,60697,62929,56549,53830,123826,182199,,,,,,,,
2025,R1,,"(E042)Khaja Bandanawaz University KBN University Street, Khaja Colony, Kalaburagi, Karnataka 585104","COMPUTER SCIENCE AND ENGINEERING",53162,,86637,61363.5,,,121249,153217,,,,,,,,
2025,R1,,"(E043)Gurunanak Dev Engineering College, Bidar MAILOOR ROAD,BIDAR 585403","ARTIFICIAL INTELLIGENCE AND MACHINE LEARNING",48798,,63636,,91072,,83424,,,,,,,,,
2025,R1,,"(E043)Gurunanak Dev Engineering College, Bidar MAILOOR ROAD,BIDAR 585403","COMPUTER SCIENCE AND ENGINEERING",42143,93546,79913,65196,,65937,106994,66304,,,,,,,,
2025,R1,,"(E044)Bheemanna Khandre Institute of Technology, Bhalki BHALKI-HUMNABAD ROAD,BHALKI- 585328,DIST. BIDAR","COMPUTER SCIENCE AND ENGG(ARTIFICIAL INTELLIGENCE AND MACHINE LEARNING)",51430,,79352,,,80808,86091,106866,,,,,,,,
2025,R1,,"(E046)H K E's Society's Sir M Visvesvaraya College of Engineering, Raichur YERAMARUS CAMP,RAICHUR-584 135,","COMPUTER SCIENCE AND ENGINEERING",49073,,88650,,,84761,125163,90033,,,,,,,,
2025,R1,,"(E047)Malnad College of Engineering, Hassan(AUTONOMOUS) P.B. NO. 21, SALAGAME ROAD,HASSSAN","COMPUTER SCIENCE AND BUSINESS SYSTEMS",38168,78038,50467,41439.5,38586,45329,129006,101612,,,,,,,,
2025,R1,,"(E047)Malnad College of Engineering, Hassan(AUTONOMOUS) P.B. NO. 21, SALAGAME ROAD,HASSSAN","COMPUTER SCIENCE AND ENGG(ARTIFICIAL INTELLIGENCE AND MACHINE LEARNING)",26306,,31813,27720,,28402,91626,94315,,,,,,,,
2025,R1,,"(E047)Malnad College of Engineering, Hassan(AUTONOMOUS) P.B. NO. 21, SALAGAME ROAD,HASSSAN","COMPUTER SCIENCE AND ENGINEERING",30004,41819,39100,38845,32253,33363,88120,98137,,,,,,,,
2025,R1,,"(E047)Malnad College of Engineering, Hassan(AUTONOMOUS) P.B. NO. 21, SALAGAME ROAD,HASSSAN","ROBOTICS AND ARTIFICIAL INTELLIGENCE",41398,60262,48344,48169,41945,44161,125630,116135,,,,,,,,
2025,R1,,"(E048)B M S College of Engineering, Basavanagudi, Bangalore (AUTONOMOUS) POST BOX NO 1908, BULL TEMPLE ROAD,BANGALORE","ARTIFICIAL INTELLIGENCE AND DATA SCIENCE",2442,5532,4950,8485,3670,3986,16707,11127,,,,,,,,
2025,R1,,"(E048)B M S College of Engineering, Basavanagudi, Bangalore (AUTONOMOUS) POST BOX NO 1908, BULL TEMPLE ROAD,BANGALORE","ARTIFICIAL INTELLIGENCE AND MACHINE LEARNING",2786,5450,5398,8582,3957,3865,22645,25748,,,,,,,,
2025,R1,,"(E048)B M S College of Engineering, Basavanagudi, Bangalore (AUTONOMOUS) POST BOX NO 1908, BULL TEMPLE ROAD,BANGALORE","COMPUTER SCIENCE AND BUSINESS SYSTEMS",2868,5651,6819,11023,4198,4298,25208,33431,,,,,,,,
2025,R1,,"(E048)B M S College of Engineering, Basavanagudi, Bangalore (AUTONOMOUS) POST BOX NO 1908, BULL TEMPLE ROAD,BANGALORE","COMPUTER SCIENCE AND ENGG(INTERNET OF THINGS & CYBER SECURITY INCLUDING BLOCK CHAIN TECH)",2639,4665,5645,10060,3961,3552,23920,28220.75,,,,,,,,
2025,R1,,"(E048)B M S College of Engineering, Basavanagudi, Bangalore (AUTONOMOUS) POST BOX NO 1908, BULL TEMPLE ROAD,BANGALORE","COMPUTER SCIENCE AND ENGINEERING",2246,4581,4789,7984,3644,3467,20711,23307,,,,,,,,
2025,R1,,"(E048)B M S College of Engineering, Basavanagudi, Bangalore (AUTONOMOUS) POST BOX NO 1908, BULL TEMPLE ROAD,BANGALORE","COMPUTER SCIENCE AND ENGINEERING(DAT A SCIENCE)",2497,5541,4907,,3905,3512,21551,25953,,,,,,,,
2025,R1,,"(E049)B V V Sangha`s Basaveshwara Engineering College , Bagalkote (AUTONOMOUS) NIJALINGAPPA ROAD,BAGALKOT 587102","ARTIFICIAL INTELLIGENCE AND MACHINE LEARNING",27610,32900,32056,40601.5,30472,28746,76987,54196,,,,,,,,
2025,R1,,"(E049)B V V Sangha`s Basaveshwara Engineering College , Bagalkote (AUTONOMOUS) NIJALINGAPPA ROAD,BAGALKOT 587102","COMPUTER SCIENCE AND ENGINEERING",24727,31649,29704,36266,28146,26142,72852,73239,,,,,,,,
2025,R1,,"(E049)B V V Sangha`s Basaveshwara Engineering College , Bagalkote (AUTONOMOUS) NIJALINGAPPA ROAD,BAGALKOT 587102","ELECTRONICS & COMPUTER ENGINEERING",49302,54645,51063,67117,58752,51256,164163,102788,,,,,,,,
2025,R1,,"(E049)B V V Sangha`s Basaveshwara Engineering College , Bagalkote (AUTONOMOUS) NIJALINGAPPA ROAD,BAGALKOT 587102","INFORMATION SCIENCE AND ENGINEERING",36219,48172,42162,57698,39893,37755,149830,102708,,,,,,,,
2025,R1,,"(E057)JSS Science and Technology University JSS TECHNICAL INSTITUTIONS CAMPUS, MANASAGANGOTHRI, MYSURU 570006","COMPUTER SCIENCE AND BUSINESS SYSTEMS",7367,18617,11851,24254.75,7945.75,7598,47679,44129,,,,,,,,
2025,R1,,"(E057)JSS Science and Technology University JSS TECHNICAL INSTITUTIONS CAMPUS, MANASAGANGOTHRI, MYSURU 570006","COMPUTER SCIENCE AND ENGG(ARTIFICIAL INTELLIGENCE AND MACHINE LEARNING)",5312,,6203,13002,5884,5557,26626.87,23321,,,,,,,,
2025,R1,,"(E057)JSS Science and Technology University JSS TECHNICAL INSTITUTIONS CAMPUS, MANASAGANGOTHRI, MYSURU 570006","COMPUTER SCIENCE AND ENGINEERING SCIENCE AND TECHNOLOGY(EXC LUSIVELY FOR DIFFERENTLY ABLED)",4707,9242,7789,11703,5621,5534,27507,30786,,,,,,,,
2025,R1,,"(E057)JSS Science and Technology University JSS TECHNICAL INSTITUTIONS CAMPUS, MANASAGANGOTHRI, MYSURU 570006","INFORMATION SCIENCE AND ENGINEERING",6265,10607,8903,18171,7744,7047,37421,36685,,,,,,,,
2025,R1,,"(E058)P E S College of Engineering, Mandya(AUTONOMOUS) MANDYA: 571 401","COMPUTER SCIENCE AND BUSINESS SYSTEMS",39405,50405,43410,49546,43282,41322,113254,129010.5,,,,,,,,
2025,R1,,"(E058)P E S College of Engineering, Mandya(AUTONOMOUS) MANDYA: 571 401","COMPUTER SCIENCE AND ENGG(ARTIFICIAL INTELLIGENCE AND MACHINE LEARNING)",25305,31959,33313,,25401,26035,54395,59549,,,,,,,,
2025,R1,,"(E058)P E S College of Engineering, Mandya(AUTONOMOUS) MANDYA: 571 401","COMPUTER SCIENCE AND ENGINEERING",25071,31948,32037,32995,26314,27708,66071,58493,,,,,,,,
2025,R1,,"(E058)P E S College of Engineering, Mandya(AUTONOMOUS) MANDYA: 571 401","COMPUTER SCIENCE AND ENGINEERING(DAT A SCIENCE)",29380,46810,36151,32610,30333,29768,77058,65906,,,,,,,,
2025,R1,,"(E058)P E S College of Engineering, Mandya(AUTONOMOUS) MANDYA: 571 401","INFORMATION SCIENCE AND ENGINEERING",29352,44260,35328,44341,30959,30449,78225,65401,,,,,,,,
2025,R1,,"(E058)P E S College of Engineering, Mandya(AUTONOMOUS) MANDYA: 571 401","ROBOTICS AND ARTIFICIAL INTELLIGENCE",40558,51535,49424.5,48387,42418,41601,131018,126656,,,,,,,,
2025,R1,,"(E059)P D A College of Engineering, Gulbarga(AUTONOMOUS) AIWAN-E-SHAHI AREA,STATION ROAD,GULBARGA-585102","ARTIFICIAL INTELLIGENCE AND MACHINE LEARNING",32795.5,65663,54806.5,,,45124,50789,65590,,,,,,,,
2025,R1,,"(E059)P D A College of Engineering, Gulbarga(AUTONOMOUS) AIWAN-E-SHAHI AREA,STATION ROAD,GULBARGA-585102","COMPUTER SCIENCE AND DESIGN",54450,112264,74877,,,,110039.7,109795,,,,,,,,
2025,R1,,"(E059)P D A College of Engineering, Gulbarga(AUTONOMOUS) AIWAN-E-SHAHI AREA,STATION ROAD,GULBARGA-585102","COMPUTER SCIENCE AND ENGINEERING",30538,49136,46633,45307.5,48927,41353,62811,52932,,,,,,,,
2025,R1,,"(E059)P D A College of Engineering, Gulbarga(AUTONOMOUS) AIWAN-E-SHAHI AREA,STATION ROAD,GULBARGA-585102","INFORMATION SCIENCE AND ENGINEERING",57029,,74092,60759,,,79441,,,,,,,,,
2025,R1,,"(E060)Dr. Ambedkar Institute of Technology, Bangalore(AUTONOMOUS) OUTER RING ROAD,NEAR JNANA BHARATHI CAMPUS,MALLATHAHALLI,BANGALORE-560056","ARTIFICIAL INTELLIGENCE AND MACHINE LEARNING",15166,19139,15961,24076,15235,15557,34508,35473,,,,,,,,
2025,R1,,"(E060)Dr. Ambedkar Institute of Technology, Bangalore(AUTONOMOUS) OUTER RING ROAD,NEAR JNANA BHARATHI CAMPUS,MALLATHAHALLI,BANGALORE-560056","COMPUTER SCIENCE AND BUSINESS SYSTEMS",19822,23807,26912,,20054,20270,66810,76859.5,,,,,,,,
2025,R1,,"(E060)Dr. Ambedkar Institute of Technology, Bangalore(AUTONOMOUS) OUTER RING ROAD,NEAR JNANA BHARATHI CAMPUS,MALLATHAHALLI,BANGALORE-560056","COMPUTER SCIENCE AND ENGINEERING",14086,18193,17214,27774,15174,14990,48112,46989,,,,,,,,
2025,R1,,"(E060)Dr. Ambedkar Institute of Technology, Bangalore(AUTONOMOUS) OUTER RING ROAD,NEAR JNANA BHARATHI CAMPUS,MALLATHAHALLI,BANGALORE-560056","COMPUTER SCIENCE AND ENGINEERING(DAT A SCIENCE)",15930,21182,18820,28931,16013,16225,40416,37582,,,,,,,,
2025,R1,,"(E060)Dr. Ambedkar Institute of Technology, Bangalore(AUTONOMOUS) OUTER RING ROAD,NEAR JNANA BHARATHI CAMPUS,MALLATHAHALLI,BANGALORE-560056","INFORMATION SCIENCE AND ENGINEERING",17980,19403,19997,31769,18002,18934,57064,61695,,,,,,,,
2025,R1,,"(E061)University B.D.T College of Engineering, Davanagere P J EXTENSION,HADADI ROAD,DAVENGERE","COMPUTER SCIENCE AND ENGINEERING",22469,29172,25766,26549,27579,25145,46029,39033,,,,,,,,
2025,R1,,"(E061)University B.D.T College of Engineering, Davanagere P J EXTENSION,HADADI ROAD,DAVENGERE","ROBOTICS AND ARTIFICIAL INTELLIGENCE",33648,53661,46773,36132,59387,42808,88352,75111,,,,,,,,
2025,R1,,"(E062)Bapuji Institute of Engineering &  Technology, Davangere (AUTONOMOUS) BAPUJI INSTITUTE OF ENGINEERING & TECHNOLOGY,P.B. NO.325,SHAMANUR ROAD,DAVANGERE-577 004","ARTIFICIAL INTELLIGENCE AND MACHINE LEARNING",33311,44776,42597,39965,43227,34973,100199,76229,,,,,,,,
2025,R1,,"(E062)Bapuji Institute of Engineering &  Technology, Davangere (AUTONOMOUS) BAPUJI INSTITUTE OF ENGINEERING & TECHNOLOGY,P.B. NO.325,SHAMANUR ROAD,DAVANGERE-577 004","COMPUTER SCIENCE AND BUSINESS SYSTEMS",51962,,63048,66093,67533,53097,152050,126089,,,,,,,,
2025,R1,,"(E062)Bapuji Institute of Engineering &  Technology, Davangere (AUTONOMOUS) BAPUJI INSTITUTE OF ENGINEERING & TECHNOLOGY,P.B. NO.325,SHAMANUR ROAD,DAVANGERE-577 004","COMPUTER SCIENCE AND DESIGN",50457,86427,66937,59596,64252,50854,143536.5,144442,,,,,,,,
2025,R1,,"(E062)Bapuji Institute of Engineering &  Technology, Davangere (AUTONOMOUS) BAPUJI INSTITUTE OF ENGINEERING & TECHNOLOGY,P.B. NO.325,SHAMANUR ROAD,DAVANGERE-577 004","COMPUTER SCIENCE AND ENGINEERING",29909,37411,36846,43042,40709,31337,95575,85535,,,,,,,,
2025,R1,,"(E062)Bapuji Institute of Engineering &  Technology, Davangere (AUTONOMOUS) BAPUJI INSTITUTE OF ENGINEERING & TECHNOLOGY,P.B. NO.325,SHAMANUR ROAD,DAVANGERE-577 004","COMPUTER SCIENCE AND ENGINEERING(DAT A SCIENCE)",36719,49355,46444,39683,44582,36888,99710,93742,,,,,,,,
2025,R1,,"(E062)Bapuji Institute of Engineering &  Technology, Davangere (AUTONOMOUS) BAPUJI INSTITUTE OF ENGINEERING & TECHNOLOGY,P.B. NO.325,SHAMANUR ROAD,DAVANGERE-577 004","INFORMATION SCIENCE AND ENGINEERING",41220,47864,46516,61573,43132,42606,125708,109310,,,,,,,,
2025,R1,,"(E064)Adhichunchanagiri Institute of Technology, Chickamagalur ADICHUNCHANAGIRI EXTENTION,JYOTHINAGAR,CHIKMAGALUR - 577102","ARTIFICIAL INTELLIGENCE AND MACHINE LEARNING",42330,58912,59451,48651,42481,54001,88835,77519,,,,,,,,
2025,R1,,"(E064)Adhichunchanagiri Institute of Technology, Chickamagalur ADICHUNCHANAGIRI EXTENTION,JYOTHINAGAR,CHIKMAGALUR - 577102","COMPUTER SCIENCE AND ENGINEERING",48494,55071,57467,53337,49133,49150,116974,119790,,,,,,,,
2025,R1,,"(E064)Adhichunchanagiri Institute of Technology, Chickamagalur ADICHUNCHANAGIRI EXTENTION,JYOTHINAGAR,CHIKMAGALUR - 577102","COMPUTER SCIENCE AND ENGINEERING(DAT A SCIENCE)",56927,92165,62337,58458,64097,64301,158123,142240,,,,,,,,
2025,R1,,"(E064)Adhichunchanagiri Institute of Technology, Chickamagalur ADICHUNCHANAGIRI EXTENTION,JYOTHINAGAR,CHIKMAGALUR - 577102","INFORMATION SCIENCE AND ENGINEERING",55363,67793,63841,,57385,63250,163658,150526,,,,,,,,
2025,R1,,"(E065)Jawaharlal Nehru New College of Engineering, Shimoga P.B. NO. 128,NAVULE, SHIMOGA","ARTIFICIAL INTELLIGENCE AND MACHINE LEARNING",20240,34772,31476,,29484,22312,54181,79249,,,,,,,,
2025,R1,,"(E065)Jawaharlal Nehru New College of Engineering, Shimoga P.B. NO. 128,NAVULE, SHIMOGA","COMPUTER SCIENCE AND ENGINEERING",25366,33825,31160.5,35123,30061.5,28979,77559.5,70136,,,,,,,,
2025,R1,,"(E065)Jawaharlal Nehru New College of Engineering, Shimoga P.B. NO. 128,NAVULE, SHIMOGA","COMPUTER SCIENCE AND ENGINEERING(DAT A SCIENCE)",35646,41647,39043,42600,45507,39442,91159,100234,,,,,,,,
2025,R1,,"(E065)Jawaharlal Nehru New College of Engineering, Shimoga P.B. NO. 128,NAVULE, SHIMOGA","INFORMATION SCIENCE AND ENGINEERING",39131,46021,45849,55816,43794,41499,100215,123234,,,,,,,,
2025,R1,,"(E065)Jawaharlal Nehru New College of Engineering, Shimoga P.B. NO. 128,NAVULE, SHIMOGA","ROBOTICS AND ARTIFICIAL INTELLIGENCE",58069,123515,68381,,63033,59618,114410,98990,,,,,,,,
2025,R1,,"(E066)University B.D.T. college of Engineering, (H.GOV),Davangere","COMPUTER SCIENCE AND ENGINEERING",39727,42559.5,46915,60833,40363,41272,71446,73378,,,,,,,,
2025,R1,,"(E071)Vidya Vardhaka College of Engineering, Mysore(AUTONOMOUS) P.B.NO.206,GOKULAM 3RD STAGE,MYSORE","COMPUTER SCIENCE AND ENGG(ARTIFICIAL INTELLIGENCE AND MACHINE LEARNING)",18017,19164,23325,29105,18309,19074,62135,47414,,,,,,,,
2025,R1,,"(E071)Vidya Vardhaka College of Engineering, Mysore(AUTONOMOUS) P.B.NO.206,GOKULAM 3RD STAGE,MYSORE","COMPUTER SCIENCE AND ENGINEERING",16624,25877,22739,32634.5,18216,18697,62223,61659,,,,,,,,
2025,R1,,"(E075)Ballari Institute of Technology & Management, Bellary(AUTONOMOUS) ""JNANA GANGOTRI"" CAMPUS, #873/2 OF KOLAGAL VILLAGE,BELLARY-HOSPET ROAD, ALLIPUR","ARTIFICIAL INTELLIGENCE AND MACHINE LEARNING",45062,53363,54810,54230,46462,50422,86449,77347,,,,,,,,
2025,R1,,"(E075)Ballari Institute of Technology & Management, Bellary(AUTONOMOUS) ""JNANA GANGOTRI"" CAMPUS, #873/2 OF KOLAGAL VILLAGE,BELLARY-HOSPET ROAD, ALLIPUR","COMPUTER SCIENCE AND ENGG (ARTIFICIAL INTELLIGENCE)",42801,,51117,,54501,51930,93148,58521,,,,,,,,
2025,R1,,"(E075)Ballari Institute of Technology & Management, Bellary(AUTONOMOUS) ""JNANA GANGOTRI"" CAMPUS, #873/2 OF KOLAGAL VILLAGE,BELLARY-HOSPET ROAD, ALLIPUR","COMPUTER SCIENCE AND ENGINEERING",27660,42174,36623,36796,35926,33433,71109,51762,,,,,,,,
2025,R1,,"(E075)Ballari Institute of Technology & Management, Bellary(AUTONOMOUS) ""JNANA GANGOTRI"" CAMPUS, #873/2 OF KOLAGAL VILLAGE,BELLARY-HOSPET ROAD, ALLIPUR","COMPUTER SCIENCE AND ENGINEERING(DAT A SCIENCE)",48013,59239,60272,,,52989,102336,106441,,,,,,,,
2025,R1,,"(E077)Vidya Vikas Institute of Engineering & Technology, Mysore #127,ALANAHALLY,ALANAHALLY  POST,MYSORE-BANNUR ROAD,MYSORE","COMPUTER SCIENCE AND ENGINEERING",29517,32302,31794,41118,30121,31692,71598.5,94121,,,,,,,,
2025,R1,,"(E077)Vidya Vikas Institute of Engineering & Technology, Mysore #127,ALANAHALLY,ALANAHALLY  POST,MYSORE-BANNUR ROAD,MYSORE","INFORMATION SCIENCE AND ENGINEERING",43505,57678.5,47743,62454.5,45173,43919,99685,119851,,,,,,,,
2025,R1,,"(E078)The Oxford College of Engineering, Bangalore HOSUR ROAD,BOMMANAHALLI,BANGALORE","ARTIFICIAL INTELLIGENCE AND DATA SCIENCE",26859,36747,33483,27527,28418,28266,79648,87778,,,,,,,,
2025,R1,,"(E078)The Oxford College of Engineering, Bangalore HOSUR ROAD,BOMMANAHALLI,BANGALORE","ARTIFICIAL INTELLIGENCE AND MACHINE LEARNING",28684,35617,31448,31602,28963,30051,77843,66380,,,,,,,,
2025,R1,,"(E078)The Oxford College of Engineering, Bangalore HOSUR ROAD,BOMMANAHALLI,BANGALORE","COMPUTER SCIENCE AND ENGINEERING",27286,34790,31571,36835,27772,27933,75899,82387,,,,,,,,
2025,R1,,"(E078)The Oxford College of Engineering, Bangalore HOSUR ROAD,BOMMANAHALLI,BANGALORE","INFORMATION SCIENCE AND ENGINEERING",33245.5,37770,35851,46299,35516,33915,108590,107056,,,,,,,,
2025,R1,,"(E079)Acharya Institute of Technology, Soldevanahalli,Chikkabanavara post, Bangalore SOLDEVANAHALLI, HESARAGHATTA MAIN ROAD, CHIKKABANAVARA POST,BANGALORE URBAN","ARTIFICIAL INTELLIGENCE AND MACHINE LEARNING",20271,22578,23121,29709,20424,20904,50934.5,52787,,,,,,,,
2025,R1,,"(E079)Acharya Institute of Technology, Soldevanahalli,Chikkabanavara post, Bangalore SOLDEVANAHALLI, HESARAGHATTA MAIN ROAD, CHIKKABANAVARA POST,BANGALORE URBAN","COMPUTER SCIENCE AND ENGINEERING",19409,22454,23467,29714,20289,20036,61613,62078,,,,,,,,
2025,R1,,"(E079)Acharya Institute of Technology, Soldevanahalli,Chikkabanavara post, Bangalore SOLDEVANAHALLI, HESARAGHATTA MAIN ROAD, CHIKKABANAVARA POST,BANGALORE URBAN","COMPUTER SCIENCE AND ENGINEERING(DAT A SCIENCE)",21278,25426,24696.75,35091,23255,22472,70637,47641,,,,,,,,
2025,R1,,"(E079)Acharya Institute of Technology, Soldevanahalli,Chikkabanavara post, Bangalore SOLDEVANAHALLI, HESARAGHATTA MAIN ROAD, CHIKKABANAVARA POST,BANGALORE URBAN","INFORMATION SCIENCE AND ENGINEERING",24077,26700,28687,35363,24641,24638,90649,88740,,,,,,,,
2025,R1,,"(E079)Acharya Institute of Technology, Soldevanahalli,Chikkabanavara post, Bangalore SOLDEVANAHALLI, HESARAGHATTA MAIN ROAD, CHIKKABANAVARA POST,BANGALORE URBAN","ROBOTICS AND ARTIFICIAL INTELLIGENCE",26913.5,29078,31921,44231.5,28514,27447.5,93485,50777,,,,,,,,
2025,R1,,"(E081)SRI SIDDHARTHA SCHOOL OF ENGINEERING, TUMKUR NH-4, KESARAMADU POST, KYATHASANDRA,TUMKUR","ARTIFICIAL INTELLIGENCE AND MACHINE LEARNING",54350,,67148,71710,59302,58031,109558,113636,,,,,,,,
2025,R1,,"(E082)J S S Academy of Technical Education, Bangalore JSSATE CAMPUS,UTTARAHALLI-KENGERI ROAD ,BANGALORE 560060","COMPUTER SCIENCE AND ENGG(ARTIFICIAL INTELLIGENCE AND MACHINE LEARNING)",15171,19574,19678,26749,15822,16039,65620,57847,,,,,,,,
2025,R1,,"(E082)J S S Academy of Technical Education, Bangalore JSSATE CAMPUS,UTTARAHALLI-KENGERI ROAD ,BANGALORE 560060","COMPUTER SCIENCE AND ENGINEERING",14048,18422,17153,26865,14617,14260,62041,62496,,,,,,,,
2025,R1,,"(E082)J S S Academy of Technical Education, Bangalore JSSATE CAMPUS,UTTARAHALLI-KENGERI ROAD ,BANGALORE 560060","INFORMATION SCIENCE AND ENGINEERING",17220,24120,21787,29340,17594,18359,79291,82768,,,,,,,,
2025,R1,,"(E082)J S S Academy of Technical Education, Bangalore JSSATE CAMPUS,UTTARAHALLI-KENGERI ROAD ,BANGALORE 560060","ROBOTICS AND AUTOMATION",20341,29872,27555,,,,89975,65509,,,,,,,,
2025,R1,,"(E083)H.K.B.K.College of Engineering, Bangalore # 22/1, NAGAWARA, BANGALORE-560045","ARTIFICIAL INTELLIGENCE AND MACHINE LEARNING",42983,59739,54089,44598,46795,48585,106528,99481,,,,,,,,
2025,R1,,"(E083)H.K.B.K.College of Engineering, Bangalore # 22/1, NAGAWARA, BANGALORE-560045","COMPUTER SCIENCE AND ENGINEERING",50454,60070,61037,55998,53685,55984,123306,141640,,,,,,,,
2025,R1,,"(E085)APS College of Engineering, Somanahalli, Bangalore 26 KM KANAKAPURA ROAD BANGALORE 82,BANGALORE URBAN","COMPUTER SCIENCE AND ENGG(ARTIFICIAL INTELLIGENCE AND MACHINE LEARNING)",47543,,54338,61396,,,99138,75438,,,,,,,,
2025,R1,,"(E085)APS College of Engineering, Somanahalli, Bangalore 26 KM KANAKAPURA ROAD BANGALORE 82,BANGALORE URBAN","COMPUTER SCIENCE AND ENGINEERING",53473,60122,60314,75637,53955,59858,108771,71593,,,,,,,,
2025,R1,,"(E086)Sri Sairam  College Of Engineering, Anekal, Bangalore SAI LEO NAGAR","ARTIFICIAL INTELLIGENCE AND MACHINE LEARNING",59813,77306,73837,64581,60000,61844,121925,127282,,,,,,,,
2025,R1,,"(E086)Sri Sairam  College Of Engineering, Anekal, Bangalore SAI LEO NAGAR","COMPUTER SCIENCE AND ENGINEERING",56744,76319,68045,71423,57928,62317,132672,145173,,,,,,,,
2025,R1,,"(E087)Vivekananada Institute of Technology, Kengeri, Bangalore GUDIMAVU VILLAGE ,KENGERI(HOBLI)NEAR KUMBALAGODU,BANGALORE","ARTIFICIAL INTELLIGENCE AND MACHINE LEARNING",48469,56338,59486,62969,49880,48733,81657,119062,,,,,,,,
2025,R1,,"(E087)Vivekananada Institute of Technology, Kengeri, Bangalore GUDIMAVU VILLAGE ,KENGERI(HOBLI)NEAR KUMBALAGODU,BANGALORE","COMPUTER SCIENCE AND ENGINEERING",55601.5,71846,66845,65837,56677,60792,116683,135080,,,,,,,,
2025,R1,,"(E090)Sri Revana Siddeswara Institute of Technology, Bangalore CHOKKANAHALLI, CHIKKAJALA,BANGALORE NORTH - 562157","COMPUTER SCIENCE AND ENGINEERING",58692,84089,74334,71273.5,62384.5,65487,122642,73522,,,,,,,,
2025,R1,,"(E091)K S Institute of Technology, Raghuvanahalli, Bangalore(AUTONOMOUS) #14,RAGUVANAHALLI, KANAKAPURA MAIN ROAD,BANGALORE - 560 062.","ARTIFICIAL INTELLIGENCE AND MACHINE LEARNING",30292,36085,35927,44935,30627,31303,87343,113818,,,,,,,,
2025,R1,,"(E091)K S Institute of Technology, Raghuvanahalli, Bangalore(AUTONOMOUS) #14,RAGUVANAHALLI, KANAKAPURA MAIN ROAD,BANGALORE - 560 062.","COMPUTER SCIENCE AND DESIGN",38479,43252,50171,46274,38803,39531.5,156630.5,167995,,,,,,,,
2025,R1,,"(E091)K S Institute of Technology, Raghuvanahalli, Bangalore(AUTONOMOUS) #14,RAGUVANAHALLI, KANAKAPURA MAIN ROAD,BANGALORE - 560 062.","COMPUTER SCIENCE AND ENGG(INTERNET OF THINGS & CYBER SECURITY INCLUDING BLOCK CHAIN TECH)",33059,,38673,38832,33794,34452,140898,164782,,,,,,,,
2025,R1,,"(E091)K S Institute of Technology, Raghuvanahalli, Bangalore(AUTONOMOUS) #14,RAGUVANAHALLI, KANAKAPURA MAIN ROAD,BANGALORE - 560 062.","COMPUTER SCIENCE AND ENGINEERING",28022,38955,34021,37044,28243,29144,99863,115004,,,,,,,,
2025,R1,,"(E092)Vemana Institute of Technology, Bangalore #1, MAHAYOGI VEMANA ROAD, 3RD BLOCK, KORMANGALA, BANGALORE -560034.","ARTIFICIAL INTELLIGENCE AND MACHINE LEARNING",43234,49848,48224,52133,47438,48124,86537,74991,,,,,,,,
2025,R1,,"(E092)Vemana Institute of Technology, Bangalore #1, MAHAYOGI VEMANA ROAD, 3RD BLOCK, KORMANGALA, BANGALORE -560034.","COMPUTER SCIENCE AND ENGINEERING",45244,52608,52333,51543,46678,48055.5,109134.5,136839,,,,,,,,
2025,R1,,"(E092)Vemana Institute of Technology, Bangalore #1, MAHAYOGI VEMANA ROAD, 3RD BLOCK, KORMANGALA, BANGALORE -560034.","COMPUTER SCIENCE AND ENGINEERING (CYBER SECURITY)",55465,55756,62010,55484,57180,56889,140570,172087,,,,,,,,
2025,R1,,"(E092)Vemana Institute of Technology, Bangalore #1, MAHAYOGI VEMANA ROAD, 3RD BLOCK, KORMANGALA, BANGALORE -560034.","COMPUTER SCIENCE AND ENGINEERING(DAT A SCIENCE)",50566,54689,57028,52904,53220,52145,122250,125728.7,,,,,,,,
2025,R1,,"(E092)Vemana Institute of Technology, Bangalore #1, MAHAYOGI VEMANA ROAD, 3RD BLOCK, KORMANGALA, BANGALORE -560034.","INFORMATION SCIENCE AND ENGINEERING",57317,65944,67647,63098,58197,60885,155415,198786,,,,,,,,
2025,R1,,"(E093)Basavakalyana Engineering College, Basavakalyana, Bidar District N.H.9 ,BASAVAKALYAN-585327,DIST. BIDAR","ARTIFICIAL INTELLIGENCE AND DATA SCIENCE",21485,,,,84032,,124116,,,,,,,,,
2025,R1,,"(E095)AMC Engineering College, Bannerghatta Road, Bangalore(AUTONOMOUS) 18KM,BANNERAGHATTA ROAD,KALKERE,BANGALORE-560083,BANGALORE URBAN","ARTIFICIAL INTELLIGENCE AND MACHINE LEARNING",33463,36861,44088,38460,36095,37114,77598,95440,,,,,,,,
2025,R1,,"(E095)AMC Engineering College, Bannerghatta Road, Bangalore(AUTONOMOUS) 18KM,BANNERAGHATTA ROAD,KALKERE,BANGALORE-560083,BANGALORE URBAN","COMPUTER SCIENCE AND ENGG(ARTIFICIAL INTELLIGENCE AND MACHINE LEARNING)",38936,44152,45373,46515.5,39885,41472,105334,127419,,,,,,,,
2025,R1,,"(E095)AMC Engineering College, Bannerghatta Road, Bangalore(AUTONOMOUS) 18KM,BANNERAGHATTA ROAD,KALKERE,BANGALORE-560083,BANGALORE URBAN","COMPUTER SCIENCE AND ENGINEERING",37584,43713,43502,50192,40414,39696,115341,119137,,,,,,,,
2025,R1,,"(E095)AMC Engineering College, Bannerghatta Road, Bangalore(AUTONOMOUS) 18KM,BANNERAGHATTA ROAD,KALKERE,BANGALORE-560083,BANGALORE URBAN","COMPUTER SCIENCE AND ENGINEERING(DAT A SCIENCE)",42041,45544,48587.5,51093.5,43688,44041,112356,131525,,,,,,,,
2025,R1,,"(E096)East Point College of Engineering & Technology, Bangalore(AUTONOMOUS) JNANA PRABHA, BIDARAHALLI,VIRGONAGAR POST,BANGALORE.","COMPUTER SCIENCE AND ENGG(ARTIFICIAL INTELLIGENCE AND MACHINE LEARNING)",40696,53156,49573,47084,44054,43149,81162,115560,,,,,,,,
2025,R1,,"(E096)East Point College of Engineering & Technology, Bangalore(AUTONOMOUS) JNANA PRABHA, BIDARAHALLI,VIRGONAGAR POST,BANGALORE.","COMPUTER SCIENCE AND ENGG(INTERNET OF THINGS & CYBER SECURITY INCLUDING BLOCK CHAIN TECH)",48713,63977,54448,59364,51400,49649,123064,131021.5,,,,,,,,
2025,R1,,"(E096)East Point College of Engineering & Technology, Bangalore(AUTONOMOUS) JNANA PRABHA, BIDARAHALLI,VIRGONAGAR POST,BANGALORE.","COMPUTER SCIENCE AND ENGINEERING",40335,47720,47367,47453,42837,41573,104009,118659,,,,,,,,
2025,R1,,"(E096)East Point College of Engineering & Technology, Bangalore(AUTONOMOUS) JNANA PRABHA, BIDARAHALLI,VIRGONAGAR POST,BANGALORE.","COMPUTER SCIENCE AND ENGINEERING(DAT A SCIENCE)",44352,53233,51015,,46780.5,45756,101956,104761,,,,,,,,
2025,R1,,"(E096)East Point College of Engineering & Technology, Bangalore(AUTONOMOUS) JNANA PRABHA, BIDARAHALLI,VIRGONAGAR POST,BANGALORE.","INFORMATION SCIENCE AND ENGINEERING",48769,55773,53392,71471,49152,49251,132999,180823.5,,,,,,,,
2025,R1,,"(E097)C M R Institute of Technology, Kundala Halli village, Bangalore # 132, KUNDALAHALLI VILLAGE,IT PARK ROAD,BANGALORE - 560 037","ARTIFICIAL INTELLIGENCE AND DATA SCIENCE",15783.5,19198,19795,25526,16183,16572,55067,57506,,,,,,,,
2025,R1,,"(E097)C M R Institute of Technology, Kundala Halli village, Bangalore # 132, KUNDALAHALLI VILLAGE,IT PARK ROAD,BANGALORE - 560 037","ARTIFICIAL INTELLIGENCE AND MACHINE LEARNING",14650,16448,17358,25222,14656,14911,56246,53590,,,,,,,,
2025,R1,,"(E097)C M R Institute of Technology, Kundala Halli village, Bangalore # 132, KUNDALAHALLI VILLAGE,IT PARK ROAD,BANGALORE - 560 037","COMPUTER SCIENCE AND ENGG(ARTIFICIAL INTELLIGENCE AND MACHINE LEARNING)",13197,18175,17278,25576,13597,13435,52241,52930,,,,,,,,
2025,R1,,"(E097)C M R Institute of Technology, Kundala Halli village, Bangalore # 132, KUNDALAHALLI VILLAGE,IT PARK ROAD,BANGALORE - 560 037","COMPUTER SCIENCE AND ENGINEERING",12029,15050,15739,23525,12509,13350,51465,43583,,,,,,,,
2025,R1,,"(E097)C M R Institute of Technology, Kundala Halli village, Bangalore # 132, KUNDALAHALLI VILLAGE,IT PARK ROAD,BANGALORE - 560 037","COMPUTER SCIENCE AND ENGINEERING(DAT A SCIENCE)",14357,21094,17739,24034,15397,15362,62805,56747,,,,,,,,
2025,R1,,"(E097)C M R Institute of Technology, Kundala Halli village, Bangalore # 132, KUNDALAHALLI VILLAGE,IT PARK ROAD,BANGALORE - 560 037","INFORMATION SCIENCE AND ENGINEERING",16383,20296,18980,26457,16676,17643,66616,67945,,,,,,,,
2025,R1,,"(E098)Atria Institute of Technology, Anand Nagar, Hebbal PO, Bangalore (AUTONOMOUS) ASKB CAMPUS, AG'S COLONY, 1ST MAIN, ANANDNAGAR,BANGALORE","ARTIFICIAL INTELLIGENCE AND MACHINE LEARNING",31249,40257,35272,33100,34810,32043,93183,100014,,,,,,,,
2025,R1,,"(E098)Atria Institute of Technology, Anand Nagar, Hebbal PO, Bangalore (AUTONOMOUS) ASKB CAMPUS, AG'S COLONY, 1ST MAIN, ANANDNAGAR,BANGALORE","COMPUTER SCIENCE AND ENGINEERING",31751,40875.5,38146,38991,33256,34024,107443,117992,,,,,,,,
2025,R1,,"(E098)Atria Institute of Technology, Anand Nagar, Hebbal PO, Bangalore (AUTONOMOUS) ASKB CAMPUS, AG'S COLONY, 1ST MAIN, ANANDNAGAR,BANGALORE","COMPUTER SCIENCE AND ENGINEERING(DAT A SCIENCE)",35384,45072,41464,36868,35578,37727,122640,153199,,,,,,,,
2025,R1,,"(E098)Atria Institute of Technology, Anand Nagar, Hebbal PO, Bangalore (AUTONOMOUS) ASKB CAMPUS, AG'S COLONY, 1ST MAIN, ANANDNAGAR,BANGALORE","INFORMATION SCIENCE AND ENGINEERING",38677,46081,42657,44499,39318,39686,123472,159438,,,,,,,,
2025,R1,,"(E098)Atria Institute of Technology, Anand Nagar, Hebbal PO, Bangalore (AUTONOMOUS) ASKB CAMPUS, AG'S COLONY, 1ST MAIN, ANANDNAGAR,BANGALORE","ROBOTICS AND AUTOMATION",50848,53137,59680,55671,52941,54180,157523,186402,,,,,,,,
2025,R1,,"(E099)New Horizon College of Engineering, Varthur, Bangalore(AUTONOMOUS) RING ROAD, NEAR MARATHALLI, BELLANDUR POST,KADUBHISANAHALLI,BANGALORE","ARTIFICIAL INTELLIGENCE AND MACHINE LEARNING",13050,17331,16250.5,17452,13532,13692,45262,49737,,,,,,,,
2025,R1,,"(E099)New Horizon College of Engineering, Varthur, Bangalore(AUTONOMOUS) RING ROAD, NEAR MARATHALLI, BELLANDUR POST,KADUBHISANAHALLI,BANGALORE","COMPUTER SCIENCE AND ENGINEERING",12192,15789.5,15384,21125.5,13040,13182,50968.5,50997,,,,,,,,
2025,R1,,"(E100)K N S Institute of Technology, Bangalore THIRUMENAHALLI, HEGGADENAGAR-KOGILU ROAD, YELAHANKA, BANGALORE-560064","ARTIFICIAL INTELLIGENCE AND MACHINE LEARNING",47354,58974,64554,47674,49339,53815,112316,89138,,,,,,,,
2025,R1,,"(E101)Channabasaveshwara Institute of Technology, Gubbi Herur, Tumkur NH 206 (BH ROAD), GUBBI, TUMKUR. KARNATAKA","COMPUTER SCIENCE AND ENGINEERING",49022,69575,66778,64543,52928,56703,138079,135342,,,,,,,,
2025,R1,,"(E102)DONBOSCO Institute of Technology, Bangalore(AUTONOMOUS) KUMBALAGODU, MYSORE ROAD, KENGERI HOBLI,BANGALORE-560074","ARTIFICIAL INTELLIGENCE AND DATA SCIENCE",35811,40579,42048,56480,37254,39180,81851,122045,,,,,,,,
2025,R1,,"(E102)DONBOSCO Institute of Technology, Bangalore(AUTONOMOUS) KUMBALAGODU, MYSORE ROAD, KENGERI HOBLI,BANGALORE-560074","COMPUTER SCIENCE AND ENGG(ARTIFICIAL INTELLIGENCE AND MACHINE LEARNING)",34608,45216.5,41836,49576,35047,36982,92266,105259.5,,,,,,,,
2025,R1,,"(E102)DONBOSCO Institute of Technology, Bangalore(AUTONOMOUS) KUMBALAGODU, MYSORE ROAD, KENGERI HOBLI,BANGALORE-560074","COMPUTER SCIENCE AND ENGG(INTERNET OF THINGS & CYBER SECURITY INCLUDING BLOCK CHAIN TECH)",40948,41593,49550,59938,42974,41454,103944,143932,,,,,,,,
2025,R1,,"(E102)DONBOSCO Institute of Technology, Bangalore(AUTONOMOUS) KUMBALAGODU, MYSORE ROAD, KENGERI HOBLI,BANGALORE-560074","COMPUTER SCIENCE AND ENGINEERING",32557,45125,39225,51719,33824,34145,98748,122047,,,,,,,,
2025,R1,,"(E102)DONBOSCO Institute of Technology, Bangalore(AUTONOMOUS) KUMBALAGODU, MYSORE ROAD, KENGERI HOBLI,BANGALORE-560074","INFORMATION SCIENCE AND ENGINEERING",41121,53255,47715,58328,42531,42056,135959.5,173533,,,,,,,,
2025,R1,,"(E103)Global Academy of Technology, Bangalore(AUTONOMOUS) IDEAL HOMES TOWNSHIP,RAJARAJESHWARINAGAR,BANGALORE-560098","ARTIFICIAL INTELLIGENCE AND DATA SCIENCE",24955,29690,30988,36379,25317,26665,90109,72572,,,,,,,,
2025,R1,,"(E103)Global Academy of Technology, Bangalore(AUTONOMOUS) IDEAL HOMES TOWNSHIP,RAJARAJESHWARINAGAR,BANGALORE-560098","ARTIFICIAL INTELLIGENCE AND MACHINE LEARNING",23058.5,26522,28461,31042,23442,23518,51565,51903,,,,,,,,
2025,R1,,"(E103)Global Academy of Technology, Bangalore(AUTONOMOUS) IDEAL HOMES TOWNSHIP,RAJARAJESHWARINAGAR,BANGALORE-560098","COMPUTER SCIENCE AND ENGG(ARTIFICIAL INTELLIGENCE AND MACHINE LEARNING)",23969,29444,26440,25986,24046,25631,90825,108987,,,,,,,,
2025,R1,,"(E103)Global Academy of Technology, Bangalore(AUTONOMOUS) IDEAL HOMES TOWNSHIP,RAJARAJESHWARINAGAR,BANGALORE-560098","COMPUTER SCIENCE AND ENGINEERING",21724,27503,26384.5,35396,22780,22976,87576,87594,,,,,,,,
2025,R1,,"(E103)Global Academy of Technology, Bangalore(AUTONOMOUS) IDEAL HOMES TOWNSHIP,RAJARAJESHWARINAGAR,BANGALORE-560098","INFORMATION SCIENCE AND ENGINEERING",26687,30861,31601,37982,26827,27698,94515,118693,,,,,,,,
2025,R1,,"(E104)Nagarjuna College of Engineering & Technology,venkatagiri  Kote, Devanahalli, Bangalore Rural.(AUTONOMOUS) MUDUGURKIVENKATAGIRI KOTE DEVANAHALLI,BANGALORE","COMPUTER SCIENCE AND ENGG(ARTIFICIAL INTELLIGENCE AND MACHINE LEARNING)",56566,68237,73073,62383,61047,62100.75,137335,126967,,,,,,,,
2025,R1,,"(E104)Nagarjuna College of Engineering & Technology,venkatagiri  Kote, Devanahalli, Bangalore Rural.(AUTONOMOUS) MUDUGURKIVENKATAGIRI KOTE DEVANAHALLI,BANGALORE","COMPUTER SCIENCE AND ENGINEERING",56132,59218,68346,67038,57345,60350,128478,129702,,,,,,,,
2025,R1,,"(E104)Nagarjuna College of Engineering & Technology,venkatagiri  Kote, Devanahalli, Bangalore Rural.(AUTONOMOUS) MUDUGURKIVENKATAGIRI KOTE DEVANAHALLI,BANGALORE","COMPUTER SCIENCE AND ENGINEERING(DAT A SCIENCE)",59327,64049,71164,67510,63371,64181,140776,149408,,,,,,,,
2025,R1,,"(E106)East West Institute Of Technology,Bangalore(AUTONOMOUS) SY. NO.63, OFF MAGADI MAIN ROAD, VISHWANEEDAM POST,BANGALORE","ARTIFICIAL INTELLIGENCE AND DATA SCIENCE",38488,,50042,57188,45173.5,41754,105032,89601,,,,,,,,
2025,R1,,"(E106)East West Institute Of Technology,Bangalore(AUTONOMOUS) SY. NO.63, OFF MAGADI MAIN ROAD, VISHWANEEDAM POST,BANGALORE","ARTIFICIAL INTELLIGENCE AND MACHINE LEARNING",40759,51701,46271,44106.5,,44207,77314,89043,,,,,,,,
2025,R1,,"(E106)East West Institute Of Technology,Bangalore(AUTONOMOUS) SY. NO.63, OFF MAGADI MAIN ROAD, VISHWANEEDAM POST,BANGALORE","COMPUTER SCIENCE AND ENGG(ARTIFICIAL INTELLIGENCE AND MACHINE LEARNING)",45532,47003,50823,,46673,47108,116575.5,128647,,,,,,,,
2025,R1,,"(E106)East West Institute Of Technology,Bangalore(AUTONOMOUS) SY. NO.63, OFF MAGADI MAIN ROAD, VISHWANEEDAM POST,BANGALORE","COMPUTER SCIENCE AND ENGG(INTERNET OF THINGS & CYBER SECURITY INCLUDING BLOCK CHAIN TECH)",55011,63059,64829,63460,60810,57580,133745,165044,,,,,,,,
2025,R1,,"(E106)East West Institute Of Technology,Bangalore(AUTONOMOUS) SY. NO.63, OFF MAGADI MAIN ROAD, VISHWANEEDAM POST,BANGALORE","COMPUTER SCIENCE AND ENGINEERING",42935,54221,52924.5,54327.75,46460,43887,117495,111813,,,,,,,,
2025,R1,,"(E106)East West Institute Of Technology,Bangalore(AUTONOMOUS) SY. NO.63, OFF MAGADI MAIN ROAD, VISHWANEEDAM POST,BANGALORE","INFORMATION SCIENCE AND ENGINEERING",53829,64228.5,60460.5,63643,54746,57453,153553,183778,,,,,,,,
2025,R1,,"(E107)B N M Institute of Technology, Bangalore (AUTONOMOUS) 12TH MAIN, 27TH CROSS, BSK SECOND STAGE","ARTIFICIAL INTELLIGENCE AND MACHINE LEARNING",11138,19041,14540,14950,11962,11238,56769,60912,,,,,,,,
2025,R1,,"(E107)B N M Institute of Technology, Bangalore (AUTONOMOUS) 12TH MAIN, 27TH CROSS, BSK SECOND STAGE","COMPUTER SCIENCE AND ENGINEERING",9231,14775,13802,19265,10260,10510.5,51542,62322.5,,,,,,,,
2025,R1,,"(E107)B N M Institute of Technology, Bangalore (AUTONOMOUS) 12TH MAIN, 27TH CROSS, BSK SECOND STAGE","INFORMATION SCIENCE AND ENGINEERING",11037,,15751,23181,11233,11609,62879,63106,,,,,,,,
2025,R1,,"(E108)SAPTHAGIRI NPS UNIVERISTY #14/5, CHIKKASANDRA,HESARAGHATTA MAIN ROAD,BANGALURU","COMPUTER SCIENCE AND ENGG(ARTIFICIAL INTELLIGENCE AND MACHINE LEARNING)",48599,63032,63329,67288,50057,55059,146090,164074,,,,,,,,
2025,R1,,"(E108)SAPTHAGIRI NPS UNIVERISTY #14/5, CHIKKASANDRA,HESARAGHATTA MAIN ROAD,BANGALURU","COMPUTER SCIENCE AND ENGINEERING",52779,74788,70768.5,80838,55963,59569,160974,176138,,,,,,,,
2025,R1,,"(E108)SAPTHAGIRI NPS UNIVERISTY #14/5, CHIKKASANDRA,HESARAGHATTA MAIN ROAD,BANGALURU","COMPUTER SCIENCE AND ENGINEERING(ARTI FICAL INTELLIGENCE & DATA SCIENCE)",42558,43900,55145,69275,45357,50989,119829,129130,,,,,,,,
2025,R1,,"(E108)SAPTHAGIRI NPS UNIVERISTY #14/5, CHIKKASANDRA,HESARAGHATTA MAIN ROAD,BANGALURU","COMPUTER SCIENCE AND ENGINEERING(DAT A SCIENCE)",56949,75030,71342,78812,58526,59200,163093,160174,,,,,,,,
2025,R1,,"(E111)Sri Venkateshwara College of Engineering, Bangalore VIDYANAGAR, BENGALURU INTERNATIONAL AIRPORT ROAD,BETTAHALASUR POST,BENGALURU NORTH,BENGALURU - 562 157","COMPUTER SCIENCE AND ENGG (ARTIFICIAL INTELLIGENCE)",43037,74283,59453,52783,43297,48443,114437.5,98251,,,,,,,,
2025,R1,,"(E111)Sri Venkateshwara College of Engineering, Bangalore VIDYANAGAR, BENGALURU INTERNATIONAL AIRPORT ROAD,BETTAHALASUR POST,BENGALURU NORTH,BENGALURU - 562 157","COMPUTER SCIENCE AND ENGINEERING",53292,69901,65806,66620,54637,60541,131711,137887,,,,,,,,
2025,R1,,"(E111)Sri Venkateshwara College of Engineering, Bangalore VIDYANAGAR, BENGALURU INTERNATIONAL AIRPORT ROAD,BETTAHALASUR POST,BENGALURU NORTH,BENGALURU - 562 157","COMPUTER SCIENCE AND ENGINEERING(DAT A SCIENCE)",57425,76092,65963,59401,59201,64319.75,140573,137082,,,,,,,,
2025,R1,,"(E114)G M Institute of Technology, Davanagere POST BOX. NO. 4, P.B.ROAD.DAVANGERE.","ARTIFICIAL INTELLIGENCE AND MACHINE LEARNING",42715,51560,49117,56844,57088,44818,105703,101600,,,,,,,,
2025,R1,,"(E114)G M Institute of Technology, Davanagere POST BOX. NO. 4, P.B.ROAD.DAVANGERE.","COMPUTER SCIENCE AND ENGINEERING",37222.5,46426,49030,51766,42361,39498.5,100528,92064,,,,,,,,
2025,R1,,"(E115)S.J B. Institute of Technology,  Bangalore (AUTONOMOUS) BGS HEALTH & EDUCATION CITY,NO 67, UTTARAHALLI ROAD.KENGERI, BANGALORE -60","ARTIFICIAL INTELLIGENCE AND MACHINE LEARNING",18116,20235,22687,,,19042,65033,77996,,,,,,,,
2025,R1,,"(E115)S.J B. Institute of Technology,  Bangalore (AUTONOMOUS) BGS HEALTH & EDUCATION CITY,NO 67, UTTARAHALLI ROAD.KENGERI, BANGALORE -60","COMPUTER SCIENCE AND ENGINEERING",17839,21738.5,21890,30353,18022,18886,70538,70122,,,,,,,,
2025,R1,,"(E115)S.J B. Institute of Technology,  Bangalore (AUTONOMOUS) BGS HEALTH & EDUCATION CITY,NO 67, UTTARAHALLI ROAD.KENGERI, BANGALORE -60","COMPUTER SCIENCE AND ENGINEERING(DAT A SCIENCE)",19604,25185,23164,34469,20105,20339,74724,80666,,,,,,,,
2025,R1,,"(E115)S.J B. Institute of Technology,  Bangalore (AUTONOMOUS) BGS HEALTH & EDUCATION CITY,NO 67, UTTARAHALLI ROAD.KENGERI, BANGALORE -60","INFORMATION SCIENCE AND ENGINEERING",21540.5,26024,26258,36521,22059,22334,89362,105394,,,,,,,,
2025,R1,,"(E118)RNS Institute of Technology, Bangalore (AUTONOMOUS) CHANNASANDRA,UTTARAHALLI -KENGERI MAIN ROAD,SUBRAMANYAPURA POST,BANGALORE","COMPUTER SCIENCE AND ENGG(ARTIFICIAL INTELLIGENCE AND MACHINE LEARNING)",12586,19068,16563,24719,13166,13057,60108,61362,,,,,,,,
2025,R1,,"(E118)RNS Institute of Technology, Bangalore (AUTONOMOUS) CHANNASANDRA,UTTARAHALLI -KENGERI MAIN ROAD,SUBRAMANYAPURA POST,BANGALORE","COMPUTER SCIENCE AND ENGINEERING",11545,17161.5,15089,25494.75,11978,12270,59614,59231,,,,,,,,
2025,R1,,"(E118)RNS Institute of Technology, Bangalore (AUTONOMOUS) CHANNASANDRA,UTTARAHALLI -KENGERI MAIN ROAD,SUBRAMANYAPURA POST,BANGALORE","COMPUTER SCIENCE AND ENGINEERING (CYBER SECURITY)",13859,18897,17851,27199,14242,14379,66318,75473,,,,,,,,
2025,R1,,"(E118)RNS Institute of Technology, Bangalore (AUTONOMOUS) CHANNASANDRA,UTTARAHALLI -KENGERI MAIN ROAD,SUBRAMANYAPURA POST,BANGALORE","COMPUTER SCIENCE AND ENGINEERING(DAT A SCIENCE)",13677,19370,17117,27961,13996,13757,66963,68209,,,,,,,,
2025,R1,,"(E121)Vivekananada College of Engineering Technology, Puttur NEHARU NAGARA,PUTTUR TALUK,DAKSHINA KANNADA","ARTIFICIAL INTELLIGENCE AND MACHINE LEARNING",52841,57186,67866,86649,76580,76188,149195,82341,,,,,,,,
2025,R1,,"(E121)Vivekananada College of Engineering Technology, Puttur NEHARU NAGARA,PUTTUR TALUK,DAKSHINA KANNADA","COMPUTER SCIENCE AND ENGINEERING",45327,86465,69646,84114,68208,76892,188839,155179,,,,,,,,
2025,R1,,"(E123)Canara Engineering College Bantwal, BENJANAPADAVU,BANTWAL,PIN 574219,DAKSHINA KANNADA DIST,","ARTIFICIAL INTELLIGENCE AND MACHINE LEARNING",51253,58797,55907,56658,54523,56393,185024,148913,,,,,,,,
2025,R1,,"(E123)Canara Engineering College Bantwal, BENJANAPADAVU,BANTWAL,PIN 574219,DAKSHINA KANNADA DIST,","COMPUTER SCIENCE AND ENGINEERING",41641,44066,50807,69400,53603,44342,185883,131880,,,,,,,,
2025,R1,,"(E123)Canara Engineering College Bantwal, BENJANAPADAVU,BANTWAL,PIN 574219,DAKSHINA KANNADA DIST,","INFORMATION SCIENCE AND ENGINEERING",59794.25,66261,69287,96931,70466,62553,261563,250554,,,,,,,,
2025,R1,,"(E124)Rajiv Gandhi Institute of Technology, Bangalore CHOLANGAR,R.T.NAGAR POST, HEBBAL,BANGALORE-560032","ARTIFICIAL INTELLIGENCE AND MACHINE LEARNING",29814,,35244,,,38967,92446,117497,,,,,,,,
2025,R1,,"(E124)Rajiv Gandhi Institute of Technology, Bangalore CHOLANGAR,R.T.NAGAR POST, HEBBAL,BANGALORE-560032","COMPUTER SCIENCE AND ENGG (ARTIFICIAL INTELLIGENCE)",56782,,66341,,,62650,133539,184332,,,,,,,,
2025,R1,,"(E124)Rajiv Gandhi Institute of Technology, Bangalore CHOLANGAR,R.T.NAGAR POST, HEBBAL,BANGALORE-560032","COMPUTER SCIENCE AND ENGINEERING",59881,66591,73891,70186,60676,65599,127529,155789,,,,,,,,
2025,R1,,"(E126)B M S Institute of Technology & Management, Yelahanka, Bangalore(AUTONOMOUS) POST BOX NO.6443, AVALAHALLI,DODDABALLAPURA MAIN ROAD,YELAHANKA, BANGALORE - 560064.","ARTIFICIAL INTELLIGENCE AND MACHINE LEARNING",10323,16078,13608,17311,10553,10859,45478,44001,,,,,,,,
2025,R1,,"(E126)B M S Institute of Technology & Management, Yelahanka, Bangalore(AUTONOMOUS) POST BOX NO.6443, AVALAHALLI,DODDABALLAPURA MAIN ROAD,YELAHANKA, BANGALORE - 560064.","COMPUTER SCIENCE AND BUSINESS SYSTEMS",10862,15321,15416,,11922,11588,49788,53507,,,,,,,,
2025,R1,,"(E126)B M S Institute of Technology & Management, Yelahanka, Bangalore(AUTONOMOUS) POST BOX NO.6443, AVALAHALLI,DODDABALLAPURA MAIN ROAD,YELAHANKA, BANGALORE - 560064.","COMPUTER SCIENCE AND ENGINEERING",9233,14385,12806,18574,9873,9849,44153.5,46824,,,,,,,,
2025,R1,,"(E128)Sharanbasava University (Formerly Appa Institute of Engineering and Tech) SHARNBASVESHWARA INSTITUTIONS  CAMPUS , KALABURAGI ( GULBARGA) -585103 , KARNATAKA","B TECH IN ARTIFICIAL INTELLIGENCE AND DATA SCIENCE",45054,73688,72700,,,,88874,,,,,,,,,
2025,R1,,"(E128)Sharanbasava University (Formerly Appa Institute of Engineering and Tech) SHARNBASVESHWARA INSTITUTIONS  CAMPUS , KALABURAGI ( GULBARGA) -585103 , KARNATAKA","B TECH IN COMPUTER SCIENCE AND ENGINEERING",34240,46966,63116,,65687,46778,88408,90631,,,,,,,,
2025,R1,,"(E128)Sharanbasava University (Formerly Appa Institute of Engineering and Tech) SHARNBASVESHWARA INSTITUTIONS  CAMPUS , KALABURAGI ( GULBARGA) -585103 , KARNATAKA","BTECH IN COMPUTER SCIENCE AND DESIGN",59608,,98379,73288,,,134461,,,,,,,,,
2025,R1,,"(E129)St.Joseph Engineering College, Mangalore(AUTONOMOUS) MANGALORE","ARTIFICIAL INTELLIGENCE AND MACHINE LEARNING",20301,36577,30797,29231,,24032,91339,59204,,,,,,,,
2025,R1,,"(E129)St.Joseph Engineering College, Mangalore(AUTONOMOUS) MANGALORE","COMPUTER SCIENCE AND BUSINESS SYSTEMS",29865,39647,34874,38778,44028,34060,137539,131182,,,,,,,,
2025,R1,,"(E129)St.Joseph Engineering College, Mangalore(AUTONOMOUS) MANGALORE","COMPUTER SCIENCE AND ENGINEERING",22379,34877,29122,31667,28020,25894,105636,78889.5,,,,,,,,
2025,R1,,"(E129)St.Joseph Engineering College, Mangalore(AUTONOMOUS) MANGALORE","COMPUTER SCIENCE AND ENGINEERING(DAT A SCIENCE)",23225,,31085,29638,27394,24119,118852,93039,,,,,,,,
2025,R1,,"(E133)G S S S Institute of Engineering & Technology for Women, Mysore K.R.S. ROAD, METAGALLI  INDUSTRIAL AREA, MYSORE-16","ARTIFICIAL INTELLIGENCE AND DATA SCIENCE",23245,25960,29293,,23823,23712,44296,56462,,,,,,,,
2025,R1,,"(E133)G S S S Institute of Engineering & Technology for Women, Mysore K.R.S. ROAD, METAGALLI  INDUSTRIAL AREA, MYSORE-16","COMPUTER SCIENCE AND ENGG(ARTIFICIAL INTELLIGENCE AND MACHINE LEARNING)",20074,29629.5,27189,39703,21752,20575,50235,51791,,,,,,,,
2025,R1,,"(E133)G S S S Institute of Engineering & Technology for Women, Mysore K.R.S. ROAD, METAGALLI  INDUSTRIAL AREA, MYSORE-16","COMPUTER SCIENCE AND ENGINEERING",18021,20634.5,25753,28676,18278,18961,44160,64318,,,,,,,,
2025,R1,,"(E133)G S S S Institute of Engineering & Technology for Women, Mysore K.R.S. ROAD, METAGALLI  INDUSTRIAL AREA, MYSORE-16","INFORMATION SCIENCE AND ENGINEERING",21894,32891,27124,40147,22502,23099,67901,72086,,,,,,,,
2025,R1,,"(E135)K L S Viswanathrao Deshpande Institute of Technology, Haliyal UDYOG VIDYA NAGAR,DANDELI ROAD, HALIYAL-581329","COMPUTER SCIENCE AND ENGG(ARTIFICIAL INTELLIGENCE AND MACHINE LEARNING)",54555,106311,71162,58373,,55032,148812.5,172274,,,,,,,,
2025,R1,,"(E135)K L S Viswanathrao Deshpande Institute of Technology, Haliyal UDYOG VIDYA NAGAR,DANDELI ROAD, HALIYAL-581329","COMPUTER SCIENCE AND ENGINEERING",47876,62300,64043,56601,73272,48274,139517,138375,,,,,,,,
2025,R1,,"(E141)PES UNIVERSITY(Electronic City Campus) Hosur Rd, Konappana Agrahara, Electronic City, Bengaluru, Karnataka 560100","B TECH IN COMPUTER SCIENCE & ENGINEERING (ARTIFICAL INTELLIGENCE & MACHINE LEARNING)",4217,8414,9107,12620,5481,6356,36908.5,38578,,,,,,,,
2025,R1,,"(E141)PES UNIVERSITY(Electronic City Campus) Hosur Rd, Konappana Agrahara, Electronic City, Bengaluru, Karnataka 560100","B TECH IN COMPUTER SCIENCE AND ENGINEERING",3588,8075,8696.5,12436,4912,5883,37466,40804,,,,,,,,
2025,R1,,"(E142)Adhichunchanagiri University (Formerly B G S Institute of Technology) B.G.NAGARA ,NAGAMANGALA TALUK,MANDYA DISTRICT -571448","ARTIFICIAL INTELLIGENCE AND MACHINE LEARNING",48897,,71040,83755,53345,51619,111866,106493,,,,,,,,
2025,R1,,"(E142)Adhichunchanagiri University (Formerly B G S Institute of Technology) B.G.NAGARA ,NAGAMANGALA TALUK,MANDYA DISTRICT -571448","COMPUTER SCIENCE AND ENGINEERING",58085.75,79467,81879,85680,63508,66138,168809,157565,,,,,,,,
2025,R1,,"(E145)Rajarajeswari College of Engineering, Bangalore (AUTONOMOUS) #14, RAMOHOLLI CROSS,KUMBALGODU, MYSORE ROAD,BANGALORE - 560074","ARTIFICIAL INTELLIGENCE AND MACHINE LEARNING",38844,44718,43205,40872,38858,40961,88417,131662,,,,,,,,
2025,R1,,"(E145)Rajarajeswari College of Engineering, Bangalore (AUTONOMOUS) #14, RAMOHOLLI CROSS,KUMBALGODU, MYSORE ROAD,BANGALORE - 560074","COMPUTER SCIENCE AND DESIGN",53785,69848,65398,65924,55457,57836,143976,182361,,,,,,,,
2025,R1,,"(E145)Rajarajeswari College of Engineering, Bangalore (AUTONOMOUS) #14, RAMOHOLLI CROSS,KUMBALGODU, MYSORE ROAD,BANGALORE - 560074","COMPUTER SCIENCE AND ENGG(INTERNET OF THINGS & CYBER SECURITY INCLUDING BLOCK CHAIN TECH)",47415,49384,53158,63788,,49639,143226.5,158114,,,,,,,,
2025,R1,,"(E145)Rajarajeswari College of Engineering, Bangalore (AUTONOMOUS) #14, RAMOHOLLI CROSS,KUMBALGODU, MYSORE ROAD,BANGALORE - 560074","COMPUTER SCIENCE AND ENGINEERING",35594,46131.5,42866,51380,36388.75,38353,112061,131326,,,,,,,,
2025,R1,,"(E145)Rajarajeswari College of Engineering, Bangalore (AUTONOMOUS) #14, RAMOHOLLI CROSS,KUMBALGODU, MYSORE ROAD,BANGALORE - 560074","INFORMATION SCIENCE AND ENGINEERING",45377,50167,50402,67858,45727,47335,135999,184727,,,,,,,,
2025,R1,,"(E145)Rajarajeswari College of Engineering, Bangalore (AUTONOMOUS) #14, RAMOHOLLI CROSS,KUMBALGODU, MYSORE ROAD,BANGALORE - 560074","ROBOTICS AND AUTOMATION",58917,66517,62456,69431,60044,59588,154320,137669,,,,,,,,
2025,R1,,"(E147)T.John Institute of technology, Bangalore #86/1, KAMMANAHALLI,GOTTIGERE,BANNERUGATTA ROAD,BANGALORE","ARTIFICIAL INTELLIGENCE AND MACHINE LEARNING",54054,,60567,56839,56230,55252,108596,60946,,,,,,,,
2025,R1,,"(E149)Cambridge Institutute of Technology, K.R.Puram, Bangalore(AUTONOMOUS) K R PURAM,BANGALORE","ARTIFICIAL INTELLIGENCE AND MACHINE LEARNING",24142,26877,27912,33416,26007,25466,69917,76276,,,,,,,,
2025,R1,,"(E149)Cambridge Institutute of Technology, K.R.Puram, Bangalore(AUTONOMOUS) K R PURAM,BANGALORE","COMPUTER SCIENCE AND ENGG(INTERNET OF THINGS & CYBER SECURITY INCLUDING BLOCK CHAIN TECH)",28174,30814,31531,37958.5,28428,28449.5,76761,88670,,,,,,,,
2025,R1,,"(E149)Cambridge Institutute of Technology, K.R.Puram, Bangalore(AUTONOMOUS) K R PURAM,BANGALORE","COMPUTER SCIENCE AND ENGINEERING",25169,28493,30228,33927.5,26224,26242,72640,93203,,,,,,,,
2025,R1,,"(E149)Cambridge Institutute of Technology, K.R.Puram, Bangalore(AUTONOMOUS) K R PURAM,BANGALORE","COMPUTER SCIENCE AND ENGINEERING(DAT A SCIENCE)",26164,34387,29252,34210,26229,26562,73538.5,83822,,,,,,,,
2025,R1,,"(E150)P E S Institute of Technology & Management, Shimoga GUDDADAARAKERE, KOTEGANGOORSAGAR ROAD,SHIMOGA","ARTIFICIAL INTELLIGENCE AND MACHINE LEARNING",43604,53786,55584,43690,45464,46538,97416,118341,,,,,,,,
2025,R1,,"(E150)P E S Institute of Technology & Management, Shimoga GUDDADAARAKERE, KOTEGANGOORSAGAR ROAD,SHIMOGA","COMPUTER SCIENCE AND ENGINEERING",46595.5,53723,55741,56729,53713,48526,108618,108380,,,,,,,,
2025,R1,,"(E150)P E S Institute of Technology & Management, Shimoga GUDDADAARAKERE, KOTEGANGOORSAGAR ROAD,SHIMOGA","COMPUTER SCIENCE AND ENGINEERING(DAT A SCIENCE)",56441,59600,64525,60741,56843,57923,117116,134787,,,,,,,,
2025,R1,,"(E150)P E S Institute of Technology & Management, Shimoga GUDDADAARAKERE, KOTEGANGOORSAGAR ROAD,SHIMOGA","INFORMATION SCIENCE AND ENGINEERING",59946,73098,69542,70449,60646,62984,137455,144490,,,,,,,,
2025,R1,,"(E151)Mangalore Institute of Technology & Engineering, Moodabidri, Mangalore(AUTONOMOUS) BADAGA MIJAR,","ARTIFICIAL INTELLIGENCE AND MACHINE LEARNING",33355,37802,39566,38729,34408,35909,112814,102225,,,,,,,,
2025,R1,,"(E151)Mangalore Institute of Technology & Engineering, Moodabidri, Mangalore(AUTONOMOUS) BADAGA MIJAR,","COMPUTER SCIENCE AND ENGG(ARTIFICIAL INTELLIGENCE AND MACHINE LEARNING)",24205,41367,32853,46047,39154,28182,110934,54435,,,,,,,,
2025,R1,,"(E151)Mangalore Institute of Technology & Engineering, Moodabidri, Mangalore(AUTONOMOUS) BADAGA MIJAR,","COMPUTER SCIENCE AND ENGG(INTERNET OF THINGS & CYBER SECURITY INCLUDING BLOCK CHAIN TECH)",42312,51927,45201,43982,45801,43488,168393,87818,,,,,,,,
2025,R1,,"(E151)Mangalore Institute of Technology & Engineering, Moodabidri, Mangalore(AUTONOMOUS) BADAGA MIJAR,","COMPUTER SCIENCE AND ENGINEERING",30970,36904,38789,38874,36163,35006,138187,79698,,,,,,,,
2025,R1,,"(E151)Mangalore Institute of Technology & Engineering, Moodabidri, Mangalore(AUTONOMOUS) BADAGA MIJAR,","INFORMATION SCIENCE AND ENGINEERING",43222,51561,49256,51045,44745,47852,205839,166092,,,,,,,,
2025,R1,,"(E151)Mangalore Institute of Technology & Engineering, Moodabidri, Mangalore(AUTONOMOUS) BADAGA MIJAR,","ROBOTICS AND ARTIFICIAL INTELLIGENCE",46160,59157,60492,54638,54059,48440,178865.5,171866,,,,,,,,
2025,R1,,"(E152)S D M Institute of Tech., Ujire, Dakshina Kannada UJIRE-574240 DAKSHINA KANNADA  KARNATAKA","ARTIFICIAL INTELLIGENCE AND DATA SCIENCE",56304,93411,66228,64528,69479,56420,137323,167081,,,,,,,,
2025,R1,,"(E152)S D M Institute of Tech., Ujire, Dakshina Kannada UJIRE-574240 DAKSHINA KANNADA  KARNATAKA","COMPUTER SCIENCE AND ENGINEERING",50718,81560,67987,75031,67471,55482,169401,91793,,,,,,,,
2025,R1,,"(E154)Government Engineering College, Chamarajanagara GOVERNMENT POLYTECHNIC CAMPUS,NANJANGUD ROAD,CHAMARAJANAGARA","COMPUTER SCIENCE AND ENGINEERING",52184,64095,66453,61431,58034,58333,74299,87991,,,,,,,,
2025,R1,,"(E155)Government Engineering College, Hassan DAIRY CIRCLE, B M ROAD, HASSAN","ARTIFICIAL INTELLIGENCE AND MACHINE LEARNING",31297,40115,42832,37542,32100,39580,59703,54215,,,,,,,,
2025,R1,,"(E155)Government Engineering College, Hassan DAIRY CIRCLE, B M ROAD, HASSAN","COMPUTER SCIENCE AND ENGINEERING",37533,43094,50476,51564,41729,41897,85697.5,74464,,,,,,,,
2025,R1,,"(E156)K R PET KRISHNA, GOVERNMENT ENGINEERING COLLEGES, K R PET, MANDYA KRISHNARAJPET, MANDYA DIST. - 571 426,","COMPUTER SCIENCE AND ENGINEERING",59572,70103,68497,71668,64619,64671,99673,93754,,,,,,,,
2025,R1,,"(E157)Government Engineering College, Ramanagaram DODDAMANNUGUDDE, RAMANAGAR, RAMANAGAR DISTRICT - 571 511","COMPUTER SCIENCE AND ENGINEERING",53848.5,65700,74497,57645,53995,64245,100866,89962,,,,,,,,
2025,R1,,"(E158)Maharaja Institute of Technology Mysore,Belawadi,Srirangapatna,Mandya(AUTONOMOUS) BEHIND K R MILLS,BELAWADI VILLAGE,NAGUVANAHALLI PANCHAYAT,SRIRANGAPATNA TALUK,MANDYA DISTRICT","COMPUTER ENGINEERING",55694,92405,77293,61696,56271,59292,135527.5,151065,,,,,,,,
2025,R1,,"(E158)Maharaja Institute of Technology Mysore,Belawadi,Srirangapatna,Mandya(AUTONOMOUS) BEHIND K R MILLS,BELAWADI VILLAGE,NAGUVANAHALLI PANCHAYAT,SRIRANGAPATNA TALUK,MANDYA DISTRICT","COMPUTER SCIENCE AND BUSINESS SYSTEMS",57635,93837,76376,61826,58460,64883,142037,105458,,,,,,,,
2025,R1,,"(E158)Maharaja Institute of Technology Mysore,Belawadi,Srirangapatna,Mandya(AUTONOMOUS) BEHIND K R MILLS,BELAWADI VILLAGE,NAGUVANAHALLI PANCHAYAT,SRIRANGAPATNA TALUK,MANDYA DISTRICT","COMPUTER SCIENCE AND ENGG (ARTIFICIAL INTELLIGENCE)",41193,,49064.5,49768,41396,46095,96999,86016,,,,,,,,
2025,R1,,"(E158)Maharaja Institute of Technology Mysore,Belawadi,Srirangapatna,Mandya(AUTONOMOUS) BEHIND K R MILLS,BELAWADI VILLAGE,NAGUVANAHALLI PANCHAYAT,SRIRANGAPATNA TALUK,MANDYA DISTRICT","COMPUTER SCIENCE AND ENGG(ARTIFICIAL INTELLIGENCE AND MACHINE LEARNING)",34949,54192,36209,38679,,38525,87047,100168,,,,,,,,
2025,R1,,"(E158)Maharaja Institute of Technology Mysore,Belawadi,Srirangapatna,Mandya(AUTONOMOUS) BEHIND K R MILLS,BELAWADI VILLAGE,NAGUVANAHALLI PANCHAYAT,SRIRANGAPATNA TALUK,MANDYA DISTRICT","COMPUTER SCIENCE AND ENGG(INTERNET OF THINGS & CYBER SECURITY INCLUDING BLOCK CHAIN TECH)",52780,72090,64549,55275,53960,56157,133653,102224,,,,,,,,
2025,R1,,"(E158)Maharaja Institute of Technology Mysore,Belawadi,Srirangapatna,Mandya(AUTONOMOUS) BEHIND K R MILLS,BELAWADI VILLAGE,NAGUVANAHALLI PANCHAYAT,SRIRANGAPATNA TALUK,MANDYA DISTRICT","COMPUTER SCIENCE AND ENGINEERING",35223,50372,45857,42107,35561,37773,81635,92088,,,,,,,,
2025,R1,,"(E158)Maharaja Institute of Technology Mysore,Belawadi,Srirangapatna,Mandya(AUTONOMOUS) BEHIND K R MILLS,BELAWADI VILLAGE,NAGUVANAHALLI PANCHAYAT,SRIRANGAPATNA TALUK,MANDYA DISTRICT","COMPUTER SCIENCE AND ENGINEERING(DAT A SCIENCE)",46501,64756,55659,53387,46742,48199,106092,95049.5,,,,,,,,
2025,R1,,"(E158)Maharaja Institute of Technology Mysore,Belawadi,Srirangapatna,Mandya(AUTONOMOUS) BEHIND K R MILLS,BELAWADI VILLAGE,NAGUVANAHALLI PANCHAYAT,SRIRANGAPATNA TALUK,MANDYA DISTRICT","INFORMATION SCIENCE AND ENGINEERING",48421,58026.5,63850,58094,48750,50579,111252,122524,,,,,,,,
2025,R1,,"(E160)Sahyadri College Of Engineering & Management, Adyar, Mangalore(AUTONOMOUS) 'SAHYADRI CAMPUS'N.H-48, ADYAR,MANGALORE","COMPUTER SCIENCE AND ENGG(ARTIFICIAL INTELLIGENCE AND MACHINE LEARNING)",22695,28878,26835,26049,27669,26324,100520,64429.5,,,,,,,,
2025,R1,,"(E160)Sahyadri College Of Engineering & Management, Adyar, Mangalore(AUTONOMOUS) 'SAHYADRI CAMPUS'N.H-48, ADYAR,MANGALORE","COMPUTER SCIENCE AND ENGINEERING",16167,25443,23140,21298,23853,22306,90423,46309,,,,,,,,
2025,R1,,"(E160)Sahyadri College Of Engineering & Management, Adyar, Mangalore(AUTONOMOUS) 'SAHYADRI CAMPUS'N.H-48, ADYAR,MANGALORE","INFORMATION SCIENCE AND ENGINEERING",25745,33225,29877,32803,28910,25899,127671.5,80783,,,,,,,,
2025,R1,,"(E160)Sahyadri College Of Engineering & Management, Adyar, Mangalore(AUTONOMOUS) 'SAHYADRI CAMPUS'N.H-48, ADYAR,MANGALORE","ROBOTICS AND AUTOMATION",30404,34496,33495,35931,41708,30446,132214,99774,,,,,,,,
2025,R1,,"(E162)Government Engineering College, Raichur RAICHUR-HYDERABAD ROAD YERAMARUS,RAICHUR","COMPUTER SCIENCE AND ENGINEERING",43572,69075,57996,,65807,64222,77055,76674,,,,,,,,
2025,R1,,"(E163)Government Engineering College, Haveri DEVAGIRI,HAVERI","COMPUTER SCIENCE AND ENGINEERING",55650,62877,74970,70903.5,77439,63238,104649,95933,,,,,,,,
2025,R1,,"(E164)Government Engineering College, Hoovina Hadagali HUVINAHADAGALI 583219,DIST: VIJAYANAGARA","COMPUTER SCIENCE AND ENGINEERING",58170,,72387,,,69358,106562,66753,,,,,,,,
2025,R1,,"(E167)K L E S's K L E College of Engineering & Technology, Chikkodi, Belgaum Dist. BANANTIKODI ROAD CHIKODI,BELGAUM -591 201,","ARTIFICIAL INTELLIGENCE AND DATA SCIENCE",46658,63781,60198,,,47008,97364,127944,,,,,,,,
2025,R1,,"(E167)K L E S's K L E College of Engineering & Technology, Chikkodi, Belgaum Dist. BANANTIKODI ROAD CHIKODI,BELGAUM -591 201,","COMPUTER SCIENCE AND ENGINEERING",40324.5,47271,47862,51265,51402,47478,107696,97493,,,,,,,,
2025,R1,,"(E169)Alva's Institute of Engineering & Technology, Moodabidre, D.K (AUTONOMOUS) SHOBHAVANA CAMPUS,MIJAR,MOODBIDRI - 574225,MANGALORE TALUK,DHAKSHINA KANNADA","ARTIFICIAL INTELLIGENCE AND MACHINE LEARNING",56505,62150,63838,71642,60512,62394,135358,101608,,,,,,,,
2025,R1,,"(E169)Alva's Institute of Engineering & Technology, Moodabidre, D.K (AUTONOMOUS) SHOBHAVANA CAMPUS,MIJAR,MOODBIDRI - 574225,MANGALORE TALUK,DHAKSHINA KANNADA","COMPUTER SCIENCE AND ENGINEERING",55989,67207,64787,66595,66435.5,57718,126331,122910,,,,,,,,
2025,R1,,"(E172)R.R. Institute of Technology, Chikkabanavara, Bangalore(AUTONOMOUS) NO. 67, RAJA REDDY LAYOUT,NEAR CHIKKABANAVARA RAILWAY STATION,CHIKKABANAVARA,BANGALORE - 560090","ARTIFICIAL INTELLIGENCE AND MACHINE LEARNING",52101,63871,61485,78254,52699,58096,122179.5,103846,,,,,,,,
2025,R1,,"(E172)R.R. Institute of Technology, Chikkabanavara, Bangalore(AUTONOMOUS) NO. 67, RAJA REDDY LAYOUT,NEAR CHIKKABANAVARA RAILWAY STATION,CHIKKABANAVARA,BANGALORE - 560090","COMPUTER SCIENCE AND ENGINEERING",59832,80014,72230,77044,63382.5,62742,148110,193264,,,,,,,,
2025,R1,,"(E173)Sai Vidya Institute of Technology, Rajanakunte, Bangalore RAJANUKUNTE,DODDBALLAPURA ROAD ,VIA: YELAHANKA,BANGALORE","COMPUTER SCIENCE AND ENGG(ARTIFICIAL INTELLIGENCE AND MACHINE LEARNING)",47166,57442,55845,62804,48514,50306,141451,129654,,,,,,,,
2025,R1,,"(E173)Sai Vidya Institute of Technology, Rajanakunte, Bangalore RAJANUKUNTE,DODDBALLAPURA ROAD ,VIA: YELAHANKA,BANGALORE","COMPUTER SCIENCE AND ENGINEERING",41348,52195,46074,62454,43435,44267,122955,147289,,,,,,,,
2025,R1,,"(E173)Sai Vidya Institute of Technology, Rajanakunte, Bangalore RAJANUKUNTE,DODDBALLAPURA ROAD ,VIA: YELAHANKA,BANGALORE","COMPUTER SCIENCE AND ENGINEERING(DAT A SCIENCE)",53780,67985,58407,77157,56674,58155,154704,134728,,,,,,,,
2025,R1,,"(E173)Sai Vidya Institute of Technology, Rajanakunte, Bangalore RAJANUKUNTE,DODDBALLAPURA ROAD ,VIA: YELAHANKA,BANGALORE","INFORMATION SCIENCE AND ENGINEERING",56226.5,68935,61885,75854,56437,58097,165109,193910,,,,,,,,
2025,R1,,"(E175)S.S.E.T.S.S.G.Balekundri Institute of Technology, Shivabasavanagar, Belgaum SHIVABASAVA NAGAR, BELGAUM - 590010","ARTIFICIAL INTELLIGENCE AND DATA SCIENCE",56484,71303,68422,64133,72176,59143,156958,155096,,,,,,,,
2025,R1,,"(E175)S.S.E.T.S.S.G.Balekundri Institute of Technology, Shivabasavanagar, Belgaum SHIVABASAVA NAGAR, BELGAUM - 590010","COMPUTER SCIENCE AND ENGINEERING",48359,65016,61254,64695,74346,50475,141210,157670,,,,,,,,
2025,R1,,"(E178)The National Institute of Engineering(NORTH CAMPUS), No.50(Part) Koorgalli,Hootgalli Industrial Area ,Mysuru-570018","COMPUTER SCIENCE AND ENGG(ARTIFICIAL INTELLIGENCE AND MACHINE LEARNING)",8495,12212,11072,17175,8837,9383,34533,38350,,,,,,,,
2025,R1,,"(E178)The National Institute of Engineering(NORTH CAMPUS), No.50(Part) Koorgalli,Hootgalli Industrial Area ,Mysuru-570018","COMPUTER SCIENCE AND ENGINEERING",8002,12312,10959,16595,8679,9360,37339,37062,,,,,,,,
2025,R1,,"(E186)ACS College of Engineering, Mysore Road, Bangalore 207,KAMBIPURA, MYSORE ROAD, KENGERI HOBLI,BANGALORE - 560074.","ARTIFICIAL INTELLIGENCE AND MACHINE LEARNING",52379,63328,58990,58285,,56542,124322,91326.5,,,,,,,,
2025,R1,,"(E186)ACS College of Engineering, Mysore Road, Bangalore 207,KAMBIPURA, MYSORE ROAD, KENGERI HOBLI,BANGALORE - 560074.","COMPUTER SCIENCE AND ENGINEERING",53574,65254,64799,76067,56776,60743,160006,166879,,,,,,,,
2025,R1,,"(E196)Jain College of Engineering,Machche, Belgaum T.S. NAGAR,HUNCHANHATTI ROAD,MACCHE, BELGAUM- 590014.","COMPUTER SCIENCE AND ENGG(ARTIFICIAL INTELLIGENCE AND MACHINE LEARNING)",31131,39897,37294,47644,45763,32143,102889.5,99929,,,,,,,,
2025,R1,,"(E196)Jain College of Engineering,Machche, Belgaum T.S. NAGAR,HUNCHANHATTI ROAD,MACCHE, BELGAUM- 590014.","COMPUTER SCIENCE AND ENGINEERING",30586,41955,38147,34752,36635,33745,98188,105222,,,,,,,,
2025,R1,,"(E198)Sharanbasava University (Exclusively for Women) (Formerly Goduati Engineering College For Women) SHARNBASVESHWARA INSTITUTIONS  CAMPUS , KALABURAGI ( GULBARGA) -585103 , KARNATAKA","B TECH IN ARTIFICIAL INTELLIGENCE AND MACHINE LEARNING",39136,,73961,,112184,,125798,,,,,,,,,
2025,R1,,"(E198)Sharanbasava University (Exclusively for Women) (Formerly Goduati Engineering College For Women) SHARNBASVESHWARA INSTITUTIONS  CAMPUS , KALABURAGI ( GULBARGA) -585103 , KARNATAKA","B TECH IN COMPUTER SCIENCE AND ENGINEERING",40389,86210,79788,,86181,71094,95918,99242,,,,,,,,
2025,R1,,"(E201)Gopalan College of Engineering & Management, K.R. Puram, Bangalore SONNENAHALLI, HOODI VILLAGE, ITPL ROAD,BANGALORE","COMPUTER SCIENCE AND ENGG(ARTIFICIAL INTELLIGENCE AND MACHINE LEARNING)",59227,64562,79833,64490,60559,71690,125647,174690,,,,,,,,
2025,R1,,"(E203)K S School of Engineering & Management, Mallasandra, Bangalore #15/1, MALLASANDRA, OFF KANAKAPURA ROAD, BANGALORE - 560062","ARTIFICIAL INTELLIGENCE AND DATA SCIENCE",57108,65218,61392,77262,61860,60774,135273,181463,,,,,,,,
2025,R1,,"(E203)K S School of Engineering & Management, Mallasandra, Bangalore #15/1, MALLASANDRA, OFF KANAKAPURA ROAD, BANGALORE - 560062","COMPUTER SCIENCE AND ENGINEERING",49743,54200,55735,72205,50316,54971,161218,202067,,,,,,,,
2025,R1,,"(E205)ATME College of Engineering, Mysore SY.NO.1002, HAROHALLI (MELLAHALLI),MYSORE","COMPUTER SCIENCE AND ENGG(ARTIFICIAL INTELLIGENCE AND MACHINE LEARNING)",45348,65097,64189,47890,45934,49103,110957,97950,,,,,,,,
2025,R1,,"(E205)ATME College of Engineering, Mysore SY.NO.1002, HAROHALLI (MELLAHALLI),MYSORE","COMPUTER SCIENCE AND ENGINEERING",48615,54822,61282,62170,49254,50581,90207,97080,,,,,,,,
2025,R1,,"(E205)ATME College of Engineering, Mysore SY.NO.1002, HAROHALLI (MELLAHALLI),MYSORE","COMPUTER SCIENCE AND ENGINEERING(DAT A SCIENCE)",57695,90989,69932,64000,58440,59013,117425,113931,,,,,,,,
2025,R1,,"(E206)Shri Madhwa Vadiraja Institute of Technology and Management, Udupi VISHWOTHAMA NAGAR,","ARTIFICIAL INTELLIGENCE AND DATA SCIENCE",52014,63422.5,56464,83971,98844,70572,182939,199444,,,,,,,,
2025,R1,,"(E206)Shri Madhwa Vadiraja Institute of Technology and Management, Udupi VISHWOTHAMA NAGAR,","ARTIFICIAL INTELLIGENCE AND MACHINE LEARNING",56650,73029,76787,79783,82500,72892,183106,175834,,,,,,,,
2025,R1,,"(E206)Shri Madhwa Vadiraja Institute of Technology and Management, Udupi VISHWOTHAMA NAGAR,","COMPUTER SCIENCE AND ENGINEERING",51700.5,62827,63040,73208,73558,80924,204138,180061,,,,,,,,
2025,R1,,"(E209)Jyothi Institute of Technology, Kanakapura Road,Bangalore ,BANGALORE","ARTIFICIAL INTELLIGENCE AND MACHINE LEARNING",42351,44762,49571,55055,42707.5,43585,107520,94538,,,,,,,,
2025,R1,,"(E209)Jyothi Institute of Technology, Kanakapura Road,Bangalore ,BANGALORE","COMPUTER SCIENCE AND ENGINEERING",42519.5,51978,50662,67356,43916,44652,145010,157362,,,,,,,,
2025,R1,,"(E209)Jyothi Institute of Technology, Kanakapura Road,Bangalore ,BANGALORE","INFORMATION SCIENCE AND ENGINEERING",45378,77299,55193,80257,52255,49019,164552,186270,,,,,,,,
2025,R1,,"(E211)Jain Institute of Technology, Davanagere 323, BADA CROSS NEAR BLIND SCHOOL AVARAGERE DAVANGERE","ARTIFICIAL INTELLIGENCE AND MACHINE LEARNING",58929,70157,66985,59497.5,67498,60337,115416,94660,,,,,,,,
2025,R1,,"(E212)Dayananda Sagar Academy of Technology & Management Technical Campus, Bangalore(AUTONOMOUS) UDAYAPURA,KANAKAPURA ROAD,BANGALORE URBAN","COMPUTER SCIENCE AND ENGG(ARTIFICIAL INTELLIGENCE AND MACHINE LEARNING)",16174,16193,19493,24927,17623.5,17319,53378,67354,,,,,,,,
2025,R1,,"(E212)Dayananda Sagar Academy of Technology & Management Technical Campus, Bangalore(AUTONOMOUS) UDAYAPURA,KANAKAPURA ROAD,BANGALORE URBAN","COMPUTER SCIENCE AND ENGG(INTERNET OF THINGS & CYBER SECURITY INCLUDING BLOCK CHAIN TECH)",19770,25308,23138,27428,20051,20567,69744,75821.5,,,,,,,,
2025,R1,,"(E212)Dayananda Sagar Academy of Technology & Management Technical Campus, Bangalore(AUTONOMOUS) UDAYAPURA,KANAKAPURA ROAD,BANGALORE URBAN","COMPUTER SCIENCE AND ENGINEERING",15728,21144,19969,27635,16735,16608,58743,69350.25,,,,,,,,
2025,R1,,"(E212)Dayananda Sagar Academy of Technology & Management Technical Campus, Bangalore(AUTONOMOUS) UDAYAPURA,KANAKAPURA ROAD,BANGALORE URBAN","COMPUTER SCIENCE AND ENGINEERING (CYBER SECURITY)",18693,21676,21693,31870,19257.87,19151,65179,70733,,,,,,,,
2025,R1,,"(E212)Dayananda Sagar Academy of Technology & Management Technical Campus, Bangalore(AUTONOMOUS) UDAYAPURA,KANAKAPURA ROAD,BANGALORE URBAN","COMPUTER SCIENCE AND ENGINEERING(DAT A SCIENCE)",17984,24786,21351,28632,18799,18477,58684,70315,,,,,,,,
2025,R1,,"(E212)Dayananda Sagar Academy of Technology & Management Technical Campus, Bangalore(AUTONOMOUS) UDAYAPURA,KANAKAPURA ROAD,BANGALORE URBAN","INFORMATION SCIENCE AND ENGINEERING",19364,24708,22506,32511,19485,20127,79537,81933,,,,,,,,
2025,R1,,"(E220)ALLIANCE University Central Campus, Chikkahadage Cross Chandapura-Anekal, Main Road, Bengaluru, Karnataka 562106","B TECH IN ARTIFICIAL INTELLIGENCE AND MACHINE LEARNING",21643,25945,26407,28334,26372,26742,75422,50828,,,,,,,,
2025,R1,,"(E220)ALLIANCE University Central Campus, Chikkahadage Cross Chandapura-Anekal, Main Road, Bengaluru, Karnataka 562106","B TECH IN COMPUTER SCIENCE & ENGG (ARTIFICIAL INTELLIGENCE AND FUTURE TECHNOLOGIES)",29488,52770,37663,46483,33491,35901,88154,138103,,,,,,,,
2025,R1,,"(E220)ALLIANCE University Central Campus, Chikkahadage Cross Chandapura-Anekal, Main Road, Bengaluru, Karnataka 562106","B TECH IN COMPUTER SCIENCE AND ENGINEERING",36131,51308,47912,54033.5,37847,40168,118099,142784,,,,,,,,
2025,R1,,"(E220)ALLIANCE University Central Campus, Chikkahadage Cross Chandapura-Anekal, Main Road, Bengaluru, Karnataka 562106","B TECH IN COMPUTER SCIENCE AND ENGINEERING(CYB ER SECURITY)",28808,42539,43472,41318,35286,36782,78179,91557,,,,,,,,
2025,R1,,"(E220)ALLIANCE University Central Campus, Chikkahadage Cross Chandapura-Anekal, Main Road, Bengaluru, Karnataka 562106","B TECH IN COMPUTER SCIENCE AND ENGINEERING(IOT)",40526,44634,49799,59074,41816,43281,123208,140534,,,,,,,,
2025,R1,,"(E220)ALLIANCE University Central Campus, Chikkahadage Cross Chandapura-Anekal, Main Road, Bengaluru, Karnataka 562106","B TECH IN INFORMATION TECHNOLOGY",42434,63898,51229,,42834,43671,125177,159234,,,,,,,,
2025,R1,,"(E220)ALLIANCE University Central Campus, Chikkahadage Cross Chandapura-Anekal, Main Road, Bengaluru, Karnataka 562106","B.TECH IN COMPUTER ENGINEERING(SOF TWARE PRODUCT DEVELOPMENT)",47435,63560,52140,52237,50414,51698,141902,171976.5,,,,,,,,
2025,R1,,"(E220)ALLIANCE University Central Campus, Chikkahadage Cross Chandapura-Anekal, Main Road, Bengaluru, Karnataka 562106","BTECH IN INFORMATION TECHNOLOGY AUGMENTED REALITY AND VIRUTAL REALITY(AR/VR)",51193,62159,68414,66035,,53072,162486,213542,,,,,,,,
2025,R1,,"(E220)ALLIANCE University Central Campus, Chikkahadage Cross Chandapura-Anekal, Main Road, Bengaluru, Karnataka 562106","BTECH IN INFORMATION TECHNOLOGY DATA ANALYTICS",48699,69764,54067,75556,53269,49090,129836,160612,,,,,,,,
2025,R1,,"(E222)Cambridge Institute Of Technology, North Campus, Devanahalli, Bangalore SURVEY NO. 73, LINGADHEERA GOLLAHALLI, KUNDANA POST, DEVANAHALLI TALUK","COMPUTER SCIENCE AND ENGG(ARTIFICIAL INTELLIGENCE AND MACHINE LEARNING)",43093,61062,50193,52193,44847,48229,123941,104374,,,,,,,,
2025,R1,,"(E222)Cambridge Institute Of Technology, North Campus, Devanahalli, Bangalore SURVEY NO. 73, LINGADHEERA GOLLAHALLI, KUNDANA POST, DEVANAHALLI TALUK","COMPUTER SCIENCE AND ENGINEERING",42292,57266,48127,57651,44248,44401,128958,132043,,,,,,,,
2025,R1,,"(E222)Cambridge Institute Of Technology, North Campus, Devanahalli, Bangalore SURVEY NO. 73, LINGADHEERA GOLLAHALLI, KUNDANA POST, DEVANAHALLI TALUK","COMPUTER SCIENCE AND ENGINEERING (CYBER SECURITY)",51124,63884,56365,56676,53825,51775,160413,165777,,,,,,,,
2025,R1,,"(E222)Cambridge Institute Of Technology, North Campus, Devanahalli, Bangalore SURVEY NO. 73, LINGADHEERA GOLLAHALLI, KUNDANA POST, DEVANAHALLI TALUK","COMPUTER SCIENCE AND ENGINEERING(DAT A SCIENCE)",46054,59989,55475,59314,47662,49993,121597,150022,,,,,,,,
2025,R1,,"(E232)REVA University RUKMINI KNOWLEDGE PARK, KATTIGENAHALLI, YELAHANKA,BANGALORE - 560064,","B TECH IN COMPUTER SCIENCE AND INFORMATION TECHNOLOGY",20667,25278,25478.5,29944,21142,21466,69604,79142,,,,,,,,
2025,R1,,"(E232)REVA University RUKMINI KNOWLEDGE PARK, KATTIGENAHALLI, YELAHANKA,BANGALORE - 560064,","B TECH IN ARTIFICIAL INTELLIGENCE AND DATA SCIENCE",18329,23685,21356,24693,18790,19775,54445,66903,,,,,,,,
2025,R1,,"(E232)REVA University RUKMINI KNOWLEDGE PARK, KATTIGENAHALLI, YELAHANKA,BANGALORE - 560064,","B TECH IN COMPUTER SCIENCE & ENGINEERING (ARTIFICAL INTELLIGENCE & MACHINE LEARNING)",16526,21225,19647,21235,17169,17115,57434,53987,,,,,,,,
2025,R1,,"(E232)REVA University RUKMINI KNOWLEDGE PARK, KATTIGENAHALLI, YELAHANKA,BANGALORE - 560064,","B TECH IN COMPUTER SCIENCE AND ENGINEERING",15125,21393.5,18908,21716,16685,15704,54719,63881,,,,,,,,
2025,R1,,"(E232)REVA University RUKMINI KNOWLEDGE PARK, KATTIGENAHALLI, YELAHANKA,BANGALORE - 560064,","B TECH IN COMPUTER SCIENCE AND ENGINEERING(IOT INCLUDING BLOCK CHAIN)",20229,25512,22153,,20379,20261,67101,62467,,,,,,,,
2025,R1,,"(E232)REVA University RUKMINI KNOWLEDGE PARK, KATTIGENAHALLI, YELAHANKA,BANGALORE - 560064,","B TECH IN ELECTRONICS & COMPUTER ENGINEERING",24405,,32233,31941,25555,25276,86123,112517,,,,,,,,
2025,R1,,"(E232)REVA University RUKMINI KNOWLEDGE PARK, KATTIGENAHALLI, YELAHANKA,BANGALORE - 560064,","B Tech in ROBOTICS AND ARTIFICIAL INTELLIGENCE",20399,25654,26327,29419,,20644,66275,58389,,,,,,,,
2025,R1,,"(E235)M . S . Ramaiah University of Applied Sciences UNIVERSITY HOUSE, GNANAGANGOTHRI CAMPUS, NEW BEL ROAD, MSR ROAD, BANGALORE - 560054","B TECH IN ARTIFICIAL INTELLIGENCE AND MACHINE LEARNING",13119,19404,16833,26362,14602,14359,52203,60303,,,,,,,,
2025,R1,,"(E235)M . S . Ramaiah University of Applied Sciences UNIVERSITY HOUSE, GNANAGANGOTHRI CAMPUS, NEW BEL ROAD, MSR ROAD, BANGALORE - 560054","B TECH IN COMPUTER SCIENCE AND ENGINEERING",12530,20518,17728,22591,14342,13990,51699,68865,,,,,,,,
2025,R1,,"(E235)M . S . Ramaiah University of Applied Sciences UNIVERSITY HOUSE, GNANAGANGOTHRI CAMPUS, NEW BEL ROAD, MSR ROAD, BANGALORE - 560054","B TECH IN INFORMATION SCIENCE ENGINEERING",16673,23483.5,19801,27758,16859,17363,64903,83863,,,,,,,,
2025,R1,,"(E235)M . S . Ramaiah University of Applied Sciences UNIVERSITY HOUSE, GNANAGANGOTHRI CAMPUS, NEW BEL ROAD, MSR ROAD, BANGALORE - 560054","B TECH IN MATHAMATICS AND COMPUTING",8400,38566,13036,,,,63762,60267,,,,,,,,
2025,R1,,"(E235)M . S . Ramaiah University of Applied Sciences UNIVERSITY HOUSE, GNANAGANGOTHRI CAMPUS, NEW BEL ROAD, MSR ROAD, BANGALORE - 560054","B TECH IN ROBOTICS ENGINEERING",17979,,26290,28518,18915,20046,81902,109542.7,,,,,,,,
2025,R1,,"(E237)PRESIDENCY University ITGALPURA, RAJANUKUNTE, YELAHANKA, BENGALURU - 560 064","B TECH IN ARTIFICIAL INTELLIGENCE AND DATA SCIENCE",31425,41568,38325,35911,31803,32578,84796,101615,,,,,,,,
2025,R1,,"(E237)PRESIDENCY University ITGALPURA, RAJANUKUNTE, YELAHANKA, BENGALURU - 560 064","B TECH IN COMPUTER SCIENCE & ENGINEERING (ARTIFICAL INTELLIGENCE & MACHINE LEARNING)",31148,38421,41914,37141,32822,36008,92055,99226,,,,,,,,
2025,R1,,"(E237)PRESIDENCY University ITGALPURA, RAJANUKUNTE, YELAHANKA, BENGALURU - 560 064","B TECH IN COMPUTER SCIENCE AND ENGINEERING",37308,49344,49410,50339,40347,43212,120758.5,133961,,,,,,,,
2025,R1,,"(E237)PRESIDENCY University ITGALPURA, RAJANUKUNTE, YELAHANKA, BENGALURU - 560 064","B TECH IN COMPUTER SCIENCE AND ENGINEERING(BLO CK CHAIN)",41888,53563,53768,52751,43640,48613,126356,165479,,,,,,,,
2025,R1,,"(E237)PRESIDENCY University ITGALPURA, RAJANUKUNTE, YELAHANKA, BENGALURU - 560 064","B TECH IN COMPUTER SCIENCE AND ENGINEERING(CYB ER SECURITY)",41805,54827,52462,48994,42913,46908,114500,138058,,,,,,,,
2025,R1,,"(E237)PRESIDENCY University ITGALPURA, RAJANUKUNTE, YELAHANKA, BENGALURU - 560 064","B TECH IN COMPUTER SCIENCE AND ENGINEERING(DAT A SCIENCE)",41257,49478,49197,55079,42305,44711,114207,140431,,,,,,,,
2025,R1,,"(E237)PRESIDENCY University ITGALPURA, RAJANUKUNTE, YELAHANKA, BENGALURU - 560 064","B TECH IN COMPUTER SCIENCE AND ENGINEERING(IOT)",48664,66078,54045,49595,49271,50076,132933,135751,,,,,,,,
2025,R1,,"(E237)PRESIDENCY University ITGALPURA, RAJANUKUNTE, YELAHANKA, BENGALURU - 560 064","B TECH IN COMPUTER SCIENCE AND TECHNOLOGY(BIG DATA)",47079,,53848,57703,47916,52595,126922,167936,,,,,,,,
2025,R1,,"(E237)PRESIDENCY University ITGALPURA, RAJANUKUNTE, YELAHANKA, BENGALURU - 560 064","B TECH IN COMPUTER SCIENCE AND TECHNOLOGY(DEV OPS)",44945.5,65613,51716,,,47346.5,120303,129039,,,,,,,,
2025,R1,,"(E237)PRESIDENCY University ITGALPURA, RAJANUKUNTE, YELAHANKA, BENGALURU - 560 064","B TECH IN INFORMATION SCIENCE & TECHNOLOGY",47727,49417,55173,55237,47847,50220,133263,167538,,,,,,,,
2025,R1,,"(E237)PRESIDENCY University ITGALPURA, RAJANUKUNTE, YELAHANKA, BENGALURU - 560 064","B TECH IN INFORMATION SCIENCE ENGINEERING",42721,50005,52426,56980,43503,44868,134636,132596,,,,,,,,
2025,R1,,"(E237)PRESIDENCY University ITGALPURA, RAJANUKUNTE, YELAHANKA, BENGALURU - 560 064","B Tech in ROBOTICS AND ARTIFICIAL INTELLIGENCE",39664,58496,50098,50258,42033,45902,118458,129949,,,,,,,,
2025,R1,,"(E239)East West College Of Engineering, Yelahanka,Bangalore NO.13 SECTOR ""A"", YELAHANKA NEW TOWN,YELAHANKA, BANGALORE-560064","COMPUTER SCIENCE AND ENGINEERING",47175,52525,60292,58019.5,51702,52632,124906,145594,,,,,,,,
2025,R1,,"(E240)Dayananda Sagar University DEVARAKAGGALAHALLI VILLAGE, HAROHALLI, KANAKAPURA MAIN ROAD, RAMANAGAR DIST","B TECH IN COMPUTER SCIENCE & ENGINEERING (ARTIFICAL INTELLIGENCE & MACHINE LEARNING)",22432,33879,30318,34902,23410,26130,80326,101761,,,,,,,,
2025,R1,,"(E240)Dayananda Sagar University DEVARAKAGGALAHALLI VILLAGE, HAROHALLI, KANAKAPURA MAIN ROAD, RAMANAGAR DIST","B TECH IN COMPUTER SCIENCE AND ENGINEERING",22629,33811,31424,39107,24183,26459.5,93677,119190,,,,,,,,
2025,R1,,"(E240)Dayananda Sagar University DEVARAKAGGALAHALLI VILLAGE, HAROHALLI, KANAKAPURA MAIN ROAD, RAMANAGAR DIST","B TECH IN COMPUTER SCIENCE AND ENGINEERING(ARTI FICIAL INTELLIGENCE AND DATA SCIENCE)",26181,35637,35404,34992,26543,26505,89237,89340,,,,,,,,
2025,R1,,"(E240)Dayananda Sagar University DEVARAKAGGALAHALLI VILLAGE, HAROHALLI, KANAKAPURA MAIN ROAD, RAMANAGAR DIST","B TECH IN COMPUTER SCIENCE AND ENGINEERING(CYB ER SECURITY)",27027,37214,35593,42039,27296,28009,99513,123632,,,,,,,,
2025,R1,,"(E240)Dayananda Sagar University DEVARAKAGGALAHALLI VILLAGE, HAROHALLI, KANAKAPURA MAIN ROAD, RAMANAGAR DIST","B TECH IN COMPUTER SCIENCE AND ENGINEERING(DAT A SCIENCE)",25087.5,34453,32968,41626,26113,27864,98654,120253,,,,,,,,
2025,R1,,"(E240)Dayananda Sagar University DEVARAKAGGALAHALLI VILLAGE, HAROHALLI, KANAKAPURA MAIN ROAD, RAMANAGAR DIST","B TECH IN COMPUTER SCIENCE AND TECHNOLOGY",27280,37472,35640,42758,29345,29516,105497,138310,,,,,,,,
2025,R1,,"(E240)Dayananda Sagar University DEVARAKAGGALAHALLI VILLAGE, HAROHALLI, KANAKAPURA MAIN ROAD, RAMANAGAR DIST","B Tech in ROBOTICS AND ARTIFICIAL INTELLIGENCE",28532,38206,37666,31516,28571.5,33697,105362,98194,,,,,,,,
2025,R1,,"(E240)Dayananda Sagar University DEVARAKAGGALAHALLI VILLAGE, HAROHALLI, KANAKAPURA MAIN ROAD, RAMANAGAR DIST","B.TECH IN Computer Science and Medical Engineering",32432,,44230,46759,34461,36875,110923,85187,,,,,,,,
2025,R1,,"(E241)KLE Technological University(Formerly (BVBCET) BVBHOOMARADDI COLLEGE CAMPUS, VIDYANAGAR, HUBBALLI","AUTOMATION AND ROBOTICS",17531,26067,22141,42086,,21712,76733,59350,,,,,,,,
2025,R1,,"(E241)KLE Technological University(Formerly (BVBCET) BVBHOOMARADDI COLLEGE CAMPUS, VIDYANAGAR, HUBBALLI","COMPUTER SCIENCE AND ENGG (ARTIFICIAL INTELLIGENCE)",8728,10252,11062,12802,10980.5,9402,45658,30022,,,,,,,,
2025,R1,,"(E241)KLE Technological University(Formerly (BVBCET) BVBHOOMARADDI COLLEGE CAMPUS, VIDYANAGAR, HUBBALLI","COMPUTER SCIENCE AND ENGINEERING",8036.5,12331,10729,15777,10759,8777,41177,33807,,,,,,,,
2025,R1,,"(E252)Mysore College Of Engineering and Management,Mysore CHIKAHALLI, VARUNA HOBALI, NEAR BIG BANYAN TREE, TN ROAD,MYSORE","COMPUTER SCIENCE AND ENGG(ARTIFICIAL INTELLIGENCE AND MACHINE LEARNING)",59692,,72951,,,66694,112878.5,118476,,,,,,,,
2025,R1,,"(E255)GANDHI INSTITUTE OF TECHNOLOGY AND MANAGEMENT GITAM OFF CAMPUS BENGALURU NH 207, Nagadenehalli Doddaballapur taluk. Bengaluru-561203","COMPUTER SCIENCE AND ENGG(ARTIFICIAL INTELLIGENCE AND MACHINE LEARNING)",48879,70214,68889,75057,51828,57799,163457,134993,,,,,,,,
2025,R1,,"(E255)GANDHI INSTITUTE OF TECHNOLOGY AND MANAGEMENT GITAM OFF CAMPUS BENGALURU NH 207, Nagadenehalli Doddaballapur taluk. Bengaluru-561203","COMPUTER SCIENCE AND ENGINEERING",46735,61954,69136,77430,54717,53338,153017,179952,,,,,,,,
2025,R1,,"(E255)GANDHI INSTITUTE OF TECHNOLOGY AND MANAGEMENT GITAM OFF CAMPUS BENGALURU NH 207, Nagadenehalli Doddaballapur taluk. Bengaluru-561203","COMPUTER SCIENCE AND ENGINEERING (CYBER SECURITY)",51432.5,,76103,,,,174434,180931,,,,,,,,
2025,R1,,"(E255)GANDHI INSTITUTE OF TECHNOLOGY AND MANAGEMENT GITAM OFF CAMPUS BENGALURU NH 207, Nagadenehalli Doddaballapur taluk. Bengaluru-561203","COMPUTER SCIENCE AND ENGINEERING(DAT A SCIENCE)",56295,62712,76265,61828,57640,61310,177433,176016,,,,,,,,
2025,R1,,"(E255)GANDHI INSTITUTE OF TECHNOLOGY AND MANAGEMENT GITAM OFF CAMPUS BENGALURU NH 207, Nagadenehalli Doddaballapur taluk. Bengaluru-561203","ROBOTICS AND ARTIFICIAL INTELLIGENCE",41673,,81146,,,,185729.5,186481,,,,,,,,
2025,R1,,"(E257)CMR University Main Campus, Off Hennur Bagalur Main Road, Chagalatti, Bangalore","B TECH IN COMPUTER ENGINEERING",28709,46537,36181.5,40081,30161,33721,117919,157653,,,,,,,,
2025,R1,,"(E257)CMR University Main Campus, Off Hennur Bagalur Main Road, Chagalatti, Bangalore","B TECH IN COMPUTER SCIENCE & ENGINEERING (ARTIFICAL INTELLIGENCE & MACHINE LEARNING)",24900,36450,34252,32212,29859,26013,77933,111812,,,,,,,,
2025,R1,,"(E257)CMR University Main Campus, Off Hennur Bagalur Main Road, Chagalatti, Bangalore","B TECH IN COMPUTER SCIENCE AND ENGINEERING",27495,43109,39962,46593,28742,30005,110185,124782,,,,,,,,
2025,R1,,"(E257)CMR University Main Campus, Off Hennur Bagalur Main Road, Chagalatti, Bangalore","B TECH IN COMPUTER SCIENCE AND ENGINEERING(DAT A SCIENCE)",29439,41544,37968,51767,30445,31629,112481,141065,,,,,,,,
2025,R1,,"(E257)CMR University Main Campus, Off Hennur Bagalur Main Road, Chagalatti, Bangalore","B TECH IN COMPUTER SCIENCE AND TECHNOLOGY",29747,53623,44866,53651,,33927,113673,121324,,,,,,,,
2025,R1,,"(E257)CMR University Main Campus, Off Hennur Bagalur Main Road, Chagalatti, Bangalore","B TECH IN INFORMATION TECHNOLOGY",31503,,42850,54052,32784,32229,119160,184945,,,,,,,,
2025,R1,,"(E258)Maharaja Institute of Technology,Tandavapura,Mysore THANDAVAPURA VILLAGA,ON NATIONAL HIGHWWAYNANJANAGUD TALUK,MYSORE DISTRICT","ARTIFICIAL INTELLIGENCE AND DATA SCIENCE",43672,77532,60378,55781,47298,51164,102069,105971,,,,,,,,
2025,R1,,"(E258)Maharaja Institute of Technology,Tandavapura,Mysore THANDAVAPURA VILLAGA,ON NATIONAL HIGHWWAYNANJANAGUD TALUK,MYSORE DISTRICT","COMPUTER SCIENCE AND ENGG(ARTIFICIAL INTELLIGENCE AND MACHINE LEARNING)",40110,54169,57198,58721,43787,48748,113096,68197,,,,,,,,
2025,R1,,"(E258)Maharaja Institute of Technology,Tandavapura,Mysore THANDAVAPURA VILLAGA,ON NATIONAL HIGHWWAYNANJANAGUD TALUK,MYSORE DISTRICT","COMPUTER SCIENCE AND ENGINEERING",42208,47030,55618,56358,42987,44947,98222,110638,,,,,,,,
2025,R1,,"(E265)Jain College of Engineering and Technology,Hubballi 404/4, 404/5, SAI NAGAR, UNKAL, HUBLI","ARTIFICIAL INTELLIGENCE AND MACHINE LEARNING",39306,59017,53294,46770,50131,49555,87427,64240,,,,,,,,
2025,R1,,"(E265)Jain College of Engineering and Technology,Hubballi 404/4, 404/5, SAI NAGAR, UNKAL, HUBLI","COMPUTER SCIENCE AND ENGINEERING",45688,51627,55253,52432,61658,47708,101668,88577,,,,,,,,
2025,R1,,"(E269)Jain College Of Engineering and Research, Belgaum SHREYAS CTS 1598 ADAJCENT TO TO FOUNDRY CLUSTER NEAR DUTCH INDUSTRIAL ESTATE CHANNAMMA NAGAR ANAGOL BELGAVI","COMPUTER SCIENCE AND ENGG(ARTIFICIAL INTELLIGENCE AND MACHINE LEARNING)",51372,62177,64235,56307,70238,51649,111161,53133,,,,,,,,
2025,R1,,"(E269)Jain College Of Engineering and Research, Belgaum SHREYAS CTS 1598 ADAJCENT TO TO FOUNDRY CLUSTER NEAR DUTCH INDUSTRIAL ESTATE CHANNAMMA NAGAR ANAGOL BELGAVI","COMPUTER SCIENCE AND ENGINEERING",45258,53458,59212,52504.5,47881,50008,142392,153644,,,,,,,,
2025,R1,,"(E272)Government Engineering College, Talakal, Koppal TALAKAL,TALUKA: YALABURGA, DIST: KOPPAL, KARNATAKA, PIN 583238","COMPUTER SCIENCE AND ENGINEERING",49563,,72425,72263,86146,51651,65417,107815,,,,,,,,
2025,R1,,"(E274)Government Engineering College, Mosale Hosahalli, Hassan MOSALEHOSAHALLI, HASSAN","COMPUTER SCIENCE AND ENGINEERING",56519,72921,72277,70139,59731,67526,103139,108151,,,,,,,,
2025,R1,,"(E275)R V Institute Of Technology and Management, Bengaluru KOTHANUR, 8TH PHASE J.P.NAGAR, BENGALURU-560 078.","COMPUTER SCIENCE AND ENGG(ARTIFICIAL INTELLIGENCE AND MACHINE LEARNING)",8213,13330,12564,13812,9768,10063.75,37787,37629,,,,,,,,
2025,R1,,"(E275)R V Institute Of Technology and Management, Bengaluru KOTHANUR, 8TH PHASE J.P.NAGAR, BENGALURU-560 078.","COMPUTER SCIENCE AND ENGINEERING",7208,13946,11139,11213,9002,9640,38814,34226,,,,,,,,
2025,R1,,"(E279)VISVESVARAYA TECHNOLOGICAL UNIVERSITY, BELAGAVI CAMPUS, BELAGAVI JNANA SANGAMA, MACHHE, BELAGAVI","B TECH IN COMPUTER SCIENCE AND ENGINEERING",36078,46821,51246,45520,54201,37567,94029,100151,,,,,,,,
2025,R1,,"(E279)VISVESVARAYA TECHNOLOGICAL UNIVERSITY, BELAGAVI CAMPUS, BELAGAVI JNANA SANGAMA, MACHHE, BELAGAVI","B TECH IN COMPUTER SCIENCE AND ENGINEERING(ARTI FICIAL INTELLIGENCE AND DATA SCIENCE)",47957,54560,65460,51859,64689,51807,87461,114447,,,,,,,,
2025,R1,,"(E281)Government Engineering College, Challakere, Chitradurga BALLARI ROAD CHALLAKERE,CHITRADURGA","ARTIFICIAL INTELLIGENCE AND MACHINE LEARNING",58919,68991,70460,77673,66406,64276,84353,76054,,,,,,,,
2025,R1,,"(E283)University of Mysuru B.N.BAHADUR INSTITUTE OF MANAGEMENT SCIENCES, (DOS IN BUSSINESS ADMINISTRATION)UNIVERSITY OF MYSORE, MANASAGANGOTRI,HUNSUR ROAD,MYSORE.","ARTIFICIAL INTELLIGENCE AND DATA SCIENCE",47450,57086,66887,59517.5,50082,54383,87058,104698,,,,,,,,
2025,R1,,"(E283)University of Mysuru B.N.BAHADUR INSTITUTE OF MANAGEMENT SCIENCES, (DOS IN BUSSINESS ADMINISTRATION)UNIVERSITY OF MYSORE, MANASAGANGOTRI,HUNSUR ROAD,MYSORE.","ARTIFICIAL INTELLIGENCE AND MACHINE LEARNING",51789,74680,67590.5,56536,52079,57279,92941.5,116768,,,,,,,,
2025,R1,,"(E283)University of Mysuru B.N.BAHADUR INSTITUTE OF MANAGEMENT SCIENCES, (DOS IN BUSSINESS ADMINISTRATION)UNIVERSITY OF MYSORE, MANASAGANGOTRI,HUNSUR ROAD,MYSORE.","COMPUTER SCIENCE AND ENGINEERING",40640,74130,49895,70653,45578,43839,102174,76935,,,,,,,,
2025,R1,,"(E284)Sri Jayachamarajendra College of Engineering(Constituent College of JSS Science & Technology University), Mysore JSS TECHNICAL INSTITUTIONS CAMPUS,MANASAGANGOTHRI PO,MYSORE","COMPUTER SCIENCE AND ENGINEERING",3089,4763,5749,8665,4284,4242,15966,14044,,,,,,,,
2025,R1,,"(E285)RV University R.V. VIDYANIKETAN POST, MYSORE ROAD,BANGALORE","B TECH IN COMPUTER SCIENCE AND ENGINEERING",6109,14219,12572,20866,7287,9565,43336,51840,,,,,,,,
2025,R1,,"(E286)BGS College of Engineering & Technology,Bangalore","ARTIFICIAL INTELLIGENCE AND DATA SCIENCE",26652,,34536,47915,,27712,96818,114148,,,,,,,,
2025,R1,,"(E286)BGS College of Engineering & Technology,Bangalore","ARTIFICIAL INTELLIGENCE AND MACHINE LEARNING",26331,30976,32210,43484.5,27087,27856,98845,104662,,,,,,,,
2025,R1,,"(E286)BGS College of Engineering & Technology,Bangalore","COMPUTER SCIENCE AND DESIGN",35016,52680,38281.5,69633,36764,35137,122279.5,166318,,,,,,,,
2025,R1,,"(E286)BGS College of Engineering & Technology,Bangalore","COMPUTER SCIENCE AND ENGINEERING",24023,30417,30943,28073,25536,26126,90886,102701,,,,,,,,
2025,R1,,"(E286)BGS College of Engineering & Technology,Bangalore","INFORMATION SCIENCE AND ENGINEERING",29412,33319.5,33814,61740,29895,30475,103127,141088,,,,,,,,
2025,R1,,"(E287)Vidyashilp University  #125, Bettenahalli, Kundana Hobli, Chapparkallu Rd, Bengaluru, Karnataka 562110","B TECH (HONS) COMPUTER SCIENCE AND ENGINEERING(DAT A SCIENCE)",48907,86836,81038.5,67224,61821,66241,132000,161927,,,,,,,,
2025,R1,,"(E289)Visvesvaraya Technological University,VTU,CPGS,Kalburgi.","B TECH IN ARTIFICIAL INTELLIGENCE AND DATA SCIENCE",50859,76567,88580,59432,82445,56450,112643,108257,,,,,,,,
2025,R1,,"(E289)Visvesvaraya Technological University,VTU,CPGS,Kalburgi.","COMPUTER SCIENCE AND ENGINEERING",41882,60428,62932,51544,64342,45697,72381,68750,,,,,,,,
2025,R1,,"(E290)Visvesvaraya Technological University,VTU,CPGS,Mysuru.","B TECH IN ARTIFICIAL INTELLIGENCE AND DATA SCIENCE",43456,61318,58750,65854,50157,45759,77082,77391,,,,,,,,
2025,R1,,"(E290)Visvesvaraya Technological University,VTU,CPGS,Mysuru.","COMPUTER SCIENCE AND ENGINEERING",31875,34048,40720,46040,38328,35370,69215.5,73763,,,,,,,,
2025,R1,,"(E292)Government Engineering College,Mailur,Bidar","ARTIFICIAL INTELLIGENCE AND DATA SCIENCE",47241,,71542,56746,56984,70027,78301,81213,,,,,,,,
2025,R1,,"(E292)Government Engineering College,Mailur,Bidar","COMPUTER SCIENCE AND ENGINEERING",42767,79812,65291,57381,,58538,91128,69708,,,,,,,,
2025,R1,,"(E301)KISHKINDA UNIVERSITY BALLARI INSTITUTE OF TECHNOLOGY & MANAGEMENT (BITM) CAMPUS, BALLARI-HOSPET ROAD, NEAR ALLIPUR, BALLARI-583104","B TECH IN COMPUTER SCIENCE & ENGINEERING (ARTIFICAL INTELLIGENCE & MACHINE LEARNING)",57878,,78501,,,79394,90206,127957,,,,,,,,
2025,R1,,"(E302)AMITY UNIVERSITY National Highway 648 (old 207), Devanahalli - Doddaballapur Road","B TECH IN COMPUTER SCIENCE AND ENGINEERING",51887,72466,69147,67445,57412,62544,172738,188271,,,,,,,,
2025,R1,,"(E302)AMITY UNIVERSITY National Highway 648 (old 207), Devanahalli - Doddaballapur Road","B Tech in Computer Science(AI &ML)",48048,69930,61594.5,59909,50909,52214,148357,158780,,,,,,,,
2025,R1,,"(E302)AMITY UNIVERSITY National Highway 648 (old 207), Devanahalli - Doddaballapur Road","B.Tech in Computer Science (Internet of Things)",57516,,66203,77176,60999,62715,171650,130587,,,,,,,,
2025,R1,,"(E302)AMITY UNIVERSITY National Highway 648 (old 207), Devanahalli - Doddaballapur Road","B.TECH IN COMPUTER SCIENCE AND ENGG (ROBOTICS)",56001,,71780,61319,,64653,174264,88954,,,,,,,,
2025,R1,,"(E303)GM University KARUR VILLAGE, KASABA HOBLI, DAVANGERE TALUK AND DISTRICT","B TECH IN COMPUTER SCIENCE AND ENGINEERING",54816,79743,74690,70558,83036,57452,150031,121052,,,,,,,,
2025,R1,,"(E303)GM University KARUR VILLAGE, KASABA HOBLI, DAVANGERE TALUK AND DISTRICT","B Tech in Computer Science(AI &ML)",59566,78860,83093,71672,60526,60312,154260,128103.5,,,,,,,,
2025,R1,,"(E305)DR H N NATIONAL COLLEGE OF ENGINEERING  BENGALURU","ARTIFICIAL INTELLIGENCE AND DATA SCIENCE",53208.5,68482,64771,56564,56121,74163,122221,215535,,,,,,,,
2025,R1,,"(E305)DR H N NATIONAL COLLEGE OF ENGINEERING  BENGALURU","COMPUTER SCIENCE AND ENGINEERING",58234,77844,73408,70656,61191,64736,161014,218718,,,,,,,,
2025,R1,,"(E306)THE CHANAKYA UNIVERSITY NO 29 HARALURU, DEVANAHALLI TALUK (NEAR BENGALURU INTERNATIONLA AIRPORT)","B TECH IN COMPUTER SCIENCE AND ENGINEERING",31262,58029,44704,70123,36634,31419,142626,140316,,,,,,,,
2025,R1,,"(E306)THE CHANAKYA UNIVERSITY NO 29 HARALURU, DEVANAHALLI TALUK (NEAR BENGALURU INTERNATIONLA AIRPORT)","B.Tech In BIOTECHNOLOGY & BIO- ENGINEERING",31994,61369.5,49615,,42598,54990,97449,86191.5,,,,,,,,
2025,R1,,"(E306)THE CHANAKYA UNIVERSITY NO 29 HARALURU, DEVANAHALLI TALUK (NEAR BENGALURU INTERNATIONLA AIRPORT)","B.TECH IN COMPUTER SCIENCE AND ARTIFICIAL INTELLIGENCE",36079,57022.62,44741,55847,36827,44566,140315,166770,,,,,,,,
2025,R1,,"(E306)THE CHANAKYA UNIVERSITY NO 29 HARALURU, DEVANAHALLI TALUK (NEAR BENGALURU INTERNATIONLA AIRPORT)","B.TECH IN ELECTRICAL ENGINEERING AND COMPUTER SCIENCE",54519,97264,82722,114040,,61832,197092,181995,,,,,,,,
2025,R1,,"(E307)SESHADRIPURAM INSTITUTE OF TECHNOLOGY MYSURU MYSURU","COMPUTER SCIENCE AND ENGINEERING",59533,78306,66499,,61635,60517,121171,118666,,,,,,,,
2025,R1,,"(E308)CONSTITUENT COLLEGE OF VTU, CHINTAMANI CHIKABALLAPURA DIST CHIKBALLAPURA","COMPUTER SCIENCE AND ENGINEERING",58428,94746,81969,59265,61258,60688,106575,80655,,,,,,,,
2025,R2,E001,"E001 Univesity of Visvesvaraya College of Engineering (A State Autonomous Public University on IIT Model) K R Circle, Bangalore","ARTIFICIAL INTELLIGENCE AND DATA SCIENCE",6389,7802,8424,11781,6904,6584,26425,25226,,,,,,,,
2025,R2,E001,"E001 Univesity of Visvesvaraya College of Engineering (A State Autonomous Public University on IIT Model) K R Circle, Bangalore","COMPUTER SCIENCE AND ENGINEERING",4732,6520,7544,10476,5200,5005,24450,17552,,,,,,,,
2025,R2,E001,"E001 Univesity of Visvesvaraya College of Engineering (A State Autonomous Public University on IIT Model) K R Circle, Bangalore","INFORMATION SCIENCE AND ENGINEERING",6502,7596,8266,13090,6767,6535,31770,28021,,,,,,,,
2025,R2,E002,"E002 Govt.S K S J T Institute of Engineering, Bangalore AMBEDKAR VEEDHI, K.R. CIRCLE, BANGALORE-01","COMPUTER SCIENCE AND ENGINEERING",20897,21731,24226,31602,21488,22331,43445,37856,,,,,,,,
2025,R2,E004,"E004 Dr. Ambedkar Institute of Technology, Bangalore(AUTONOMOUS) OUTER RING ROAD,NEAR JNANA BHARATHI CAMPUS,MALLATHAHALLI,BANGALORE-560056","COMPUTER SCIENCE AND ENGINEERING",11706,14775,14588,17547,11963,12615,34503,34121,,,,,,,,
2025,R2,E005,"E005 R. V. College of Engineering, Bangalore(AUTONOMOUS) R.V. VIDYANIKETAN POST, MYSORE ROAD,BANGALORE","COMPUTER SCIENCE AND ENGG(ARTIFICIA L INTELLIGENCE AND MACHINE LEARNING)",676,2342,1617,2657,1031,1275,7823,7832,,,,,,,,
2025,R2,E005,"E005 R. V. College of Engineering, Bangalore(AUTONOMOUS) R.V. VIDYANIKETAN POST, MYSORE ROAD,BANGALORE","COMPUTER SCIENCE AND ENGINEERING",446,2013,1398,1847,769,910,6629,7162,,,,,,,,
2025,R2,E005,"E005 R. V. College of Engineering, Bangalore(AUTONOMOUS) R.V. VIDYANIKETAN POST, MYSORE ROAD,BANGALORE","COMPUTER SCIENCE AND ENGINEERING (CYBER SECURITY)",833,2751,1912,3977,1922,1548,10055,7862,,,,,,,,
2025,R2,E005,"E005 R. V. College of Engineering, Bangalore(AUTONOMOUS) R.V. VIDYANIKETAN POST, MYSORE ROAD,BANGALORE","COMPUTER SCIENCE AND ENGINEERING(D ATA SCIENCE)",724,2621,1636,3044,1464,1402,9394,5848,,,,,,,,
2025,R2,E006,"E006 M S Ramaiah Institute of Technology, Bangalore(AUTONOMOUS) VIDYA SOUDHA,MSR NAGAR,MSRIT POST,BANGALORE - 560054.","ARTIFICIAL INTELLIGENCE AND DATA SCIENCE",3416,5619,4160,7737,4121,3492,13337,15453,,,,,,,,
2025,R2,E006,"E006 M S Ramaiah Institute of Technology, Bangalore(AUTONOMOUS) VIDYA SOUDHA,MSR NAGAR,MSRIT POST,BANGALORE - 560054.","ARTIFICIAL INTELLIGENCE AND MACHINE LEARNING",2756,3626,3896,4697,3392,2855,12657,15951,,,,,,,,
2025,R2,E006,"E006 M S Ramaiah Institute of Technology, Bangalore(AUTONOMOUS) VIDYA SOUDHA,MSR NAGAR,MSRIT POST,BANGALORE - 560054.","COMPUTER SCIENCE AND ENGG(ARTIFICIA L INTELLIGENCE AND MACHINE LEARNING)",2434,4494,3423,3270,3091,2984,13265,14687,,,,,,,,
2025,R2,E006,"E006 M S Ramaiah Institute of Technology, Bangalore(AUTONOMOUS) VIDYA SOUDHA,MSR NAGAR,MSRIT POST,BANGALORE - 560054.","COMPUTER SCIENCE AND ENGINEERING",1687,3478,2574,3248,2109,2425,11390,12975,,,,,,,,
2025,R2,E006,"E006 M S Ramaiah Institute of Technology, Bangalore(AUTONOMOUS) VIDYA SOUDHA,MSR NAGAR,MSRIT POST,BANGALORE - 560054.","COMPUTER SCIENCE AND ENGINEERING (CYBER SECURITY)",3380,5520,4639,4781,4422,4142,14971,21441,,,,,,,,
2025,R2,E006,"E006 M S Ramaiah Institute of Technology, Bangalore(AUTONOMOUS) VIDYA SOUDHA,MSR NAGAR,MSRIT POST,BANGALORE - 560054.","INFORMATION SCIENCE AND ENGINEERING",3083,4763,4481,3863,3647,3472,22926,23175,,,,,,,,
2025,R2,E007,"E007 Dayananda Sagar College of Engineering, Bangalore(AUTONOMOUS) SHAVIGE MALLESHWARA HILLS, KUMARASWAMY LAYOUT, BANGALORE-560078","ARTIFICIAL INTELLIGENCE AND MACHINE LEARNING",6700,7584,7960,10610,6831,7296,23698,29681,,,,,,,,
2025,R2,E007,"E007 Dayananda Sagar College of Engineering, Bangalore(AUTONOMOUS) SHAVIGE MALLESHWARA HILLS, KUMARASWAMY LAYOUT, BANGALORE-560078","COMPUTER SCIENCE AND DESIGN",9191.5,15514,11311,16319,10581,9318,40675,42499,,,,,,,,
2025,R2,E007,"E007 Dayananda Sagar College of Engineering, Bangalore(AUTONOMOUS) SHAVIGE MALLESHWARA HILLS, KUMARASWAMY LAYOUT, BANGALORE-560078","COMPUTER SCIENCE AND ENGG(INTERNE T OF THINGS & CYBER SECURITY INCLUDING BLOCK CHAIN TECH)",8284,10874,9339,15865,8709,8379,40294,39458,,,,,,,,
2025,R2,E007,"E007 Dayananda Sagar College of Engineering, Bangalore(AUTONOMOUS) SHAVIGE MALLESHWARA HILLS, KUMARASWAMY LAYOUT, BANGALORE-560078","COMPUTER SCIENCE AND ENGINEERING",5630,7083,7545.5,11737,6341,6371,28698,27128,,,,,,,,
2025,R2,E007,"E007 Dayananda Sagar College of Engineering, Bangalore(AUTONOMOUS) SHAVIGE MALLESHWARA HILLS, KUMARASWAMY LAYOUT, BANGALORE-560078","COMPUTER SCIENCE AND ENGINEERING (CYBER SECURITY)",7486,11582,9107,13812,,7717,35936,36752,,,,,,,,
2025,R2,E007,"E007 Dayananda Sagar College of Engineering, Bangalore(AUTONOMOUS) SHAVIGE MALLESHWARA HILLS, KUMARASWAMY LAYOUT, BANGALORE-560078","COMPUTER SCIENCE AND ENGINEERING(D ATA SCIENCE)",6913,8502,8019,11786,6918,7335,35327,27988,,,,,,,,
2025,R2,E007,"E007 Dayananda Sagar College of Engineering, Bangalore(AUTONOMOUS) SHAVIGE MALLESHWARA HILLS, KUMARASWAMY LAYOUT, BANGALORE-560078","INFORMATION SCIENCE AND ENGINEERING",7704,10611,9510,13686,8352,8300,37996,37853,,,,,,,,
2025,R2,E007,"E007 Dayananda Sagar College of Engineering, Bangalore(AUTONOMOUS) SHAVIGE MALLESHWARA HILLS, KUMARASWAMY LAYOUT, BANGALORE-560078","ROBOTICS AND ARTIFICIAL INTELLIGENCE",10390,,13671,,11734.5,11654,46297,41871.7,,,,,,,,
2025,R2,E008,"E008 Bangalore Institute of Technology, K.R.Road, Bangalore (AUTONOMOUS) K.R.ROAD, V.V.PURA, BANGALORE-560004","ARTIFICIAL INTELLIGENCE AND MACHINE LEARNING",8962,10252,10444,13600,9043,9505,36972,36471,,,,,,,,
2025,R2,E008,"E008 Bangalore Institute of Technology, K.R.Road, Bangalore (AUTONOMOUS) K.R.ROAD, V.V.PURA, BANGALORE-560004","COMPUTER SCIENCE AND ENGG(INTERNE T OF THINGS & CYBER SECURITY INCLUDING BLOCK CHAIN TECH)",10803,15321,12914,17411,10841,11588,40049.5,40029.5,,,,,,,,
2025,R2,E008,"E008 Bangalore Institute of Technology, K.R.Road, Bangalore (AUTONOMOUS) K.R.ROAD, V.V.PURA, BANGALORE-560004","COMPUTER SCIENCE AND ENGINEERING",7450,8593,9008,13585,8157,8096,34482,38074,,,,,,,,
2025,R2,E008,"E008 Bangalore Institute of Technology, K.R.Road, Bangalore (AUTONOMOUS) K.R.ROAD, V.V.PURA, BANGALORE-560004","COMPUTER SCIENCE AND ENGINEERING(D ATA SCIENCE)",9126,11437,10204,12056,9220,9154,37427,37582,,,,,,,,
2025,R2,E008,"E008 Bangalore Institute of Technology, K.R.Road, Bangalore (AUTONOMOUS) K.R.ROAD, V.V.PURA, BANGALORE-560004","INFORMATION SCIENCE AND ENGINEERING",9985,12506,12852,23181,10057,10119,47991,47094,,,,,,,,
2025,R2,E008,"E008 Bangalore Institute of Technology, K.R.Road, Bangalore (AUTONOMOUS) K.R.ROAD, V.V.PURA, BANGALORE-560004","ROBOTICS AND ARTIFICIAL INTELLIGENCE",13829,,17133,22619,14242,15770.5,57234,57506,,,,,,,,
2025,R2,E009,"E009 PES University 100 Feet Ring Road, Banashankari, 3rd Stage, Hosakerehalli, Near DSERT, , Bangalore KARNATAKA, pin code -560085","B TECH IN COMPUTER SCIENCE & ENGINEERING (ARTIFICAL INTELLIGENCE & MACHINE LEARNING)",2168,4240,4417,6288,2562,2922,21774,23461,,,,,,,,
2025,R2,E009,"E009 PES University 100 Feet Ring Road, Banashankari, 3rd Stage, Hosakerehalli, Near DSERT, , Bangalore KARNATAKA, pin code -560085","B TECH IN COMPUTER SCIENCE AND ENGINEERING",1375.5,3719,3160,5788,2475,2177,16135,16410,,,,,,,,
2025,R2,E011,"E011 M V J College of Engineering, Bangalore(AUTONOMOUS) NEAR ITPB,CHANNASANDRA,KADUGODI POST,BANGALORE","ARTIFICIAL INTELLIGENCE AND MACHINE LEARNING",22761,29814,27047,27199,26347,25466,49314,47994,,,,,,,,
2025,R2,E011,"E011 M V J College of Engineering, Bangalore(AUTONOMOUS) NEAR ITPB,CHANNASANDRA,KADUGODI POST,BANGALORE","COMPUTER SCIENCE AND DESIGN",36435,39561,39451,41125,37131,40168,109130,108375,,,,,,,,
2025,R2,E011,"E011 M V J College of Engineering, Bangalore(AUTONOMOUS) NEAR ITPB,CHANNASANDRA,KADUGODI POST,BANGALORE","COMPUTER SCIENCE AND ENGINEERING",25741,29444,30249,35196,27772,26278,68893,58685,,,,,,,,
2025,R2,E011,"E011 M V J College of Engineering, Bangalore(AUTONOMOUS) NEAR ITPB,CHANNASANDRA,KADUGODI POST,BANGALORE","COMPUTER SCIENCE AND ENGINEERING(D ATA SCIENCE)",28724,32268,31143,30523,29165,29556,67978,82380,,,,,,,,
2025,R2,E011,"E011 M V J College of Engineering, Bangalore(AUTONOMOUS) NEAR ITPB,CHANNASANDRA,KADUGODI POST,BANGALORE","INFORMATION SCIENCE AND ENGINEERING",31271,39548,33257,49001,31327,31867,95189,95222,,,,,,,,
2025,R2,E012,"E012 Sir M.Visvesvaraya Institute of Technology, Bangalore KRISHNADEVARAYANAGAR, HUNASAMARANAHALLI, VIA YELAHANKA,BANGALORE - 562 157","ARTIFICIAL INTELLIGENCE AND MACHINE LEARNING",14449,20999,15805,20809.5,15690,15349,39239,37266,,,,,,,,
2025,R2,E012,"E012 Sir M.Visvesvaraya Institute of Technology, Bangalore KRISHNADEVARAYANAGAR, HUNASAMARANAHALLI, VIA YELAHANKA,BANGALORE - 562 157","COMPUTER SCIENCE AND ENGG(INTERNE T OF THINGS & CYBER SECURITY INCLUDING BLOCK CHAIN TECH)",18881,28094,22153,30357,20379,24535,51534,76859.5,,,,,,,,
2025,R2,E012,"E012 Sir M.Visvesvaraya Institute of Technology, Bangalore KRISHNADEVARAYANAGAR, HUNASAMARANAHALLI, VIA YELAHANKA,BANGALORE - 562 157","COMPUTER SCIENCE AND ENGINEERING",16331,22468,18817,21159,16620,17027,57168,45477,,,,,,,,
2025,R2,E012,"E012 Sir M.Visvesvaraya Institute of Technology, Bangalore KRISHNADEVARAYANAGAR, HUNASAMARANAHALLI, VIA YELAHANKA,BANGALORE - 562 157","COMPUTER SCIENCE AND ENGINEERING(D ATA SCIENCE)",17800,23226,21012,28073,,18089,62254,33751.5,,,,,,,,
2025,R2,E012,"E012 Sir M.Visvesvaraya Institute of Technology, Bangalore KRISHNADEVARAYANAGAR, HUNASAMARANAHALLI, VIA YELAHANKA,BANGALORE - 562 157","INFORMATION SCIENCE AND ENGINEERING",20037,24703,22457,27624,20105,20567,76767,74256,,,,,,,,
2025,R2,E012,"E012 Sir M.Visvesvaraya Institute of Technology, Bangalore KRISHNADEVARAYANAGAR, HUNASAMARANAHALLI, VIA YELAHANKA,BANGALORE - 562 157","ROBOTICS AND ARTIFICIAL INTELLIGENCE",21705,31699,26957.5,,23410,25585,84134,58006,,,,,,,,
2025,R2,E013,"E013 Ghousia Engineering College, Ramanagara BANGALORE - MYSORE ROAD,RAMANAGARA","ARTIFICIAL INTELLIGENCE AND MACHINE LEARNING",56503,103744,110706,62013,75144,71265,131062,167878,,,,,,,,
2025,R2,E014,"E014 S J C Institute of Technology, Chickkaballapur(AUTONOMOUS) P B NO. 20, B B ROAD, CHICKBALLAPUR, CHICKBALLAPUR (DISTRICT)","ARTIFICIAL INTELLIGENCE AND DATA SCIENCE",43286,79157,60653,48342,46122,66134,83207,69314,,,,,,,,
2025,R2,E014,"E014 S J C Institute of Technology, Chickkaballapur(AUTONOMOUS) P B NO. 20, B B ROAD, CHICKBALLAPUR, CHICKBALLAPUR (DISTRICT)","COMPUTER SCIENCE AND ENGG(ARTIFICIA L INTELLIGENCE AND MACHINE LEARNING)",44414,76960.5,54776,46679,46662,61356,107681,70369,,,,,,,,
2025,R2,E014,"E014 S J C Institute of Technology, Chickkaballapur(AUTONOMOUS) P B NO. 20, B B ROAD, CHICKBALLAPUR, CHICKBALLAPUR (DISTRICT)","COMPUTER SCIENCE AND ENGINEERING",48097,85312,63916,57587,52094,55402,112365,86586,,,,,,,,
2025,R2,E016,"E016 Siddaganga Institute of Technology,Tumkur","COMPUTER SCIENCE AND ENGG(ARTIFICIA L INTELLIGENCE AND MACHINE LEARNING)",9185,10726,13113,20382,10338,9562,31854.7,17087,,,,,,,,
2025,R2,E016,"E016 Siddaganga Institute of Technology,Tumkur","COMPUTER SCIENCE AND ENGINEERING",9367,12411,11341,18823,9635,9670,35795,38761,,,,,,,,
2025,R2,E016,"E016 Siddaganga Institute of Technology,Tumkur","INFORMATION SCIENCE AND 5 ENGINEERING",11214.7,13039,14164,25494.7,11459,12270,48720,43517,,,,,,,,
2025,R2,E017,"E017 Sri Siddhartha Institute of Technology MARALUR ,TUMKUR","ARTIFICIAL INTELLIGENCE AND MACHINE LEARNING",34789,46887,42131,40089,43447,34970,81271,44893,,,,,,,,
2025,R2,E017,"E017 Sri Siddhartha Institute of Technology MARALUR ,TUMKUR","COMPUTER SCIENCE AND ENGINEERING",44044,57266,60271,53099,49769,46495,102753,77925,,,,,,,,
2025,R2,E017,"E017 Sri Siddhartha Institute of Technology MARALUR ,TUMKUR","COMPUTER SCIENCE AND ENGINEERING (CYBER SECURITY)",55465,69575,81171,70337,57513,58311,118195,130976,,,,,,,,
2025,R2,E017,"E017 Sri Siddhartha Institute of Technology MARALUR ,TUMKUR","COMPUTER SCIENCE AND ENGINEERING(D ATA SCIENCE)",47811,,67002,68081,49049,50216,138009,114241,,,,,,,,
2025,R2,E017,"E017 Sri Siddhartha Institute of Technology MARALUR ,TUMKUR","INFORMATION SCIENCE AND ENGINEERING",59442,62177,73111,74631,66103,65770,151154,103137,,,,,,,,
2025,R2,E021,"E021 Sri Jayachamarajendra College of Engineering(Constituent College of JSS Science & Technology University), Mysore JSS TECHNICAL INSTITUTIONS CAMPUS,MANASAGANGOTHRI PO,MYSORE","COMPUTER SCIENCE AND ENGINEERING",3057,5814,5984,8526,3671,4540,14975,7669,,,,,,,,
2025,R2,E031,"E031 B V V Sangha`s Basaveshwara Engineering College , Bagalkote (AUTONOMOUS) NIJALINGAPPA ROAD,BAGALKOT 587102","COMPUTER SCIENCE AND ENGINEERING",22902,28473,27843,36342,27473,24315,61734,73239,,,,,,,,
2025,R2,E034,"E034 SDM College of Engineering, Dharwad (AUTONOMOUS) DHAVALAGIRI,KALGHATGI ROAD,DHARWAD","ARTIFICIAL INTELLIGENCE AND MACHINE LEARNING",17855,22346,19534.5,19660,24395,17862,62999,40923,,,,,,,,
2025,R2,E034,"E034 SDM College of Engineering, Dharwad (AUTONOMOUS) DHAVALAGIRI,KALGHATGI ROAD,DHARWAD","COMPUTER SCIENCE AND ENGINEERING",15763,19230,19670,16731,20834,16719,59047,56171,,,,,,,,
2025,R2,E034,"E034 SDM College of Engineering, Dharwad (AUTONOMOUS) DHAVALAGIRI,KALGHATGI ROAD,DHARWAD","INFORMATION SCIENCE AND ENGINEERING",19287,23304,21570,28100,25427,19827.5,63302,70702,,,,,,,,
2025,R2,E036,"E036 K L E Technological Univeristy, Belgaum Campus (Formerly KLE Dr M.S.Sheshagiri College of Engineering and Technology) UDYAMBAGH,BELGAUM","COMPUTER SCIENCE AND ENGG (ARTIFICIAL INTELLIGENCE)",22481,28130,27607,23850,28653,23635,67815,60164,,,,,,,,
2025,R2,E036,"E036 K L E Technological Univeristy, Belgaum Campus (Formerly KLE Dr M.S.Sheshagiri College of Engineering and Technology) UDYAMBAGH,BELGAUM","COMPUTER SCIENCE AND ENGINEERING",22181,27575,27869,25503,27570,23089,74562.5,76299,,,,,,,,
2025,R2,E037,"E037 K.L.S. Gogte Institute of Technology, Belgaum.(AUTONOMOUS) ""JNANA GANGA"", UDYAMBAG,BELGAUM","COMPUTER SCIENCE AND ENGG(ARTIFICIA L INTELLIGENCE AND MACHINE LEARNING)",15496,15720,19066,17558,18147,17417,48838,35481,,,,,,,,
2025,R2,E037,"E037 K.L.S. Gogte Institute of Technology, Belgaum.(AUTONOMOUS) ""JNANA GANGA"", UDYAMBAG,BELGAUM","COMPUTER SCIENCE AND ENGINEERING",16033,21019,19953,23207,19552,17623.8,54006,55693,,,,,,,,
2025,R2,E038,"E038 BLDEA's VP. Dr.P.G. Hallakatti College of Engineering & Technology, Bijapur ASHRAM ROAD,BIJAPUR - 586103","COMPUTER SCIENCE AND ENGG(ARTIFICIA L INTELLIGENCE AND MACHINE LEARNING)",44110,48813,55707,50474,57322,45636,87182,182199,,,,,,,,
2025,R2,E038,"E038 BLDEA's VP. Dr.P.G. Hallakatti College of Engineering & Technology, Bijapur ASHRAM ROAD,BIJAPUR - 586103","COMPUTER SCIENCE AND ENGINEERING",43730,68626,58807,47644,65510,53830,81427,102093,,,,,,,,
2025,R2,E043,"E043 Gurunanak Dev Engineering College, Bidar MAILOOR ROAD,BIDAR 585403","ARTIFICIAL INTELLIGENCE AND MACHINE LEARNING",49131,,63636,,92010,,83424,,,,,,,,,
2025,R2,E043,"E043 Gurunanak Dev Engineering College, Bidar MAILOOR ROAD,BIDAR 585403","COMPUTER SCIENCE AND ENGINEERING",53354,108383,84957,78945.5,232405,86955,109899,80316,,,,,,,,
2025,R2,E044,"E044 Bheemanna Khandre Institute of Technology, Bhalki BHALKI-HUMNABAD ROAD,BHALKI- 585328,DIST. BIDAR","COMPUTER SCIENCE AND ENGG(ARTIFICIA L INTELLIGENCE AND MACHINE LEARNING)",59474,,118185,,,80808,118527,106866,,,,,,,,
2025,R2,E047,"E047 Malnad College of Engineering, Hassan(AUTONOMOUS) P.B. NO. 21, SALAGAME ROAD,HASSSAN","COMPUTER SCIENCE AND BUSINESS SYSTEMS",52007,78038,64193,57627,54597,57649,133015,101612,,,,,,,,
2025,R2,E047,"E047 Malnad College of Engineering, Hassan(AUTONOMOUS) P.B. NO. 21, SALAGAME ROAD,HASSSAN","COMPUTER SCIENCE AND ENGG(ARTIFICIA L INTELLIGENCE AND MACHINE LEARNING)",33073,,43845,35125,,34385,91626,94315,,,,,,,,
2025,R2,E047,"E047 Malnad College of Engineering, Hassan(AUTONOMOUS) P.B. NO. 21, SALAGAME ROAD,HASSSAN","COMPUTER SCIENCE AND ENGINEERING",36496,54645,51150,46487,38586,40646,98471,102950,,,,,,,,
2025,R2,E047,"E047 Malnad College of Engineering, Hassan(AUTONOMOUS) P.B. NO. 21, SALAGAME ROAD,HASSSAN","ROBOTICS AND ARTIFICIAL INTELLIGENCE",54862.5,60262,63928,58887,56488,63027,136005,252873,,,,,,,,
2025,R2,E048,"E048 B M S College of Engineering, Basavanagudi, Bangalore (AUTONOMOUS) POST BOX NO 1908, BULL TEMPLE ROAD,BANGALORE","ARTIFICIAL INTELLIGENCE AND DATA SCIENCE",3988,6385,5591,8642.5,4608,4635,16707,11127,,,,,,,,
2025,R2,E048,"E048 B M S College of Engineering, Basavanagudi, Bangalore (AUTONOMOUS) POST BOX NO 1908, BULL TEMPLE ROAD,BANGALORE","ARTIFICIAL INTELLIGENCE AND MACHINE LEARNING",4398,7052,6087,9884,4539.5,4719,24580,27949,,,,,,,,
2025,R2,E048,"E048 B M S College of Engineering, Basavanagudi, Bangalore (AUTONOMOUS) POST BOX NO 1908, BULL TEMPLE ROAD,BANGALORE","COMPUTER SCIENCE AND BUSINESS SYSTEMS",4816,7516,6819,11023,5087,5501,31774,33431,,,,,,,,
2025,R2,E048,"E048 B M S College of Engineering, Basavanagudi, Bangalore (AUTONOMOUS) POST BOX NO 1908, BULL TEMPLE ROAD,BANGALORE","COMPUTER SCIENCE AND ENGG(INTERNE T OF THINGS & CYBER SECURITY INCLUDING BLOCK CHAIN TECH)",4337,7092,6169,10060,4819,4645,27967,33593,,,,,,,,
2025,R2,E048,"E048 B M S College of Engineering, Basavanagudi, Bangalore (AUTONOMOUS) POST BOX NO 1908, BULL TEMPLE ROAD,BANGALORE","COMPUTER SCIENCE AND ENGINEERING",3465,5532,5372.5,8582,3998,4242,22571,24367.5,,,,,,,,
2025,R2,E048,"E048 B M S College of Engineering, Basavanagudi, Bangalore (AUTONOMOUS) POST BOX NO 1908, BULL TEMPLE ROAD,BANGALORE","COMPUTER SCIENCE AND ENGINEERING(D ATA SCIENCE)",3899,5740,5452,9421,4228,4450,25092,28545,,,,,,,,
2025,R2,E049,"E049 B V V Sangha`s Basaveshwara Engineering College , Bagalkote (AUTONOMOUS) NIJALINGAPPA ROAD,BAGALKOT 587102","ARTIFICIAL INTELLIGENCE AND MACHINE LEARNING",32663,32900,36519,40601.5,34017,35099,79839,54196,,,,,,,,
2025,R2,E049,"E049 B V V Sangha`s Basaveshwara Engineering College , Bagalkote (AUTONOMOUS) NIJALINGAPPA ROAD,BAGALKOT 587102","COMPUTER SCIENCE AND ENGINEERING",29797,31649,36208,59840,35415,33269,83170,95411,,,,,,,,
2025,R2,E049,"E049 B V V Sangha`s Basaveshwara Engineering College , Bagalkote (AUTONOMOUS) NIJALINGAPPA ROAD,BAGALKOT 587102","ELECTRONICS & COMPUTER ENGINEERING",57761,98382,68313,73429,60526,57930,205901,151764,,,,,,,,
2025,R2,E049,"E049 B V V Sangha`s Basaveshwara Engineering College , Bagalkote (AUTONOMOUS) NIJALINGAPPA ROAD,BAGALKOT 587102","INFORMATION SCIENCE AND ENGINEERING",44625,54687.5,51758,61905,48672,46688,149830,118539,,,,,,,,
2025,R2,E057,"E057 JSS Science and Technology University JSS TECHNICAL INSTITUTIONS CAMPUS, MANASAGANGOTHRI, MYSURU 570006","COMPUTER SCIENCE AND BUSINESS SYSTEMS",10941,23807,15383,24646,11093,12116,50558,44129,,,,,,,,
2025,R2,E057,"E057 JSS Science and Technology University JSS TECHNICAL INSTITUTIONS CAMPUS, MANASAGANGOTHRI, MYSURU 570006","COMPUTER SCIENCE AND ENGG(ARTIFICIA L INTELLIGENCE AND MACHINE LEARNING)",7022,,8954.5,13002,7827,7311,30401,23321,,,,,,,,
2025,R2,E057,"E057 JSS Science and Technology University JSS TECHNICAL INSTITUTIONS CAMPUS, MANASAGANGOTHRI, MYSURU 570006","COMPUTER SCIENCE AND ENGINEERING SCIENCE AND TECHNOLOGY(E XCLUSIVELY FOR DIFFERENTLY ABLED)",6167,10333.5,8729,11703,7589,6475,27697,33821,,,,,,,,
2025,R2,E057,"E057 JSS Science and Technology University JSS TECHNICAL INSTITUTIONS CAMPUS, MANASAGANGOTHRI, MYSURU 570006","INFORMATION SCIENCE AND ENGINEERING",8356,12562,11847,18171,8727,9301,40095,43951,,,,,,,,
2025,R2,E058,"E058 P E S College of Engineering, Mandya(AUTONOMOUS) MANDYA: 571 401","COMPUTER SCIENCE AND ENGG(ARTIFICIA L INTELLIGENCE AND MACHINE LEARNING)",30601,47372.5,34420,,31709,33076,67149,64429.5,,,,,,,,
2025,R2,E058,"E058 P E S College of Engineering, Mandya(AUTONOMOUS) MANDYA: 571 401","COMPUTER SCIENCE AND ENGINEERING",30666,37199,39054,37426,32253,35509,66071,65906,,,,,,,,
2025,R2,E058,"E058 P E S College of Engineering, Mandya(AUTONOMOUS) MANDYA: 571 401","COMPUTER SCIENCE AND ENGINEERING(D ATA SCIENCE)",38931,43394,48263,54204,39342,38992,89674,83656,,,,,,,,
2025,R2,E058,"E058 P E S College of Engineering, Mandya(AUTONOMOUS) MANDYA: 571 401","INFORMATION SCIENCE AND ENGINEERING",39146,51744,50284,57512,39259,39211,82244,95026,,,,,,,,
2025,R2,E058,"E058 P E S College of Engineering, Mandya(AUTONOMOUS) MANDYA: 571 401","ROBOTICS AND ARTIFICIAL INTELLIGENCE",55570,103483,86259,83755,58440,60377,152604,240999,,,,,,,,
2025,R2,E059,"E059 P D A College of Engineering, Gulbarga(AUTONOMOUS) AIWAN-E-SHAHI AREA,STATION ROAD,GULBARGA-585102","ARTIFICIAL INTELLIGENCE AND MACHINE LEARNING",44243,73014,70843,,54528,51027,97685,65590,,,,,,,,
2025,R2,E059,"E059 P D A College of Engineering, Gulbarga(AUTONOMOUS) AIWAN-E-SHAHI AREA,STATION ROAD,GULBARGA-585102","COMPUTER SCIENCE AND ENGINEERING",40311,57971,74207,57901,62631,46778,87111,90829,,,,,,,,
2025,R2,E060,"E060 Dr. Ambedkar Institute of Technology, Bangalore(AUTONOMOUS) OUTER RING ROAD,NEAR JNANA BHARATHI CAMPUS,MALLATHAHALLI,BANGALORE-560056","ARTIFICIAL INTELLIGENCE AND MACHINE LEARNING",17180,23330,22169,30644,17581,19573,39083,39466,,,,,,,,
2025,R2,E060,"E060 Dr. Ambedkar Institute of Technology, Bangalore(AUTONOMOUS) OUTER RING ROAD,NEAR JNANA BHARATHI CAMPUS,MALLATHAHALLI,BANGALORE-560056","COMPUTER SCIENCE AND BUSINESS SYSTEMS",26568,31311,34114,,28531,31137,66810,118324,,,,,,,,
2025,R2,E060,"E060 Dr. Ambedkar Institute of Technology, Bangalore(AUTONOMOUS) OUTER RING ROAD,NEAR JNANA BHARATHI CAMPUS,MALLATHAHALLI,BANGALORE-560056","COMPUTER SCIENCE AND ENGINEERING",18262,19403,22620,27774,18531.5,19187,49060,51545,,,,,,,,
2025,R2,E060,"E060 Dr. Ambedkar Institute of Technology, Bangalore(AUTONOMOUS) OUTER RING ROAD,NEAR JNANA BHARATHI CAMPUS,MALLATHAHALLI,BANGALORE-560056","COMPUTER SCIENCE AND ENGINEERING(D ATA SCIENCE)",21442,25278,25156,28931,22162,22527,40416,54899,,,,,,,,
2025,R2,E060,"E060 Dr. Ambedkar Institute of Technology, Bangalore(AUTONOMOUS) OUTER RING ROAD,NEAR JNANA BHARATHI CAMPUS,MALLATHAHALLI,BANGALORE-560056","INFORMATION SCIENCE AND ENGINEERING",22958,24343,25912,32132,23255,23738,70791,63475,,,,,,,,
2025,R2,E061,"E061 University B.D.T College of Engineering, Davanagere P J EXTENSION,HADADI ROAD,DAVENGERE","COMPUTER SCIENCE AND ENGINEERING",26549,30663,32556.5,29124,28146,28306,65189,40268,,,,,,,,
2025,R2,E061,"E061 University B.D.T College of Engineering, Davanagere P J EXTENSION,HADADI ROAD,DAVENGERE","ROBOTICS AND ARTIFICIAL INTELLIGENCE",43335,67275,51585.5,59148,59387,56863,94864,75111,,,,,,,,
2025,R2,E062,"E062 Bapuji Institute of Engineering &  Technology, Davangere (AUTONOMOUS) BAPUJI INSTITUTE OF ENGINEERING & TECHNOLOGY,P.B. NO.325,SHAMANUR ROAD,DAVANGERE-577 004","ARTIFICIAL INTELLIGENCE AND MACHINE LEARNING",37777,56328,49702,43733,46462,41044,103026,100585,,,,,,,,
2025,R2,E062,"E062 Bapuji Institute of Engineering &  Technology, Davangere (AUTONOMOUS) BAPUJI INSTITUTE OF ENGINEERING & TECHNOLOGY,P.B. NO.325,SHAMANUR ROAD,DAVANGERE-577 004","COMPUTER SCIENCE AND ENGINEERING",33885,53458,42275,43042,42718,37385,98185,85535,,,,,,,,
2025,R2,E062,"E062 Bapuji Institute of Engineering &  Technology, Davangere (AUTONOMOUS) BAPUJI INSTITUTE OF ENGINEERING & TECHNOLOGY,P.B. NO.325,SHAMANUR ROAD,DAVANGERE-577 004","COMPUTER SCIENCE AND ENGINEERING(D ATA SCIENCE)",42624,51627,54758.5,45754,49458,43562,99710,93742,,,,,,,,
2025,R2,E062,"E062 Bapuji Institute of Engineering &  Technology, Davangere (AUTONOMOUS) BAPUJI INSTITUTE OF ENGINEERING & TECHNOLOGY,P.B. NO.325,SHAMANUR ROAD,DAVANGERE-577 004","INFORMATION SCIENCE AND 5 ENGINEERING",48108,72244,58201,61573,57118,48925,137455,113788,,,,,,,,
2025,R2,E064,"E064 Adhichunchanagiri Institute of Technology, Chickamagalur ADICHUNCHANAGIRI EXTENTION,JYOTHINAGAR,CHIKMAGALUR - 577102","ARTIFICIAL INTELLIGENCE AND MACHINE LEARNING",44050,63801,63379,63539,44416,64718,88835,77519,,,,,,,,
2025,R2,E064,"E064 Adhichunchanagiri Institute of Technology, Chickamagalur ADICHUNCHANAGIRI EXTENTION,JYOTHINAGAR,CHIKMAGALUR - 577102","COMPUTER SCIENCE AND ENGINEERING",56927,78510,80935,65734,63929,65606,134160,161478,,,,,,,,
2025,R2,E065,"E065 Jawaharlal Nehru New College of Engineering, Shimoga P.B. NO. 128,NAVULE, SHIMOGA","ARTIFICIAL INTELLIGENCE AND MACHINE LEARNING",23437,34772,42751,,29484,28204,54181,79249,,,,,,,,
2025,R2,E065,"E065 Jawaharlal Nehru New College of Engineering, Shimoga P.B. NO. 128,NAVULE, SHIMOGA","COMPUTER SCIENCE AND ENGINEERING",29095,46021,44704,35123,34152,38034,88411,105020,,,,,,,,
2025,R2,E065,"E065 Jawaharlal Nehru New College of Engineering, Shimoga P.B. NO. 128,NAVULE, SHIMOGA","COMPUTER SCIENCE AND ENGINEERING(D ATA SCIENCE)",46919,48373,54610,58086,54028,47772,113113,100234,,,,,,,,
2025,R2,E065,"E065 Jawaharlal Nehru New College of Engineering, Shimoga P.B. NO. 128,NAVULE, SHIMOGA","INFORMATION SCIENCE AND ENGINEERING",52674,59732,64110,71668,60646,56607,128975,177548,,,,,,,,
2025,R2,E066,"E066 University B.D.T. college of Engineering, (H.GOV),Davangere","COMPUTER SCIENCE AND ENGINEERING",46754,60329,60389,60833,64619,53719,89367,73378,,,,,,,,
2025,R2,E071,"E071 Vidya Vardhaka College of Engineering, Mysore(AUTONOMOUS) P.B.NO.206,GOKULAM 3RD STAGE,MYSORE","COMPUTER SCIENCE AND ENGG(ARTIFICIA L INTELLIGENCE AND MACHINE LEARNING)",21239,28539,27730,29105,21995,23997,62135,49616,,,,,,,,
2025,R2,E071,"E071 Vidya Vardhaka College of Engineering, Mysore(AUTONOMOUS) P.B.NO.206,GOKULAM 3RD STAGE,MYSORE","COMPUTER SCIENCE AND ENGINEERING",19803,28493,27061,34850,22502,23123,63452,63887,,,,,,,,
2025,R2,E075,"E075 Ballari Institute of Technology & Management, Bellary(AUTONOMOUS) ""JNANA GANGOTRI"" CAMPUS, #873/2 OF KOLAGAL VILLAGE,BELLARY-HOSPET ROAD, ALLIPUR","ARTIFICIAL INTELLIGENCE AND MACHINE LEARNING",49074,62237,61667,58186,54972,52989,86449,83259,,,,,,,,
2025,R2,E075,"E075 Ballari Institute of Technology & Management, Bellary(AUTONOMOUS) ""JNANA GANGOTRI"" CAMPUS, #873/2 OF KOLAGAL VILLAGE,BELLARY-HOSPET ROAD, ALLIPUR","COMPUTER SCIENCE AND ENGG (ARTIFICIAL INTELLIGENCE)",48542,,58978,,59209,56478,93148,58521,,,,,,,,
2025,R2,E075,"E075 Ballari Institute of Technology & Management, Bellary(AUTONOMOUS) ""JNANA GANGOTRI"" CAMPUS, #873/2 OF KOLAGAL VILLAGE,BELLARY-HOSPET ROAD, ALLIPUR","COMPUTER SCIENCE AND ENGINEERING",30192,56698,49064.5,42801,54796,42689.5,74794,51762,,,,,,,,
2025,R2,E075,"E075 Ballari Institute of Technology & Management, Bellary(AUTONOMOUS) ""JNANA GANGOTRI"" CAMPUS, #873/2 OF KOLAGAL VILLAGE,BELLARY-HOSPET ROAD, ALLIPUR","COMPUTER SCIENCE AND ENGINEERING(D ATA SCIENCE)",54108,73513,76707.5,,,58144,118764,106441,,,,,,,,
2025,R2,E077,"E077 Vidya Vikas Institute of Engineering & Technology, Mysore #127,ALANAHALLY,ALANAHALLY  POST,MYSORE-BANNUR ROAD,MYSORE","COMPUTER SCIENCE AND ENGINEERING",39661,43836,44386,67326,42509,40933,87757,94121,,,,,,,,
2025,R2,E077,"E077 Vidya Vikas Institute of Engineering & Technology, Mysore #127,ALANAHALLY,ALANAHALLY  POST,MYSORE-BANNUR ROAD,MYSORE","INFORMATION SCIENCE AND ENGINEERING",58838,64152,71508,102639,60703,62470,120859,122764,,,,,,,,
2025,R2,E078,"E078 The Oxford College of Engineering, Bangalore HOSUR ROAD,BOMMANAHALLI,BANGALORE","ARTIFICIAL INTELLIGENCE AND DATA SCIENCE",38832,41544,43234,46274,41247,39455,88604,141088,,,,,,,,
2025,R2,E078,"E078 The Oxford College of Engineering, Bangalore HOSUR ROAD,BOMMANAHALLI,BANGALORE","ARTIFICIAL INTELLIGENCE AND MACHINE LEARNING",36721,38772,41434,44027,37525,38500,94812,87778,,,,,,,,
2025,R2,E078,"E078 The Oxford College of Engineering, Bangalore HOSUR ROAD,BOMMANAHALLI,BANGALORE","COMPUTER SCIENCE AND ENGINEERING",35270,39193,40334,47036,35517,35594,92230,82387,,,,,,,,
2025,R2,E078,"E078 The Oxford College of Engineering, Bangalore HOSUR ROAD,BOMMANAHALLI,BANGALORE","INFORMATION SCIENCE AND ENGINEERING",43894,49521,49097,48155,44605,45678,139611,165213,,,,,,,,
2025,R2,E079,"E079 Acharya Institute of Technology, Soldevanahalli,Chikkabanavara post, Bangalore SOLDEVANAHALLI, HESARAGHATTA MAIN ROAD, CHIKKABANAVARA POST,BANGALORE URBAN","ARTIFICIAL INTELLIGENCE AND MACHINE LEARNING",24882,28273,27711,34180,25142,25776,55885,64575,,,,,,,,
2025,R2,E079,"E079 Acharya Institute of Technology, Soldevanahalli,Chikkabanavara post, Bangalore SOLDEVANAHALLI, HESARAGHATTA MAIN ROAD, CHIKKABANAVARA POST,BANGALORE URBAN","COMPUTER SCIENCE AND ENGINEERING",25636,27823,29633.5,34570,26484,26255,65748,71793,,,,,,,,
2025,R2,E079,"E079 Acharya Institute of Technology, Soldevanahalli,Chikkabanavara post, Bangalore SOLDEVANAHALLI, HESARAGHATTA MAIN ROAD, CHIKKABANAVARA POST,BANGALORE URBAN","COMPUTER SCIENCE AND ENGINEERING(D ATA SCIENCE)",27409,28409,30752,35091,28428,28402,73453,73644,,,,,,,,
2025,R2,E079,"E079 Acharya Institute of Technology, Soldevanahalli,Chikkabanavara post, Bangalore SOLDEVANAHALLI, HESARAGHATTA MAIN ROAD, CHIKKABANAVARA POST,BANGALORE URBAN","INFORMATION SCIENCE AND ENGINEERING",30105,35617,34972,38340,30472,31273,92467,98421,,,,,,,,
2025,R2,E079,"E079 Acharya Institute of Technology, Soldevanahalli,Chikkabanavara post, Bangalore SOLDEVANAHALLI, HESARAGHATTA MAIN ROAD, CHIKKABANAVARA POST,BANGALORE URBAN","ROBOTICS AND ARTIFICIAL INTELLIGENCE",33206,37358,37783,57952,34810,33417,110530,50777,,,,,,,,
2025,R2,E082,"E082 J S S Academy of Technical Education, Bangalore JSSATE CAMPUS,UTTARAHALLI-KENGERI ROAD ,BANGALORE 560060","COMPUTER SCIENCE AND ENGG(ARTIFICIA L INTELLIGENCE AND MACHINE LEARNING)",19062,24854,24352,29340,19339,20339,77933,66380,,,,,,,,
2025,R2,E082,"E082 J S S Academy of Technical Education, Bangalore JSSATE CAMPUS,UTTARAHALLI-KENGERI ROAD ,BANGALORE 560060","COMPUTER SCIENCE AND ENGINEERING",17798,22727.5,22366,29885,18266,18700,66324,62496,,,,,,,,
2025,R2,E082,"E082 J S S Academy of Technical Education, Bangalore JSSATE CAMPUS,UTTARAHALLI-KENGERI ROAD ,BANGALORE 560060","INFORMATION SCIENCE AND ENGINEERING",21756,27599,27417,32567,22646,23150,89776,96748,,,,,,,,
2025,R2,E082,"E082 J S S Academy of Technical Education, Bangalore JSSATE CAMPUS,UTTARAHALLI-KENGERI ROAD ,BANGALORE 560060","ROBOTICS AND AUTOMATION",24955,29872,30222,,,,101307,65509,,,,,,,,
2025,R2,E083,"E083 H.K.B.K.College of Engineering, Bangalore # 22/1, NAGAWARA, BANGALORE-560045","ARTIFICIAL INTELLIGENCE AND MACHINE LEARNING",55928,67317,71248,62066,59752,64713,109825,155907,,,,,,,,
2025,R2,E091,"E091 K S Institute of Technology, Raghuvanahalli, Bangalore(AUTONOMOUS) #14,RAGUVANAHALLI, KANAKAPURA MAIN ROAD,BANGALORE - 560 062.","ARTIFICIAL INTELLIGENCE AND MACHINE LEARNING",39650,41330,44461,44935,40541,42056,109628,150785,,,,,,,,
2025,R2,E091,"E091 K S Institute of Technology, Raghuvanahalli, Bangalore(AUTONOMOUS) #14,RAGUVANAHALLI, KANAKAPURA MAIN ROAD,BANGALORE - 560 062.","COMPUTER SCIENCE AND DESIGN",50171,65218,56086,63098,54325,51441,181663,,,,,,,,,
2025,R2,E091,"E091 K S Institute of Technology, Raghuvanahalli, Bangalore(AUTONOMOUS) #14,RAGUVANAHALLI, KANAKAPURA MAIN ROAD,BANGALORE - 560 062.","COMPUTER SCIENCE AND ENGG(INTERNE T OF THINGS & CYBER SECURITY INCLUDING BLOCK CHAIN TECH)",42845,,46818,60696,43745,43919,141001,167995,,,,,,,,
2025,R2,E091,"E091 K S Institute of Technology, Raghuvanahalli, Bangalore(AUTONOMOUS) #14,RAGUVANAHALLI, KANAKAPURA MAIN ROAD,BANGALORE - 560 062.","COMPUTER SCIENCE AND ENGINEERING",35543.5,41583,40840,58994,37496,37654,103157,127761,,,,,,,,
2025,R2,E092,"E092 Vemana Institute of Technology, Bangalore #1, MAHAYOGI VEMANA ROAD, 3RD BLOCK, KORMANGALA, BANGALORE -560034.","ARTIFICIAL INTELLIGENCE AND MACHINE LEARNING",50033,53786,55416,52857,54550,52542,88000,80303,,,,,,,,
2025,R2,E092,"E092 Vemana Institute of Technology, Bangalore #1, MAHAYOGI VEMANA ROAD, 3RD BLOCK, KORMANGALA, BANGALORE -560034.","COMPUTER SCIENCE AND ENGINEERING",56439,64456,67608,67094,58197,63078,129018,158946,,,,,,,,
2025,R2,E095,"E095 AMC Engineering College, Bannerghatta Road, Bangalore(AUTONOMOUS) 18KM,BANNERAGHATTA ROAD,KALKERE,BANGALORE-560083,BANGALORE URBAN","ARTIFICIAL INTELLIGENCE AND MACHINE LEARNING",39341,46372,49651.7,49916.5,41562,44104,78462,102303,,,,,,,,
2025,R2,E095,"E095 AMC Engineering College, Bannerghatta Road, Bangalore(AUTONOMOUS) 18KM,BANNERAGHATTA ROAD,KALKERE,BANGALORE-560083,BANGALORE URBAN","COMPUTER SCIENCE AND ENGG(ARTIFICIA L INTELLIGENCE AND MACHINE LEARNING)",45090,50614,51397,50332,49808,49575,105334,158281,,,,,,,,
2025,R2,E095,"E095 AMC Engineering College, Bannerghatta Road, Bangalore(AUTONOMOUS) 18KM,BANNERAGHATTA ROAD,KALKERE,BANGALORE-560083,BANGALORE URBAN","COMPUTER SCIENCE AND ENGINEERING",44609,57860,54976,64277,48371,48562,127728,128001,,,,,,,,
2025,R2,E095,"E095 AMC Engineering College, Bannerghatta Road, Bangalore(AUTONOMOUS) 18KM,BANNERAGHATTA ROAD,KALKERE,BANGALORE-560083,BANGALORE URBAN","COMPUTER SCIENCE AND ENGINEERING(D ATA SCIENCE)",50578,61054,58226,56243,51362.5,54336,117353,186270,,,,,,,,
2025,R2,E096,"E096 East Point College of Engineering & Technology, Bangalore(AUTONOMOUS) JNANA PRABHA, BIDARAHALLI,VIRGONAGAR POST,BANGALORE.","COMPUTER SCIENCE AND ENGG(ARTIFICIA L INTELLIGENCE AND MACHINE LEARNING)",46672,53156,54276,59364,48433,49661,107038,112972,,,,,,,,
2025,R2,E096,"E096 East Point College of Engineering & Technology, Bangalore(AUTONOMOUS) JNANA PRABHA, BIDARAHALLI,VIRGONAGAR POST,BANGALORE.","COMPUTER SCIENCE AND ENGINEERING",52026,65762,63876,67356,56482,57799,132999,164979,,,,,,,,
2025,R2,E096,"E096 East Point College of Engineering & Technology, Bangalore(AUTONOMOUS) JNANA PRABHA, BIDARAHALLI,VIRGONAGAR POST,BANGALORE.","COMPUTER SCIENCE AND ENGINEERING(D ATA SCIENCE)",57774,66932,65214,,59130,59858,106892,104761,,,,,,,,
2025,R2,E097,"E097 C M R Institute of Technology, Kundala Halli village, Bangalore # 132, KUNDALAHALLI VILLAGE,IT PARK ROAD,BANGALORE - 560 037","ARTIFICIAL INTELLIGENCE AND DATA SCIENCE",19225,25426,23121,25526,20559,20230,64870,59341,,,,,,,,
2025,R2,E097,"E097 C M R Institute of Technology, Kundala Halli village, Bangalore # 132, KUNDALAHALLI VILLAGE,IT PARK ROAD,BANGALORE - 560 037","ARTIFICIAL INTELLIGENCE AND MACHINE LEARNING",17728,18644.5,20877,25222,18396,18007,56246,53590,,,,,,,,
2025,R2,E097,"E097 C M R Institute of Technology, Kundala Halli village, Bangalore # 132, KUNDALAHALLI VILLAGE,IT PARK ROAD,BANGALORE - 560 037","COMPUTER SCIENCE AND ENGG(ARTIFICIA L INTELLIGENCE AND MACHINE LEARNING)",16467,22197,19795,27961,16676,17005,63846,57891,,,,,,,,
2025,R2,E097,"E097 C M R Institute of Technology, Kundala Halli village, Bangalore # 132, KUNDALAHALLI VILLAGE,IT PARK ROAD,BANGALORE - 560 037","COMPUTER SCIENCE AND ENGINEERING",14058,20346,17931,26710,16590,16171,53964,43583,,,,,,,,
2025,R2,E097,"E097 C M R Institute of Technology, Kundala Halli village, Bangalore # 132, KUNDALAHALLI VILLAGE,IT PARK ROAD,BANGALORE - 560 037","COMPUTER SCIENCE AND ENGINEERING(D ATA SCIENCE)",17691,21372,20604,24034,18966,19071,64039,56747,,,,,,,,
2025,R2,E097,"E097 C M R Institute of Technology, Kundala Halli village, Bangalore # 132, KUNDALAHALLI VILLAGE,IT PARK ROAD,BANGALORE - 560 037","INFORMATION SCIENCE AND ENGINEERING",20064.5,22622,24024,26457,20829.5,20400,71675,69357,,,,,,,,
2025,R2,E098,"E098 Atria Institute of Technology, Anand Nagar, Hebbal PO, Bangalore (AUTONOMOUS) ASKB CAMPUS, AG'S COLONY, 1ST MAIN, ANANDNAGAR,BANGALORE","ARTIFICIAL INTELLIGENCE AND MACHINE LEARNING",33937,40257,41598,43020,38182,35339,95073.5,105259,,,,,,,,
2025,R2,E098,"E098 Atria Institute of Technology, Anand Nagar, Hebbal PO, Bangalore (AUTONOMOUS) ASKB CAMPUS, AG'S COLONY, 1ST MAIN, ANANDNAGAR,BANGALORE","COMPUTER SCIENCE AND ENGINEERING",40115.5,47302,47480.5,48702,43129,44840,123185,127463,,,,,,,,
2025,R2,E098,"E098 Atria Institute of Technology, Anand Nagar, Hebbal PO, Bangalore (AUTONOMOUS) ASKB CAMPUS, AG'S COLONY, 1ST MAIN, ANANDNAGAR,BANGALORE","COMPUTER SCIENCE AND ENGINEERING(D ATA SCIENCE)",44041,44674,51657,51108.5,44146,48553,122855,186402,,,,,,,,
2025,R2,E098,"E098 Atria Institute of Technology, Anand Nagar, Hebbal PO, Bangalore (AUTONOMOUS) ASKB CAMPUS, AG'S COLONY, 1ST MAIN, ANANDNAGAR,BANGALORE","INFORMATION SCIENCE AND ENGINEERING",51354,57788,54389,55847,53851,52314,138106,212857,,,,,,,,
2025,R2,E099,"E099 New Horizon College of Engineering, Varthur, Bangalore(AUTONOMOUS) RING ROAD, NEAR MARATHALLI, BELLANDUR POST,KADUBHISANAHALLI,BANGALORE","ARTIFICIAL INTELLIGENCE AND MACHINE LEARNING",16815,21369,21271,20600,17623,17610,51431,49737,,,,,,,,
2025,R2,E099,"E099 New Horizon College of Engineering, Varthur, Bangalore(AUTONOMOUS) RING ROAD, NEAR MARATHALLI, BELLANDUR POST,KADUBHISANAHALLI,BANGALORE","COMPUTER SCIENCE AND ENGINEERING",16182,21429,19939,25247,17324,17535.5,56066,52109,,,,,,,,
2025,R2,E101,"E101 Channabasaveshwara Institute of Technology, Gubbi Herur, Tumkur NH 206 (BH ROAD), GUBBI, TUMKUR. KARNATAKA","COMPUTER SCIENCE AND ENGINEERING",57884,85486,84676,68695,60293,63127,146833,135342,,,,,,,,
2025,R2,E102,"E102 DONBOSCO Institute of Technology, Bangalore(AUTONOMOUS) KUMBALAGODU, MYSORE ROAD, KENGERI HOBLI,BANGALORE-560074","ARTIFICIAL INTELLIGENCE AND DATA SCIENCE",41973,53255,55512,56564,44744,44247,95014,128321,,,,,,,,
2025,R2,E102,"E102 DONBOSCO Institute of Technology, Bangalore(AUTONOMOUS) KUMBALAGODU, MYSORE ROAD, KENGERI HOBLI,BANGALORE-560074","COMPUTER SCIENCE AND ENGG(ARTIFICIA L INTELLIGENCE AND MACHINE LEARNING)",41836,46594.5,49890,49576,42292,46181,122786,131811,,,,,,,,
2025,R2,E102,"E102 DONBOSCO Institute of Technology, Bangalore(AUTONOMOUS) KUMBALAGODU, MYSORE ROAD, KENGERI HOBLI,BANGALORE-560074","COMPUTER SCIENCE AND ENGG(INTERNE T OF THINGS & CYBER SECURITY INCLUDING BLOCK CHAIN TECH)",48915,58496,57734,63788,49927,61844,126046,,,,,,,,,
2025,R2,E102,"E102 DONBOSCO Institute of Technology, Bangalore(AUTONOMOUS) KUMBALAGODU, MYSORE ROAD, KENGERI HOBLI,BANGALORE-560074","COMPUTER SCIENCE AND ENGINEERING",39699,50803,47709,63643,42518,41454,124036,132906,,,,,,,,
2025,R2,E102,"E102 DONBOSCO Institute of Technology, Bangalore(AUTONOMOUS) KUMBALAGODU, MYSORE ROAD, KENGERI HOBLI,BANGALORE-560074","INFORMATION SCIENCE AND ENGINEERING",55034,70589,65451,80897,56812,58954,193782,231931,,,,,,,,
2025,R2,E103,"E103 Global Academy of Technology, Bangalore(AUTONOMOUS) IDEAL HOMES TOWNSHIP,RAJARAJESHWARINAGAR,BANGALORE-560098","ARTIFICIAL INTELLIGENCE AND DATA SCIENCE",29920,32712,34743,42081,30627,31041,96923,95440,,,,,,,,
2025,R2,E103,"E103 Global Academy of Technology, Bangalore(AUTONOMOUS) IDEAL HOMES TOWNSHIP,RAJARAJESHWARINAGAR,BANGALORE-560098","ARTIFICIAL INTELLIGENCE AND MACHINE LEARNING",27284,31377,30212,44231.5,28050,28751,71616,71288,,,,,,,,
2025,R2,E103,"E103 Global Academy of Technology, Bangalore(AUTONOMOUS) IDEAL HOMES TOWNSHIP,RAJARAJESHWARINAGAR,BANGALORE-560098","COMPUTER SCIENCE AND ENGG(ARTIFICIA L INTELLIGENCE AND MACHINE LEARNING)",28255,33913,33374.5,31042,28614,30588,94530,118693,,,,,,,,
2025,R2,E103,"E103 Global Academy of Technology, Bangalore(AUTONOMOUS) IDEAL HOMES TOWNSHIP,RAJARAJESHWARINAGAR,BANGALORE-560098","COMPUTER SCIENCE AND ENGINEERING",26895,32680,32079,35730,28187,28669,90872,97920,,,,,,,,
2025,R2,E103,"E103 Global Academy of Technology, Bangalore(AUTONOMOUS) IDEAL HOMES TOWNSHIP,RAJARAJESHWARINAGAR,BANGALORE-560098","INFORMATION SCIENCE AND ENGINEERING",32517,39559,36127,52751,33472,33381,109349,119213,,,,,,,,
2025,R2,E106,"E106 East West Institute Of Technology,Bangalore(AUTONOMOUS) SY. NO.63, OFF MAGADI MAIN ROAD, VISHWANEEDAM POST,BANGALORE","ARTIFICIAL INTELLIGENCE AND DATA SCIENCE",56023,,67441,58251,56117,60531,119655,165044,,,,,,,,
2025,R2,E106,"E106 East West Institute Of Technology,Bangalore(AUTONOMOUS) SY. NO.63, OFF MAGADI MAIN ROAD, VISHWANEEDAM POST,BANGALORE","ARTIFICIAL INTELLIGENCE AND MACHINE LEARNING",47088.5,54556,58678,57188,,53838,91259,89043,,,,,,,,
2025,R2,E106,"E106 East West Institute Of Technology,Bangalore(AUTONOMOUS) SY. NO.63, OFF MAGADI MAIN ROAD, VISHWANEEDAM POST,BANGALORE","COMPUTER SCIENCE AND ENGG(ARTIFICIA L INTELLIGENCE AND MACHINE LEARNING)",56165.5,65849,60173,,59527,60255,119886,122045,,,,,,,,
2025,R2,E106,"E106 East West Institute Of Technology,Bangalore(AUTONOMOUS) SY. NO.63, OFF MAGADI MAIN ROAD, VISHWANEEDAM POST,BANGALORE","COMPUTER SCIENCE AND ENGINEERING",55513,63101,70632,72205,60085,61518,133360,162286,,,,,,,,
2025,R2,E107,"E107 B N M Institute of Technology, Bangalore (AUTONOMOUS) 12TH MAIN, 27TH CROSS, BSK SECOND STAGE","ARTIFICIAL INTELLIGENCE AND MACHINE LEARNING",14480,19370,18098,14950,14936,15238,63683,66542,,,,,,,,
2025,R2,E107,"E107 B N M Institute of Technology, Bangalore (AUTONOMOUS) 12TH MAIN, 27TH CROSS, BSK SECOND STAGE","COMPUTER SCIENCE AND ENGINEERING",12288,18422,16939,24125,12872,12961,61975,64349,,,,,,,,
2025,R2,E107,"E107 B N M Institute of Technology, Bangalore (AUTONOMOUS) 12TH MAIN, 27TH CROSS, BSK SECOND STAGE","INFORMATION SCIENCE AND ENGINEERING",14305.5,,18959,25634,15174,15097,66546,73188,,,,,,,,
2025,R2,E108,"E108 SAPTHAGIRI NPS UNIVERISTY #14/5, CHIKKASANDRA,HESARAGHATTA MAIN ROAD,BANGALURU","COMPUTER SCIENCE AND ENGG(ARTIFICIA L INTELLIGENCE AND MACHINE LEARNING)",54765,69028,68984,75611,59240,62317,151265,177341,,,,,,,,
2025,R2,E108,"E108 SAPTHAGIRI NPS UNIVERISTY #14/5, CHIKKASANDRA,HESARAGHATTA MAIN ROAD,BANGALURU","COMPUTER SCIENCE AND ENGINEERING(A RTIFICAL INTELLIGENCE & DATA SCIENCE)",48251,69390,68729,72063,49509,58113,144873,190298,,,,,,,,
2025,R2,E111,"E111 Sri Venkateshwara College of Engineering, Bangalore VIDYANAGAR, BENGALURU INTERNATIONAL AIRPORT ROAD,BETTAHALASUR POST,BENGALURU NORTH,BENGALURU - 562 157","COMPUTER SCIENCE AND ENGG (ARTIFICIAL INTELLIGENCE)",45968,85116,66965,52783,49644,55040,114437,98251,,,,,,,,
2025,R2,E114,"E114 G M Institute of Technology, Davanagere POST BOX. NO. 4, P.B.ROAD.DAVANGERE.","ARTIFICIAL INTELLIGENCE AND MACHINE LEARNING",51255,64477,65983,56844,66625,51896,121441,116474,,,,,,,,
2025,R2,E114,"E114 G M Institute of Technology, Davanagere POST BOX. NO. 4, P.B.ROAD.DAVANGERE.","COMPUTER SCIENCE AND ENGINEERING",44818,61031,55706,51766,64342,47520,117831,94585,,,,,,,,
2025,R2,E115,"E115 S.J B. Institute of Technology,  Bangalore (AUTONOMOUS) BGS HEALTH & EDUCATION CITY,NO 67, UTTARAHALLI ROAD.KENGERI, BANGALORE -60","ARTIFICIAL INTELLIGENCE AND MACHINE LEARNING",21998,26522,27332,,,22505,65033,77996,,,,,,,,
2025,R2,E115,"E115 S.J B. Institute of Technology,  Bangalore (AUTONOMOUS) BGS HEALTH & EDUCATION CITY,NO 67, UTTARAHALLI ROAD.KENGERI, BANGALORE -60","COMPUTER SCIENCE AND ENGINEERING",22669,27628,26258,35755,22968.5,23099,79128,81462,,,,,,,,
2025,R2,E115,"E115 S.J B. Institute of Technology,  Bangalore (AUTONOMOUS) BGS HEALTH & EDUCATION CITY,NO 67, UTTARAHALLI ROAD.KENGERI, BANGALORE -60","COMPUTER SCIENCE AND ENGINEERING(D ATA SCIENCE)",24326,32526,28716,39098,24358,26665,81015,80666,,,,,,,,
2025,R2,E115,"E115 S.J B. Institute of Technology,  Bangalore (AUTONOMOUS) BGS HEALTH & EDUCATION CITY,NO 67, UTTARAHALLI ROAD.KENGERI, BANGALORE -60","INFORMATION SCIENCE AND ENGINEERING",26441,30976,29656,51939,26737,27856,91201,105394,,,,,,,,
2025,R2,E118,"E118 RNS Institute of Technology, Bangalore (AUTONOMOUS) CHANNASANDRA,UTTARAHALLI -KENGERI MAIN ROAD,SUBRAMANYAPURA POST,BANGALORE","COMPUTER SCIENCE AND ENGG(ARTIFICIA L INTELLIGENCE AND MACHINE LEARNING)",15163,20518,18026,26143.5,15573.5,16039,61329,67354,,,,,,,,
2025,R2,E118,"E118 RNS Institute of Technology, Bangalore (AUTONOMOUS) CHANNASANDRA,UTTARAHALLI -KENGERI MAIN ROAD,SUBRAMANYAPURA POST,BANGALORE","COMPUTER SCIENCE AND ENGINEERING",13941,19574,16825,26431,15051,14671,62493.5,61884,,,,,,,,
2025,R2,E118,"E118 RNS Institute of Technology, Bangalore (AUTONOMOUS) CHANNASANDRA,UTTARAHALLI -KENGERI MAIN ROAD,SUBRAMANYAPURA POST,BANGALORE","COMPUTER SCIENCE AND ENGINEERING (CYBER SECURITY)",16983,19571,21853,27428,17442,17762,67992,77768,,,,,,,,
2025,R2,E118,"E118 RNS Institute of Technology, Bangalore (AUTONOMOUS) CHANNASANDRA,UTTARAHALLI -KENGERI MAIN ROAD,SUBRAMANYAPURA POST,BANGALORE","COMPUTER SCIENCE AND ENGINEERING(D ATA SCIENCE)",16389,22344.5,20233,28632,16890,16643.5,70478,68209,,,,,,,,
2025,R2,E123,"E123 Canara Engineering College Bantwal, BENJANAPADAVU,BANTWAL,PIN 574219,DAKSHINA KANNADA DIST,","ARTIFICIAL INTELLIGENCE AND MACHINE LEARNING",59683,72313,79506,69400,85207,67480,252593,219702,,,,,,,,
2025,R2,E124,"E124 Rajiv Gandhi Institute of Technology, Bangalore CHOLANGAR,R.T.NAGAR POST, HEBBAL,BANGALORE-560032","ARTIFICIAL INTELLIGENCE AND MACHINE LEARNING",50914.5,,54646,,,73365,122007,100931,,,,,,,,
2025,R2,E126,"E126 B M S Institute of Technology & Management, Yelahanka, Bangalore(AUTONOMOUS) POST BOX NO.6443, AVALAHALLI,DODDABALLAPURA MAIN ROAD,YELAHANKA, BANGALORE - 560064.","ARTIFICIAL INTELLIGENCE AND MACHINE LEARNING",12577,17331,15668,24693,12813,13692,47642,46824,,,,,,,,
2025,R2,E126,"E126 B M S Institute of Technology & Management, Yelahanka, Bangalore(AUTONOMOUS) POST BOX NO.6443, AVALAHALLI,DODDABALLAPURA MAIN ROAD,YELAHANKA, BANGALORE - 560064.","COMPUTER SCIENCE AND BUSINESS SYSTEMS",13308,18741,17710,,16018,13519,52894,67945,,,,,,,,
2025,R2,E126,"E126 B M S Institute of Technology & Management, Yelahanka, Bangalore(AUTONOMOUS) POST BOX NO.6443, AVALAHALLI,DODDABALLAPURA MAIN ROAD,YELAHANKA, BANGALORE - 560064.","COMPUTER SCIENCE AND ENGINEERING",11285,16696,14798,21562,12711,12986,47260,53856,,,,,,,,
2025,R2,E128,"E128 Sharanbasava University (Formerly Appa Institute of Engineering and Tech) SHARNBASVESHWARA INSTITUTIONS  CAMPUS , KALABURAGI ( GULBARGA) -585103 , KARNATAKA","B TECH IN ARTIFICIAL INTELLIGENCE AND DATA SCIENCE",46230,87824,72700,,,,88874,,,,,,,,,
2025,R2,E128,"E128 Sharanbasava University (Formerly Appa Institute of Engineering and Tech) SHARNBASVESHWARA INSTITUTIONS  CAMPUS , KALABURAGI ( GULBARGA) -585103 , KARNATAKA","B TECH IN COMPUTER SCIENCE AND ENGINEERING",45168,88032,85843,,81381.5,66947,90658,90631,,,,,,,,
2025,R2,E129,"E129 St.Joseph Engineering College, Mangalore(AUTONOMOUS) MANGALORE","ARTIFICIAL INTELLIGENCE AND MACHINE LEARNING",23830,41367,31496,37851,,24032,91339,59204,,,,,,,,
2025,R2,E129,"E129 St.Joseph Engineering College, Mangalore(AUTONOMOUS) MANGALORE","COMPUTER SCIENCE AND BUSINESS SYSTEMS",39743,66261,41968,45758.5,74076,47649,219879,198426,,,,,,,,
2025,R2,E129,"E129 St.Joseph Engineering College, Mangalore(AUTONOMOUS) MANGALORE","COMPUTER SCIENCE AND ENGINEERING",28113,40632,38573,37562,35885,30584,123495,80783,,,,,,,,
2025,R2,E129,"E129 St.Joseph Engineering College, Mangalore(AUTONOMOUS) MANGALORE","COMPUTER SCIENCE AND ENGINEERING(D ATA SCIENCE)",23225,,37823.5,32610,27394,24119,159488,131182,,,,,,,,
2025,R2,E133,"E133 G S S S Institute of Engineering & Technology for Women, Mysore K.R.S. ROAD, METAGALLI  INDUSTRIAL AREA, MYSORE-16","ARTIFICIAL INTELLIGENCE AND DATA SCIENCE",27547,29172,31589,,28041,28543,49617,75821.5,,,,,,,,
2025,R2,E133,"E133 G S S S Institute of Engineering & Technology for Women, Mysore K.R.S. ROAD, METAGALLI  INDUSTRIAL AREA, MYSORE-16","COMPUTER SCIENCE AND ENGG(ARTIFICIA L INTELLIGENCE AND MACHINE LEARNING)",23245,29629.5,30745,39703,24253,26146,57639,51791,,,,,,,,
2025,R2,E133,"E133 G S S S Institute of Engineering & Technology for Women, Mysore K.R.S. ROAD, METAGALLI  INDUSTRIAL AREA, MYSORE-16","COMPUTER SCIENCE AND ENGINEERING",20244,20634.5,27975,28676,21752,20860,50235,64318,,,,,,,,
2025,R2,E133,"E133 G S S S Institute of Engineering & Technology for Women, Mysore K.R.S. ROAD, METAGALLI  INDUSTRIAL AREA, MYSORE-16","INFORMATION SCIENCE AND ENGINEERING",26879,32891,31715,40147,27134,27354,70402,72086,,,,,,,,
2025,R2,E135,"E135 K L S Viswanathrao Deshpande Institute of Technology, Haliyal UDYOG VIDYA NAGAR,DANDELI ROAD, HALIYAL-581329","COMPUTER SCIENCE AND ENGINEERING",59721,62300,86149,60500,87225,65342,150737,227290,,,,,,,,
2025,R2,E141,"E141 PES UNIVERSITY(Electronic City Campus) Hosur Rd, Konappana Agrahara, Electronic City, Bengaluru, Karnataka 560100","B TECH IN COMPUTER SCIENCE & ENGINEERING (ARTIFICAL INTELLIGENCE & MACHINE LEARNING)",6043,11283,10159,12620,8583,7142,37466,37293,,,,,,,,
2025,R2,E141,"E141 PES UNIVERSITY(Electronic City Campus) Hosur Rd, Konappana Agrahara, Electronic City, Bengaluru, Karnataka 560100","B TECH IN COMPUTER SCIENCE AND ENGINEERING",5084,11513,8988,13633,7782,6508,39249,41486,,,,,,,,
2025,R2,E142,"E142 Adhichunchanagiri University (Formerly B G S Institute of Technology) B.G.NAGARA ,NAGAMANGALA TALUK,MANDYA DISTRICT -571448","ARTIFICIAL INTELLIGENCE AND MACHINE LEARNING ENGINEERING",58713,,90860,86569,61650.5,60872,143201,106493,,,,,,,,
2025,R2,E145,"E145 Rajarajeswari College of Engineering, Bangalore (AUTONOMOUS) #14, RAMOHOLLI CROSS,KUMBALGODU, MYSORE ROAD,BANGALORE - 560074","ARTIFICIAL INTELLIGENCE AND MACHINE LEARNING",41948.5,46131.5,51280,56917,42707.5,47484,98926,163670,,,,,,,,
2025,R2,E145,"E145 Rajarajeswari College of Engineering, Bangalore (AUTONOMOUS) #14, RAMOHOLLI CROSS,KUMBALGODU, MYSORE ROAD,BANGALORE - 560074","COMPUTER SCIENCE AND ENGG(INTERNE T OF THINGS & CYBER SECURITY INCLUDING BLOCK CHAIN TECH)",55836.5,69848,73387,65665,,63761,166423,158114,,,,,,,,
2025,R2,E145,"E145 Rajarajeswari College of Engineering, Bangalore (AUTONOMOUS) #14, RAMOHOLLI CROSS,KUMBALGODU, MYSORE ROAD,BANGALORE - 560074","COMPUTER SCIENCE AND ENGINEERING",44013.5,50508,52924.5,65059,44690,44613,132503,159473,,,,,,,,
2025,R2,E149,"E149 Cambridge Institutute of Technology, K.R.Puram, Bangalore(AUTONOMOUS) K R PURAM,BANGALORE","ARTIFICIAL INTELLIGENCE AND MACHINE LEARNING",26168,26877,32275,33416,30956,28592,73220,77017,,,,,,,,
2025,R2,E149,"E149 Cambridge Institutute of Technology, K.R.Puram, Bangalore(AUTONOMOUS) K R PURAM,BANGALORE","COMPUTER SCIENCE AND ENGG(INTERNE T OF THINGS & CYBER SECURITY INCLUDING BLOCK CHAIN TECH)",32863,45221,38061,41793,33413,34044,89975,115560,,,,,,,,
2025,R2,E149,"E149 Cambridge Institutute of Technology, K.R.Puram, Bangalore(AUTONOMOUS) K R PURAM,BANGALORE","COMPUTER SCIENCE AND ENGINEERING",29679,38681,35062,36835,31250,31243,83228,96701,,,,,,,,
2025,R2,E149,"E149 Cambridge Institutute of Technology, K.R.Puram, Bangalore(AUTONOMOUS) K R PURAM,BANGALORE","COMPUTER SCIENCE AND ENGINEERING(D ATA SCIENCE)",30709,38206,35088,34210,32023,31629,85386,83822,,,,,,,,
2025,R2,E150,"E150 P E S Institute of Technology & Management, Shimoga GUDDADAARAKERE, KOTEGANGOORSAGAR ROAD,SHIMOGA","ARTIFICIAL INTELLIGENCE AND MACHINE LEARNING",59262,68731,73388,60741,60232,75199,100515,125078,,,,,,,,
2025,R2,E150,"E150 P E S Institute of Technology & Management, Shimoga GUDDADAARAKERE, KOTEGANGOORSAGAR ROAD,SHIMOGA","COMPUTER SCIENCE AND ENGINEERING",59956,78210,85002,70117,65519,62475,140426,139497,,,,,,,,
2025,R2,E151,"E151 Mangalore Institute of Technology & Engineering, Moodabidri, Mangalore(AUTONOMOUS) BADAGA MIJAR,","ARTIFICIAL INTELLIGENCE AND MACHINE LEARNING",40059,53466,46707,46047,46236,52701,112814,102225,,,,,,,,
2025,R2,E151,"E151 Mangalore Institute of Technology & Engineering, Moodabidri, Mangalore(AUTONOMOUS) BADAGA MIJAR,","COMPUTER SCIENCE AND ENGG(ARTIFICIA L INTELLIGENCE AND MACHINE LEARNING)",30362,58797,48919,49591,44913,32997,110934,54435,,,,,,,,
2025,R2,E151,"E151 Mangalore Institute of Technology & Engineering, Moodabidri, Mangalore(AUTONOMOUS) BADAGA MIJAR,","COMPUTER SCIENCE AND ENGG(INTERNE T OF THINGS & CYBER SECURITY INCLUDING BLOCK CHAIN TECH)",49300,72707,64787,58214,64876,56393,155406,87818,,,,,,,,
2025,R2,E151,"E151 Mangalore Institute of Technology & Engineering, Moodabidri, Mangalore(AUTONOMOUS) BADAGA MIJAR,","COMPUTER SCIENCE AND ENGINEERING",37754,43684,46344,46593,49957,48300,144934,83715,,,,,,,,
2025,R2,E151,"E151 Mangalore Institute of Technology & Engineering, Moodabidri, Mangalore(AUTONOMOUS) BADAGA MIJAR,","INFORMATION SCIENCE AND ENGINEERING",54772,67207,64775,65607,62192,60435,250716,180061,,,,,,,,
2025,R2,E155,"E155 Government Engineering College, Hassan DAIRY CIRCLE, B M ROAD, HASSAN","ARTIFICIAL INTELLIGENCE AND MACHINE LEARNING",44404,58912,55573,49919,44932,51531,84315,102333,,,,,,,,
2025,R2,E155,"E155 Government Engineering College, Hassan DAIRY CIRCLE, B M ROAD, HASSAN","COMPUTER SCIENCE AND ENGINEERING",44639,70103,60420,52647,46587,55046,91871,86864,,,,,,,,
2025,R2,E158,"E158 Maharaja Institute of Technology Mysore,Belawadi,Srirangapatna,Mandya(AUTONOMOUS) BEHIND K R MILLS,BELAWADI VILLAGE,NAGUVANAHALLI PANCHAYAT,SRIRANGAPATNA TALUK,MANDYA DISTRICT","COMPUTER SCIENCE AND ENGG (ARTIFICIAL INTELLIGENCE)",50123,,57833,59384,50164,50591,116063,115626,,,,,,,,
2025,R2,E158,"E158 Maharaja Institute of Technology Mysore,Belawadi,Srirangapatna,Mandya(AUTONOMOUS) BEHIND K R MILLS,BELAWADI VILLAGE,NAGUVANAHALLI PANCHAYAT,SRIRANGAPATNA TALUK,MANDYA DISTRICT","COMPUTER SCIENCE AND ENGG(ARTIFICIA L INTELLIGENCE AND MACHINE LEARNING)",40174,54192,50031,41118,,48036,101174,100168,,,,,,,,
2025,R2,E158,"E158 Maharaja Institute of Technology Mysore,Belawadi,Srirangapatna,Mandya(AUTONOMOUS) BEHIND K R MILLS,BELAWADI VILLAGE,NAGUVANAHALLI PANCHAYAT,SRIRANGAPATNA TALUK,MANDYA DISTRICT","COMPUTER SCIENCE AND ENGG(INTERNE T OF THINGS & CYBER SECURITY INCLUDING BLOCK CHAIN TECH)",58885,74432,75482,112983,66160,75993,141468,156035,,,,,,,,
2025,R2,E158,"E158 Maharaja Institute of Technology Mysore,Belawadi,Srirangapatna,Mandya(AUTONOMOUS) BEHIND K R MILLS,BELAWADI VILLAGE,NAGUVANAHALLI PANCHAYAT,SRIRANGAPATNA TALUK,MANDYA DISTRICT","COMPUTER SCIENCE AND ENGINEERING",46095,60785,54220,72916,46757,49040,81635,102224,,,,,,,,
2025,R2,E158,"E158 Maharaja Institute of Technology Mysore,Belawadi,Srirangapatna,Mandya(AUTONOMOUS) BEHIND K R MILLS,BELAWADI VILLAGE,NAGUVANAHALLI PANCHAYAT,SRIRANGAPATNA TALUK,MANDYA DISTRICT","COMPUTER SCIENCE AND ENGINEERING(D ATA SCIENCE)",54097,64756,65701,61826,59012,56028,130556,95049.5,,,,,,,,
2025,R2,E160,"E160 Sahyadri College Of Engineering & Management, Adyar, Mangalore(AUTONOMOUS) 'SAHYADRI CAMPUS'N.H-48, ADYAR,MANGALORE","COMPUTER SCIENCE AND ENGG(ARTIFICIA L INTELLIGENCE AND MACHINE LEARNING)",25589,29565,31180,32803,34408,30444,100520,74809,,,,,,,,
2025,R2,E160,"E160 Sahyadri College Of Engineering & Management, Adyar, Mangalore(AUTONOMOUS) 'SAHYADRI CAMPUS'N.H-48, ADYAR,MANGALORE","COMPUTER SCIENCE AND ENGINEERING",18656,28878,25294,31733,22784,24016,101617,65209,,,,,,,,
2025,R2,E160,"E160 Sahyadri College Of Engineering & Management, Adyar, Mangalore(AUTONOMOUS) 'SAHYADRI CAMPUS'N.H-48, ADYAR,MANGALORE","INFORMATION SCIENCE AND ENGINEERING",31253,40348,35752,33106,41120,34470,160736,90639,,,,,,,,
2025,R2,E160,"E160 Sahyadri College Of Engineering & Management, Adyar, Mangalore(AUTONOMOUS) 'SAHYADRI CAMPUS'N.H-48, ADYAR,MANGALORE","ROBOTICS AND AUTOMATION",37431,65910,45064,44643,50438,43694,134460,99774,,,,,,,,
2025,R2,E162,"E162 Government Engineering College, Raichur RAICHUR-HYDERABAD ROAD YERAMARUS,RAICHUR","COMPUTER SCIENCE AND ENGINEERING",59957,76590,76454,,77439,86912,94479,89544,,,,,,,,
2025,R2,E167,"E167 K L E S's K L E College of Engineering & Technology, Chikkodi, Belgaum Dist. BANANTIKODI ROAD CHIKODI,BELGAUM -591 201,","ARTIFICIAL INTELLIGENCE AND DATA SCIENCE",51585,63781,72671,,,59306,111967,154934,,,,,,,,
2025,R2,E167,"E167 K L E S's K L E College of Engineering & Technology, Chikkodi, Belgaum Dist. BANANTIKODI ROAD CHIKODI,BELGAUM -591 201,","COMPUTER SCIENCE AND ENGINEERING",56281,75622,64310,57045,64826,64534,148809,118060,,,,,,,,
2025,R2,E172,"E172 R.R. Institute of Technology, Chikkabanavara, Bangalore(AUTONOMOUS) NO. 67, RAJA REDDY LAYOUT,NEAR CHIKKABANAVARA RAILWAY STATION,CHIKKABANAVARA,BANGALORE - 560090","ARTIFICIAL INTELLIGENCE AND MACHINE LEARNING",58096,92623,67960,78254,59473,69905,132183,103846,,,,,,,,
2025,R2,E173,"E173 Sai Vidya Institute of Technology, Rajanakunte, Bangalore RAJANUKUNTE,DODDBALLAPURA ROAD ,VIA: YELAHANKA,BANGALORE","COMPUTER SCIENCE AND ENGG(ARTIFICIA L INTELLIGENCE AND MACHINE LEARNING)",58313,74283,71279,61396,60289,64767,165228,168104,,,,,,,,
2025,R2,E173,"E173 Sai Vidya Institute of Technology, Rajanakunte, Bangalore RAJANUKUNTE,DODDBALLAPURA ROAD ,VIA: YELAHANKA,BANGALORE","COMPUTER SCIENCE AND ENGINEERING",52195,61535,60570,84263,57073,53662,174370,243819,,,,,,,,
2025,R2,E175,"E175 S.S.E.T.S.S.G.Balekundri Institute of Technology, Shivabasavanagar, Belgaum SHIVABASAVA NAGAR, BELGAUM - 590010","COMPUTER SCIENCE AND ENGINEERING",55493,89249,73283,68225,92648,58152,151702,234448,,,,,,,,
2025,R2,E178,"E178 The National Institute of Engineering(NORTH CAMPUS), No.50(Part) Koorgalli,Hootgalli Industrial Area ,Mysuru-570018","COMPUTER SCIENCE AND ENGG(ARTIFICIA L INTELLIGENCE AND MACHINE LEARNING)",10403,12212,13054,17175,11431,10634,39277,41794,,,,,,,,
2025,R2,E178,"E178 The National Institute of Engineering(NORTH CAMPUS), No.50(Part) Koorgalli,Hootgalli Industrial Area ,Mysuru-570018","COMPUTER SCIENCE AND ENGINEERING",9994,13538,13023,17355,10980.5,10873,37340,41062.7,,,,,,,,
2025,R2,E196,"E196 Jain College of Engineering,Machche, Belgaum T.S. NAGAR,HUNCHANHATTI ROAD,MACCHE, BELGAUM- 590014.","COMPUTER SCIENCE AND ENGG(ARTIFICIA L INTELLIGENCE AND MACHINE LEARNING)",31762,62725,47365,52504.5,52010,32143,103617,99929,,,,,,,,
2025,R2,E196,"E196 Jain College of Engineering,Machche, Belgaum T.S. NAGAR,HUNCHANHATTI ROAD,MACCHE, BELGAUM- 590014.","COMPUTER SCIENCE AND ENGINEERING",38978,47871,45042,50062,51490,41969,102889,138861,,,,,,,,
2025,R2,E209,"E209 Jyothi Institute of Technology, Kanakapura Road,Bangalore ,BANGALORE","ARTIFICIAL INTELLIGENCE AND MACHINE LEARNING",48937,68482,67752,62145,49880,49019,111005,135028,,,,,,,,
2025,R2,E209,"E209 Jyothi Institute of Technology, Kanakapura Road,Bangalore ,BANGALORE","COMPUTER SCIENCE AND ENGINEERING",55893,68827,68135,80458,61559,64583,180001,257875,,,,,,,,
2025,R2,E212,"E212 Dayananda Sagar Academy of Technology & Management Technical Campus, Bangalore(AUTONOMOUS) UDAYAPURA,KANAKAPURA ROAD,BANGALORE URBAN","COMPUTER SCIENCE AND ENGG(ARTIFICIA L INTELLIGENCE AND MACHINE LEARNING)",18425,21921,20577,24927,19884,19667,71801,67692,,,,,,,,
2025,R2,E212,"E212 Dayananda Sagar Academy of Technology & Management Technical Campus, Bangalore(AUTONOMOUS) UDAYAPURA,KANAKAPURA ROAD,BANGALORE URBAN","COMPUTER SCIENCE AND ENGG(INTERNE T OF THINGS & CYBER SECURITY INCLUDING BLOCK CHAIN TECH)",24826,34689,26886,28518,25256,27120,85022,77670,,,,,,,,
2025,R2,E212,"E212 Dayananda Sagar Academy of Technology & Management Technical Campus, Bangalore(AUTONOMOUS) UDAYAPURA,KANAKAPURA ROAD,BANGALORE URBAN","COMPUTER SCIENCE AND ENGINEERING",19226,24382,23768,30353,20160.5,20855,65172,69724,,,,,,,,
2025,R2,E212,"E212 Dayananda Sagar Academy of Technology & Management Technical Campus, Bangalore(AUTONOMOUS) UDAYAPURA,KANAKAPURA ROAD,BANGALORE URBAN","COMPUTER SCIENCE AND ENGINEERING (CYBER SECURITY)",23111.5,24616,25575,31870,23185,24366,69856,70733,,,,,,,,
2025,R2,E212,"E212 Dayananda Sagar Academy of Technology & Management Technical Campus, Bangalore(AUTONOMOUS) UDAYAPURA,KANAKAPURA ROAD,BANGALORE URBAN","COMPUTER SCIENCE AND ENGINEERING(D ATA SCIENCE)",21408,30433,26200,29709,23491,22269,74211,77391,,,,,,,,
2025,R2,E212,"E212 Dayananda Sagar Academy of Technology & Management Technical Campus, Bangalore(AUTONOMOUS) UDAYAPURA,KANAKAPURA ROAD,BANGALORE URBAN","INFORMATION SCIENCE AND ENGINEERING",24178,26698,28687,32604,24622,25429,93248,85493,,,,,,,,
2025,R2,E220,"E220 ALLIANCE University Central Campus, Chikkahadage Cross Chandapura-Anekal, Main Road, Bengaluru, Karnataka 562106","B TECH IN ARTIFICIAL INTELLIGENCE AND MACHINE LEARNING",26742,43713,39191,28334,28828,28370,75422,50828,,,,,,,,
2025,R2,E220,"E220 ALLIANCE University Central Campus, Chikkahadage Cross Chandapura-Anekal, Main Road, Bengaluru, Karnataka 562106","B TECH IN COMPUTER SCIENCE & ENGG (ARTIFICIAL INTELLIGENCE AND FUTURE TECHNOLOGIES )",34866,69764,45252,55378,36310,38610,88154,138103,,,,,,,,
2025,R2,E220,"E220 ALLIANCE University Central Campus, Chikkahadage Cross Chandapura-Anekal, Main Road, Bengaluru, Karnataka 562106","B TECH IN COMPUTER SCIENCE AND ENGINEERING",44112,59739,55210,56146,46375,51583.5,123852,170788,,,,,,,,
2025,R2,E220,"E220 ALLIANCE University Central Campus, Chikkahadage Cross Chandapura-Anekal, Main Road, Bengaluru, Karnataka 562106","B TECH IN COMPUTER SCIENCE AND ENGINEERING(C YBER SECURITY)",36692,42539,50755,41318,39289,36782,82542.5,140984,,,,,,,,
2025,R2,E220,"E220 ALLIANCE University Central Campus, Chikkahadage Cross Chandapura-Anekal, Main Road, Bengaluru, Karnataka 562106","B TECH IN COMPUTER SCIENCE AND ENGINEERING(I OT)",50574,72466,57758,59074,52532,58392,138392,140534,,,,,,,,
2025,R2,E220,"E220 ALLIANCE University Central Campus, Chikkahadage Cross Chandapura-Anekal, Main Road, Bengaluru, Karnataka 562106","B TECH IN INFORMATION TECHNOLOGY",52218,63898,69110,,53861,55630,129836,190870,,,,,,,,
2025,R2,E222,"E222 Cambridge Institute Of Technology, North Campus, Devanahalli, Bangalore SURVEY NO. 73, LINGADHEERA GOLLAHALLI, KUNDANA POST, DEVANAHALLI TALUK","COMPUTER SCIENCE AND ENGG(ARTIFICIA L INTELLIGENCE AND MACHINE LEARNING)",51980.5,72256,72896,57764,63853,57697,137745,210728,,,,,,,,
2025,R2,E222,"E222 Cambridge Institute Of Technology, North Campus, Devanahalli, Bangalore SURVEY NO. 73, LINGADHEERA GOLLAHALLI, KUNDANA POST, DEVANAHALLI TALUK","COMPUTER SCIENCE AND ENGINEERING",59311,74588,75815,73471,63129,63641,169401,171270,,,,,,,,
2025,R2,E232,"E232 REVA University RUKMINI KNOWLEDGE PARK, KATTIGENAHALLI, YELAHANKA,BANGALORE - 560064,","B TECH IN COMPUTER SCIENCE AND INFORMATION TECHNOLOGY",27016,36559,33055,34469,28737,28778.5,86514,92810,,,,,,,,
2025,R2,E232,"E232 REVA University RUKMINI KNOWLEDGE PARK, KATTIGENAHALLI, YELAHANKA,BANGALORE - 560064,","B TECH IN ARTIFICIAL INTELLIGENCE AND DATA SCIENCE",22233,29617,27727.5,29419,23718,23115,59524,59412,,,,,,,,
2025,R2,E232,"E232 REVA University RUKMINI KNOWLEDGE PARK, KATTIGENAHALLI, YELAHANKA,BANGALORE - 560064,","B TECH IN COMPUTER SCIENCE & ENGINEERING (ARTIFICAL INTELLIGENCE & MACHINE LEARNING)",20200,23685,25194,24076,22137,21817,58901.7,55386,,,,,,,,
2025,R2,E232,"E232 REVA University RUKMINI KNOWLEDGE PARK, KATTIGENAHALLI, YELAHANKA,BANGALORE - 560064,","B TECH IN COMPUTER SCIENCE AND ENGINEERING",18732,25512,22989,24176,19871,19865,56276,64784,,,,,,,,
2025,R2,E232,"E232 REVA University RUKMINI KNOWLEDGE PARK, KATTIGENAHALLI, YELAHANKA,BANGALORE - 560064,","B TECH IN COMPUTER SCIENCE AND ENGINEERING(I OT INCLUDING BLOCK CHAIN)",25803,30335,31359,,26229,26562,90474,76600,,,,,,,,
2025,R2,E232,"E232 REVA University RUKMINI KNOWLEDGE PARK, KATTIGENAHALLI, YELAHANKA,BANGALORE - 560064,","B TECH IN ELECTRONICS & COMPUTER ENGINEERING",29939,,36618,40103,30545,32047,90985,112517,,,,,,,,
2025,R2,E232,"E232 REVA University RUKMINI KNOWLEDGE PARK, KATTIGENAHALLI, YELAHANKA,BANGALORE - 560064,","B TECH IN INFORMATION SCIENCE ENGINEERING",23686,26024,30440,29876,23853,23841,83341,93203,,,,,,,,
2025,R2,E232,"E232 REVA University RUKMINI KNOWLEDGE PARK, KATTIGENAHALLI, YELAHANKA,BANGALORE - 560064,","B Tech in ROBOTICS AND ARTIFICIAL INTELLIGENCE",25251,33879,29595,31941,,27090,79665,58389,,,,,,,,
2025,R2,E235,"E235 M . S . Ramaiah University of Applied Sciences UNIVERSITY HOUSE, GNANAGANGOTHRI CAMPUS, NEW BEL ROAD, MSR ROAD, BANGALORE - 560054","B TECH IN ARTIFICIAL INTELLIGENCE AND MACHINE LEARNING",16827,25153,21717,26749,17662,18886,58468,60303,,,,,,,,
2025,R2,E235,"E235 M . S . Ramaiah University of Applied Sciences UNIVERSITY HOUSE, GNANAGANGOTHRI CAMPUS, NEW BEL ROAD, MSR ROAD, BANGALORE - 560054","B TECH IN COMPUTER SCIENCE AND ENGINEERING",17206,25166,21326,27758,18527,18725.5,55335,72747,,,,,,,,
2025,R2,E235,"E235 M . S . Ramaiah University of Applied Sciences UNIVERSITY HOUSE, GNANAGANGOTHRI CAMPUS, NEW BEL ROAD, MSR ROAD, BANGALORE - 560054","B TECH IN MATHAMATICS AND COMPUTING",11086,38566,24564,,,,63762,60267,,,,,,,,
2025,R2,E235,"E235 M . S . Ramaiah University of Applied Sciences UNIVERSITY HOUSE, GNANAGANGOTHRI CAMPUS, NEW BEL ROAD, MSR ROAD, BANGALORE - 560054","B TECH IN ROBOTICS ENGINEERING",26290,,30312,32345.5,27316,34916,94488,109542,,,,,,,,
2025,R2,E237,"E237 PRESIDENCY University ITGALPURA, RAJANUKUNTE, YELAHANKA, BENGALURU - 560 064","B TECH IN ARTIFICIAL INTELLIGENCE AND DATA SCIENCE",35255,46598,47080,35911,38963,40441,98808.5,103630,,,,,,,,
2025,R2,E237,"E237 PRESIDENCY University ITGALPURA, RAJANUKUNTE, YELAHANKA, BENGALURU - 560 064","B TECH IN COMPUTER SCIENCE & ENGINEERING (ARTIFICAL INTELLIGENCE & MACHINE LEARNING)",35263,47123,46083,40645,36631,42484,93418,95160,,,,,,,,
2025,R2,E237,"E237 PRESIDENCY University ITGALPURA, RAJANUKUNTE, YELAHANKA, BENGALURU - 560 064","B TECH IN COMPUTER SCIENCE AND ENGINEERING(B LOCK CHAIN)",54456,85684,71700,59314,60512,54892,147572,185498,,,,,,,,
2025,R2,E237,"E237 PRESIDENCY University ITGALPURA, RAJANUKUNTE, YELAHANKA, BENGALURU - 560 064","B TECH IN COMPUTER SCIENCE AND ENGINEERING(C YBER SECURITY)",52193,84754,70768,58596,53825,54626,132933,149127,,,,,,,,
2025,R2,E237,"E237 PRESIDENCY University ITGALPURA, RAJANUKUNTE, YELAHANKA, BENGALURU - 560 064","B TECH IN COMPUTER SCIENCE AND ENGINEERING(D ATA SCIENCE)",49847,66600,63315,56602,52948,52041,118458,149229,,,,,,,,
2025,R2,E237,"E237 PRESIDENCY University ITGALPURA, RAJANUKUNTE, YELAHANKA, BENGALURU - 560 064","B TECH IN COMPUTER SCIENCE AND ENGINEERING(I OT)",58646,84680,73776,65521,59550,63449,166773,157565,,,,,,,,
2025,R2,E237,"E237 PRESIDENCY University ITGALPURA, RAJANUKUNTE, YELAHANKA, BENGALURU - 560 064","B TECH IN COMPUTER SCIENCE AND TECHNOLOGY(B IG DATA)",59358,,65275,69431,60068,61276,126922,167936,,,,,,,,
2025,R2,E237,"E237 PRESIDENCY University ITGALPURA, RAJANUKUNTE, YELAHANKA, BENGALURU - 560 064","B TECH IN COMPUTER SCIENCE AND TECHNOLOGY(D EV OPS)",53291,65613,71222,,,54964,142573,129039,,,,,,,,
2025,R2,E237,"E237 PRESIDENCY University ITGALPURA, RAJANUKUNTE, YELAHANKA, BENGALURU - 560 064","B TECH IN INFORMATION SCIENCE ENGINEERING",52953,70207,67649,61644,53283,53604,142734,171337,,,,,,,,
2025,R2,E237,"E237 PRESIDENCY University ITGALPURA, RAJANUKUNTE, YELAHANKA, BENGALURU - 560 064","B Tech in ROBOTICS AND ARTIFICIAL INTELLIGENCE",49162,81257,51899,50258,52536,56420,136300,129949,,,,,,,,
2025,R2,E240,"E240 Dayananda Sagar University DEVARAKAGGALAHALLI VILLAGE, HAROHALLI, KANAKAPURA MAIN ROAD, RAMANAGAR DIST","B TECH IN COMPUTER SCIENCE & ENGINEERING (ARTIFICAL INTELLIGENCE & MACHINE LEARNING)",26494,37732,33482,43169.5,28571.5,31231,80519,109973,,,,,,,,
2025,R2,E240,"E240 Dayananda Sagar University DEVARAKAGGALAHALLI VILLAGE, HAROHALLI, KANAKAPURA MAIN ROAD, RAMANAGAR DIST","B TECH IN COMPUTER SCIENCE AND ENGINEERING",28636,40171,38178,40914,32613,32296,104796,120253,,,,,,,,
2025,R2,E240,"E240 Dayananda Sagar University DEVARAKAGGALAHALLI VILLAGE, HAROHALLI, KANAKAPURA MAIN ROAD, RAMANAGAR DIST","B TECH IN COMPUTER SCIENCE AND ENGINEERING(A RTIFICIAL INTELLIGENCE AND DATA SCIENCE)",30485.5,35677,40987,46853,33576,32790,107463,114826,,,,,,,,
2025,R2,E240,"E240 Dayananda Sagar University DEVARAKAGGALAHALLI VILLAGE, HAROHALLI, KANAKAPURA MAIN ROAD, RAMANAGAR DIST","B TECH IN COMPUTER SCIENCE AND ENGINEERING(C YBER SECURITY)",33153,43813,41981,46561,33906,35901,100424,129734,,,,,,,,
2025,R2,E240,"E240 Dayananda Sagar University DEVARAKAGGALAHALLI VILLAGE, HAROHALLI, KANAKAPURA MAIN ROAD, RAMANAGAR DIST","B TECH IN COMPUTER SCIENCE AND ENGINEERING(D ATA SCIENCE)",31911,35968,39943.5,46299,33904,35546,99883,138082,,,,,,,,
2025,R2,E240,"E240 Dayananda Sagar University DEVARAKAGGALAHALLI VILLAGE, HAROHALLI, KANAKAPURA MAIN ROAD, RAMANAGAR DIST","B TECH IN COMPUTER SCIENCE AND TECHNOLOGY",36739,43252,44230,42758,38106,37347,110722,141636,,,,,,,,
2025,R2,E240,"E240 Dayananda Sagar University DEVARAKAGGALAHALLI VILLAGE, HAROHALLI, KANAKAPURA MAIN ROAD, RAMANAGAR DIST","B Tech in ROBOTICS AND ARTIFICIAL INTELLIGENCE",36004,45394,42735,54327.7,38858,40600,136270,98194,,,,,,,,
2025,R2,E240,"E240 Dayananda Sagar University DEVARAKAGGALAHALLI VILLAGE, HAROHALLI, KANAKAPURA MAIN ROAD, RAMANAGAR DIST","B.TECH IN Computer Science and Medical Engineering",47668,,67458,48290,59390,49090,125241,85187,,,,,,,,
2025,R2,E241,"E241 KLE Technological University(Formerly (BVBCET) BVBHOOMARADDI COLLEGE CAMPUS, VIDYANAGAR, HUBBALLI","AUTOMATION AND ROBOTICS",23951,26067,33644,60891,,24133,91266.5,59350,,,,,,,,
2025,R2,E241,"E241 KLE Technological University(Formerly (BVBCET) BVBHOOMARADDI COLLEGE CAMPUS, VIDYANAGAR, HUBBALLI","COMPUTER SCIENCE AND ENGG (ARTIFICIAL INTELLIGENCE)",11128,11959,14290.5,12802,14546,13140,49091,37730,,,,,,,,
2025,R2,E241,"E241 KLE Technological University(Formerly (BVBCET) BVBHOOMARADDI COLLEGE CAMPUS, VIDYANAGAR, HUBBALLI","COMPUTER SCIENCE AND ENGINEERING",9888,15050,13133,16007,15800,12992,46547,35117,,,,,,,,
2025,R2,E257,"E257 CMR University Main Campus, Off Hennur Bagalur Main Road, Chagalatti, Bangalore","B TECH IN COMPUTER ENGINEERING",42978,55577,55354,49595,45594,47434,145884,190095,,,,,,,,
2025,R2,E257,"E257 CMR University Main Campus, Off Hennur Bagalur Main Road, Chagalatti, Bangalore","B TECH IN COMPUTER SCIENCE & ENGINEERING (ARTIFICAL INTELLIGENCE & MACHINE LEARNING)",31503,46325,43120,47292,33653,32740,89474,111812,,,,,,,,
2025,R2,E257,"E257 CMR University Main Campus, Off Hennur Bagalur Main Road, Chagalatti, Bangalore","B TECH IN COMPUTER SCIENCE AND ENGINEERING",38001,54257,47397,58019.5,42953,40086,124774,141065,,,,,,,,
2025,R2,E257,"E257 CMR University Main Campus, Off Hennur Bagalur Main Road, Chagalatti, Bangalore","B TECH IN COMPUTER SCIENCE AND ENGINEERING(D ATA SCIENCE)",42370,50167,47755,58274,44427,42381,132072,160387,,,,,,,,
2025,R2,E257,"E257 CMR University Main Campus, Off Hennur Bagalur Main Road, Chagalatti, Bangalore","B TECH IN INFORMATION TECHNOLOGY",44859,,54969,58373,55045,55678,133990,184945,,,,,,,,
2025,R2,E258,"E258 Maharaja Institute of Technology,Tandavapura,Mysore THANDAVAPURA VILLAGA,ON NATIONAL HIGHWWAYNANJANAGUD TALUK,MYSORE DISTRICT","ARTIFICIAL INTELLIGENCE AND DATA SCIENCE",43843.7,78063,61938.5,79415,49994,68084,98789,105971,,,,,,,,
2025,R2,E258,"E258 Maharaja Institute of Technology,Tandavapura,Mysore THANDAVAPURA VILLAGA,ON NATIONAL HIGHWWAYNANJANAGUD TALUK,MYSORE DISTRICT","COMPUTER SCIENCE AND ENGG(ARTIFICIA L INTELLIGENCE AND MACHINE LEARNING)",55413,77906,70698,58721,64077,65946,129634,110638,,,,,,,,
2025,R2,E258,"E258 Maharaja Institute of Technology,Tandavapura,Mysore THANDAVAPURA VILLAGA,ON NATIONAL HIGHWWAYNANJANAGUD TALUK,MYSORE DISTRICT","COMPUTER SCIENCE AND ENGINEERING",55618,59762,61661,56358,60238,61662,104842,117414,,,,,,,,
2025,R2,E265,"E265 Jain College of Engineering and Technology,Hubballi 404/4, 404/5, SAI NAGAR, UNKAL, HUBLI","ARTIFICIAL INTELLIGENCE AND MACHINE LEARNING",53751,77842,68594,57418,81478,57735,87427,66666,,,,,,,,
2025,R2,E265,"E265 Jain College of Engineering and Technology,Hubballi 404/4, 404/5, SAI NAGAR, UNKAL, HUBLI","COMPUTER SCIENCE AND ENGINEERING",54140,63348,70393,67097,65733,57708,107340,107125,,,,,,,,
2025,R2,E269,"E269 Jain College Of Engineering and Research, Belgaum SHREYAS CTS 1598 ADAJCENT TO TO FOUNDRY CLUSTER NEAR DUTCH INDUSTRIAL ESTATE CHANNAMMA NAGAR ANAGOL BELGAVI","COMPUTER SCIENCE AND ENGG(ARTIFICIA L INTELLIGENCE AND MACHINE LEARNING)",59372,138684,86878,68323,72176,66724,129471,195081,,,,,,,,
2025,R2,E272,"E272 Government Engineering College, Talakal, Koppal TALAKAL,TALUKA: YALABURGA, DIST: KOPPAL, KARNATAKA, PIN 583238","COMPUTER SCIENCE AND ENGINEERING",57310,,77259,72263,86146,62609,91840.5,107815,,,,,,,,
2025,R2,E275,"E275 R V Institute Of Technology and Management, Bengaluru KOTHANUR, 8TH PHASE J.P.NAGAR, BENGALURU-560 078.","COMPUTER SCIENCE AND ENGG(ARTIFICIA L INTELLIGENCE AND MACHINE LEARNING)",11481,18897,15098,19487,11934,12814,49774,40984,,,,,,,,
2025,R2,E275,"E275 R V Institute Of Technology and Management, Bengaluru KOTHANUR, 8TH PHASE J.P.NAGAR, BENGALURU-560 078.","COMPUTER SCIENCE AND ENGINEERING",10608,13946,13943,19300,11233,12180,49620,50848.5,,,,,,,,
2025,R2,E279,"E279 VISVESVARAYA TECHNOLOGICAL UNIVERSITY, BELAGAVI CAMPUS, BELAGAVI JNANA SANGAMA, MACHHE, BELAGAVI","B TECH IN COMPUTER SCIENCE AND ENGINEERING(A RTIFICIAL INTELLIGENCE AND DATA SCIENCE)",54700,78033,72359.5,68055,84305,57509,109245,114447,,,,,,,,
2025,R2,E283,"E283 University of Mysuru B.N.BAHADUR INSTITUTE OF MANAGEMENT SCIENCES, (DOS IN BUSSINESS ADMINISTRATION)UNIVERSITY OF MYSORE, MANASAGANGOTRI,HUNSUR ROAD,MYSORE.","ARTIFICIAL INTELLIGENCE AND DATA SCIENCE",58718,127148,84542,95425,77316,74400,87058,136315,,,,,,,,
2025,R2,E284,"E284 Sri Jayachamarajendra College of Engineering(Constituent College of JSS Science & Technology University), Mysore JSS TECHNICAL INSTITUTIONS CAMPUS,MANASAGANGOTHRI PO,MYSORE","COMPUTER SCIENCE AND ENGINEERING",4284,9242,6845,8665,5856,5245,15966,14044,,,,,,,,
2025,R2,E285,"E285 RV University R.V. VIDYANIKETAN POST, MYSORE ROAD,BANGALORE","B TECH IN COMPUTER SCIENCE AND ENGINEERING",8409,16080,14430,24719,10168,11769,47127,53959,,,,,,,,
2025,R2,E286,"E286 BGS College of Engineering & Technology,Bangalore","ARTIFICIAL INTELLIGENCE AND DATA SCIENCE",32340,,36316,57284,,35384,96818,132324,,,,,,,,
2025,R2,E286,"E286 BGS College of Engineering & Technology,Bangalore","ARTIFICIAL INTELLIGENCE AND MACHINE LEARNING",30490,34838,35736,55055,32069,31518,98845,111530,,,,,,,,
2025,R2,E286,"E286 BGS College of Engineering & Technology,Bangalore","COMPUTER SCIENCE AND DESIGN",47552,68531,52458,86433,51008,48229,169936,,,,,,,,,
2025,R2,E286,"E286 BGS College of Engineering & Technology,Bangalore","COMPUTER SCIENCE AND ENGINEERING",30282,30417,37236,41827,30769,31685,96320,102701,,,,,,,,
2025,R2,E286,"E286 BGS College of Engineering & Technology,Bangalore","INFORMATION SCIENCE AND ENGINEERING",35096,47306,41013,61740,36764,36422.5,123505,143020,,,,,,,,
2025,R2,E289,"E289 Visvesvaraya Technological University,VTU,CPGS,Kalburgi.","COMPUTER SCIENCE AND ENGINEERING",53511,71775,68064,60759,75908,65877,81020,78530,,,,,,,,
2025,R2,E290,"E290 Visvesvaraya Technological University,VTU,CPGS,Mysuru.","B TECH IN ARTIFICIAL INTELLIGENCE AND DATA SCIENCE",47088,78306,68148,65854,56379,52920,79277,113609,,,,,,,,
2025,R2,E290,"E290 Visvesvaraya Technological University,VTU,CPGS,Mysuru.","COMPUTER SCIENCE AND ENGINEERING",41181,68463,56135,65525,51278,48039,82581,77584,,,,,,,,
2025,R2,E292,"E292 Government Engineering College,Mailur,Bidar","ARTIFICIAL INTELLIGENCE AND DATA SCIENCE",58920,,85645,79849.5,76335,79013,86750,87388,,,,,,,,
2025,R2,E292,"E292 Government Engineering College,Mailur,Bidar","COMPUTER SCIENCE AND ENGINEERING",45332,79812,81006,61363.5,,69738,102040,79601,,,,,,,,
2025,R2,E302,"E302 AMITY UNIVERSITY National Highway 648 (old 207), Devanahalli - Doddaballapur Road","B Tech in Computer Science(AI &ML)",57904,75030,86040.5,62383,61767,66044,175679,219780,,,,,,,,
2025,R2,E305,"E305 DR H N NATIONAL COLLEGE OF ENGINEERING  BENGALURU","ARTIFICIAL INTELLIGENCE AND DATA SCIENCE",58161,94601,91403,78320,61866,97715,152999,225079,,,,,,,,
2025,R2,E306,"E306 THE CHANAKYA UNIVERSITY NO 29 HARALURU, DEVANAHALLI TALUK (NEAR BENGALURU INTERNATIONLA AIRPORT)","B TECH IN COMPUTER SCIENCE AND ENGINEERING",42653,73190,65708,71355,44649,43650,168919,140316,,,,,,,,
2025,R2,E306,"E306 THE CHANAKYA UNIVERSITY NO 29 HARALURU, DEVANAHALLI TALUK (NEAR BENGALURU INTERNATIONLA AIRPORT)","B.Tech In BIOTECHNOLOG Y & BIO- ENGINEERING",46568,61369.5,82503,113704,82586,89517,203758,227045,,,,,,,,
2025,R2,E306,"E306 THE CHANAKYA UNIVERSITY NO 29 HARALURU, DEVANAHALLI TALUK (NEAR BENGALURU INTERNATIONLA AIRPORT)","B.TECH IN COMPUTER SCIENCE AND ARTIFICIAL INTELLIGENCE",44601,57022.6,63838,80532,48289,45214,215941,166770,,,,,,,,
2025,R3,E001,"E001 Univesity of Visvesvaraya College of Engineering (A State Autonomous Public University on IIT Model) K R Circle, Bangalore","ARTIFICIAL INTELLIGENCE AND DATA SCIENCE",7213,11952,8509,11781,7822,8626,26425,30994,,,,,,,,
2025,R3,E001,"E001 Univesity of Visvesvaraya College of Engineering (A State Autonomous Public University on IIT Model) K R Circle, Bangalore","COMPUTER SCIENCE AND ENGINEERING",5020,7462,7750,10476,6904,6263,26682,19055,,,,,,,,
2025,R3,E001,"E001 Univesity of Visvesvaraya College of Engineering (A State Autonomous Public University on IIT Model) K R Circle, Bangalore","INFORMATION SCIENCE AND ENGINEERING",7713,8593,9710,13090,8159,8839,33279,31963,,,,,,,,
2025,R3,E002,"E002 Govt.S K S J T Institute of Engineering, Bangalore AMBEDKAR VEEDHI, K.R. CIRCLE, BANGALORE-01","COMPUTER SCIENCE AND ENGINEERING",26717,29744.5,34228,31602,28243,30029,51678,51537,,,,,,,,
2025,R3,E004,"E004 Dr. Ambedkar Institute of Technology, Bangalore(AUTONOMOUS) OUTER RING ROAD,NEAR JNANA BHARATHI CAMPUS,MALLATHAHALLI,BANGALORE-560056","COMPUTER SCIENCE AND ENGINEERING",12452,21811,16325,21125.5,14299,12961,34578,34121,,,,,,,,
2025,R3,E005,"E005 R. V. College of Engineering, Bangalore(AUTONOMOUS) R.V. VIDYANIKETAN POST, MYSORE ROAD,BANGALORE","COMPUTER SCIENCE AND ENGG(ARTIFICIA L INTELLIGENCE AND MACHINE LEARNING)",742,2342,1617,3270,1031,1305,7874,7862,,,,,,,,
2025,R3,E005,"E005 R. V. College of Engineering, Bangalore(AUTONOMOUS) R.V. VIDYANIKETAN POST, MYSORE ROAD,BANGALORE","COMPUTER SCIENCE AND ENGINEERING",499,2013,1726,2171,769,910,6653,7162,,,,,,,,
2025,R3,E005,"E005 R. V. College of Engineering, Bangalore(AUTONOMOUS) R.V. VIDYANIKETAN POST, MYSORE ROAD,BANGALORE","COMPUTER SCIENCE AND ENGINEERING (CYBER SECURITY)",990,2751,2291,6820.75,1922,1548,10055,8296,,,,,,,,
2025,R3,E005,"E005 R. V. College of Engineering, Bangalore(AUTONOMOUS) R.V. VIDYANIKETAN POST, MYSORE ROAD,BANGALORE","COMPUTER SCIENCE AND ENGINEERING(D ATA SCIENCE)",944,2621,1912,6619,1135,1402,9394,5848,,,,,,,,
2025,R3,E006,"E006 M S Ramaiah Institute of Technology, Bangalore(AUTONOMOUS) VIDYA SOUDHA,MSR NAGAR,MSRIT POST,BANGALORE - 560054.","ARTIFICIAL INTELLIGENCE AND DATA SCIENCE",4160,5619,5749,7737,4806,4331.5,13337,25226,,,,,,,,
2025,R3,E006,"E006 M S Ramaiah Institute of Technology, Bangalore(AUTONOMOUS) VIDYA SOUDHA,MSR NAGAR,MSRIT POST,BANGALORE - 560054.","ARTIFICIAL INTELLIGENCE AND MACHINE LEARNING",3429,3626,4876,4697,5007,3710,12657,15951,,,,,,,,
2025,R3,E006,"E006 M S Ramaiah Institute of Technology, Bangalore(AUTONOMOUS) VIDYA SOUDHA,MSR NAGAR,MSRIT POST,BANGALORE - 560054.","COMPUTER SCIENCE AND ENGG(ARTIFICIA L INTELLIGENCE AND MACHINE LEARNING)",2791,4494,4363,8079,3091,2984,14715,23175,,,,,,,,
2025,R3,E006,"E006 M S Ramaiah Institute of Technology, Bangalore(AUTONOMOUS) VIDYA SOUDHA,MSR NAGAR,MSRIT POST,BANGALORE - 560054.","COMPUTER SCIENCE AND ENGINEERING",2076,3478,3676,3248,2829,2991,11785,13666,,,,,,,,
2025,R3,E006,"E006 M S Ramaiah Institute of Technology, Bangalore(AUTONOMOUS) VIDYA SOUDHA,MSR NAGAR,MSRIT POST,BANGALORE - 560054.","COMPUTER SCIENCE AND ENGINEERING (CYBER SECURITY)",4208,5520,5259,4781,4422,4357,14971,23279,,,,,,,,
2025,R3,E006,"E006 M S Ramaiah Institute of Technology, Bangalore(AUTONOMOUS) VIDYA SOUDHA,MSR NAGAR,MSRIT POST,BANGALORE - 560054.","INFORMATION SCIENCE AND ENGINEERING",3196,4763,4481,3863,3647,3552,22926,23535,,,,,,,,
2025,R3,E007,"E007 Dayananda Sagar College of Engineering, Bangalore(AUTONOMOUS) SHAVIGE MALLESHWARA HILLS, KUMARASWAMY LAYOUT, BANGALORE-560078","ARTIFICIAL INTELLIGENCE AND MACHINE LEARNING",7846,8502,9754,10610,9090,8300,23698,29681,,,,,,,,
2025,R3,E007,"E007 Dayananda Sagar College of Engineering, Bangalore(AUTONOMOUS) SHAVIGE MALLESHWARA HILLS, KUMARASWAMY LAYOUT, BANGALORE-560078","COMPUTER SCIENCE AND DESIGN",10584,15514,16033,16319,11093,11042,44594,42499,,,,,,,,
2025,R3,E007,"E007 Dayananda Sagar College of Engineering, Bangalore(AUTONOMOUS) SHAVIGE MALLESHWARA HILLS, KUMARASWAMY LAYOUT, BANGALORE-560078","COMPUTER SCIENCE AND ENGG(INTERNE T OF THINGS & CYBER SECURITY INCLUDING BLOCK CHAIN TECH)",9597,10874,15924,15865,9810,10859,40294,39458,,,,,,,,
2025,R3,E007,"E007 Dayananda Sagar College of Engineering, Bangalore(AUTONOMOUS) SHAVIGE MALLESHWARA HILLS, KUMARASWAMY LAYOUT, BANGALORE-560078","COMPUTER SCIENCE AND ENGINEERING",6584,9967,9339,11737,7689,7550,32213,32004,,,,,,,,
2025,R3,E007,"E007 Dayananda Sagar College of Engineering, Bangalore(AUTONOMOUS) SHAVIGE MALLESHWARA HILLS, KUMARASWAMY LAYOUT, BANGALORE-560078","COMPUTER SCIENCE AND ENGINEERING (CYBER SECURITY)",9323,11582,13154,13812,,10796,39288.5,36752,,,,,,,,
2025,R3,E007,"E007 Dayananda Sagar College of Engineering, Bangalore(AUTONOMOUS) SHAVIGE MALLESHWARA HILLS, KUMARASWAMY LAYOUT, BANGALORE-560078","COMPUTER SCIENCE AND ENGINEERING(D ATA SCIENCE)",7565,12178,9389,11786,9135,8379,35327,27988,,,,,,,,
2025,R3,E007,"E007 Dayananda Sagar College of Engineering, Bangalore(AUTONOMOUS) SHAVIGE MALLESHWARA HILLS, KUMARASWAMY LAYOUT, BANGALORE-560078","INFORMATION SCIENCE AND ENGINEERING",9151,11225,12248,13686,9768,9797,38572,37853,,,,,,,,
2025,R3,E007,"E007 Dayananda Sagar College of Engineering, Bangalore(AUTONOMOUS) SHAVIGE MALLESHWARA HILLS, KUMARASWAMY LAYOUT, BANGALORE-560078","ROBOTICS AND ARTIFICIAL INTELLIGENCE",11734.5,,18852.5,,12284,16225,46297,41871.7,,,,,,,,
2025,R3,E008,"E008 Bangalore Institute of Technology, K.R.Road, Bangalore (AUTONOMOUS) K.R.ROAD, V.V.PURA, BANGALORE-560004","ARTIFICIAL INTELLIGENCE AND MACHINE LEARNING",9607,15502,13066,17547,10803,11588,36972,38850,,,,,,,,
2025,R3,E008,"E008 Bangalore Institute of Technology, K.R.Road, Bangalore (AUTONOMOUS) K.R.ROAD, V.V.PURA, BANGALORE-560004","COMPUTER SCIENCE AND ENGG(INTERNE T OF THINGS & CYBER SECURITY INCLUDING BLOCK CHAIN TECH)",12460,22344.5,16179,17411,14242,13624,40049.5,40029.5,,,,,,,,
2025,R3,E008,"E008 Bangalore Institute of Technology, K.R.Road, Bangalore (AUTONOMOUS) K.R.ROAD, V.V.PURA, BANGALORE-560004","COMPUTER SCIENCE AND ENGINEERING",8157,13500,11407,15932,9458,9565,34482,38137,,,,,,,,
2025,R3,E008,"E008 Bangalore Institute of Technology, K.R.Road, Bangalore (AUTONOMOUS) K.R.ROAD, V.V.PURA, BANGALORE-560004","COMPUTER SCIENCE AND ENGINEERING(D ATA SCIENCE)",10993.7,17132,13667,12056,11790,12561,38408,37582,,,,,,,,
2025,R3,E008,"E008 Bangalore Institute of Technology, K.R.Road, Bangalore (AUTONOMOUS) K.R.ROAD, V.V.PURA, BANGALORE-560004","INFORMATION SCIENCE AND ENGINEERING",12266,15321,14903,23181,13098,12406,49313,53454,,,,,,,,
2025,R3,E008,"E008 Bangalore Institute of Technology, K.R.Road, Bangalore (AUTONOMOUS) K.R.ROAD, V.V.PURA, BANGALORE-560004","ROBOTICS AND ARTIFICIAL INTELLIGENCE",15039,,22460,22619,16491,15770.5,60875,57506,,,,,,,,
2025,R3,E009,"E009 PES University 100 Feet Ring Road, Banashankari, 3rd Stage, Hosakerehalli, Near DSERT, , Bangalore KARNATAKA, pin code -560085","B TECH IN COMPUTER SCIENCE & ENGINEERING (ARTIFICAL INTELLIGENCE & MACHINE LEARNING)",2694,4240,4509,8582,4076,3555,22730,24531,,,,,,,,
2025,R3,E011,"E011 M V J College of Engineering, Bangalore(AUTONOMOUS) NEAR ITPB,CHANNASANDRA,KADUGODI POST,BANGALORE","ARTIFICIAL INTELLIGENCE AND MACHINE LEARNING",26347,32712,32275,33378,27361,32740,52504,87460,,,,,,,,
2025,R3,E011,"E011 M V J College of Engineering, Bangalore(AUTONOMOUS) NEAR ITPB,CHANNASANDRA,KADUGODI POST,BANGALORE","COMPUTER SCIENCE AND DESIGN",43796,55577,58337,76378,48653,51698,144732,108375,,,,,,,,
2025,R3,E011,"E011 M V J College of Engineering, Bangalore(AUTONOMOUS) NEAR ITPB,CHANNASANDRA,KADUGODI POST,BANGALORE","COMPUTER SCIENCE AND ENGINEERING",29603,37825,38920,41727,32475,31753,73150,62324,,,,,,,,
2025,R3,E011,"E011 M V J College of Engineering, Bangalore(AUTONOMOUS) NEAR ITPB,CHANNASANDRA,KADUGODI POST,BANGALORE","COMPUTER SCIENCE AND ENGINEERING(D ATA SCIENCE)",32245,32268,37379,49001,34258,33217,67978,82380,,,,,,,,
2025,R3,E011,"E011 M V J College of Engineering, Bangalore(AUTONOMOUS) NEAR ITPB,CHANNASANDRA,KADUGODI POST,BANGALORE","INFORMATION SCIENCE AND ENGINEERING",35166,39548,42657,52751,35249,35759,104143,95222,,,,,,,,
2025,R3,E012,"E012 Sir M.Visvesvaraya Institute of Technology, Bangalore KRISHNADEVARAYANAGAR, HUNASAMARANAHALLI, VIA YELAHANKA,BANGALORE - 562 157","ARTIFICIAL INTELLIGENCE AND MACHINE LEARNING",18692,27889,22153,20809.5,19035,22191,46520,37266,,,,,,,,
2025,R3,E012,"E012 Sir M.Visvesvaraya Institute of Technology, Bangalore KRISHNADEVARAYANAGAR, HUNASAMARANAHALLI, VIA YELAHANKA,BANGALORE - 562 157","COMPUTER SCIENCE AND ENGG(INTERNE T OF THINGS & CYBER SECURITY INCLUDING BLOCK CHAIN TECH)",23008,43169,31450,37832,24412,24535,51534,76859.5,,,,,,,,
2025,R3,E012,"E012 Sir M.Visvesvaraya Institute of Technology, Bangalore KRISHNADEVARAYANAGAR, HUNASAMARANAHALLI, VIA YELAHANKA,BANGALORE - 562 157","COMPUTER SCIENCE AND ENGINEERING",19216,27628,23982,25503,19617,20567,57790,51121.5,,,,,,,,
2025,R3,E012,"E012 Sir M.Visvesvaraya Institute of Technology, Bangalore KRISHNADEVARAYANAGAR, HUNASAMARANAHALLI, VIA YELAHANKA,BANGALORE - 562 157","COMPUTER SCIENCE AND ENGINEERING(D ATA SCIENCE)",21659,30993,28001,30755,,23871,66616,39016,,,,,,,,
2025,R3,E012,"E012 Sir M.Visvesvaraya Institute of Technology, Bangalore KRISHNADEVARAYANAGAR, HUNASAMARANAHALLI, VIA YELAHANKA,BANGALORE - 562 157","INFORMATION SCIENCE AND ENGINEERING",24178,24703,32968,28073,26332,25429,77692,74256,,,,,,,,
2025,R3,E012,"E012 Sir M.Visvesvaraya Institute of Technology, Bangalore KRISHNADEVARAYANAGAR, HUNASAMARANAHALLI, VIA YELAHANKA,BANGALORE - 562 157","ROBOTICS AND ARTIFICIAL INTELLIGENCE",26957.5,31699,40668,,33868,31402,99784,189951,,,,,,,,
2025,R3,E014,"E014 S J C Institute of Technology, Chickkaballapur(AUTONOMOUS) P B NO. 20, B B ROAD, CHICKBALLAPUR, CHICKBALLAPUR (DISTRICT)","ARTIFICIAL INTELLIGENCE AND DATA SCIENCE",56185,115820,95587,92724,65013,66134,124306,69314,,,,,,,,
2025,R3,E014,"E014 S J C Institute of Technology, Chickkaballapur(AUTONOMOUS) P B NO. 20, B B ROAD, CHICKBALLAPUR, CHICKBALLAPUR (DISTRICT)","COMPUTER SCIENCE AND ENGG(ARTIFICIA L INTELLIGENCE AND MACHINE LEARNING)",46679,104583,71206,130255,56841,92839,107681,70369,,,,,,,,
2025,R3,E014,"E014 S J C Institute of Technology, Chickkaballapur(AUTONOMOUS) P B NO. 20, B B ROAD, CHICKBALLAPUR, CHICKBALLAPUR (DISTRICT)","COMPUTER SCIENCE AND ENGINEERING",50611,85492,78568,62591,53524,66661,119217,86586,,,,,,,,
2025,R3,E016,"E016 Siddaganga Institute of Technology,Tumkur","COMPUTER SCIENCE AND ENGG(ARTIFICIA L INTELLIGENCE AND MACHINE LEARNING)",9562,10726,13671,20382,10338,10461,31854.7,17087,,,,,,,,
2025,R3,E016,"E016 Siddaganga Institute of Technology,Tumkur","COMPUTER SCIENCE AND ENGINEERING",9809,17038,13113,18823,12125,12117,35795,38761,,,,,,,,
2025,R3,E016,"E016 Siddaganga Institute of Technology,Tumkur","INFORMATION SCIENCE AND ENGINEERING",12432,19863,14371,31733,13569,13444.5,50940,48070,,,,,,,,
2025,R3,E017,"E017 Sri Siddhartha Institute of Technology MARALUR ,TUMKUR","ARTIFICIAL INTELLIGENCE AND MACHINE LEARNING",37311,46887,42131,67448,43447,58096,81271,44893,,,,,,,,
2025,R3,E017,"E017 Sri Siddhartha Institute of Technology MARALUR ,TUMKUR","COMPUTER SCIENCE AND ENGINEERING",50020,56778.7,73891,90626,69637,58683,102753,91118,,,,,,,,
2025,R3,E017,"E017 Sri Siddhartha Institute of Technology MARALUR ,TUMKUR","COMPUTER SCIENCE AND ENGINEERING (CYBER SECURITY)",56944,122356,93178,103016,71430,58311,118195,130976,,,,,,,,
2025,R3,E017,"E017 Sri Siddhartha Institute of Technology MARALUR ,TUMKUR","COMPUTER SCIENCE AND ENGINEERING(D ATA SCIENCE)",50216,178127,90588,68081,85149,67216,138009,114241,,,,,,,,
2025,R3,E021,"E021 Sri Jayachamarajendra College of Engineering(Constituent College of JSS Science & Technology University), Mysore JSS TECHNICAL INSTITUTIONS CAMPUS,MANASAGANGOTHRI PO,MYSORE","COMPUTER SCIENCE AND ENGINEERING",3156,5814,5984,8526,3921,4540,14975,7669,,,,,,,,
2025,R3,E031,"E031 B V V Sangha`s Basaveshwara Engineering College , Bagalkote (AUTONOMOUS) NIJALINGAPPA ROAD,BAGALKOT 587102","COMPUTER SCIENCE AND ENGINEERING",24315,31649,28188,36342,27473,26013,61734,73239,,,,,,,,
2025,R3,E034,"E034 SDM College of Engineering, Dharwad (AUTONOMOUS) DHAVALAGIRI,KALGHATGI ROAD,DHARWAD","ARTIFICIAL INTELLIGENCE AND MACHINE LEARNING",17862,26067,23044,19660,24395,18361,62999,40923,,,,,,,,
2025,R3,E034,"E034 SDM College of Engineering, Dharwad (AUTONOMOUS) DHAVALAGIRI,KALGHATGI ROAD,DHARWAD","COMPUTER SCIENCE AND ENGINEERING",16711.5,24344,22687,16731,20834,17378,64587,56171,,,,,,,,
2025,R3,E034,"E034 SDM College of Engineering, Dharwad (AUTONOMOUS) DHAVALAGIRI,KALGHATGI ROAD,DHARWAD","INFORMATION SCIENCE AND ENGINEERING",20914,41469,25565,28100,25427,22654,63302,70702,,,,,,,,
2025,R3,E036,"E036 K L E Technological Univeristy, Belgaum Campus (Formerly KLE Dr M.S.Sheshagiri College of Engineering and Technology) UDYAMBAGH,BELGAUM","COMPUTER SCIENCE AND ENGG (ARTIFICIAL INTELLIGENCE)",23850,39123,31762,30949,28653,23851,74133,60164,,,,,,,,
2025,R3,E036,"E036 K L E Technological Univeristy, Belgaum Campus (Formerly KLE Dr M.S.Sheshagiri College of Engineering and Technology) UDYAMBAGH,BELGAUM","COMPUTER SCIENCE AND ENGINEERING",23578,27575,28962,34752,31492,24374,74562.5,76299,,,,,,,,
2025,R3,E037,"E037 K.L.S. Gogte Institute of Technology, Belgaum.(AUTONOMOUS) ""JNANA GANGA"", UDYAMBAG,BELGAUM","COMPUTER SCIENCE AND ENGG(ARTIFICIA L INTELLIGENCE AND MACHINE LEARNING)",15720,27405,19066,17558,18147,17417,53126,35481,,,,,,,,
2025,R3,E037,"E037 K.L.S. Gogte Institute of Technology, Belgaum.(AUTONOMOUS) ""JNANA GANGA"", UDYAMBAG,BELGAUM","COMPUTER SCIENCE AND ENGINEERING",16368,23702,21647,26865,20667,18587,54006,55693,,,,,,,,
2025,R3,E038,"E038 BLDEA's VP. Dr.P.G. Hallakatti College of Engineering & Technology, Bijapur ASHRAM ROAD,BIJAPUR - 586103","COMPUTER SCIENCE AND ENGG(ARTIFICIA L INTELLIGENCE AND MACHINE LEARNING)",44110,48813,62681,50474,57322,45636,87182,182199,,,,,,,,
2025,R3,E038,"E038 BLDEA's VP. Dr.P.G. Hallakatti College of Engineering & Technology, Bijapur ASHRAM ROAD,BIJAPUR - 586103","COMPUTER SCIENCE AND ENGINEERING",47235,83858,75229,51859,78170,57765,84548,129921,,,,,,,,
2025,R3,E043,"E043 Gurunanak Dev Engineering College, Bidar MAILOOR ROAD,BIDAR 585403","ARTIFICIAL INTELLIGENCE AND MACHINE LEARNING",53740,,156824,,185945,,110517,,,,,,,,,
2025,R3,E043,"E043 Gurunanak Dev Engineering College, Bidar MAILOOR ROAD,BIDAR 585403","COMPUTER SCIENCE AND ENGINEERING",57056,108383,179395,87919,,86955,111567,95403,,,,,,,,
2025,R3,E044,"E044 Bheemanna Khandre Institute of Technology, Bhalki BHALKI-HUMNABAD ROAD,BHALKI- 585328,DIST. BIDAR","COMPUTER SCIENCE AND ENGG(ARTIFICIA L INTELLIGENCE AND MACHINE LEARNING)",59474,,118185,,,80808,118527,106866,,,,,,,,
2025,R3,E047,"E047 Malnad College of Engineering, Hassan(AUTONOMOUS) P.B. NO. 21, SALAGAME ROAD,HASSSAN","COMPUTER SCIENCE AND BUSINESS SYSTEMS",57627,78038,72462,60124,59526,66840,133015,101612,,,,,,,,
2025,R3,E047,"E047 Malnad College of Engineering, Hassan(AUTONOMOUS) P.B. NO. 21, SALAGAME ROAD,HASSSAN","COMPUTER SCIENCE AND ENGG(ARTIFICIA L INTELLIGENCE AND MACHINE LEARNING)",33073,,59453,35125,,34385,91626,94315,,,,,,,,
2025,R3,E047,"E047 Malnad College of Engineering, Hassan(AUTONOMOUS) P.B. NO. 21, SALAGAME ROAD,HASSSAN","COMPUTER SCIENCE AND ENGINEERING",38845,74061,59093,65458,49879,47359,99749,104104,,,,,,,,
2025,R3,E047,"E047 Malnad College of Engineering, Hassan(AUTONOMOUS) P.B. NO. 21, SALAGAME ROAD,HASSSAN","ROBOTICS AND ARTIFICIAL INTELLIGENCE",56488,60262,87127,58887,68410,63027,196791,,,,,,,,,
2025,R3,E048,"E048 B M S College of Engineering, Basavanagudi, Bangalore (AUTONOMOUS) POST BOX NO 1908, BULL TEMPLE ROAD,BANGALORE","ARTIFICIAL INTELLIGENCE AND DATA SCIENCE",4646,6385,6664,8642.5,5588,5757,16707,11127,,,,,,,,
2025,R3,E048,"E048 B M S College of Engineering, Basavanagudi, Bangalore (AUTONOMOUS) POST BOX NO 1908, BULL TEMPLE ROAD,BANGALORE","ARTIFICIAL INTELLIGENCE AND MACHINE LEARNING",5087.5,7092,6902,10060,6606.5,5870,24580,28703,,,,,,,,
2025,R3,E048,"E048 B M S College of Engineering, Basavanagudi, Bangalore (AUTONOMOUS) POST BOX NO 1908, BULL TEMPLE ROAD,BANGALORE","COMPUTER SCIENCE AND BUSINESS SYSTEMS",6293,7516,8948,12954,6669,7367,31774,33431,,,,,,,,
2025,R3,E048,"E048 B M S College of Engineering, Basavanagudi, Bangalore (AUTONOMOUS) POST BOX NO 1908, BULL TEMPLE ROAD,BANGALORE","COMPUTER SCIENCE AND ENGG(INTERNE T OF THINGS & CYBER SECURITY INCLUDING BLOCK CHAIN TECH)",5707,8075,8419,13522,6742,6029,27967,33593,,,,,,,,
2025,R3,E048,"E048 B M S College of Engineering, Basavanagudi, Bangalore (AUTONOMOUS) POST BOX NO 1908, BULL TEMPLE ROAD,BANGALORE","COMPUTER SCIENCE AND ENGINEERING",3870,5740,6531,10528.5,5893,4919,23377.5,26641,,,,,,,,
2025,R3,E048,"E048 B M S College of Engineering, Basavanagudi, Bangalore (AUTONOMOUS) POST BOX NO 1908, BULL TEMPLE ROAD,BANGALORE","COMPUTER SCIENCE AND ENGINEERING(D ATA SCIENCE)",4585,6885,6946,9421,6184,5698.5,25092,28545,,,,,,,,
2025,R3,E049,"E049 B V V Sangha`s Basaveshwara Engineering College , Bagalkote (AUTONOMOUS) NIJALINGAPPA ROAD,BAGALKOT 587102","ARTIFICIAL INTELLIGENCE AND MACHINE LEARNING ENGINEERING",33429,55238,41802,40601.5,34017,37755,81993,54196,,,,,,,,
2025,R3,E049,"E049 B V V Sangha`s Basaveshwara Engineering College , Bagalkote (AUTONOMOUS) NIJALINGAPPA ROAD,BAGALKOT 587102","COMPUTER SCIENCE AND ENGINEERING",33642,43836,37052,66325,35415,36309,83170,95411,,,,,,,,
2025,R3,E049,"E049 B V V Sangha`s Basaveshwara Engineering College , Bagalkote (AUTONOMOUS) NIJALINGAPPA ROAD,BAGALKOT 587102","INFORMATION SCIENCE AND ENGINEERING",46367,54687.5,57261.5,61905,60526,50913,149830,118539,,,,,,,,
2025,R3,E057,"E057 JSS Science and Technology University JSS TECHNICAL INSTITUTIONS CAMPUS, MANASAGANGOTHRI, MYSURU 570006","COMPUTER SCIENCE AND BUSINESS SYSTEMS",11972,25308,18421,24646,12383,13530,50558,52018,,,,,,,,
2025,R3,E057,"E057 JSS Science and Technology University JSS TECHNICAL INSTITUTIONS CAMPUS, MANASAGANGOTHRI, MYSURU 570006","COMPUTER SCIENCE AND ENGG(ARTIFICIA L INTELLIGENCE AND MACHINE LEARNING)",7311,,8954.5,13002,7945.75,8007,30958,23321,,,,,,,,
2025,R3,E057,"E057 JSS Science and Technology University JSS TECHNICAL INSTITUTIONS CAMPUS, MANASAGANGOTHRI, MYSURU 570006","COMPUTER SCIENCE AND ENGINEERING SCIENCE AND TECHNOLOGY(E XCLUSIVELY FOR DIFFERENTLY ABLED)",6390,10333.5,9794,18171,7827,7047,27697,33821,,,,,,,,
2025,R3,E057,"E057 JSS Science and Technology University JSS TECHNICAL INSTITUTIONS CAMPUS, MANASAGANGOTHRI, MYSURU 570006","INFORMATION SCIENCE AND ENGINEERING",9217,12562,12915,25494.7,10681,10602,40095,43951,,,,,,,,
2025,R3,E058,"E058 P E S College of Engineering, Mandya(AUTONOMOUS) MANDYA: 571 401","COMPUTER SCIENCE AND ENGG(ARTIFICIA L INTELLIGENCE AND MACHINE LEARNING)",33313,59839,52748,,34856,48546,59062,85195,,,,,,,,
2025,R3,E058,"E058 P E S College of Engineering, Mandya(AUTONOMOUS) MANDYA: 571 401","COMPUTER SCIENCE AND ENGINEERING",34483,50372,50284,63793,38197,44267,69169,78811,,,,,,,,
2025,R3,E058,"E058 P E S College of Engineering, Mandya(AUTONOMOUS) MANDYA: 571 401","COMPUTER SCIENCE AND ENGINEERING(D ATA SCIENCE)",43599,93656,74156,118742,45727,48199,113673,83656,,,,,,,,
2025,R3,E058,"E058 P E S College of Engineering, Mandya(AUTONOMOUS) MANDYA: 571 401","INFORMATION SCIENCE AND ENGINEERING",44303,84699,64867,57512,47407,47357,87047,89254,,,,,,,,
2025,R3,E059,"E059 P D A College of Engineering, Gulbarga(AUTONOMOUS) AIWAN-E-SHAHI AREA,STATION ROAD,GULBARGA-585102","ARTIFICIAL INTELLIGENCE AND MACHINE LEARNING",44520,73014,70843,,93387,62007,97685,65590,,,,,,,,
2025,R3,E059,"E059 P D A College of Engineering, Gulbarga(AUTONOMOUS) AIWAN-E-SHAHI AREA,STATION ROAD,GULBARGA-585102","COMPUTER SCIENCE AND ENGINEERING",40311,76816,79788,59105,62631,46778,87111,90829,,,,,,,,
2025,R3,E060,"E060 Dr. Ambedkar Institute of Technology, Bangalore(AUTONOMOUS) OUTER RING ROAD,NEAR JNANA BHARATHI CAMPUS,MALLATHAHALLI,BANGALORE-560056","ARTIFICIAL INTELLIGENCE AND MACHINE LEARNING",22487,31311,25817,30644,23472,24653,53956,39466,,,,,,,,
2025,R3,E060,"E060 Dr. Ambedkar Institute of Technology, Bangalore(AUTONOMOUS) OUTER RING ROAD,NEAR JNANA BHARATHI CAMPUS,MALLATHAHALLI,BANGALORE-560056","COMPUTER SCIENCE AND BUSINESS SYSTEMS",30871,37812,37151,,35278,34918,66810,118324,,,,,,,,
2025,R3,E060,"E060 Dr. Ambedkar Institute of Technology, Bangalore(AUTONOMOUS) OUTER RING ROAD,NEAR JNANA BHARATHI CAMPUS,MALLATHAHALLI,BANGALORE-560056","COMPUTER SCIENCE AND ENGINEERING",19997,28409,28277,27774,22098.8,23250,52233,54482,,,,,,,,
2025,R3,E060,"E060 Dr. Ambedkar Institute of Technology, Bangalore(AUTONOMOUS) OUTER RING ROAD,NEAR JNANA BHARATHI CAMPUS,MALLATHAHALLI,BANGALORE-560056","COMPUTER SCIENCE AND ENGINEERING(D ATA SCIENCE)",22162,32526,29267,40081,22640,26554,40416,54899,,,,,,,,
2025,R3,E060,"E060 Dr. Ambedkar Institute of Technology, Bangalore(AUTONOMOUS) OUTER RING ROAD,NEAR JNANA BHARATHI CAMPUS,MALLATHAHALLI,BANGALORE-560056","INFORMATION SCIENCE AND ENGINEERING",27695,33879,33828,44280.5,30062,30219,70791,72875,,,,,,,,
2025,R3,E061,"E061 University B.D.T College of Engineering, Davanagere P J EXTENSION,HADADI ROAD,DAVENGERE","COMPUTER SCIENCE AND ENGINEERING",26588,30663,33091,51067,28146,32333,65189,40268,,,,,,,,
2025,R3,E061,"E061 University B.D.T College of Engineering, Davanagere P J EXTENSION,HADADI ROAD,DAVENGERE","ROBOTICS AND ARTIFICIAL INTELLIGENCE",43335,67275,51585.5,59148,59387,56863,141405,75111,,,,,,,,
2025,R3,E062,"E062 Bapuji Institute of Engineering &  Technology, Davangere (AUTONOMOUS) BAPUJI INSTITUTE OF ENGINEERING & TECHNOLOGY,P.B. NO.325,SHAMANUR ROAD,DAVANGERE-577 004","ARTIFICIAL INTELLIGENCE AND MACHINE LEARNING",38135,56328,52389,43733,46462,47708,103876,109310,,,,,,,,
2025,R3,E062,"E062 Bapuji Institute of Engineering &  Technology, Davangere (AUTONOMOUS) BAPUJI INSTITUTE OF ENGINEERING & TECHNOLOGY,P.B. NO.325,SHAMANUR ROAD,DAVANGERE-577 004","COMPUTER SCIENCE AND ENGINEERING",35148,55753,50039,43042,42718,38908,98185,85249,,,,,,,,
2025,R3,E062,"E062 Bapuji Institute of Engineering &  Technology, Davangere (AUTONOMOUS) BAPUJI INSTITUTE OF ENGINEERING & TECHNOLOGY,P.B. NO.325,SHAMANUR ROAD,DAVANGERE-577 004","COMPUTER SCIENCE AND ENGINEERING(D ATA SCIENCE)",43562,51627,55594,58086,56548,46760,99710,93742,,,,,,,,
2025,R3,E062,"E062 Bapuji Institute of Engineering &  Technology, Davangere (AUTONOMOUS) BAPUJI INSTITUTE OF ENGINEERING & TECHNOLOGY,P.B. NO.325,SHAMANUR ROAD,DAVANGERE-577 004","INFORMATION SCIENCE AND ENGINEERING",48882,72244,61832.5,61573,61574.5,49075,158040,113061,,,,,,,,
2025,R3,E065,"E065 Jawaharlal Nehru New College of Engineering, Shimoga P.B. NO. 128,NAVULE, SHIMOGA","ARTIFICIAL INTELLIGENCE AND MACHINE LEARNING",23437,34772,42751,,29484,28204,54181,79249,,,,,,,,
2025,R3,E065,"E065 Jawaharlal Nehru New College of Engineering, Shimoga P.B. NO. 128,NAVULE, SHIMOGA","COMPUTER SCIENCE AND ENGINEERING",29785,46021,49411,35123,36138,43896,90603.5,105020,,,,,,,,
2025,R3,E065,"E065 Jawaharlal Nehru New College of Engineering, Shimoga P.B. NO. 128,NAVULE, SHIMOGA","COMPUTER SCIENCE AND ENGINEERING(D ATA SCIENCE)",48373,59600,55424,74889,60646,59618,113113,100234,,,,,,,,
2025,R3,E065,"E065 Jawaharlal Nehru New College of Engineering, Shimoga P.B. NO. 128,NAVULE, SHIMOGA","INFORMATION SCIENCE AND ENGINEERING",55652,94085,73571,71668,68725,61748,128975,177548,,,,,,,,
2025,R3,E066,"E066 University B.D.T. college of Engineering, (H.GOV),Davangere","COMPUTER SCIENCE AND ENGINEERING",49929,60329,65237,71550,64619,56254,89367,81023,,,,,,,,
2025,R3,E071,"E071 Vidya Vardhaka College of Engineering, Mysore(AUTONOMOUS) P.B.NO.206,GOKULAM 3RD STAGE,MYSORE","COMPUTER SCIENCE AND ENGG(ARTIFICIA L INTELLIGENCE AND MACHINE LEARNING)",22601,32594,31720,29105,23098,26665,62135,49616,,,,,,,,
2025,R3,E071,"E071 Vidya Vardhaka College of Engineering, Mysore(AUTONOMOUS) P.B.NO.206,GOKULAM 3RD STAGE,MYSORE","COMPUTER SCIENCE AND ENGINEERING",22380,33825,31426,34897,26580,26674,66088,70144,,,,,,,,
2025,R3,E075,"E075 Ballari Institute of Technology & Management, Bellary(AUTONOMOUS) ""JNANA GANGOTRI"" CAMPUS, #873/2 OF KOLAGAL VILLAGE,BELLARY-HOSPET ROAD, ALLIPUR","ARTIFICIAL INTELLIGENCE AND MACHINE LEARNING",49105,62237,63919,58186,63011,52989,111350,83259,,,,,,,,
2025,R3,E075,"E075 Ballari Institute of Technology & Management, Bellary(AUTONOMOUS) ""JNANA GANGOTRI"" CAMPUS, #873/2 OF KOLAGAL VILLAGE,BELLARY-HOSPET ROAD, ALLIPUR","COMPUTER SCIENCE AND ENGG (ARTIFICIAL INTELLIGENCE)",48756,,58978,,59209,63278,93148,58521,,,,,,,,
2025,R3,E075,"E075 Ballari Institute of Technology & Management, Bellary(AUTONOMOUS) ""JNANA GANGOTRI"" CAMPUS, #873/2 OF KOLAGAL VILLAGE,BELLARY-HOSPET ROAD, ALLIPUR","COMPUTER SCIENCE AND ENGINEERING",30270,56698,48857,43814,54796,42689.5,74794,51762,,,,,,,,
2025,R3,E075,"E075 Ballari Institute of Technology & Management, Bellary(AUTONOMOUS) ""JNANA GANGOTRI"" CAMPUS, #873/2 OF KOLAGAL VILLAGE,BELLARY-HOSPET ROAD, ALLIPUR","COMPUTER SCIENCE AND ENGINEERING(D ATA SCIENCE)",54108,73513,76707.5,,,58144,123129,106441,,,,,,,,
2025,R3,E077,"E077 Vidya Vikas Institute of Engineering & Technology, Mysore #127,ALANAHALLY,ALANAHALLY  POST,MYSORE-BANNUR ROAD,MYSORE","COMPUTER SCIENCE AND ENGINEERING",44468,78081,56365,67326,62280,44738,93692,94121,,,,,,,,
2025,R3,E078,"E078 The Oxford College of Engineering, Bangalore HOSUR ROAD,BOMMANAHALLI,BANGALORE","ARTIFICIAL INTELLIGENCE AND DATA SCIENCE",43234,56913,50031,46274,43688,45678,76991,141088,,,,,,,,
2025,R3,E078,"E078 The Oxford College of Engineering, Bangalore HOSUR ROAD,BOMMANAHALLI,BANGALORE","ARTIFICIAL INTELLIGENCE AND MACHINE LEARNING",38518,46829.5,49926,44027,46322,38883,94812,87778,,,,,,,,
2025,R3,E078,"E078 The Oxford College of Engineering, Bangalore HOSUR ROAD,BOMMANAHALLI,BANGALORE","COMPUTER SCIENCE AND ENGINEERING",38247,45319,48612,47036,42834,41574,100776,82387,,,,,,,,
2025,R3,E078,"E078 The Oxford College of Engineering, Bangalore HOSUR ROAD,BOMMANAHALLI,BANGALORE","INFORMATION SCIENCE AND ENGINEERING",49622,65863,66140,51420,56623,54956,139611,165213,,,,,,,,
2025,R3,E079,"E079 Acharya Institute of Technology, Soldevanahalli,Chikkabanavara post, Bangalore SOLDEVANAHALLI, HESARAGHATTA MAIN ROAD, CHIKKABANAVARA POST,BANGALORE URBAN","ARTIFICIAL INTELLIGENCE AND MACHINE LEARNING",26494,29078,32717,34180,29468,31419,55885,64575,,,,,,,,
2025,R3,E079,"E079 Acharya Institute of Technology, Soldevanahalli,Chikkabanavara post, Bangalore SOLDEVANAHALLI, HESARAGHATTA MAIN ROAD, CHIKKABANAVARA POST,BANGALORE URBAN","COMPUTER SCIENCE AND ENGINEERING",27446.5,35617,37931,40645,29165,30000,65748,71793,,,,,,,,
2025,R3,E079,"E079 Acharya Institute of Technology, Soldevanahalli,Chikkabanavara post, Bangalore SOLDEVANAHALLI, HESARAGHATTA MAIN ROAD, CHIKKABANAVARA POST,BANGALORE URBAN","COMPUTER SCIENCE AND ENGINEERING(D ATA SCIENCE)",30348,39561,33496,36868,33956,33245.5,79438,88740,,,,,,,,
2025,R3,E079,"E079 Acharya Institute of Technology, Soldevanahalli,Chikkabanavara post, Bangalore SOLDEVANAHALLI, HESARAGHATTA MAIN ROAD, CHIKKABANAVARA POST,BANGALORE URBAN","INFORMATION SCIENCE AND ENGINEERING",34378,44931,42934,46299,36654,36825,92874,98421,,,,,,,,
2025,R3,E079,"E079 Acharya Institute of Technology, Soldevanahalli,Chikkabanavara post, Bangalore SOLDEVANAHALLI, HESARAGHATTA MAIN ROAD, CHIKKABANAVARA POST,BANGALORE URBAN","ROBOTICS AND ARTIFICIAL INTELLIGENCE",36524,52563,50463,60696,37861,41144,110530,50777,,,,,,,,
2025,R3,E082,"E082 J S S Academy of Technical Education, Bangalore JSSATE CAMPUS,UTTARAHALLI-KENGERI ROAD ,BANGALORE 560060","COMPUTER SCIENCE AND ENGG(ARTIFICIA L INTELLIGENCE AND MACHINE LEARNING)",21636,24854,27730,29340,23119,22652,77933,83241,,,,,,,,
2025,R3,E082,"E082 J S S Academy of Technical Education, Bangalore JSSATE CAMPUS,UTTARAHALLI-KENGERI ROAD ,BANGALORE 560060","COMPUTER SCIENCE AND ENGINEERING",20198,26291.5,26771,29885,21054,23738,66853,66668,,,,,,,,
2025,R3,E082,"E082 J S S Academy of Technical Education, Bangalore JSSATE CAMPUS,UTTARAHALLI-KENGERI ROAD ,BANGALORE 560060","INFORMATION SCIENCE AND ENGINEERING",26238,33916,32280,32567,28646,26505,90447,89138,,,,,,,,
2025,R3,E082,"E082 J S S Academy of Technical Education, Bangalore JSSATE CAMPUS,UTTARAHALLI-KENGERI ROAD ,BANGALORE 560060","ROBOTICS AND AUTOMATION",29619,46403,43677,,,,168731,65509,,,,,,,,
2025,R3,E083,"E083 H.K.B.K.College of Engineering, Bangalore # 22/1, NAGAWARA, BANGALORE-560045","ARTIFICIAL INTELLIGENCE AND MACHINE LEARNING",57976,69294,78300,66751,63586,64713,130725,176108,,,,,,,,
2025,R3,E091,"E091 K S Institute of Technology, Raghuvanahalli, Bangalore(AUTONOMOUS) #14,RAGUVANAHALLI, KANAKAPURA MAIN ROAD,BANGALORE - 560 062.","ARTIFICIAL INTELLIGENCE AND MACHINE LEARNING",42160,44762,47360,52904,44605,43004,122623,150785,,,,,,,,
2025,R3,E091,"E091 K S Institute of Technology, Raghuvanahalli, Bangalore(AUTONOMOUS) #14,RAGUVANAHALLI, KANAKAPURA MAIN ROAD,BANGALORE - 560 062.","COMPUTER SCIENCE AND ENGG(INTERNE T OF THINGS & CYBER SECURITY INCLUDING BLOCK CHAIN TECH)",43919,,61586,71350,54325,45398,141001,167995,,,,,,,,
2025,R3,E091,"E091 K S Institute of Technology, Raghuvanahalli, Bangalore(AUTONOMOUS) #14,RAGUVANAHALLI, KANAKAPURA MAIN ROAD,BANGALORE - 560 062.","COMPUTER SCIENCE AND ENGINEERING",38455,41583,45692,57963,43141.5,43829,119820,127761,,,,,,,,
2025,R3,E095,"E095 AMC Engineering College, Bannerghatta Road, Bangalore(AUTONOMOUS) 18KM,BANNERAGHATTA ROAD,KALKERE,BANGALORE-560083,BANGALORE URBAN","ARTIFICIAL INTELLIGENCE AND MACHINE LEARNING",42593.5,46372,52540,58169,45452,49575,93776,102303,,,,,,,,
2025,R3,E095,"E095 AMC Engineering College, Bannerghatta Road, Bangalore(AUTONOMOUS) 18KM,BANNERAGHATTA ROAD,KALKERE,BANGALORE-560083,BANGALORE URBAN","COMPUTER SCIENCE AND ENGG(ARTIFICIA L INTELLIGENCE AND MACHINE LEARNING)",50832,68648,76076,65950,54972,62736,109349,194179,,,,,,,,
2025,R3,E095,"E095 AMC Engineering College, Bannerghatta Road, Bangalore(AUTONOMOUS) 18KM,BANNERAGHATTA ROAD,KALKERE,BANGALORE-560083,BANGALORE URBAN","COMPUTER SCIENCE AND ENGINEERING",49072,77851,69065,65081,59499,59537,149758,130816,,,,,,,,
2025,R3,E095,"E095 AMC Engineering College, Bannerghatta Road, Bangalore(AUTONOMOUS) 18KM,BANNERAGHATTA ROAD,KALKERE,BANGALORE-560083,BANGALORE URBAN","COMPUTER SCIENCE AND ENGINEERING(D ATA SCIENCE)",56065,69399,76612,56243,59946,68301,117353,186270,,,,,,,,
2025,R3,E096,"E096 East Point College of Engineering & Technology, Bangalore(AUTONOMOUS) JNANA PRABHA, BIDARAHALLI,VIRGONAGAR POST,BANGALORE.","COMPUTER SCIENCE AND ENGG(ARTIFICIA L INTELLIGENCE AND MACHINE LEARNING)",49188.5,94033,54276,59364,56566,60255,119140,219780,,,,,,,,
2025,R3,E096,"E096 East Point College of Engineering & Technology, Bangalore(AUTONOMOUS) JNANA PRABHA, BIDARAHALLI,VIRGONAGAR POST,BANGALORE.","COMPUTER SCIENCE AND ENGINEERING",55751,82904,78480,78122,64212,67114,133316,164979,,,,,,,,
2025,R3,E096,"E096 East Point College of Engineering & Technology, Bangalore(AUTONOMOUS) JNANA PRABHA, BIDARAHALLI,VIRGONAGAR POST,BANGALORE.","COMPUTER SCIENCE AND ENGINEERING(D ATA SCIENCE)",59858,97679,78933,,63006,62267,106892,104761,,,,,,,,
2025,R3,E097,"E097 C M R Institute of Technology, Kundala Halli village, Bangalore # 132, KUNDALAHALLI VILLAGE,IT PARK ROAD,BANGALORE - 560 037","ARTIFICIAL INTELLIGENCE AND DATA SCIENCE",20870,27495,28890,25526,22318,22527,74993.5,80229,,,,,,,,
2025,R3,E097,"E097 C M R Institute of Technology, Kundala Halli village, Bangalore # 132, KUNDALAHALLI VILLAGE,IT PARK ROAD,BANGALORE - 560 037","ARTIFICIAL INTELLIGENCE AND MACHINE LEARNING",19559,22197,23060,25222,20829.5,21660,56246,75438,,,,,,,,
2025,R3,E097,"E097 C M R Institute of Technology, Kundala Halli village, Bangalore # 132, KUNDALAHALLI VILLAGE,IT PARK ROAD,BANGALORE - 560 037","COMPUTER SCIENCE AND ENGG(ARTIFICIA L INTELLIGENCE AND MACHINE LEARNING)",17585,26769,22844,27961,17655,19975,63846,57891,,,,,,,,
2025,R3,E097,"E097 C M R Institute of Technology, Kundala Halli village, Bangalore # 132, KUNDALAHALLI VILLAGE,IT PARK ROAD,BANGALORE - 560 037","COMPUTER SCIENCE AND ENGINEERING",16221.5,25117,20797,26710,16676,18859,57851,43583,,,,,,,,
2025,R3,E097,"E097 C M R Institute of Technology, Kundala Halli village, Bangalore # 132, KUNDALAHALLI VILLAGE,IT PARK ROAD,BANGALORE - 560 037","COMPUTER SCIENCE AND ENGINEERING(D ATA SCIENCE)",19071,21372,25255,24034,21494,21793,64039,56747,,,,,,,,
2025,R3,E097,"E097 C M R Institute of Technology, Kundala Halli village, Bangalore # 132, KUNDALAHALLI VILLAGE,IT PARK ROAD,BANGALORE - 560 037","INFORMATION SCIENCE AND ENGINEERING",21601,30976,30943,32132,23383,24581,71675,78027,,,,,,,,
2025,R3,E098,"E098 Atria Institute of Technology, Anand Nagar, Hebbal PO, Bangalore (AUTONOMOUS) ASKB CAMPUS, AG'S COLONY, 1ST MAIN, ANANDNAGAR,BANGALORE","ARTIFICIAL INTELLIGENCE 5 AND MACHINE LEARNING",38005,44674,44900,52857,45539,43954,100050,105259,,,,,,,,
2025,R3,E098,"E098 Atria Institute of Technology, Anand Nagar, Hebbal PO, Bangalore (AUTONOMOUS) ASKB CAMPUS, AG'S COLONY, 1ST MAIN, ANANDNAGAR,BANGALORE","COMPUTER SCIENCE AND ENGINEERING",44146,61062,56386,58274,51206.5,52306,123185,127568,,,,,,,,
2025,R3,E098,"E098 Atria Institute of Technology, Anand Nagar, Hebbal PO, Bangalore (AUTONOMOUS) ASKB CAMPUS, AG'S COLONY, 1ST MAIN, ANANDNAGAR,BANGALORE","COMPUTER SCIENCE AND ENGINEERING(D ATA SCIENCE)",47261,70169,64110,55079,48416,52883,126356,183778,,,,,,,,
2025,R3,E098,"E098 Atria Institute of Technology, Anand Nagar, Hebbal PO, Bangalore (AUTONOMOUS) ASKB CAMPUS, AG'S COLONY, 1ST MAIN, ANANDNAGAR,BANGALORE","INFORMATION SCIENCE AND ENGINEERING",56912,72256,72556,66225,58819,65319,153565,226351,,,,,,,,
2025,R3,E099,"E099 New Horizon College of Engineering, Varthur, Bangalore(AUTONOMOUS) RING ROAD, NEAR MARATHALLI, BELLANDUR POST,KADUBHISANAHALLI,BANGALORE","ARTIFICIAL INTELLIGENCE AND MACHINE LEARNING",18381,21369,26147,28116,23289,22269,51431,51817,,,,,,,,
2025,R3,E099,"E099 New Horizon College of Engineering, Varthur, Bangalore(AUTONOMOUS) RING ROAD, NEAR MARATHALLI, BELLANDUR POST,KADUBHISANAHALLI,BANGALORE","COMPUTER SCIENCE AND ENGINEERING",17363,22204,22017,26457,20947,19211,57383,59943,,,,,,,,
2025,R3,E102,"E102 DONBOSCO Institute of Technology, Bangalore(AUTONOMOUS) KUMBALAGODU, MYSORE ROAD, KENGERI HOBLI,BANGALORE-560074","ARTIFICIAL INTELLIGENCE AND DATA SCIENCE",44247,53255,61886,56564,47131,53055,117118,128321,,,,,,,,
2025,R3,E102,"E102 DONBOSCO Institute of Technology, Bangalore(AUTONOMOUS) KUMBALAGODU, MYSORE ROAD, KENGERI HOBLI,BANGALORE-560074","COMPUTER SCIENCE AND ENGG(ARTIFICIA L INTELLIGENCE AND MACHINE LEARNING)",44621,46594.5,52401,49576,44744,50914.5,123936,131811,,,,,,,,
2025,R3,E102,"E102 DONBOSCO Institute of Technology, Bangalore(AUTONOMOUS) KUMBALAGODU, MYSORE ROAD, KENGERI HOBLI,BANGALORE-560074","COMPUTER SCIENCE AND ENGG(INTERNE T OF THINGS & CYBER SECURITY INCLUDING BLOCK CHAIN TECH)",56544,119947,79111,63788,56752,61844,206258,,,,,,,,,
2025,R3,E102,"E102 DONBOSCO Institute of Technology, Bangalore(AUTONOMOUS) KUMBALAGODU, MYSORE ROAD, KENGERI HOBLI,BANGALORE-560074","COMPUTER SCIENCE AND ENGINEERING",42518,60474,63237,63643,45914,49758,127038,132906,,,,,,,,
2025,R3,E103,"E103 Global Academy of Technology, Bangalore(AUTONOMOUS) IDEAL HOMES TOWNSHIP,RAJARAJESHWARINAGAR,BANGALORE-560098","ARTIFICIAL INTELLIGENCE AND DATA SCIENCE",32187,49848,40650,41861,34979,36947,96923,133084,,,,,,,,
2025,R3,E103,"E103 Global Academy of Technology, Bangalore(AUTONOMOUS) IDEAL HOMES TOWNSHIP,RAJARAJESHWARINAGAR,BANGALORE-560098","ARTIFICIAL INTELLIGENCE AND MACHINE LEARNING",30045,46131.5,35444,44231.5,32478,32562,71616,71288,,,,,,,,
2025,R3,E103,"E103 Global Academy of Technology, Bangalore(AUTONOMOUS) IDEAL HOMES TOWNSHIP,RAJARAJESHWARINAGAR,BANGALORE-560098","COMPUTER SCIENCE AND 5 ENGG(ARTIFICIA L INTELLIGENCE AND MACHINE LEARNING)",31803,45772,40111,54037.7,33014,33381,94530,118693,,,,,,,,
2025,R3,E103,"E103 Global Academy of Technology, Bangalore(AUTONOMOUS) IDEAL HOMES TOWNSHIP,RAJARAJESHWARINAGAR,BANGALORE-560098","COMPUTER SCIENCE AND ENGINEERING",29774,45072,39285,52664,30627,33067,94515,97920,,,,,,,,
2025,R3,E103,"E103 Global Academy of Technology, Bangalore(AUTONOMOUS) IDEAL HOMES TOWNSHIP,RAJARAJESHWARINAGAR,BANGALORE-560098","INFORMATION SCIENCE AND ENGINEERING",37655,49384,43452,65059,38630,40341,109628,129702,,,,,,,,
2025,R3,E106,"E106 East West Institute Of Technology,Bangalore(AUTONOMOUS) SY. NO.63, OFF MAGADI MAIN ROAD, VISHWANEEDAM POST,BANGALORE","ARTIFICIAL INTELLIGENCE 5 AND MACHINE LEARNING",51457.5,77306,60494,66534,,54092,91259,89043,,,,,,,,
2025,R3,E107,"E107 B N M Institute of Technology, Bangalore (AUTONOMOUS) 12TH MAIN, 27TH CROSS, BSK SECOND STAGE","ARTIFICIAL INTELLIGENCE AND MACHINE LEARNING",16543,25426,22332,20894,16827,20261,64610,82768,,,,,,,,
2025,R3,E107,"E107 B N M Institute of Technology, Bangalore (AUTONOMOUS) 12TH MAIN, 27TH CROSS, BSK SECOND STAGE","COMPUTER SCIENCE AND ENGINEERING",14324,25278,20499,24125,15930,15728,64846.5,64349,,,,,,,,
2025,R3,E107,"E107 B N M Institute of Technology, Bangalore (AUTONOMOUS) 12TH MAIN, 27TH CROSS, BSK SECOND STAGE","INFORMATION SCIENCE AND ENGINEERING",17720,,24664,25634,19833.5,20429,66546,73188,,,,,,,,
2025,R3,E108,"E108 SAPTHAGIRI NPS UNIVERISTY #14/5, CHIKKASANDRA,HESARAGHATTA MAIN ROAD,BANGALURU","COMPUTER SCIENCE AND ENGG(ARTIFICIA L INTELLIGENCE AND MACHINE LEARNING)",54994,68094,74825,75611,59240,64718,151265,188007,,,,,,,,
2025,R3,E108,"E108 SAPTHAGIRI NPS UNIVERISTY #14/5, CHIKKASANDRA,HESARAGHATTA MAIN ROAD,BANGALURU","COMPUTER SCIENCE AND ENGINEERING(A RTIFICAL INTELLIGENCE & DATA SCIENCE)",49268,70069,68729,72063,50736,58113,144873,190298,,,,,,,,
2025,R3,E111,"E111 Sri Venkateshwara College of Engineering, Bangalore VIDYANAGAR, BENGALURU INTERNATIONAL AIRPORT ROAD,BETTAHALASUR POST,BENGALURU NORTH,BENGALURU - 562 157","COMPUTER SCIENCE AND ENGG (ARTIFICIAL INTELLIGENCE)",51205,85116,76622,52783,56023,55040,114437,98251,,,,,,,,
2025,R3,E114,"E114 G M Institute of Technology, Davanagere POST BOX. NO. 4, P.B.ROAD.DAVANGERE.","ARTIFICIAL INTELLIGENCE AND MACHINE LEARNING",54758.5,64477,66435,61765,66625,58240.5,140433,116474,,,,,,,,
2025,R3,E114,"E114 G M Institute of Technology, Davanagere POST BOX. NO. 4, P.B.ROAD.DAVANGERE.","COMPUTER SCIENCE AND ENGINEERING",45137,61031,60396.5,51766,64342,47520,117831,94585,,,,,,,,
2025,R3,E115,"E115 S.J B. Institute of Technology,  Bangalore (AUTONOMOUS) BGS HEALTH & EDUCATION CITY,NO 67, UTTARAHALLI ROAD.KENGERI, BANGALORE -60","ARTIFICIAL INTELLIGENCE AND MACHINE LEARNING",25477,33266,31064,,,29674,73175,77996,,,,,,,,
2025,R3,E115,"E115 S.J B. Institute of Technology,  Bangalore (AUTONOMOUS) BGS HEALTH & EDUCATION CITY,NO 67, UTTARAHALLI ROAD.KENGERI, BANGALORE -60","COMPUTER SCIENCE AND ENGINEERING",24207,30326,34776,35755,26630,26185,83037,81462,,,,,,,,
2025,R3,E115,"E115 S.J B. Institute of Technology,  Bangalore (AUTONOMOUS) BGS HEALTH & EDUCATION CITY,NO 67, UTTARAHALLI ROAD.KENGERI, BANGALORE -60","COMPUTER SCIENCE AND ENGINEERING(D ATA SCIENCE)",27968.5,36273,35927,39098,28255,30792,81015,102701,,,,,,,,
2025,R3,E115,"E115 S.J B. Institute of Technology,  Bangalore (AUTONOMOUS) BGS HEALTH & EDUCATION CITY,NO 67, UTTARAHALLI ROAD.KENGERI, BANGALORE -60","INFORMATION SCIENCE AND ENGINEERING",29218,45287,37693,53905,32822,31530,92312,105394,,,,,,,,
2025,R3,E118,"E118 RNS Institute of Technology, Bangalore (AUTONOMOUS) CHANNASANDRA,UTTARAHALLI -KENGERI MAIN ROAD,SUBRAMANYAPURA POST,BANGALORE","COMPUTER SCIENCE AND ENGG(ARTIFICIA L INTELLIGENCE AND MACHINE LEARNING)",16199,20863,20001,26749,17662,18039,61329,67880,,,,,,,,
2025,R3,E118,"E118 RNS Institute of Technology, Bangalore (AUTONOMOUS) CHANNASANDRA,UTTARAHALLI -KENGERI MAIN ROAD,SUBRAMANYAPURA POST,BANGALORE","COMPUTER SCIENCE AND ENGINEERING",14842,21476,20255,29807,16871,15674,63093.5,65605,,,,,,,,
2025,R3,E118,"E118 RNS Institute of Technology, Bangalore (AUTONOMOUS) CHANNASANDRA,UTTARAHALLI -KENGERI MAIN ROAD,SUBRAMANYAPURA POST,BANGALORE","COMPUTER SCIENCE AND ENGINEERING (CYBER SECURITY)",18915,24616,24764,27428,20051,20644,72123,77768,,,,,,,,
2025,R3,E118,"E118 RNS Institute of Technology, Bangalore (AUTONOMOUS) CHANNASANDRA,UTTARAHALLI -KENGERI MAIN ROAD,SUBRAMANYAPURA POST,BANGALORE","COMPUTER SCIENCE AND ENGINEERING(D ATA SCIENCE)",18100,24051,22620,31042,18677,18477,70833,68209,,,,,,,,
2025,R3,E126,"E126 B M S Institute of Technology & Management, Yelahanka, Bangalore(AUTONOMOUS) POST BOX NO.6443, AVALAHALLI,DODDABALLAPURA MAIN ROAD,YELAHANKA, BANGALORE - 560064.","ARTIFICIAL INTELLIGENCE AND MACHINE LEARNING",13485,19866,17710,24693,14851,15362,47642,46824,,,,,,,,
2025,R3,E126,"E126 B M S Institute of Technology & Management, Yelahanka, Bangalore(AUTONOMOUS) POST BOX NO.6443, AVALAHALLI,DODDABALLAPURA MAIN ROAD,YELAHANKA, BANGALORE - 560064.","COMPUTER SCIENCE AND BUSINESS SYSTEMS",13855,18741,18426,,16018,14379,52894,67945,,,,,,,,
2025,R3,E126,"E126 B M S Institute of Technology & Management, Yelahanka, Bangalore(AUTONOMOUS) POST BOX NO.6443, AVALAHALLI,DODDABALLAPURA MAIN ROAD,YELAHANKA, BANGALORE - 560064.","COMPUTER SCIENCE AND ENGINEERING",12263,18175,17182,21562,14435,14354,50388,53856,,,,,,,,
2025,R3,E128,"E128 Sharanbasava University (Formerly Appa Institute of Engineering and Tech) SHARNBASVESHWARA INSTITUTIONS  CAMPUS , KALABURAGI ( GULBARGA) -585103 , KARNATAKA","B TECH IN ARTIFICIAL INTELLIGENCE AND DATA SCIENCE",46230,87824,72700,,,,123748,,,,,,,,,
2025,R3,E128,"E128 Sharanbasava University (Formerly Appa Institute of Engineering and Tech) SHARNBASVESHWARA INSTITUTIONS  CAMPUS , KALABURAGI ( GULBARGA) -585103 , KARNATAKA","B TECH IN COMPUTER SCIENCE AND ENGINEERING",47748,88032,110898,,81381.5,66947,90658,90631,,,,,,,,
2025,R3,E129,"E129 St.Joseph Engineering College, Mangalore(AUTONOMOUS) MANGALORE","ARTIFICIAL INTELLIGENCE AND MACHINE LEARNING",23830,41367,31542,37851,,24032,137146,59204,,,,,,,,
2025,R3,E129,"E129 St.Joseph Engineering College, Mangalore(AUTONOMOUS) MANGALORE","COMPUTER SCIENCE AND BUSINESS SYSTEMS",46047,66261,71100,59170,116889,63986,219879,198426,,,,,,,,
2025,R3,E129,"E129 St.Joseph Engineering College, Mangalore(AUTONOMOUS) MANGALORE","COMPUTER SCIENCE AND ENGINEERING",30458,65577,47232,38874,60719,38062,127376,98957,,,,,,,,
2025,R3,E129,"E129 St.Joseph Engineering College, Mangalore(AUTONOMOUS) MANGALORE","COMPUTER SCIENCE AND ENGINEERING(D ATA SCIENCE)",24119,,48919,32610,27394,29865,159488,131182,,,,,,,,
2025,R3,E133,"E133 G S S S Institute of Engineering & Technology for Women, Mysore K.R.S. ROAD, METAGALLI  INDUSTRIAL AREA, MYSORE-16","ARTIFICIAL INTELLIGENCE AND DATA SCIENCE",28041,29172,31589,,32629,28543,69409,75821.5,,,,,,,,
2025,R3,E133,"E133 G S S S Institute of Engineering & Technology for Women, Mysore K.R.S. ROAD, METAGALLI  INDUSTRIAL AREA, MYSORE-16","COMPUTER SCIENCE AND ENGG(ARTIFICIA L INTELLIGENCE AND MACHINE LEARNING)",23245,54645,30745,39703,24253,26516,57639,51791,,,,,,,,
2025,R3,E133,"E133 G S S S Institute of Engineering & Technology for Women, Mysore K.R.S. ROAD, METAGALLI  INDUSTRIAL AREA, MYSORE-16","COMPUTER SCIENCE AND ENGINEERING",21447,36457,27975,28676,21752,25701,50235,74662,,,,,,,,
2025,R3,E133,"E133 G S S S Institute of Engineering & Technology for Women, Mysore K.R.S. ROAD, METAGALLI  INDUSTRIAL AREA, MYSORE-16","INFORMATION SCIENCE AND ENGINEERING",27347,64152,33328,40147,27547,27354,70872,72086,,,,,,,,
2025,R3,E141,"E141 PES UNIVERSITY(Electronic City Campus) Hosur Rd, Konappana Agrahara, Electronic City, Bengaluru, Karnataka 560100","B TECH IN COMPUTER SCIENCE & ENGINEERING (ARTIFICAL INTELLIGENCE & MACHINE LEARNING)",7283,12789.5,10926,15153,8739,9792,37935,42585,,,,,,,,
2025,R3,E141,"E141 PES UNIVERSITY(Electronic City Campus) Hosur Rd, Konappana Agrahara, Electronic City, Bengaluru, Karnataka 560100","B TECH IN COMPUTER SCIENCE AND ENGINEERING",6056,11923,10921,14841,8352,8777,39249,45139,,,,,,,,
2025,R3,E145,"E145 Rajarajeswari College of Engineering, Bangalore (AUTONOMOUS) #14, RAMOHOLLI CROSS,KUMBALGODU, MYSORE ROAD,BANGALORE - 560074","ARTIFICIAL INTELLIGENCE AND MACHINE LEARNING",45213,76960.5,61364.7,86908,51502,54336,114179,163670,,,,,,,,
2025,R3,E145,"E145 Rajarajeswari College of Engineering, Bangalore (AUTONOMOUS) #14, RAMOHOLLI CROSS,KUMBALGODU, MYSORE ROAD,BANGALORE - 560074","COMPUTER SCIENCE AND ENGINEERING",48184,83013,68790,70875,52253,54343,132503,137669,,,,,,,,
2025,R3,E149,"E149 Cambridge Institutute of Technology, K.R.Puram, Bangalore(AUTONOMOUS) K R PURAM,BANGALORE","ARTIFICIAL INTELLIGENCE AND MACHINE LEARNING",26776,26877,33842,33416,30956,29385,73220,77017,,,,,,,,
2025,R3,E149,"E149 Cambridge Institutute of Technology, K.R.Puram, Bangalore(AUTONOMOUS) K R PURAM,BANGALORE","COMPUTER SCIENCE AND ENGG(INTERNE T OF THINGS & CYBER SECURITY INCLUDING BLOCK CHAIN TECH)",34638,45221,38061,41793,36631,35901,89975,116292,,,,,,,,
2025,R3,E149,"E149 Cambridge Institutute of Technology, K.R.Puram, Bangalore(AUTONOMOUS) K R PURAM,BANGALORE","COMPUTER SCIENCE AND ENGINEERING",31213,39360,41356,36835,33413,32593,83228,96701,,,,,,,,
2025,R3,E149,"E149 Cambridge Institutute of Technology, K.R.Puram, Bangalore(AUTONOMOUS) K R PURAM,BANGALORE","COMPUTER SCIENCE AND ENGINEERING(D ATA SCIENCE)",31629,38206,35705,34210,32023,33604,85386,83822,,,,,,,,
2025,R3,E151,"E151 Mangalore Institute of Technology & Engineering, Moodabidri, Mangalore(AUTONOMOUS) BADAGA MIJAR,","ARTIFICIAL INTELLIGENCE AND MACHINE LEARNING",40896,53466,50751,61830,46236,52701,109363,102225,,,,,,,,
2025,R3,E151,"E151 Mangalore Institute of Technology & Engineering, Moodabidri, Mangalore(AUTONOMOUS) BADAGA MIJAR,","COMPUTER SCIENCE AND ENGG(ARTIFICIA L INTELLIGENCE AND MACHINE LEARNING)",30362,58797,64787,97660,52260,32997,110934,54435,,,,,,,,
2025,R3,E151,"E151 Mangalore Institute of Technology & Engineering, Moodabidri, Mangalore(AUTONOMOUS) BADAGA MIJAR,","COMPUTER SCIENCE AND ENGG(INTERNE T OF THINGS & CYBER SECURITY INCLUDING BLOCK CHAIN TECH)",50550,127089,82560,58214,64876,56393,155406,87818,,,,,,,,
2025,R3,E151,"E151 Mangalore Institute of Technology & Engineering, Moodabidri, Mangalore(AUTONOMOUS) BADAGA MIJAR,","COMPUTER SCIENCE AND ENGINEERING",37983,57078,46344,51045,53979,52438,162315,83715,,,,,,,,
2025,R3,E151,"E151 Mangalore Institute of Technology & Engineering, Moodabidri, Mangalore(AUTONOMOUS) BADAGA MIJAR,","INFORMATION SCIENCE AND ENGINEERING",57170,67207,78476,61294,62192,70608,250716,180061,,,,,,,,
2025,R3,E155,"E155 Government Engineering College, Hassan DAIRY CIRCLE, B M ROAD, HASSAN","ARTIFICIAL INTELLIGENCE AND MACHINE LEARNING",44874,58912,64112,49919,44932,56011,84315,102333,,,,,,,,
2025,R3,E155,"E155 Government Engineering College, Hassan DAIRY CIRCLE, B M ROAD, HASSAN","COMPUTER SCIENCE AND ENGINEERING",45461,69559,62486,53099,48238,55046,91871,86864,,,,,,,,
2025,R3,E158,"E158 Maharaja Institute of Technology Mysore,Belawadi,Srirangapatna,Mandya(AUTONOMOUS) BEHIND K R MILLS,BELAWADI VILLAGE,NAGUVANAHALLI PANCHAYAT,SRIRANGAPATNA TALUK,MANDYA DISTRICT","COMPUTER SCIENCE AND ENGG (ARTIFICIAL INTELLIGENCE)",50942,,61488,59384,56271,56911,116063,115626,,,,,,,,
2025,R3,E158,"E158 Maharaja Institute of Technology Mysore,Belawadi,Srirangapatna,Mandya(AUTONOMOUS) BEHIND K R MILLS,BELAWADI VILLAGE,NAGUVANAHALLI PANCHAYAT,SRIRANGAPATNA TALUK,MANDYA DISTRICT","COMPUTER SCIENCE AND ENGG(ARTIFICIA L INTELLIGENCE AND MACHINE LEARNING)",41831,54192,58763,69962,,48036,101174,100168,,,,,,,,
2025,R3,E158,"E158 Maharaja Institute of Technology Mysore,Belawadi,Srirangapatna,Mandya(AUTONOMOUS) BEHIND K R MILLS,BELAWADI VILLAGE,NAGUVANAHALLI PANCHAYAT,SRIRANGAPATNA TALUK,MANDYA DISTRICT","COMPUTER SCIENCE AND ENGINEERING",48537,64756,62130,72916,51597,49040,107373,102224,,,,,,,,
2025,R3,E158,"E158 Maharaja Institute of Technology Mysore,Belawadi,Srirangapatna,Mandya(AUTONOMOUS) BEHIND K R MILLS,BELAWADI VILLAGE,NAGUVANAHALLI PANCHAYAT,SRIRANGAPATNA TALUK,MANDYA DISTRICT","COMPUTER SCIENCE AND ENGINEERING(D ATA SCIENCE)",59012,72090,94549,77372,62018,60353,130556,95049.5,,,,,,,,
2025,R3,E160,"E160 Sahyadri College Of Engineering & Management, Adyar, Mangalore(AUTONOMOUS) 'SAHYADRI CAMPUS'N.H-48, ADYAR,MANGALORE","COMPUTER SCIENCE AND ENGG(ARTIFICIA L INTELLIGENCE AND MACHINE LEARNING)",25740,29565,31180,32803,34408,32047,100520,74809,,,,,,,,
2025,R3,E160,"E160 Sahyadri College Of Engineering & Management, Adyar, Mangalore(AUTONOMOUS) 'SAHYADRI CAMPUS'N.H-48, ADYAR,MANGALORE","COMPUTER SCIENCE AND ENGINEERING",19138,31440,25923,35723,26871,28954,101617,65209,,,,,,,,
2025,R3,E160,"E160 Sahyadri College Of Engineering & Management, Adyar, Mangalore(AUTONOMOUS) 'SAHYADRI CAMPUS'N.H-48, ADYAR,MANGALORE","INFORMATION SCIENCE AND ENGINEERING",32737,40348,38842,38778,41120,37941,160736,92767,,,,,,,,
2025,R3,E160,"E160 Sahyadri College Of Engineering & Management, Adyar, Mangalore(AUTONOMOUS) 'SAHYADRI CAMPUS'N.H-48, ADYAR,MANGALORE","ROBOTICS AND AUTOMATION",39332,65910,70264,44643,50438,46130,134460,99774,,,,,,,,
2025,R3,E167,"E167 K L E S's K L E College of Engineering & Technology, Chikkodi, Belgaum Dist. BANANTIKODI ROAD CHIKODI,BELGAUM -591 201,","ARTIFICIAL INTELLIGENCE AND DATA SCIENCE",55499,63781,72671,,,62410,178486,154934,,,,,,,,
2025,R3,E173,"E173 Sai Vidya Institute of Technology, Rajanakunte, Bangalore RAJANUKUNTE,DODDBALLAPURA ROAD ,VIA: YELAHANKA,BANGALORE","COMPUTER SCIENCE AND ENGG(ARTIFICIA L INTELLIGENCE AND MACHINE LEARNING)",59273,74283,82174,61396,75382,64767,182413,168104,,,,,,,,
2025,R3,E173,"E173 Sai Vidya Institute of Technology, Rajanakunte, Bangalore RAJANUKUNTE,DODDBALLAPURA ROAD ,VIA: YELAHANKA,BANGALORE","COMPUTER SCIENCE AND ENGINEERING",57230,117138,81455,94177,67670,72367,180688,243819,,,,,,,,
2025,R3,E178,"E178 The National Institute of Engineering(NORTH CAMPUS), No.50(Part) Koorgalli,Hootgalli Industrial Area ,Mysuru-570018","COMPUTER SCIENCE AND ENGG(ARTIFICIA L INTELLIGENCE AND MACHINE LEARNING)",10634,12212,13772,17175,11482,12870,39277,44005,,,,,,,,
2025,R3,E178,"E178 The National Institute of Engineering(NORTH CAMPUS), No.50(Part) Koorgalli,Hootgalli Industrial Area ,Mysuru-570018","COMPUTER SCIENCE AND ENGINEERING",10948,22005,16250.5,17355,13186,13771,40394,44872,,,,,,,,
2025,R3,E196,"E196 Jain College of Engineering,Machche, Belgaum T.S. NAGAR,HUNCHANHATTI ROAD,MACCHE, BELGAUM- 590014.","ENGINEERING COMPUTER SCIENCE AND ENGG(ARTIFICIA L INTELLIGENCE AND MACHINE LEARNING)",41012,62725,60198,52504.5,52467,43253,122729,99929,,,,,,,,
2025,R3,E196,"E196 Jain College of Engineering,Machche, Belgaum T.S. NAGAR,HUNCHANHATTI ROAD,MACCHE, BELGAUM- 590014.","COMPUTER SCIENCE AND ENGINEERING",41893,47871,59212,50062,54201,46235,118973,138861,,,,,,,,
2025,R3,E209,"E209 Jyothi Institute of Technology, Kanakapura Road,Bangalore ,BANGALORE","ARTIFICIAL INTELLIGENCE AND MACHINE LEARNING",48937,68482,67752,80257,68471,49019,111005,135028,,,,,,,,
2025,R3,E212,"E212 Dayananda Sagar Academy of Technology & Management Technical Campus, Bangalore(AUTONOMOUS) UDAYAPURA,KANAKAPURA ROAD,BANGALORE URBAN","COMPUTER SCIENCE AND ENGG(ARTIFICIA L INTELLIGENCE AND MACHINE LEARNING)",19884,24786,24821,38551,20835,22227,71801,67692,,,,,,,,
2025,R3,E212,"E212 Dayananda Sagar Academy of Technology & Management Technical Campus, Bangalore(AUTONOMOUS) UDAYAPURA,KANAKAPURA ROAD,BANGALORE URBAN","COMPUTER SCIENCE AND ENGG(INTERNE T OF THINGS & CYBER SECURITY INCLUDING BLOCK CHAIN TECH)",27685,36450,36452,42758,29862,30553,85022,77670,,,,,,,,
2025,R3,E212,"E212 Dayananda Sagar Academy of Technology & Management Technical Campus, Bangalore(AUTONOMOUS) UDAYAPURA,KANAKAPURA ROAD,BANGALORE URBAN","COMPUTER SCIENCE AND ENGINEERING",20616,25924,29287,38428,23420,23268,66367,69724,,,,,,,,
2025,R3,E212,"E212 Dayananda Sagar Academy of Technology & Management Technical Campus, Bangalore(AUTONOMOUS) UDAYAPURA,KANAKAPURA ROAD,BANGALORE URBAN","COMPUTER SCIENCE AND ENGINEERING (CYBER SECURITY)",24826,30639,32195,31870,29132,28449.5,69856,70733,,,,,,,,
2025,R3,E212,"E212 Dayananda Sagar Academy of Technology & Management Technical Campus, Bangalore(AUTONOMOUS) UDAYAPURA,KANAKAPURA ROAD,BANGALORE URBAN","COMPUTER SCIENCE AND ENGINEERING(D ATA SCIENCE)",24817,34689,34770,39980,25900,26805,74211,77391,,,,,,,,
2025,R3,E212,"E212 Dayananda Sagar Academy of Technology & Management Technical Campus, Bangalore(AUTONOMOUS) UDAYAPURA,KANAKAPURA ROAD,BANGALORE URBAN","INFORMATION SCIENCE AND ENGINEERING",27027,42211,33353,44223,30185,29004,94618,99538,,,,,,,,
2025,R3,E220,"E220 ALLIANCE University Central Campus, Chikkahadage Cross Chandapura-Anekal, Main Road, Bengaluru, Karnataka 562106","B TECH IN ARTIFICIAL INTELLIGENCE AND MACHINE LEARNING",26742,43713,39191,28334,28828,36834,82344,104870,,,,,,,,
2025,R3,E220,"E220 ALLIANCE University Central Campus, Chikkahadage Cross Chandapura-Anekal, Main Road, Bengaluru, Karnataka 562106","B TECH IN COMPUTER SCIENCE & ENGG (ARTIFICIAL INTELLIGENCE AND FUTURE TECHNOLOGIES )",34866,69764,49722,55378,36310,50574,88154,138103,,,,,,,,
2025,R3,E220,"E220 ALLIANCE University Central Campus, Chikkahadage Cross Chandapura-Anekal, Main Road, Bengaluru, Karnataka 562106","B TECH IN COMPUTER SCIENCE AND ENGINEERING",45279,62878.5,61506,65507,54876,54589,124153,190870,,,,,,,,
2025,R3,E220,"E220 ALLIANCE University Central Campus, Chikkahadage Cross Chandapura-Anekal, Main Road, Bengaluru, Karnataka 562106","B TECH IN COMPUTER SCIENCE AND ENGINEERING(C YBER SECURITY)",39289,64456,50755,41318,40363,42157,82542.5,140984,,,,,,,,
2025,R3,E220,"E220 ALLIANCE University Central Campus, Chikkahadage Cross Chandapura-Anekal, Main Road, Bengaluru, Karnataka 562106","B TECH IN COMPUTER SCIENCE AND ENGINEERING(I OT)",55247,72466,62010,59074,56652,58392,138392,140534,,,,,,,,
2025,R3,E220,"E220 ALLIANCE University Central Campus, Chikkahadage Cross Chandapura-Anekal, Main Road, Bengaluru, Karnataka 562106","B TECH IN INFORMATION TECHNOLOGY",56586,63898,80204,,58669,58971.5,129836,185759,,,,,,,,
2025,R3,E222,"E222 Cambridge Institute Of Technology, North Campus, Devanahalli, Bangalore SURVEY NO. 73, LINGADHEERA GOLLAHALLI, KUNDANA POST, DEVANAHALLI TALUK","COMPUTER SCIENCE AND ENGG(ARTIFICIA L INTELLIGENCE AND MACHINE LEARNING)",55475,99796,77679,88752,77111,63780,218345,210728,,,,,,,,
2025,R3,E232,"E232 REVA University RUKMINI KNOWLEDGE PARK, KATTIGENAHALLI, YELAHANKA,BANGALORE - 560064,","B TECH IN COMPUTER SCIENCE AND INFORMATION TECHNOLOGY",28337,43948,38194,34469,30545,30264,86514,92810,,,,,,,,
2025,R3,E232,"E232 REVA University RUKMINI KNOWLEDGE PARK, KATTIGENAHALLI, YELAHANKA,BANGALORE - 560064,","B TECH IN ARTIFICIAL INTELLIGENCE AND DATA SCIENCE",22888,31584,29832,29419,24554,23115,66590,59412,,,,,,,,
2025,R3,E232,"E232 REVA University RUKMINI KNOWLEDGE PARK, KATTIGENAHALLI, YELAHANKA,BANGALORE - 560064,","B TECH IN COMPUTER SCIENCE & ENGINEERING (ARTIFICAL INTELLIGENCE & MACHINE LEARNING)",21356,24312,26491,25030,24698,23287,58993,55386,,,,,,,,
2025,R3,E232,"E232 REVA University RUKMINI KNOWLEDGE PARK, KATTIGENAHALLI, YELAHANKA,BANGALORE - 560064,","B TECH IN COMPUTER SCIENCE AND ENGINEERING",19283,26611,27024.5,26708,23950,22030,58791,64784,,,,,,,,
2025,R3,E232,"E232 REVA University RUKMINI KNOWLEDGE PARK, KATTIGENAHALLI, YELAHANKA,BANGALORE - 560064,","B TECH IN COMPUTER SCIENCE AND ENGINEERING(I OT INCLUDING BLOCK CHAIN)",27214,30335,36292,,28633,29906,90474,76600,,,,,,,,
2025,R3,E232,"E232 REVA University RUKMINI KNOWLEDGE PARK, KATTIGENAHALLI, YELAHANKA,BANGALORE - 560064,","B TECH IN ELECTRONICS & COMPUTER ENGINEERING",34034,,48202,40103,34893,34912,90985,112517,,,,,,,,
2025,R3,E232,"E232 REVA University RUKMINI KNOWLEDGE PARK, KATTIGENAHALLI, YELAHANKA,BANGALORE - 560064,","B TECH IN INFORMATION SCIENCE ENGINEERING",25627,30939,35088,29876,29504,26593,83341,93203,,,,,,,,
2025,R3,E232,"E232 REVA University RUKMINI KNOWLEDGE PARK, KATTIGENAHALLI, YELAHANKA,BANGALORE - 560064,","B Tech in ROBOTICS AND ARTIFICIAL INTELLIGENCE",28219,45394,29595,31941,,30371,88643,58389,,,,,,,,
2025,R3,E235,"E235 M . S . Ramaiah University of Applied Sciences UNIVERSITY HOUSE, GNANAGANGOTHRI CAMPUS, NEW BEL ROAD, MSR ROAD, BANGALORE - 560054","B TECH IN ARTIFICIAL INTELLIGENCE AND MACHINE LEARNING",18244,25153,23707,27199,20379,18886,61665,60303,,,,,,,,
2025,R3,E235,"E235 M . S . Ramaiah University of Applied Sciences UNIVERSITY HOUSE, GNANAGANGOTHRI CAMPUS, NEW BEL ROAD, MSR ROAD, BANGALORE - 560054","B TECH IN INFORMATION SCIENCE ENGINEERING",23567,31420,31636,35363,24405,25099,90420,83863,,,,,,,,
2025,R3,E235,"E235 M . S . Ramaiah University of Applied Sciences UNIVERSITY HOUSE, GNANAGANGOTHRI CAMPUS, NEW BEL ROAD, MSR ROAD, BANGALORE - 560054","B TECH IN MATHAMATICS AND COMPUTING",17900,38566,24564,,,,63762,60267,,,,,,,,
2025,R3,E235,"E235 M . S . Ramaiah University of Applied Sciences UNIVERSITY HOUSE, GNANAGANGOTHRI CAMPUS, NEW BEL ROAD, MSR ROAD, BANGALORE - 560054","B TECH IN ROBOTICS ENGINEERING",27316,,39857,32345.5,32064,34916,103157,109542,,,,,,,,
2025,R3,E237,"E237 PRESIDENCY University ITGALPURA, RAJANUKUNTE, YELAHANKA, BENGALURU - 560 064","B TECH IN ARTIFICIAL INTELLIGENCE AND DATA SCIENCE",43909,46598,59482.5,45936.5,46836,43959,98808.5,103630,,,,,,,,
2025,R3,E237,"E237 PRESIDENCY University ITGALPURA, RAJANUKUNTE, YELAHANKA, BENGALURU - 560 064","B TECH IN COMPUTER SCIENCE & ENGINEERING (ARTIFICAL INTELLIGENCE & MACHINE LEARNING)",39019,48147,52869,55688,43601,45871,93418,95160,,,,,,,,
2025,R3,E237,"E237 PRESIDENCY University ITGALPURA, RAJANUKUNTE, YELAHANKA, BENGALURU - 560 064","B TECH IN COMPUTER SCIENCE AND ENGINEERING(B LOCK CHAIN)",58646,85684,74637,59314,60512,64641,147572,186402,,,,,,,,
2025,R3,E237,"E237 PRESIDENCY University ITGALPURA, RAJANUKUNTE, YELAHANKA, BENGALURU - 560 064","B TECH IN COMPUTER SCIENCE AND ENGINEERING(C YBER SECURITY)",54236,84754,73938,71680,60633,63633,132933,149127,,,,,,,,
2025,R3,E237,"E237 PRESIDENCY University ITGALPURA, RAJANUKUNTE, YELAHANKA, BENGALURU - 560 064","B TECH IN COMPUTER SCIENCE AND ENGINEERING(D ATA SCIENCE)",52380,75592,67843,68834,53825,60205,125908,149229,,,,,,,,
2025,R3,E237,"E237 PRESIDENCY University ITGALPURA, RAJANUKUNTE, YELAHANKA, BENGALURU - 560 064","B TECH IN INFORMATION SCIENCE ENGINEERING",58927,74130,73111,80048,59130,61693,153553,171337,,,,,,,,
2025,R3,E237,"E237 PRESIDENCY University ITGALPURA, RAJANUKUNTE, YELAHANKA, BENGALURU - 560 064","B Tech in ROBOTICS AND ARTIFICIAL INTELLIGENCE",50098,81257,61936.5,50258,52536,86006,136300,129949,,,,,,,,
2025,R3,E240,"E240 Dayananda Sagar University DEVARAKAGGALAHALLI VILLAGE, HAROHALLI, KANAKAPURA MAIN ROAD, RAMANAGAR DIST","B TECH IN COMPUTER SCIENCE & ENGINEERING (ARTIFICAL INTELLIGENCE & MACHINE LEARNING)",27669,37962,39934,43169.5,31945,32650,86735,109973,,,,,,,,
2025,R3,E240,"E240 Dayananda Sagar University DEVARAKAGGALAHALLI VILLAGE, HAROHALLI, KANAKAPURA MAIN ROAD, RAMANAGAR DIST","B TECH IN COMPUTER SCIENCE AND ENGINEERING",31148,43813,44042,49711,34615,36985,104796,120253,,,,,,,,
2025,R3,E240,"E240 Dayananda Sagar University DEVARAKAGGALAHALLI VILLAGE, HAROHALLI, KANAKAPURA MAIN ROAD, RAMANAGAR DIST","B TECH IN COMPUTER SCIENCE AND ENGINEERING(A RTIFICIAL INTELLIGENCE AND DATA SCIENCE)",32865,46762,43091.5,51108.5,34461,39057,107463,114826,,,,,,,,
2025,R3,E240,"E240 Dayananda Sagar University DEVARAKAGGALAHALLI VILLAGE, HAROHALLI, KANAKAPURA MAIN ROAD, RAMANAGAR DIST","B Tech in ROBOTICS AND ARTIFICIAL INTELLIGENCE",41943,58496,52287,54327.7,42970,46650,136270,98194,,,,,,,,
2025,R3,E241,"E241 KLE Technological University(Formerly (BVBCET) BVBHOOMARADDI COLLEGE CAMPUS, VIDYANAGAR, HUBBALLI","AUTOMATION AND ROBOTICS",29813,41508,37822.5,60891,,30314,91266.5,59350,,,,,,,,
2025,R3,E241,"E241 KLE Technological University(Formerly (BVBCET) BVBHOOMARADDI COLLEGE CAMPUS, VIDYANAGAR, HUBBALLI","COMPUTER SCIENCE AND ENGG (ARTIFICIAL INTELLIGENCE)",12195,18617,14983,12802,17694,15348,49091,37730,,,,,,,,
2025,R3,E241,"E241 KLE Technological University(Formerly (BVBCET) BVBHOOMARADDI COLLEGE CAMPUS, VIDYANAGAR, HUBBALLI","COMPUTER SCIENCE AND ENGINEERING",10412,15050,14130.5,16007,16855,13215,47178,37136,,,,,,,,
2025,R3,E257,"E257 CMR University Main Campus, Off Hennur Bagalur Main Road, Chagalatti, Bangalore","B TECH IN COMPUTER SCIENCE & ENGINEERING (ARTIFICAL INTELLIGENCE & MACHINE LEARNING)",36709,62159,53578,49595,43537,42231,89474,153397,,,,,,,,
2025,R3,E257,"E257 CMR University Main Campus, Off Hennur Bagalur Main Road, Chagalatti, Bangalore","B TECH IN COMPUTER SCIENCE AND ENGINEERING",43286,62485,64389,66620,49880,50032,152244,141065,,,,,,,,
2025,R3,E257,"E257 CMR University Main Campus, Off Hennur Bagalur Main Road, Chagalatti, Bangalore","B TECH IN COMPUTER SCIENCE AND ENGINEERING(D ATA SCIENCE)",45752,63059,68254,64281,56002,48558,134393,160387,,,,,,,,
2025,R3,E257,"E257 CMR University Main Campus, Off Hennur Bagalur Main Road, Chagalatti, Bangalore","B TECH IN COMPUTER SCIENCE AND TECHNOLOGY",51517,66611,81095,53651,,53826,172582,238569,,,,,,,,
2025,R3,E257,"E257 CMR University Main Campus, Off Hennur Bagalur Main Road, Chagalatti, Bangalore","B TECH IN INFORMATION TECHNOLOGY",55398,,83861,58373,62632,62059,133990,184945,,,,,,,,
2025,R3,E265,"E265 Jain College of Engineering and Technology,Hubballi 404/4, 404/5, SAI NAGAR, UNKAL, HUBLI","ARTIFICIAL INTELLIGENCE AND MACHINE LEARNING",56813,88885,68594,57418,81478,57735,155653,66666,,,,,,,,
2025,R3,E275,"E275 R V Institute Of Technology and Management, Bengaluru KOTHANUR, 8TH PHASE J.P.NAGAR, BENGALURU-560 078.","COMPUTER SCIENCE AND ENGG(ARTIFICIA L INTELLIGENCE AND MACHINE LEARNING)",14002,24120,18098,19487,15690,15959,51668,40984,,,,,,,,
2025,R3,E275,"E275 R V Institute Of Technology and Management, Bengaluru KOTHANUR, 8TH PHASE J.P.NAGAR, BENGALURU-560 078.","COMPUTER SCIENCE AND ENGINEERING",11688,21393.5,14730,21456,15749,14012,51208,57233,,,,,,,,
2025,R3,E279,"E279 VISVESVARAYA TECHNOLOGICAL UNIVERSITY, BELAGAVI CAMPUS, BELAGAVI JNANA SANGAMA, MACHHE, BELAGAVI","B TECH IN COMPUTER SCIENCE AND ENGINEERING(A RTIFICIAL INTELLIGENCE AND DATA SCIENCE)",54749,102781,79324,68055,84305,57509,109249,114447,,,,,,,,
2025,R3,E284,"E284 Sri Jayachamarajendra College of Engineering(Constituent College of JSS Science & Technology University), Mysore JSS TECHNICAL INSTITUTIONS CAMPUS,MANASAGANGOTHRI PO,MYSORE","COMPUTER SCIENCE AND ENGINEERING",4449,9242,6845,8665,5856,5501,15966,14044,,,,,,,,
2025,R3,E285,"E285 RV University R.V. VIDYANIKETAN POST, MYSORE ROAD,BANGALORE","B TECH IN COMPUTER SCIENCE AND ENGINEERING",9773,20357,17153,24719,13040,12530,47127,53959,,,,,,,,
2025,R3,E286,"E286 BGS College of Engineering & Technology,Bangalore","ARTIFICIAL INTELLIGENCE AND DATA SCIENCE",39040,,52463,57284,,41403,106599,114148,,,,,,,,
2025,R3,E286,"E286 BGS College of Engineering & Technology,Bangalore","ARTIFICIAL INTELLIGENCE AND MACHINE LEARNING",34462,34838,48045.5,61829,38648,36422.5,113274,111530,,,,,,,,
2025,R3,E286,"E286 BGS College of Engineering & Technology,Bangalore","COMPUTER SCIENCE AND DESIGN",56967.5,68531,69855,121024,64241,57580,193272,,,,,,,,,
2025,R3,E286,"E286 BGS College of Engineering & Technology,Bangalore","COMPUTER SCIENCE AND ENGINEERING",32069,45125,40324.5,41827,33580,36008,124322,115117,,,,,,,,
2025,R3,E286,"E286 BGS College of Engineering & Technology,Bangalore","INFORMATION SCIENCE AND ENGINEERING",40999,54221,52426,61740,42958,41454,122170,143020,,,,,,,,
2025,R3,E289,"E289 Visvesvaraya Technological University,VTU,CPGS,Kalburgi.","COMPUTER SCIENCE AND ENGINEERING",54278,71775,68064,60759,75908,67990,81382,78530,,,,,,,,
2025,R3,E290,"E290 Visvesvaraya Technological University,VTU,CPGS,Mysuru.","B TECH IN ARTIFICIAL INTELLIGENCE AND DATA SCIENCE",49939,78306,68148,65854,56379,63262,105236,143395,,,,,,,,
2025,R3,E290,"E290 Visvesvaraya Technological University,VTU,CPGS,Mysuru.","COMPUTER SCIENCE AND ENGINEERING",45697,68463,62155,65525,58034,55701,89674,99962,,,,,,,,
2025,R3,E292,"E292 Government Engineering College,Mailur,Bidar","COMPUTER SCIENCE AND ENGINEERING",44878,79812,81006,61363.5,,69738,102040,79601,,,,,,,,
2025,R3,E302,"E302 AMITY UNIVERSITY National Highway 648 (old 207), Devanahalli - Doddaballapur Road","B Tech in Computer Science(AI &ML)",58195,104683,86040.5,66702,61767,66044,175679,235949,,,,,,,,
2025,R3,E305,"E305 DR H N NATIONAL COLLEGE OF ENGINEERING  BENGALURU","ARTIFICIAL INTELLIGENCE AND DATA SCIENCE",58161,129865,91403,78320,82390,97715,193669,225079,,,,,,,,
2025,R3,E306,"E306 THE CHANAKYA UNIVERSITY NO 29 HARALURU, DEVANAHALLI TALUK (NEAR BENGALURU INTERNATIONLA AIRPORT)","B TECH IN COMPUTER SCIENCE AND ENGINEERING",43650,73190,89189,71355,46254,65599,168919,140316,,,,,,,,
2025,R3,E306,"E306 THE CHANAKYA UNIVERSITY NO 29 HARALURU, DEVANAHALLI TALUK (NEAR BENGALURU INTERNATIONLA AIRPORT)","B.Tech In BIOTECHNOLOG Y & BIO- ENGINEERING",56715,61369.5,163939,94704,85193,89517,203758,86191.5,,,,,,,,
2025,R3,E306,"E306 THE CHANAKYA UNIVERSITY NO 29 HARALURU, DEVANAHALLI TALUK (NEAR BENGALURU INTERNATIONLA AIRPORT)","B.TECH IN COMPUTER SCIENCE AND ARTIFICIAL INTELLIGENCE",45214,57022.6,63838,80532,48289,52214,213367,166770,,,,,,,,